<?xml version="1.0" encoding="utf-8"?><greatschools-city-feed xmlns:xsi="http://www.w3.org/2001/XMLSchema-instance" xsi:noNamespaceSchemaLocation="http://www.greatschools.org/feeds/greatschools-city2.xsd">
<city>
<id>409451</id>
<name>Adairville</name>
<state>KY</state>
<rating>9</rating>
<url>http://www.greatschools.org/city/Adairville/KY</url>
<lat>36.6682</lat>
<lon>-86.8537</lon>
<active>1</active>
</city>
<city>
<id>445018</id>
<name>AGES BROOKSDE</name>
<state>KY</state>
<rating/>
<url>http://www.greatschools.org/city/AGES_BROOKSDE/KY</url>
<lat>36.8583</lat>
<lon>-83.2464</lon>
<active>1</active>
</city>
<city>
<id>409549</id>
<name>Albany</name>
<state>KY</state>
<rating>4</rating>
<url>http://www.greatschools.org/city/Albany/KY</url>
<lat>36.6937</lat>
<lon>-85.1318</lon>
<active>1</active>
</city>
<city>
<id>409178</id>
<name>Alexandria</name>
<state>KY</state>
<rating>9</rating>
<url>http://www.greatschools.org/city/Alexandria/KY</url>
<lat>38.9607</lat>
<lon>-84.3814</lon>
<active>1</active>
</city>
<city>
<id>409291</id>
<name>Allen</name>
<state>KY</state>
<rating>6</rating>
<url>http://www.greatschools.org/city/Allen/KY</url>
<lat>37.6117</lat>
<lon>-82.7283</lon>
<active>1</active>
</city>
<city>
<id>409373</id>
<name>Alvaton</name>
<state>KY</state>
<rating>8</rating>
<url>http://www.greatschools.org/city/Alvaton/KY</url>
<lat>36.8601</lat>
<lon>-86.3542</lon>
<active>1</active>
</city>
<city>
<id>409490</id>
<name>Anchorage</name>
<state>KY</state>
<rating>10</rating>
<url>http://www.greatschools.org/city/Anchorage/KY</url>
<lat>38.2658</lat>
<lon>-85.5363</lon>
<active>1</active>
</city>
<city>
<id>409216</id>
<name>Annville</name>
<state>KY</state>
<rating/>
<url>http://www.greatschools.org/city/Annville/KY</url>
<lat>37.3223</lat>
<lon>-83.966</lon>
<active>1</active>
</city>
<city>
<id>409517</id>
<name>Argillite</name>
<state>KY</state>
<rating>4</rating>
<url>http://www.greatschools.org/city/Argillite/KY</url>
<lat>38.4592</lat>
<lon>-82.8325</lon>
<active>1</active>
</city>
<city>
<id>442379</id>
<name>Arlington</name>
<state>KY</state>
<rating/>
<url>http://www.greatschools.org/city/Arlington/KY</url>
<lat>36.7905</lat>
<lon>-89.0108</lon>
<active>1</active>
</city>
<city>
<id>409410</id>
<name>Ary</name>
<state>KY</state>
<rating>6</rating>
<url>http://www.greatschools.org/city/Ary/KY</url>
<lat>37.3624</lat>
<lon>-83.1399</lon>
<active>1</active>
</city>
<city>
<id>409238</id>
<name>Ashland</name>
<state>KY</state>
<rating>6</rating>
<url>http://www.greatschools.org/city/Ashland/KY</url>
<lat>38.4606</lat>
<lon>-82.6432</lon>
<active>1</active>
</city>
<city>
<id>409322</id>
<name>Auburn</name>
<state>KY</state>
<rating>9</rating>
<url>http://www.greatschools.org/city/Auburn/KY</url>
<lat>36.8624</lat>
<lon>-86.7155</lon>
<active>1</active>
</city>
<city>
<id>409205</id>
<name>Augusta</name>
<state>KY</state>
<rating>3</rating>
<url>http://www.greatschools.org/city/Augusta/KY</url>
<lat>38.7719</lat>
<lon>-84.0011</lon>
<active>1</active>
</city>
<city>
<id>442378</id>
<name>Avawam</name>
<state>KY</state>
<rating/>
<url>http://www.greatschools.org/city/Avawam/KY</url>
<lat>37.1493</lat>
<lon>-83.2852</lon>
<active>1</active>
</city>
<city>
<id>442377</id>
<name>Bagdad</name>
<state>KY</state>
<rating/>
<url>http://www.greatschools.org/city/Bagdad/KY</url>
<lat>38.2732</lat>
<lon>-85.0526</lon>
<active>1</active>
</city>
<city>
<id>409193</id>
<name>Barbourville</name>
<state>KY</state>
<rating>4</rating>
<url>http://www.greatschools.org/city/Barbourville/KY</url>
<lat>36.8683</lat>
<lon>-83.8864</lon>
<active>1</active>
</city>
<city>
<id>409187</id>
<name>Bardstown</name>
<state>KY</state>
<rating>5</rating>
<url>http://www.greatschools.org/city/Bardstown/KY</url>
<lat>37.817</lat>
<lon>-85.4606</lon>
<active>1</active>
</city>
<city>
<id>409558</id>
<name>Bardwell</name>
<state>KY</state>
<rating>5</rating>
<url>http://www.greatschools.org/city/Bardwell/KY</url>
<lat>36.873</lat>
<lon>-89.0087</lon>
<active>1</active>
</city>
<city>
<id>409578</id>
<name>Barlow</name>
<state>KY</state>
<rating>5</rating>
<url>http://www.greatschools.org/city/Barlow/KY</url>
<lat>37.0516</lat>
<lon>-89.0437</lon>
<active>1</active>
</city>
<city>
<id>445019</id>
<name>Barnetts Creek</name>
<state>KY</state>
<rating/>
<url>http://www.greatschools.org/city/Barnetts_Creek/KY</url>
<lat>37.8174</lat>
<lon>-82.8964</lon>
<active>1</active>
</city>
<city>
<id>409438</id>
<name>Battletown</name>
<state>KY</state>
<rating/>
<url>http://www.greatschools.org/city/Battletown/KY</url>
<lat>38.084</lat>
<lon>-86.3361</lon>
<active>1</active>
</city>
<city>
<id>409507</id>
<name>Baxter</name>
<state>KY</state>
<rating>4</rating>
<url>http://www.greatschools.org/city/Baxter/KY</url>
<lat>36.8697</lat>
<lon>-83.3121</lon>
<active>1</active>
</city>
<city>
<id>409224</id>
<name>Beattyville</name>
<state>KY</state>
<rating>5</rating>
<url>http://www.greatschools.org/city/Beattyville/KY</url>
<lat>37.5801</lat>
<lon>-83.7071</lon>
<active>1</active>
</city>
<city>
<id>409293</id>
<name>Beaver Dam</name>
<state>KY</state>
<rating>8</rating>
<url>http://www.greatschools.org/city/Beaver_Dam/KY</url>
<lat>37.4087</lat>
<lon>-86.8777</lon>
<active>1</active>
</city>
<city>
<id>409377</id>
<name>Bedford</name>
<state>KY</state>
<rating>4</rating>
<url>http://www.greatschools.org/city/Bedford/KY</url>
<lat>38.5955</lat>
<lon>-85.3179</lon>
<active>1</active>
</city>
<city>
<id>409175</id>
<name>Beechmont</name>
<state>KY</state>
<rating>8</rating>
<url>http://www.greatschools.org/city/Beechmont/KY</url>
<lat>37.1721</lat>
<lon>-87.0402</lon>
<active>1</active>
</city>
<city>
<id>409183</id>
<name>Belfry</name>
<state>KY</state>
<rating>3</rating>
<url>http://www.greatschools.org/city/Belfry/KY</url>
<lat>37.6675</lat>
<lon>-82.3254</lon>
<active>1</active>
</city>
<city>
<id>409344</id>
<name>Bellevue</name>
<state>KY</state>
<rating>3</rating>
<url>http://www.greatschools.org/city/Bellevue/KY</url>
<lat>39.1028</lat>
<lon>-84.4789</lon>
<active>1</active>
</city>
<city>
<id>442376</id>
<name>Benham</name>
<state>KY</state>
<rating/>
<url>http://www.greatschools.org/city/Benham/KY</url>
<lat>36.9648</lat>
<lon>-82.9555</lon>
<active>1</active>
</city>
<city>
<id>409308</id>
<name>Benton</name>
<state>KY</state>
<rating>9</rating>
<url>http://www.greatschools.org/city/Benton/KY</url>
<lat>36.8535</lat>
<lon>-88.3546</lon>
<active>1</active>
</city>
<city>
<id>409277</id>
<name>Berea</name>
<state>KY</state>
<rating>5</rating>
<url>http://www.greatschools.org/city/Berea/KY</url>
<lat>37.5748</lat>
<lon>-84.2904</lon>
<active>1</active>
</city>
<city>
<id>409536</id>
<name>Betsy Layne</name>
<state>KY</state>
<rating>5</rating>
<url>http://www.greatschools.org/city/Betsy_Layne/KY</url>
<lat>37.5617</lat>
<lon>-82.6273</lon>
<active>1</active>
</city>
<city>
<id>409335</id>
<name>Beverly</name>
<state>KY</state>
<rating/>
<url>http://www.greatschools.org/city/Beverly/KY</url>
<lat>36.9392</lat>
<lon>-83.5578</lon>
<active>1</active>
</city>
<city>
<id>409533</id>
<name>Bevinsville</name>
<state>KY</state>
<rating>10</rating>
<url>http://www.greatschools.org/city/Bevinsville/KY</url>
<lat>37.3316</lat>
<lon>-82.7143</lon>
<active>1</active>
</city>
<city>
<id>442375</id>
<name>Bimble</name>
<state>KY</state>
<rating/>
<url>http://www.greatschools.org/city/Bimble/KY</url>
<lat>36.89</lat>
<lon>-83.8286</lon>
<active>1</active>
</city>
<city>
<id>442374</id>
<name>Blackey</name>
<state>KY</state>
<rating>5</rating>
<url>http://www.greatschools.org/city/Blackey/KY</url>
<lat>37.1383</lat>
<lon>-82.9803</lon>
<active>1</active>
</city>
<city>
<id>409468</id>
<name>Blaine</name>
<state>KY</state>
<rating>4</rating>
<url>http://www.greatschools.org/city/Blaine/KY</url>
<lat>38.0265</lat>
<lon>-82.8475</lon>
<active>1</active>
</city>
<city>
<id>409326</id>
<name>Bledsoe</name>
<state>KY</state>
<rating>1</rating>
<url>http://www.greatschools.org/city/Bledsoe/KY</url>
<lat>36.9014</lat>
<lon>-83.3553</lon>
<active>1</active>
</city>
<city>
<id>409186</id>
<name>Bloomfield</name>
<state>KY</state>
<rating>5</rating>
<url>http://www.greatschools.org/city/Bloomfield/KY</url>
<lat>37.9138</lat>
<lon>-85.3172</lon>
<active>1</active>
</city>
<city>
<id>409505</id>
<name>Bonnieville</name>
<state>KY</state>
<rating>3</rating>
<url>http://www.greatschools.org/city/Bonnieville/KY</url>
<lat>37.377</lat>
<lon>-85.902</lon>
<active>1</active>
</city>
<city>
<id>444515</id>
<name>Bonnyman</name>
<state>KY</state>
<rating/>
<url>http://www.greatschools.org/city/Bonnyman/KY</url>
<lat>37.4773</lat>
<lon>-83.3213</lon>
<active>1</active>
</city>
<city>
<id>409417</id>
<name>Booneville</name>
<state>KY</state>
<rating>3</rating>
<url>http://www.greatschools.org/city/Booneville/KY</url>
<lat>37.4748</lat>
<lon>-83.6798</lon>
<active>1</active>
</city>
<city>
<id>409425</id>
<name>Boston</name>
<state>KY</state>
<rating>10</rating>
<url>http://www.greatschools.org/city/Boston/KY</url>
<lat>37.737</lat>
<lon>-85.6153</lon>
<active>1</active>
</city>
<city>
<id>409251</id>
<name>Bowling Green</name>
<state>KY</state>
<rating>7</rating>
<url>http://www.greatschools.org/city/Bowling_Green/KY</url>
<lat>36.977</lat>
<lon>-86.4478</lon>
<active>1</active>
</city>
<city>
<id>409266</id>
<name>Brandenburg</name>
<state>KY</state>
<rating>8</rating>
<url>http://www.greatschools.org/city/Brandenburg/KY</url>
<lat>37.9956</lat>
<lon>-86.174</lon>
<active>1</active>
</city>
<city>
<id>409580</id>
<name>Bremen</name>
<state>KY</state>
<rating>7</rating>
<url>http://www.greatschools.org/city/Bremen/KY</url>
<lat>37.3622</lat>
<lon>-87.219</lon>
<active>1</active>
</city>
<city>
<id>409390</id>
<name>Brodhead</name>
<state>KY</state>
<rating>8</rating>
<url>http://www.greatschools.org/city/Brodhead/KY</url>
<lat>37.4023</lat>
<lon>-84.4188</lon>
<active>1</active>
</city>
<city>
<id>443952</id>
<name>Bromley</name>
<state>KY</state>
<rating/>
<url>http://www.greatschools.org/city/Bromley/KY</url>
<lat>39.0811</lat>
<lon>-84.5604</lon>
<active>1</active>
</city>
<city>
<id>445020</id>
<name>Brookfield</name>
<state>KY</state>
<rating/>
<url>http://www.greatschools.org/city/Brookfield/KY</url>
<lat>43.0539</lat>
<lon>-88.1635</lon>
<active>1</active>
</city>
<city>
<id>444381</id>
<name>Brooks</name>
<state>KY</state>
<rating>6</rating>
<url>http://www.greatschools.org/city/Brooks/KY</url>
<lat>38.0697</lat>
<lon>-85.7121</lon>
<active>1</active>
</city>
<city>
<id>409566</id>
<name>Brooksville</name>
<state>KY</state>
<rating>4</rating>
<url>http://www.greatschools.org/city/Brooksville/KY</url>
<lat>38.6824</lat>
<lon>-84.0665</lon>
<active>1</active>
</city>
<city>
<id>409199</id>
<name>Brownsville</name>
<state>KY</state>
<rating>7</rating>
<url>http://www.greatschools.org/city/Brownsville/KY</url>
<lat>37.1898</lat>
<lon>-86.261</lon>
<active>1</active>
</city>
<city>
<id>442373</id>
<name>Bryantsville</name>
<state>KY</state>
<rating/>
<url>http://www.greatschools.org/city/Bryantsville/KY</url>
<lat>37.6618</lat>
<lon>-84.599</lon>
<active>1</active>
</city>
<city>
<id>409415</id>
<name>Buckhorn</name>
<state>KY</state>
<rating>3</rating>
<url>http://www.greatschools.org/city/Buckhorn/KY</url>
<lat>37.3473</lat>
<lon>-83.4746</lon>
<active>1</active>
</city>
<city>
<id>409419</id>
<name>Buckner</name>
<state>KY</state>
<rating>9</rating>
<url>http://www.greatschools.org/city/Buckner/KY</url>
<lat>38.3914</lat>
<lon>-85.4384</lon>
<active>1</active>
</city>
<city>
<id>409472</id>
<name>Buffalo</name>
<state>KY</state>
<rating/>
<url>http://www.greatschools.org/city/Buffalo/KY</url>
<lat>37.4952</lat>
<lon>-85.6726</lon>
<active>1</active>
</city>
<city>
<id>445021</id>
<name>Bulan</name>
<state>KY</state>
<rating/>
<url>http://www.greatschools.org/city/Bulan/KY</url>
<lat>37.3473</lat>
<lon>-83.1609</lon>
<active>1</active>
</city>
<city>
<id>409302</id>
<name>Burdine</name>
<state>KY</state>
<rating/>
<url>http://www.greatschools.org/city/Burdine/KY</url>
<lat>37.2159</lat>
<lon>-82.6154</lon>
<active>1</active>
</city>
<city>
<id>409560</id>
<name>Burgin</name>
<state>KY</state>
<rating>6</rating>
<url>http://www.greatschools.org/city/Burgin/KY</url>
<lat>37.7547</lat>
<lon>-84.7655</lon>
<active>1</active>
</city>
<city>
<id>409547</id>
<name>Burkesville</name>
<state>KY</state>
<rating>5</rating>
<url>http://www.greatschools.org/city/Burkesville/KY</url>
<lat>36.794</lat>
<lon>-85.3705</lon>
<active>1</active>
</city>
<city>
<id>409206</id>
<name>Burlington</name>
<state>KY</state>
<rating>8</rating>
<url>http://www.greatschools.org/city/Burlington/KY</url>
<lat>39.0209</lat>
<lon>-84.7139</lon>
<active>1</active>
</city>
<city>
<id>409452</id>
<name>Burna</name>
<state>KY</state>
<rating>5</rating>
<url>http://www.greatschools.org/city/Burna/KY</url>
<lat>37.2362</lat>
<lon>-88.3429</lon>
<active>1</active>
</city>
<city>
<id>409264</id>
<name>Burnside</name>
<state>KY</state>
<rating>7</rating>
<url>http://www.greatschools.org/city/Burnside/KY</url>
<lat>36.9907</lat>
<lon>-84.602</lon>
<active>1</active>
</city>
<city>
<id>409407</id>
<name>Busy</name>
<state>KY</state>
<rating>3</rating>
<url>http://www.greatschools.org/city/Busy/KY</url>
<lat>37.2678</lat>
<lon>-83.3042</lon>
<active>1</active>
</city>
<city>
<id>409416</id>
<name>Butler</name>
<state>KY</state>
<rating>4</rating>
<url>http://www.greatschools.org/city/Butler/KY</url>
<lat>38.7879</lat>
<lon>-84.3717</lon>
<active>1</active>
</city>
<city>
<id>409242</id>
<name>Cadiz</name>
<state>KY</state>
<rating>6</rating>
<url>http://www.greatschools.org/city/Cadiz/KY</url>
<lat>36.8683</lat>
<lon>-87.8226</lon>
<active>1</active>
</city>
<city>
<id>409439</id>
<name>Calhoun</name>
<state>KY</state>
<rating>6</rating>
<url>http://www.greatschools.org/city/Calhoun/KY</url>
<lat>37.5403</lat>
<lon>-87.2604</lon>
<active>1</active>
</city>
<city>
<id>409345</id>
<name>California</name>
<state>KY</state>
<rating/>
<url>http://www.greatschools.org/city/California/KY</url>
<lat>38.9184</lat>
<lon>-84.2633</lon>
<active>1</active>
</city>
<city>
<id>409444</id>
<name>Calvert City</name>
<state>KY</state>
<rating>7</rating>
<url>http://www.greatschools.org/city/Calvert_City/KY</url>
<lat>37.0192</lat>
<lon>-88.3473</lon>
<active>1</active>
</city>
<city>
<id>409501</id>
<name>Campbellsburg</name>
<state>KY</state>
<rating>3</rating>
<url>http://www.greatschools.org/city/Campbellsburg/KY</url>
<lat>38.5264</lat>
<lon>-85.2067</lon>
<active>1</active>
</city>
<city>
<id>409234</id>
<name>Campbellsville</name>
<state>KY</state>
<rating>6</rating>
<url>http://www.greatschools.org/city/Campbellsville/KY</url>
<lat>37.3463</lat>
<lon>-85.347</lon>
<active>1</active>
</city>
<city>
<id>445022</id>
<name>CAMPBELLSVLLE</name>
<state>KY</state>
<rating/>
<url>http://www.greatschools.org/city/CAMPBELLSVLLE/KY</url>
<lat>37.34</lat>
<lon>-85.34</lon>
<active>1</active>
</city>
<city>
<id>409360</id>
<name>Campton</name>
<state>KY</state>
<rating>4</rating>
<url>http://www.greatschools.org/city/Campton/KY</url>
<lat>37.7363</lat>
<lon>-83.5468</lon>
<active>1</active>
</city>
<city>
<id>409287</id>
<name>Caneyville</name>
<state>KY</state>
<rating>7</rating>
<url>http://www.greatschools.org/city/Caneyville/KY</url>
<lat>37.4247</lat>
<lon>-86.4908</lon>
<active>1</active>
</city>
<city>
<id>442372</id>
<name>Cannon</name>
<state>KY</state>
<rating/>
<url>http://www.greatschools.org/city/Cannon/KY</url>
<lat>36.9472</lat>
<lon>-83.8403</lon>
<active>1</active>
</city>
<city>
<id>409424</id>
<name>Carlisle</name>
<state>KY</state>
<rating>3</rating>
<url>http://www.greatschools.org/city/Carlisle/KY</url>
<lat>38.3143</lat>
<lon>-84.0258</lon>
<active>1</active>
</city>
<city>
<id>409299</id>
<name>Carrollton</name>
<state>KY</state>
<rating>3</rating>
<url>http://www.greatschools.org/city/Carrollton/KY</url>
<lat>38.6766</lat>
<lon>-85.1718</lon>
<active>1</active>
</city>
<city>
<id>409248</id>
<name>Catlettsburg</name>
<state>KY</state>
<rating>5</rating>
<url>http://www.greatschools.org/city/Catlettsburg/KY</url>
<lat>38.4167</lat>
<lon>-82.6021</lon>
<active>1</active>
</city>
<city>
<id>409552</id>
<name>Cave City</name>
<state>KY</state>
<rating>2</rating>
<url>http://www.greatschools.org/city/Cave_City/KY</url>
<lat>37.1379</lat>
<lon>-85.9569</lon>
<active>1</active>
</city>
<city>
<id>409510</id>
<name>Cawood</name>
<state>KY</state>
<rating>3</rating>
<url>http://www.greatschools.org/city/Cawood/KY</url>
<lat>36.7843</lat>
<lon>-83.2257</lon>
<active>1</active>
</city>
<city>
<id>409225</id>
<name>Cecilia</name>
<state>KY</state>
<rating>7</rating>
<url>http://www.greatschools.org/city/Cecilia/KY</url>
<lat>37.6666</lat>
<lon>-86.0189</lon>
<active>1</active>
</city>
<city>
<id>409421</id>
<name>Centertown</name>
<state>KY</state>
<rating>3</rating>
<url>http://www.greatschools.org/city/Centertown/KY</url>
<lat>37.4179</lat>
<lon>-86.996</lon>
<active>1</active>
</city>
<city>
<id>409579</id>
<name>Central City</name>
<state>KY</state>
<rating>6</rating>
<url>http://www.greatschools.org/city/Central_City/KY</url>
<lat>37.2994</lat>
<lon>-87.1244</lon>
<active>1</active>
</city>
<city>
<id>409414</id>
<name>Chavies</name>
<state>KY</state>
<rating>1</rating>
<url>http://www.greatschools.org/city/Chavies/KY</url>
<lat>37.3594</lat>
<lon>-83.3276</lon>
<active>1</active>
</city>
<city>
<id>409520</id>
<name>Clarkson</name>
<state>KY</state>
<rating>7</rating>
<url>http://www.greatschools.org/city/Clarkson/KY</url>
<lat>37.4947</lat>
<lon>-86.221</lon>
<active>1</active>
</city>
<city>
<id>409370</id>
<name>Clay</name>
<state>KY</state>
<rating>9</rating>
<url>http://www.greatschools.org/city/Clay/KY</url>
<lat>37.477</lat>
<lon>-87.8207</lon>
<active>1</active>
</city>
<city>
<id>409397</id>
<name>Clay City</name>
<state>KY</state>
<rating>4</rating>
<url>http://www.greatschools.org/city/Clay_City/KY</url>
<lat>37.8613</lat>
<lon>-83.9236</lon>
<active>1</active>
</city>
<city>
<id>409389</id>
<name>Clearfield</name>
<state>KY</state>
<rating>5</rating>
<url>http://www.greatschools.org/city/Clearfield/KY</url>
<lat>38.1205</lat>
<lon>-83.3909</lon>
<active>1</active>
</city>
<city>
<id>409499</id>
<name>Clinton</name>
<state>KY</state>
<rating>6</rating>
<url>http://www.greatschools.org/city/Clinton/KY</url>
<lat>36.6672</lat>
<lon>-88.9941</lon>
<active>1</active>
</city>
<city>
<id>409548</id>
<name>Cloverport</name>
<state>KY</state>
<rating>4</rating>
<url>http://www.greatschools.org/city/Cloverport/KY</url>
<lat>37.8329</lat>
<lon>-86.6331</lon>
<active>1</active>
</city>
<city>
<id>409201</id>
<name>Cold Spring</name>
<state>KY</state>
<rating>8</rating>
<url>http://www.greatschools.org/city/Cold_Spring/KY</url>
<lat>39.0184</lat>
<lon>-84.4337</lon>
<active>1</active>
</city>
<city>
<id>409271</id>
<name>Columbia</name>
<state>KY</state>
<rating>6</rating>
<url>http://www.greatschools.org/city/Columbia/KY</url>
<lat>37.1009</lat>
<lon>-85.3077</lon>
<active>1</active>
</city>
<city>
<id>409409</id>
<name>Combs</name>
<state>KY</state>
<rating>2</rating>
<url>http://www.greatschools.org/city/Combs/KY</url>
<lat>37.2663</lat>
<lon>-83.2128</lon>
<active>1</active>
</city>
<city>
<id>409217</id>
<name>Corbin</name>
<state>KY</state>
<rating>6</rating>
<url>http://www.greatschools.org/city/Corbin/KY</url>
<lat>36.9433</lat>
<lon>-84.1002</lon>
<active>1</active>
</city>
<city>
<id>442370</id>
<name>Cornettsville</name>
<state>KY</state>
<rating/>
<url>http://www.greatschools.org/city/Cornettsville/KY</url>
<lat>37.0992</lat>
<lon>-83.0601</lon>
<active>1</active>
</city>
<city>
<id>409316</id>
<name>Corydon</name>
<state>KY</state>
<rating>6</rating>
<url>http://www.greatschools.org/city/Corydon/KY</url>
<lat>37.7406</lat>
<lon>-87.706</lon>
<active>1</active>
</city>
<city>
<id>409218</id>
<name>Covington</name>
<state>KY</state>
<rating>4</rating>
<url>http://www.greatschools.org/city/Covington/KY</url>
<lat>39.0544</lat>
<lon>-84.5107</lon>
<active>1</active>
</city>
<city>
<id>409356</id>
<name>Coxs Creek</name>
<state>KY</state>
<rating>4</rating>
<url>http://www.greatschools.org/city/Coxs_Creek/KY</url>
<lat>37.9183</lat>
<lon>-85.4856</lon>
<active>1</active>
</city>
<city>
<id>409457</id>
<name>Crab Orchard</name>
<state>KY</state>
<rating>3</rating>
<url>http://www.greatschools.org/city/Crab_Orchard/KY</url>
<lat>37.4628</lat>
<lon>-84.5081</lon>
<active>1</active>
</city>
<city>
<id>409231</id>
<name>Crescent Springs</name>
<state>KY</state>
<rating/>
<url>http://www.greatschools.org/city/Crescent_Springs/KY</url>
<lat>39.056</lat>
<lon>-84.5787</lon>
<active>1</active>
</city>
<city>
<id>409185</id>
<name>Crestwood</name>
<state>KY</state>
<rating>9</rating>
<url>http://www.greatschools.org/city/Crestwood/KY</url>
<lat>38.3239</lat>
<lon>-85.4787</lon>
<active>1</active>
</city>
<city>
<id>409483</id>
<name>Crittenden</name>
<state>KY</state>
<rating/>
<url>http://www.greatschools.org/city/Crittenden/KY</url>
<lat>38.7823</lat>
<lon>-84.6081</lon>
<active>1</active>
</city>
<city>
<id>409336</id>
<name>Crockett</name>
<state>KY</state>
<rating/>
<url>http://www.greatschools.org/city/Crockett/KY</url>
<lat>38.0595</lat>
<lon>-83.0319</lon>
<active>1</active>
</city>
<city>
<id>409330</id>
<name>Crofton</name>
<state>KY</state>
<rating>5</rating>
<url>http://www.greatschools.org/city/Crofton/KY</url>
<lat>37.0475</lat>
<lon>-87.4851</lon>
<active>1</active>
</city>
<city>
<id>409559</id>
<name>Cromwell</name>
<state>KY</state>
<rating/>
<url>http://www.greatschools.org/city/Cromwell/KY</url>
<lat>37.3414</lat>
<lon>-86.7632</lon>
<active>1</active>
</city>
<city>
<id>409504</id>
<name>Cub Run</name>
<state>KY</state>
<rating/>
<url>http://www.greatschools.org/city/Cub_Run/KY</url>
<lat>37.302</lat>
<lon>-86.1028</lon>
<active>1</active>
</city>
<city>
<id>409320</id>
<name>Cumberland</name>
<state>KY</state>
<rating>3</rating>
<url>http://www.greatschools.org/city/Cumberland/KY</url>
<lat>36.9771</lat>
<lon>-82.9883</lon>
<active>1</active>
</city>
<city>
<id>409564</id>
<name>Custer</name>
<state>KY</state>
<rating>4</rating>
<url>http://www.greatschools.org/city/Custer/KY</url>
<lat>37.733</lat>
<lon>-86.2521</lon>
<active>1</active>
</city>
<city>
<id>409280</id>
<name>Cynthiana</name>
<state>KY</state>
<rating>4</rating>
<url>http://www.greatschools.org/city/Cynthiana/KY</url>
<lat>38.3894</lat>
<lon>-84.2946</lon>
<active>1</active>
</city>
<city>
<id>409270</id>
<name>Danville</name>
<state>KY</state>
<rating>6</rating>
<url>http://www.greatschools.org/city/Danville/KY</url>
<lat>37.6449</lat>
<lon>-84.7719</lon>
<active>1</active>
</city>
<city>
<id>409334</id>
<name>David</name>
<state>KY</state>
<rating/>
<url>http://www.greatschools.org/city/David/KY</url>
<lat>37.5995</lat>
<lon>-82.889</lon>
<active>1</active>
</city>
<city>
<id>409545</id>
<name>Dawson Springs</name>
<state>KY</state>
<rating>6</rating>
<url>http://www.greatschools.org/city/Dawson_Springs/KY</url>
<lat>37.1707</lat>
<lon>-87.6892</lon>
<active>1</active>
</city>
<city>
<id>409347</id>
<name>Dayton</name>
<state>KY</state>
<rating>6</rating>
<url>http://www.greatschools.org/city/Dayton/KY</url>
<lat>39.1114</lat>
<lon>-84.4705</lon>
<active>1</active>
</city>
<city>
<id>442369</id>
<name>De Mossville</name>
<state>KY</state>
<rating/>
<url>http://www.greatschools.org/city/De_Mossville/KY</url>
<lat>38.765</lat>
<lon>-84.4689</lon>
<active>1</active>
</city>
<city>
<id>409434</id>
<name>Denniston</name>
<state>KY</state>
<rating>3</rating>
<url>http://www.greatschools.org/city/Denniston/KY</url>
<lat>37.9222</lat>
<lon>-83.5179</lon>
<active>1</active>
</city>
<city>
<id>409412</id>
<name>Dice</name>
<state>KY</state>
<rating/>
<url>http://www.greatschools.org/city/Dice/KY</url>
<lat>37.3766</lat>
<lon>-83.18</lon>
<active>1</active>
</city>
<city>
<id>442368</id>
<name>Disputanta</name>
<state>KY</state>
<rating/>
<url>http://www.greatschools.org/city/Disputanta/KY</url>
<lat>37.3651</lat>
<lon>-84.3267</lon>
<active>1</active>
</city>
<city>
<id>409283</id>
<name>Dixon</name>
<state>KY</state>
<rating>3</rating>
<url>http://www.greatschools.org/city/Dixon/KY</url>
<lat>37.5173</lat>
<lon>-87.6913</lon>
<active>1</active>
</city>
<city>
<id>409404</id>
<name>Dorton</name>
<state>KY</state>
<rating>6</rating>
<url>http://www.greatschools.org/city/Dorton/KY</url>
<lat>37.2288</lat>
<lon>-82.5284</lon>
<active>1</active>
</city>
<city>
<id>409527</id>
<name>Dry Ridge</name>
<state>KY</state>
<rating>5</rating>
<url>http://www.greatschools.org/city/Dry_Ridge/KY</url>
<lat>38.6786</lat>
<lon>-84.5997</lon>
<active>1</active>
</city>
<city>
<id>409301</id>
<name>Dunnville</name>
<state>KY</state>
<rating/>
<url>http://www.greatschools.org/city/Dunnville/KY</url>
<lat>37.195</lat>
<lon>-85.0163</lon>
<active>1</active>
</city>
<city>
<id>409497</id>
<name>Earlington</name>
<state>KY</state>
<rating>2</rating>
<url>http://www.greatschools.org/city/Earlington/KY</url>
<lat>37.2724</lat>
<lon>-87.5095</lon>
<active>1</active>
</city>
<city>
<id>409470</id>
<name>East Bernstadt</name>
<state>KY</state>
<rating>5</rating>
<url>http://www.greatschools.org/city/East_Bernstadt/KY</url>
<lat>37.1917</lat>
<lon>-84.1182</lon>
<active>1</active>
</city>
<city>
<id>446064</id>
<name>East Calhoun</name>
<state>KY</state>
<rating>7</rating>
<url>http://www.greatschools.org/city/East_Calhoun/KY</url>
<lat>37.5486</lat>
<lon>-87.2305</lon>
<active>1</active>
</city>
<city>
<id>442366</id>
<name>East Point</name>
<state>KY</state>
<rating/>
<url>http://www.greatschools.org/city/East_Point/KY</url>
<lat>37.7283</lat>
<lon>-82.8192</lon>
<active>1</active>
</city>
<city>
<id>409532</id>
<name>Eastern</name>
<state>KY</state>
<rating>5</rating>
<url>http://www.greatschools.org/city/Eastern/KY</url>
<lat>37.5307</lat>
<lon>-82.8327</lon>
<active>1</active>
</city>
<city>
<id>409261</id>
<name>Eddyville</name>
<state>KY</state>
<rating>8</rating>
<url>http://www.greatschools.org/city/Eddyville/KY</url>
<lat>37.0748</lat>
<lon>-88.0773</lon>
<active>1</active>
</city>
<city>
<id>409348</id>
<name>Edgewood</name>
<state>KY</state>
<rating>8</rating>
<url>http://www.greatschools.org/city/Edgewood/KY</url>
<lat>39.0061</lat>
<lon>-84.5633</lon>
<active>1</active>
</city>
<city>
<id>409433</id>
<name>Edmonton</name>
<state>KY</state>
<rating>7</rating>
<url>http://www.greatschools.org/city/Edmonton/KY</url>
<lat>36.9836</lat>
<lon>-85.6179</lon>
<active>1</active>
</city>
<city>
<id>409437</id>
<name>Ekron</name>
<state>KY</state>
<rating>9</rating>
<url>http://www.greatschools.org/city/Ekron/KY</url>
<lat>37.9307</lat>
<lon>-86.1777</lon>
<active>1</active>
</city>
<city>
<id>409247</id>
<name>Elizabethtown</name>
<state>KY</state>
<rating>8</rating>
<url>http://www.greatschools.org/city/Elizabethtown/KY</url>
<lat>37.7083</lat>
<lon>-85.8673</lon>
<active>1</active>
</city>
<city>
<id>409403</id>
<name>Elkhorn City</name>
<state>KY</state>
<rating>2</rating>
<url>http://www.greatschools.org/city/Elkhorn_City/KY</url>
<lat>37.3012</lat>
<lon>-82.3485</lon>
<active>1</active>
</city>
<city>
<id>409173</id>
<name>Elkton</name>
<state>KY</state>
<rating>6</rating>
<url>http://www.greatschools.org/city/Elkton/KY</url>
<lat>36.809</lat>
<lon>-87.1561</lon>
<active>1</active>
</city>
<city>
<id>409542</id>
<name>Elsmere</name>
<state>KY</state>
<rating>5</rating>
<url>http://www.greatschools.org/city/Elsmere/KY</url>
<lat>38.9998</lat>
<lon>-84.6026</lon>
<active>1</active>
</city>
<city>
<id>409296</id>
<name>Eminence</name>
<state>KY</state>
<rating>6</rating>
<url>http://www.greatschools.org/city/Eminence/KY</url>
<lat>38.3676</lat>
<lon>-85.1786</lon>
<active>1</active>
</city>
<city>
<id>409479</id>
<name>Emmalena</name>
<state>KY</state>
<rating>4</rating>
<url>http://www.greatschools.org/city/Emmalena/KY</url>
<lat>37.3237</lat>
<lon>-83.0661</lon>
<active>1</active>
</city>
<city>
<id>409462</id>
<name>Eolia</name>
<state>KY</state>
<rating>5</rating>
<url>http://www.greatschools.org/city/Eolia/KY</url>
<lat>37.0597</lat>
<lon>-82.7601</lon>
<active>1</active>
</city>
<city>
<id>409220</id>
<name>Erlanger</name>
<state>KY</state>
<rating>5</rating>
<url>http://www.greatschools.org/city/Erlanger/KY</url>
<lat>39.0104</lat>
<lon>-84.5959</lon>
<active>1</active>
</city>
<city>
<id>442365</id>
<name>Ermine</name>
<state>KY</state>
<rating/>
<url>http://www.greatschools.org/city/Ermine/KY</url>
<lat>37.1703</lat>
<lon>-82.8032</lon>
<active>1</active>
</city>
<city>
<id>409395</id>
<name>Eubank</name>
<state>KY</state>
<rating>8</rating>
<url>http://www.greatschools.org/city/Eubank/KY</url>
<lat>37.2802</lat>
<lon>-84.6549</lon>
<active>1</active>
</city>
<city>
<id>409509</id>
<name>Evarts</name>
<state>KY</state>
<rating>6</rating>
<url>http://www.greatschools.org/city/Evarts/KY</url>
<lat>36.8645</lat>
<lon>-83.1943</lon>
<active>1</active>
</city>
<city>
<id>409540</id>
<name>Ewing</name>
<state>KY</state>
<rating>2</rating>
<url>http://www.greatschools.org/city/Ewing/KY</url>
<lat>38.4274</lat>
<lon>-83.8639</lon>
<active>1</active>
</city>
<city>
<id>409428</id>
<name>Ezel</name>
<state>KY</state>
<rating>9</rating>
<url>http://www.greatschools.org/city/Ezel/KY</url>
<lat>37.9007</lat>
<lon>-83.4141</lon>
<active>1</active>
</city>
<city>
<id>409492</id>
<name>Fairdale</name>
<state>KY</state>
<rating>4</rating>
<url>http://www.greatschools.org/city/Fairdale/KY</url>
<lat>38.1117</lat>
<lon>-85.7572</lon>
<active>1</active>
</city>
<city>
<id>442364</id>
<name>Fairview</name>
<state>KY</state>
<rating/>
<url>http://www.greatschools.org/city/Fairview/KY</url>
<lat>38.999</lat>
<lon>-84.4881</lon>
<active>1</active>
</city>
<city>
<id>409300</id>
<name>Falmouth</name>
<state>KY</state>
<rating>3</rating>
<url>http://www.greatschools.org/city/Falmouth/KY</url>
<lat>38.6745</lat>
<lon>-84.333</lon>
<active>1</active>
</city>
<city>
<id>409526</id>
<name>Fancy Farm</name>
<state>KY</state>
<rating>8</rating>
<url>http://www.greatschools.org/city/Fancy_Farm/KY</url>
<lat>36.7997</lat>
<lon>-88.8071</lon>
<active>1</active>
</city>
<city>
<id>409182</id>
<name>Fedscreek</name>
<state>KY</state>
<rating>4</rating>
<url>http://www.greatschools.org/city/Fedscreek/KY</url>
<lat>37.4149</lat>
<lon>-82.2339</lon>
<active>1</active>
</city>
<city>
<id>442363</id>
<name>Finchville</name>
<state>KY</state>
<rating/>
<url>http://www.greatschools.org/city/Finchville/KY</url>
<lat>38.1521</lat>
<lon>-85.3242</lon>
<active>1</active>
</city>
<city>
<id>442362</id>
<name>Finley</name>
<state>KY</state>
<rating/>
<url>http://www.greatschools.org/city/Finley/KY</url>
<lat>37.3443</lat>
<lon>-85.3452</lon>
<active>1</active>
</city>
<city>
<id>445023</id>
<name>Firebrick</name>
<state>KY</state>
<rating/>
<url>http://www.greatschools.org/city/Firebrick/KY</url>
<lat>38.7055</lat>
<lon>-83.0039</lon>
<active>1</active>
</city>
<city>
<id>442361</id>
<name>Fisherville</name>
<state>KY</state>
<rating/>
<url>http://www.greatschools.org/city/Fisherville/KY</url>
<lat>38.1644</lat>
<lon>-85.4224</lon>
<active>1</active>
</city>
<city>
<id>442360</id>
<name>Fisty</name>
<state>KY</state>
<rating/>
<url>http://www.greatschools.org/city/Fisty/KY</url>
<lat>37.3624</lat>
<lon>-83.1399</lon>
<active>1</active>
</city>
<city>
<id>445024</id>
<name>Flaherty</name>
<state>KY</state>
<rating/>
<url>http://www.greatschools.org/city/Flaherty/KY</url>
<lat>37.8296</lat>
<lon>-86.0825</lon>
<active>1</active>
</city>
<city>
<id>409474</id>
<name>Flat Lick</name>
<state>KY</state>
<rating>2</rating>
<url>http://www.greatschools.org/city/Flat_Lick/KY</url>
<lat>36.8552</lat>
<lon>-83.7402</lon>
<active>1</active>
</city>
<city>
<id>409488</id>
<name>Flatgap</name>
<state>KY</state>
<rating>5</rating>
<url>http://www.greatschools.org/city/Flatgap/KY</url>
<lat>37.9195</lat>
<lon>-82.8988</lon>
<active>1</active>
</city>
<city>
<id>409227</id>
<name>Flatwoods</name>
<state>KY</state>
<rating>8</rating>
<url>http://www.greatschools.org/city/Flatwoods/KY</url>
<lat>38.5207</lat>
<lon>-82.7206</lon>
<active>1</active>
</city>
<city>
<id>444098</id>
<name>Fleming Neon</name>
<state>KY</state>
<rating>8</rating>
<url>http://www.greatschools.org/city/Fleming_Neon/KY</url>
<lat>37.1925</lat>
<lon>-82.7132</lon>
<active>1</active>
</city>
<city>
<id>409539</id>
<name>Flemingsburg</name>
<state>KY</state>
<rating>4</rating>
<url>http://www.greatschools.org/city/Flemingsburg/KY</url>
<lat>38.4228</lat>
<lon>-83.7343</lon>
<active>1</active>
</city>
<city>
<id>409229</id>
<name>Florence</name>
<state>KY</state>
<rating>6</rating>
<url>http://www.greatschools.org/city/Florence/KY</url>
<lat>38.9912</lat>
<lon>-84.6402</lon>
<active>1</active>
</city>
<city>
<id>409244</id>
<name>Fonde</name>
<state>KY</state>
<rating/>
<url>http://www.greatschools.org/city/Fonde/KY</url>
<lat>36.6297</lat>
<lon>-83.9268</lon>
<active>1</active>
</city>
<city>
<id>409236</id>
<name>Fordsville</name>
<state>KY</state>
<rating>8</rating>
<url>http://www.greatschools.org/city/Fordsville/KY</url>
<lat>37.6356</lat>
<lon>-86.7177</lon>
<active>1</active>
</city>
<city>
<id>442359</id>
<name>Fort Campbell</name>
<state>KY</state>
<rating/>
<url>http://www.greatschools.org/city/Fort_Campbell/KY</url>
<lat>36.6496</lat>
<lon>-87.4588</lon>
<active>1</active>
</city>
<city>
<id>442358</id>
<name>Fort Knox</name>
<state>KY</state>
<rating/>
<url>http://www.greatschools.org/city/Fort_Knox/KY</url>
<lat>37.8941</lat>
<lon>-85.9632</lon>
<active>1</active>
</city>
<city>
<id>409246</id>
<name>Fort Mitchell</name>
<state>KY</state>
<rating>9</rating>
<url>http://www.greatschools.org/city/Fort_Mitchell/KY</url>
<lat>39.0439</lat>
<lon>-84.5596</lon>
<active>1</active>
</city>
<city>
<id>409311</id>
<name>Fort Thomas</name>
<state>KY</state>
<rating>10</rating>
<url>http://www.greatschools.org/city/Fort_Thomas/KY</url>
<lat>39.0793</lat>
<lon>-84.4534</lon>
<active>1</active>
</city>
<city>
<id>409253</id>
<name>Fort Wright</name>
<state>KY</state>
<rating/>
<url>http://www.greatschools.org/city/Fort_Wright/KY</url>
<lat>39.0563</lat>
<lon>-84.5386</lon>
<active>1</active>
</city>
<city>
<id>445025</id>
<name>Foster</name>
<state>KY</state>
<rating/>
<url>http://www.greatschools.org/city/Foster/KY</url>
<lat>38.7706</lat>
<lon>-84.1676</lon>
<active>1</active>
</city>
<city>
<id>409571</id>
<name>Fourmile</name>
<state>KY</state>
<rating>1</rating>
<url>http://www.greatschools.org/city/Fourmile/KY</url>
<lat>36.7483</lat>
<lon>-83.69</lon>
<active>1</active>
</city>
<city>
<id>409572</id>
<name>Frakes</name>
<state>KY</state>
<rating>5</rating>
<url>http://www.greatschools.org/city/Frakes/KY</url>
<lat>36.6383</lat>
<lon>-83.9057</lon>
<active>1</active>
</city>
<city>
<id>409177</id>
<name>Frankfort</name>
<state>KY</state>
<rating>5</rating>
<url>http://www.greatschools.org/city/Frankfort/KY</url>
<lat>38.1979</lat>
<lon>-84.8588</lon>
<active>1</active>
</city>
<city>
<id>409309</id>
<name>Franklin</name>
<state>KY</state>
<rating>7</rating>
<url>http://www.greatschools.org/city/Franklin/KY</url>
<lat>36.7227</lat>
<lon>-86.5793</lon>
<active>1</active>
</city>
<city>
<id>444470</id>
<name>Fredonia</name>
<state>KY</state>
<rating/>
<url>http://www.greatschools.org/city/Fredonia/KY</url>
<lat>37.2078</lat>
<lon>-88.0617</lon>
<active>1</active>
</city>
<city>
<id>441840</id>
<name>Freeburn</name>
<state>KY</state>
<rating/>
<url>http://www.greatschools.org/city/Freeburn/KY</url>
<lat>37.5441</lat>
<lon>-82.1345</lon>
<active>1</active>
</city>
<city>
<id>409275</id>
<name>Frenchburg</name>
<state>KY</state>
<rating>3</rating>
<url>http://www.greatschools.org/city/Frenchburg/KY</url>
<lat>37.9487</lat>
<lon>-83.6253</lon>
<active>1</active>
</city>
<city>
<id>446065</id>
<name>Ft Wright</name>
<state>KY</state>
<rating/>
<url>http://www.greatschools.org/city/Ft_Wright/KY</url>
<lat>39.0648</lat>
<lon>-84.5381</lon>
<active>1</active>
</city>
<city>
<id>409530</id>
<name>Fulton</name>
<state>KY</state>
<rating>2</rating>
<url>http://www.greatschools.org/city/Fulton/KY</url>
<lat>36.5082</lat>
<lon>-88.879</lon>
<active>1</active>
</city>
<city>
<id>409431</id>
<name>Gamaliel</name>
<state>KY</state>
<rating>5</rating>
<url>http://www.greatschools.org/city/Gamaliel/KY</url>
<lat>36.6403</lat>
<lon>-85.7937</lon>
<active>1</active>
</city>
<city>
<id>441841</id>
<name>Garrett</name>
<state>KY</state>
<rating/>
<url>http://www.greatschools.org/city/Garrett/KY</url>
<lat>37.4772</lat>
<lon>-82.8282</lon>
<active>1</active>
</city>
<city>
<id>409459</id>
<name>Garrison</name>
<state>KY</state>
<rating>3</rating>
<url>http://www.greatschools.org/city/Garrison/KY</url>
<lat>38.5898</lat>
<lon>-83.2015</lon>
<active>1</active>
</city>
<city>
<id>409179</id>
<name>Georgetown</name>
<state>KY</state>
<rating>7</rating>
<url>http://www.greatschools.org/city/Georgetown/KY</url>
<lat>38.2086</lat>
<lon>-84.5602</lon>
<active>1</active>
</city>
<city>
<id>445026</id>
<name>Gilbertsville</name>
<state>KY</state>
<rating/>
<url>http://www.greatschools.org/city/Gilbertsville/KY</url>
<lat>36.9566</lat>
<lon>-88.2972</lon>
<active>1</active>
</city>
<city>
<id>409473</id>
<name>Girdler</name>
<state>KY</state>
<rating>2</rating>
<url>http://www.greatschools.org/city/Girdler/KY</url>
<lat>36.9641</lat>
<lon>-83.8503</lon>
<active>1</active>
</city>
<city>
<id>409176</id>
<name>Glasgow</name>
<state>KY</state>
<rating>6</rating>
<url>http://www.greatschools.org/city/Glasgow/KY</url>
<lat>37.0006</lat>
<lon>-85.915</lon>
<active>1</active>
</city>
<city>
<id>409513</id>
<name>Glendale</name>
<state>KY</state>
<rating>9</rating>
<url>http://www.greatschools.org/city/Glendale/KY</url>
<lat>37.5998</lat>
<lon>-85.9177</lon>
<active>1</active>
</city>
<city>
<id>409184</id>
<name>Goshen</name>
<state>KY</state>
<rating>9</rating>
<url>http://www.greatschools.org/city/Goshen/KY</url>
<lat>38.4024</lat>
<lon>-85.5825</lon>
<active>1</active>
</city>
<city>
<id>442357</id>
<name>Grand Rivers</name>
<state>KY</state>
<rating/>
<url>http://www.greatschools.org/city/Grand_Rivers/KY</url>
<lat>37.0045</lat>
<lon>-88.2331</lon>
<active>1</active>
</city>
<city>
<id>442356</id>
<name>Gravel Switch</name>
<state>KY</state>
<rating/>
<url>http://www.greatschools.org/city/Gravel_Switch/KY</url>
<lat>37.5678</lat>
<lon>-85.0453</lon>
<active>1</active>
</city>
<city>
<id>442355</id>
<name>Gray</name>
<state>KY</state>
<rating/>
<url>http://www.greatschools.org/city/Gray/KY</url>
<lat>36.9483</lat>
<lon>-83.9804</lon>
<active>1</active>
</city>
<city>
<id>442354</id>
<name>Gray Hawk</name>
<state>KY</state>
<rating/>
<url>http://www.greatschools.org/city/Gray_Hawk/KY</url>
<lat>37.3602</lat>
<lon>-83.8858</lon>
<active>1</active>
</city>
<city>
<id>409281</id>
<name>Grayson</name>
<state>KY</state>
<rating>6</rating>
<url>http://www.greatschools.org/city/Grayson/KY</url>
<lat>38.333</lat>
<lon>-82.9401</lon>
<active>1</active>
</city>
<city>
<id>409518</id>
<name>Greensburg</name>
<state>KY</state>
<rating>5</rating>
<url>http://www.greatschools.org/city/Greensburg/KY</url>
<lat>37.2575</lat>
<lon>-85.4965</lon>
<active>1</active>
</city>
<city>
<id>409516</id>
<name>Greenup</name>
<state>KY</state>
<rating>5</rating>
<url>http://www.greatschools.org/city/Greenup/KY</url>
<lat>38.5722</lat>
<lon>-82.8304</lon>
<active>1</active>
</city>
<city>
<id>409262</id>
<name>Greenville</name>
<state>KY</state>
<rating>6</rating>
<url>http://www.greatschools.org/city/Greenville/KY</url>
<lat>37.2056</lat>
<lon>-87.1794</lon>
<active>1</active>
</city>
<city>
<id>409535</id>
<name>Grethel</name>
<state>KY</state>
<rating>7</rating>
<url>http://www.greatschools.org/city/Grethel/KY</url>
<lat>37.4687</lat>
<lon>-82.7445</lon>
<active>1</active>
</city>
<city>
<id>409328</id>
<name>Guthrie</name>
<state>KY</state>
<rating>8</rating>
<url>http://www.greatschools.org/city/Guthrie/KY</url>
<lat>36.6473</lat>
<lon>-87.1742</lon>
<active>1</active>
</city>
<city>
<id>409484</id>
<name>Hagerhill</name>
<state>KY</state>
<rating>7</rating>
<url>http://www.greatschools.org/city/Hagerhill/KY</url>
<lat>37.7711</lat>
<lon>-82.8647</lon>
<active>1</active>
</city>
<city>
<id>409498</id>
<name>Hanson</name>
<state>KY</state>
<rating>10</rating>
<url>http://www.greatschools.org/city/Hanson/KY</url>
<lat>37.419</lat>
<lon>-87.4825</lon>
<active>1</active>
</city>
<city>
<id>409411</id>
<name>Happy</name>
<state>KY</state>
<rating>2</rating>
<url>http://www.greatschools.org/city/Happy/KY</url>
<lat>37.2131</lat>
<lon>-83.1</lon>
<active>1</active>
</city>
<city>
<id>409343</id>
<name>Hardinsburg</name>
<state>KY</state>
<rating>9</rating>
<url>http://www.greatschools.org/city/Hardinsburg/KY</url>
<lat>37.7762</lat>
<lon>-86.454</lon>
<active>1</active>
</city>
<city>
<id>409503</id>
<name>Hardyville</name>
<state>KY</state>
<rating>5</rating>
<url>http://www.greatschools.org/city/Hardyville/KY</url>
<lat>37.2232</lat>
<lon>-85.7491</lon>
<active>1</active>
</city>
<city>
<id>409354</id>
<name>Harlan</name>
<state>KY</state>
<rating>5</rating>
<url>http://www.greatschools.org/city/Harlan/KY</url>
<lat>36.8442</lat>
<lon>-83.3184</lon>
<active>1</active>
</city>
<city>
<id>409562</id>
<name>Harned</name>
<state>KY</state>
<rating>6</rating>
<url>http://www.greatschools.org/city/Harned/KY</url>
<lat>37.7312</lat>
<lon>-86.3769</lon>
<active>1</active>
</city>
<city>
<id>441839</id>
<name>Harrods Creek</name>
<state>KY</state>
<rating/>
<url>http://www.greatschools.org/city/Harrods_Creek/KY</url>
<lat>38.3011</lat>
<lon>-85.648</lon>
<active>1</active>
</city>
<city>
<id>409274</id>
<name>Harrodsburg</name>
<state>KY</state>
<rating>6</rating>
<url>http://www.greatschools.org/city/Harrodsburg/KY</url>
<lat>37.7638</lat>
<lon>-84.8461</lon>
<active>1</active>
</city>
<city>
<id>409422</id>
<name>Hartford</name>
<state>KY</state>
<rating>7</rating>
<url>http://www.greatschools.org/city/Hartford/KY</url>
<lat>37.4517</lat>
<lon>-86.9009</lon>
<active>1</active>
</city>
<city>
<id>409292</id>
<name>Hawesville</name>
<state>KY</state>
<rating>8</rating>
<url>http://www.greatschools.org/city/Hawesville/KY</url>
<lat>37.8988</lat>
<lon>-86.7548</lon>
<active>1</active>
</city>
<city>
<id>409319</id>
<name>Hazard</name>
<state>KY</state>
<rating>5</rating>
<url>http://www.greatschools.org/city/Hazard/KY</url>
<lat>37.2543</lat>
<lon>-83.1914</lon>
<active>1</active>
</city>
<city>
<id>409362</id>
<name>Hazel Green</name>
<state>KY</state>
<rating>2</rating>
<url>http://www.greatschools.org/city/Hazel_Green/KY</url>
<lat>37.8009</lat>
<lon>-83.3657</lon>
<active>1</active>
</city>
<city>
<id>409226</id>
<name>Hebron</name>
<state>KY</state>
<rating>9</rating>
<url>http://www.greatschools.org/city/Hebron/KY</url>
<lat>39.0827</lat>
<lon>-84.7084</lon>
<active>1</active>
</city>
<city>
<id>442353</id>
<name>Heidrick</name>
<state>KY</state>
<rating/>
<url>http://www.greatschools.org/city/Heidrick/KY</url>
<lat>36.8891</lat>
<lon>-83.8654</lon>
<active>1</active>
</city>
<city>
<id>409255</id>
<name>Henderson</name>
<state>KY</state>
<rating>6</rating>
<url>http://www.greatschools.org/city/Henderson/KY</url>
<lat>37.8403</lat>
<lon>-87.5758</lon>
<active>1</active>
</city>
<city>
<id>409550</id>
<name>Herndon</name>
<state>KY</state>
<rating>6</rating>
<url>http://www.greatschools.org/city/Herndon/KY</url>
<lat>36.715</lat>
<lon>-87.5966</lon>
<active>1</active>
</city>
<city>
<id>409531</id>
<name>Hi Hat</name>
<state>KY</state>
<rating>4</rating>
<url>http://www.greatschools.org/city/Hi_Hat/KY</url>
<lat>37.3906</lat>
<lon>-82.7293</lon>
<active>1</active>
</city>
<city>
<id>409268</id>
<name>Hickman</name>
<state>KY</state>
<rating>3</rating>
<url>http://www.greatschools.org/city/Hickman/KY</url>
<lat>36.5668</lat>
<lon>-89.1818</lon>
<active>1</active>
</city>
<city>
<id>445027</id>
<name>Highland Heig</name>
<state>KY</state>
<rating/>
<url>http://www.greatschools.org/city/Highland_Heig/KY</url>
<lat>39.0112</lat>
<lon>-84.4278</lon>
<active>1</active>
</city>
<city>
<id>409304</id>
<name>Highland Heights</name>
<state>KY</state>
<rating/>
<url>http://www.greatschools.org/city/Highland_Heights/KY</url>
<lat>39.033</lat>
<lon>-84.4557</lon>
<active>1</active>
</city>
<city>
<id>445028</id>
<name>Highland Hgts</name>
<state>KY</state>
<rating/>
<url>http://www.greatschools.org/city/Highland_Hgts/KY</url>
<lat>39.0112</lat>
<lon>-84.4278</lon>
<active>1</active>
</city>
<city>
<id>445029</id>
<name>Highland Hts</name>
<state>KY</state>
<rating/>
<url>http://www.greatschools.org/city/Highland_Hts/KY</url>
<lat>39.0351</lat>
<lon>-84.454</lon>
<active>1</active>
</city>
<city>
<id>409537</id>
<name>Hillsboro</name>
<state>KY</state>
<rating>6</rating>
<url>http://www.greatschools.org/city/Hillsboro/KY</url>
<lat>38.2944</lat>
<lon>-83.6808</lon>
<active>1</active>
</city>
<city>
<id>409477</id>
<name>Hindman</name>
<state>KY</state>
<rating>4</rating>
<url>http://www.greatschools.org/city/Hindman/KY</url>
<lat>37.3338</lat>
<lon>-82.9795</lon>
<active>1</active>
</city>
<city>
<id>445030</id>
<name>Hinkle</name>
<state>KY</state>
<rating/>
<url>http://www.greatschools.org/city/Hinkle/KY</url>
<lat>36.9289</lat>
<lon>-83.8281</lon>
<active>1</active>
</city>
<city>
<id>409576</id>
<name>Hiseville</name>
<state>KY</state>
<rating>8</rating>
<url>http://www.greatschools.org/city/Hiseville/KY</url>
<lat>37.1022</lat>
<lon>-85.8158</lon>
<active>1</active>
</city>
<city>
<id>409267</id>
<name>Hodgenville</name>
<state>KY</state>
<rating>8</rating>
<url>http://www.greatschools.org/city/Hodgenville/KY</url>
<lat>37.5697</lat>
<lon>-85.7369</lon>
<active>1</active>
</city>
<city>
<id>409284</id>
<name>Hope</name>
<state>KY</state>
<rating/>
<url>http://www.greatschools.org/city/Hope/KY</url>
<lat>37.9602</lat>
<lon>-83.8541</lon>
<active>1</active>
</city>
<city>
<id>409256</id>
<name>Hopkinsville</name>
<state>KY</state>
<rating>4</rating>
<url>http://www.greatschools.org/city/Hopkinsville/KY</url>
<lat>36.8563</lat>
<lon>-87.4977</lon>
<active>1</active>
</city>
<city>
<id>409423</id>
<name>Horse Branch</name>
<state>KY</state>
<rating>6</rating>
<url>http://www.greatschools.org/city/Horse_Branch/KY</url>
<lat>37.4321</lat>
<lon>-86.6989</lon>
<active>1</active>
</city>
<city>
<id>409269</id>
<name>Horse Cave</name>
<state>KY</state>
<rating>5</rating>
<url>http://www.greatschools.org/city/Horse_Cave/KY</url>
<lat>37.1766</lat>
<lon>-85.9055</lon>
<active>1</active>
</city>
<city>
<id>409463</id>
<name>Hoskinston</name>
<state>KY</state>
<rating>3</rating>
<url>http://www.greatschools.org/city/Hoskinston/KY</url>
<lat>37.0874</lat>
<lon>-83.3812</lon>
<active>1</active>
</city>
<city>
<id>445031</id>
<name>Hueysville</name>
<state>KY</state>
<rating/>
<url>http://www.greatschools.org/city/Hueysville/KY</url>
<lat>37.5004</lat>
<lon>-82.8174</lon>
<active>1</active>
</city>
<city>
<id>409456</id>
<name>Hustonville</name>
<state>KY</state>
<rating>6</rating>
<url>http://www.greatschools.org/city/Hustonville/KY</url>
<lat>37.4743</lat>
<lon>-84.8158</lon>
<active>1</active>
</city>
<city>
<id>409465</id>
<name>Hyden</name>
<state>KY</state>
<rating>3</rating>
<url>http://www.greatschools.org/city/Hyden/KY</url>
<lat>37.1621</lat>
<lon>-83.3739</lon>
<active>1</active>
</city>
<city>
<id>409331</id>
<name>Independence</name>
<state>KY</state>
<rating>8</rating>
<url>http://www.greatschools.org/city/Independence/KY</url>
<lat>38.9534</lat>
<lon>-84.5595</lon>
<active>1</active>
</city>
<city>
<id>409276</id>
<name>Inez</name>
<state>KY</state>
<rating>3</rating>
<url>http://www.greatschools.org/city/Inez/KY</url>
<lat>37.8673</lat>
<lon>-82.5374</lon>
<active>1</active>
</city>
<city>
<id>409541</id>
<name>Irvine</name>
<state>KY</state>
<rating>4</rating>
<url>http://www.greatschools.org/city/Irvine/KY</url>
<lat>37.7007</lat>
<lon>-83.9676</lon>
<active>1</active>
</city>
<city>
<id>409563</id>
<name>Irvington</name>
<state>KY</state>
<rating>5</rating>
<url>http://www.greatschools.org/city/Irvington/KY</url>
<lat>37.8777</lat>
<lon>-86.2851</lon>
<active>1</active>
</city>
<city>
<id>442352</id>
<name>Island</name>
<state>KY</state>
<rating/>
<url>http://www.greatschools.org/city/Island/KY</url>
<lat>37.443</lat>
<lon>-87.1474</lon>
<active>1</active>
</city>
<city>
<id>409543</id>
<name>Isonville</name>
<state>KY</state>
<rating>6</rating>
<url>http://www.greatschools.org/city/Isonville/KY</url>
<lat>38.0595</lat>
<lon>-83.0319</lon>
<active>1</active>
</city>
<city>
<id>409290</id>
<name>Jackson</name>
<state>KY</state>
<rating>4</rating>
<url>http://www.greatschools.org/city/Jackson/KY</url>
<lat>37.5577</lat>
<lon>-83.3808</lon>
<active>1</active>
</city>
<city>
<id>409387</id>
<name>Jamestown</name>
<state>KY</state>
<rating>8</rating>
<url>http://www.greatschools.org/city/Jamestown/KY</url>
<lat>36.9874</lat>
<lon>-85.0662</lon>
<active>1</active>
</city>
<city>
<id>409358</id>
<name>Jeffersontown</name>
<state>KY</state>
<rating/>
<url>http://www.greatschools.org/city/Jeffersontown/KY</url>
<lat>38.2016</lat>
<lon>-85.5793</lon>
<active>1</active>
</city>
<city>
<id>442351</id>
<name>Jeffersonville</name>
<state>KY</state>
<rating/>
<url>http://www.greatschools.org/city/Jeffersonville/KY</url>
<lat>37.96</lat>
<lon>-83.8287</lon>
<active>1</active>
</city>
<city>
<id>409489</id>
<name>Jenkins</name>
<state>KY</state>
<rating>4</rating>
<url>http://www.greatschools.org/city/Jenkins/KY</url>
<lat>37.1822</lat>
<lon>-82.624</lon>
<active>1</active>
</city>
<city>
<id>409568</id>
<name>Junction City</name>
<state>KY</state>
<rating>8</rating>
<url>http://www.greatschools.org/city/Junction_City/KY</url>
<lat>37.5849</lat>
<lon>-84.7887</lon>
<active>1</active>
</city>
<city>
<id>409469</id>
<name>Keavy</name>
<state>KY</state>
<rating>4</rating>
<url>http://www.greatschools.org/city/Keavy/KY</url>
<lat>37.0038</lat>
<lon>-84.1406</lon>
<active>1</active>
</city>
<city>
<id>442350</id>
<name>Kevil</name>
<state>KY</state>
<rating/>
<url>http://www.greatschools.org/city/Kevil/KY</url>
<lat>37.0834</lat>
<lon>-88.8834</lon>
<active>1</active>
</city>
<city>
<id>409401</id>
<name>Kimper</name>
<state>KY</state>
<rating>4</rating>
<url>http://www.greatschools.org/city/Kimper/KY</url>
<lat>37.4985</lat>
<lon>-82.3438</lon>
<active>1</active>
</city>
<city>
<id>442349</id>
<name>Kuttawa</name>
<state>KY</state>
<rating/>
<url>http://www.greatschools.org/city/Kuttawa/KY</url>
<lat>37.0635</lat>
<lon>-88.1107</lon>
<active>1</active>
</city>
<city>
<id>443544</id>
<name>La Center</name>
<state>KY</state>
<rating/>
<url>http://www.greatschools.org/city/La_Center/KY</url>
<lat>37.075</lat>
<lon>-88.9747</lon>
<active>1</active>
</city>
<city>
<id>409315</id>
<name>La Grange</name>
<state>KY</state>
<rating/>
<url>http://www.greatschools.org/city/La_Grange/KY</url>
<lat>38.4086</lat>
<lon>-85.3791</lon>
<active>1</active>
</city>
<city>
<id>445032</id>
<name>Lagrange</name>
<state>KY</state>
<rating>5</rating>
<url>http://www.greatschools.org/city/Lagrange/KY</url>
<lat>38.4166</lat>
<lon>-85.4169</lon>
<active>1</active>
</city>
<city>
<id>409250</id>
<name>Lakeside Park</name>
<state>KY</state>
<rating/>
<url>http://www.greatschools.org/city/Lakeside_Park/KY</url>
<lat>39.033</lat>
<lon>-84.5665</lon>
<active>1</active>
</city>
<city>
<id>409528</id>
<name>Lancaster</name>
<state>KY</state>
<rating>5</rating>
<url>http://www.greatschools.org/city/Lancaster/KY</url>
<lat>37.6183</lat>
<lon>-84.5805</lon>
<active>1</active>
</city>
<city>
<id>442348</id>
<name>Langley</name>
<state>KY</state>
<rating/>
<url>http://www.greatschools.org/city/Langley/KY</url>
<lat>37.541</lat>
<lon>-82.7918</lon>
<active>1</active>
</city>
<city>
<id>442347</id>
<name>Latonia</name>
<state>KY</state>
<rating/>
<url>http://www.greatschools.org/city/Latonia/KY</url>
<lat>39.0194</lat>
<lon>-84.5003</lon>
<active>1</active>
</city>
<city>
<id>409219</id>
<name>Lawrenceburg</name>
<state>KY</state>
<rating>7</rating>
<url>http://www.greatschools.org/city/Lawrenceburg/KY</url>
<lat>38.0335</lat>
<lon>-84.8958</lon>
<active>1</active>
</city>
<city>
<id>409413</id>
<name>Leatherwood</name>
<state>KY</state>
<rating>6</rating>
<url>http://www.greatschools.org/city/Leatherwood/KY</url>
<lat>37.0407</lat>
<lon>-83.2039</lon>
<active>1</active>
</city>
<city>
<id>409359</id>
<name>Lebanon</name>
<state>KY</state>
<rating>6</rating>
<url>http://www.greatschools.org/city/Lebanon/KY</url>
<lat>37.5702</lat>
<lon>-85.2546</lon>
<active>1</active>
</city>
<city>
<id>409561</id>
<name>Lebanon Junction</name>
<state>KY</state>
<rating>7</rating>
<url>http://www.greatschools.org/city/Lebanon_Junction/KY</url>
<lat>37.8388</lat>
<lon>-85.7282</lon>
<active>1</active>
</city>
<city>
<id>409230</id>
<name>Ledbetter</name>
<state>KY</state>
<rating/>
<url>http://www.greatschools.org/city/Ledbetter/KY</url>
<lat>37.0504</lat>
<lon>-88.4949</lon>
<active>1</active>
</city>
<city>
<id>409215</id>
<name>Leitchfield</name>
<state>KY</state>
<rating>5</rating>
<url>http://www.greatschools.org/city/Leitchfield/KY</url>
<lat>37.4866</lat>
<lon>-86.2942</lon>
<active>1</active>
</city>
<city>
<id>409333</id>
<name>Letcher</name>
<state>KY</state>
<rating/>
<url>http://www.greatschools.org/city/Letcher/KY</url>
<lat>37.1551</lat>
<lon>-82.9858</lon>
<active>1</active>
</city>
<city>
<id>409450</id>
<name>Lewisburg</name>
<state>KY</state>
<rating>7</rating>
<url>http://www.greatschools.org/city/Lewisburg/KY</url>
<lat>36.9849</lat>
<lon>-86.9513</lon>
<active>1</active>
</city>
<city>
<id>409196</id>
<name>Lewisport</name>
<state>KY</state>
<rating>5</rating>
<url>http://www.greatschools.org/city/Lewisport/KY</url>
<lat>37.9322</lat>
<lon>-86.9039</lon>
<active>1</active>
</city>
<city>
<id>409198</id>
<name>Lexington</name>
<state>KY</state>
<rating>7</rating>
<url>http://www.greatschools.org/city/Lexington/KY</url>
<lat>38.0186</lat>
<lon>-84.4966</lon>
<active>1</active>
</city>
<city>
<id>409200</id>
<name>Liberty</name>
<state>KY</state>
<rating>7</rating>
<url>http://www.greatschools.org/city/Liberty/KY</url>
<lat>37.3204</lat>
<lon>-84.9322</lon>
<active>1</active>
</city>
<city>
<id>409259</id>
<name>Lick Creek</name>
<state>KY</state>
<rating>3</rating>
<url>http://www.greatschools.org/city/Lick_Creek/KY</url>
<lat>37.3649</lat>
<lon>-82.2788</lon>
<active>1</active>
</city>
<city>
<id>409317</id>
<name>Lily</name>
<state>KY</state>
<rating/>
<url>http://www.greatschools.org/city/Lily/KY</url>
<lat>37.0209</lat>
<lon>-84.0658</lon>
<active>1</active>
</city>
<city>
<id>409480</id>
<name>Littcarr</name>
<state>KY</state>
<rating>4</rating>
<url>http://www.greatschools.org/city/Littcarr/KY</url>
<lat>37.2699</lat>
<lon>-82.9476</lon>
<active>1</active>
</city>
<city>
<id>409441</id>
<name>Livermore</name>
<state>KY</state>
<rating>4</rating>
<url>http://www.greatschools.org/city/Livermore/KY</url>
<lat>37.492</lat>
<lon>-87.1342</lon>
<active>1</active>
</city>
<city>
<id>409303</id>
<name>London</name>
<state>KY</state>
<rating>7</rating>
<url>http://www.greatschools.org/city/London/KY</url>
<lat>37.1267</lat>
<lon>-84.0839</lon>
<active>1</active>
</city>
<city>
<id>409445</id>
<name>Loretto</name>
<state>KY</state>
<rating>8</rating>
<url>http://www.greatschools.org/city/Loretto/KY</url>
<lat>37.635</lat>
<lon>-85.3976</lon>
<active>1</active>
</city>
<city>
<id>409337</id>
<name>Lost Creek</name>
<state>KY</state>
<rating>2</rating>
<url>http://www.greatschools.org/city/Lost_Creek/KY</url>
<lat>37.4396</lat>
<lon>-83.2948</lon>
<active>1</active>
</city>
<city>
<id>409314</id>
<name>Louisa</name>
<state>KY</state>
<rating>4</rating>
<url>http://www.greatschools.org/city/Louisa/KY</url>
<lat>38.1102</lat>
<lon>-82.6058</lon>
<active>1</active>
</city>
<city>
<id>409194</id>
<name>Louisville</name>
<state>KY</state>
<rating>5</rating>
<url>http://www.greatschools.org/city/Louisville/KY</url>
<lat>38.2236</lat>
<lon>-85.7469</lon>
<active>1</active>
</city>
<city>
<id>442346</id>
<name>Lovely</name>
<state>KY</state>
<rating/>
<url>http://www.greatschools.org/city/Lovely/KY</url>
<lat>37.7901</lat>
<lon>-82.3666</lon>
<active>1</active>
</city>
<city>
<id>409524</id>
<name>Lowes</name>
<state>KY</state>
<rating>9</rating>
<url>http://www.greatschools.org/city/Lowes/KY</url>
<lat>36.9182</lat>
<lon>-88.7497</lon>
<active>1</active>
</city>
<city>
<id>409577</id>
<name>Lucas</name>
<state>KY</state>
<rating>6</rating>
<url>http://www.greatschools.org/city/Lucas/KY</url>
<lat>36.8561</lat>
<lon>-86.0476</lon>
<active>1</active>
</city>
<city>
<id>409285</id>
<name>Ludlow</name>
<state>KY</state>
<rating>5</rating>
<url>http://www.greatschools.org/city/Ludlow/KY</url>
<lat>39.0909</lat>
<lon>-84.5494</lon>
<active>1</active>
</city>
<city>
<id>409306</id>
<name>Madisonville</name>
<state>KY</state>
<rating>6</rating>
<url>http://www.greatschools.org/city/Madisonville/KY</url>
<lat>37.3334</lat>
<lon>-87.4994</lon>
<active>1</active>
</city>
<city>
<id>409471</id>
<name>Magnolia</name>
<state>KY</state>
<rating/>
<url>http://www.greatschools.org/city/Magnolia/KY</url>
<lat>37.4128</lat>
<lon>-85.7286</lon>
<active>1</active>
</city>
<city>
<id>409402</id>
<name>Majestic</name>
<state>KY</state>
<rating>3</rating>
<url>http://www.greatschools.org/city/Majestic/KY</url>
<lat>37.5441</lat>
<lon>-82.1345</lon>
<active>1</active>
</city>
<city>
<id>409289</id>
<name>Manchester</name>
<state>KY</state>
<rating>3</rating>
<url>http://www.greatschools.org/city/Manchester/KY</url>
<lat>37.1525</lat>
<lon>-83.7649</lon>
<active>1</active>
</city>
<city>
<id>409228</id>
<name>Marion</name>
<state>KY</state>
<rating>6</rating>
<url>http://www.greatschools.org/city/Marion/KY</url>
<lat>37.333</lat>
<lon>-88.0802</lon>
<active>1</active>
</city>
<city>
<id>409323</id>
<name>Martin</name>
<state>KY</state>
<rating>9</rating>
<url>http://www.greatschools.org/city/Martin/KY</url>
<lat>37.5688</lat>
<lon>-82.758</lon>
<active>1</active>
</city>
<city>
<id>445033</id>
<name>Massac</name>
<state>KY</state>
<rating/>
<url>http://www.greatschools.org/city/Massac/KY</url>
<lat>37.0275</lat>
<lon>-88.6708</lon>
<active>1</active>
</city>
<city>
<id>409197</id>
<name>Mayfield</name>
<state>KY</state>
<rating>6</rating>
<url>http://www.greatschools.org/city/Mayfield/KY</url>
<lat>36.7362</lat>
<lon>-88.6421</lon>
<active>1</active>
</city>
<city>
<id>442345</id>
<name>Mayking</name>
<state>KY</state>
<rating/>
<url>http://www.greatschools.org/city/Mayking/KY</url>
<lat>37.1276</lat>
<lon>-82.737</lon>
<active>1</active>
</city>
<city>
<id>442344</id>
<name>Mayslick</name>
<state>KY</state>
<rating/>
<url>http://www.greatschools.org/city/Mayslick/KY</url>
<lat>38.4992</lat>
<lon>-83.843</lon>
<active>1</active>
</city>
<city>
<id>409190</id>
<name>Maysville</name>
<state>KY</state>
<rating>5</rating>
<url>http://www.greatschools.org/city/Maysville/KY</url>
<lat>38.6382</lat>
<lon>-83.7702</lon>
<active>1</active>
</city>
<city>
<id>409243</id>
<name>McDaniels</name>
<state>KY</state>
<rating>9</rating>
<url>http://www.greatschools.org/city/McDaniels/KY</url>
<lat>37.5951</lat>
<lon>-86.4003</lon>
<active>1</active>
</city>
<city>
<id>409534</id>
<name>McDowell</name>
<state>KY</state>
<rating>7</rating>
<url>http://www.greatschools.org/city/McDowell/KY</url>
<lat>37.4346</lat>
<lon>-82.7135</lon>
<active>1</active>
</city>
<city>
<id>409286</id>
<name>McKee</name>
<state>KY</state>
<rating>3</rating>
<url>http://www.greatschools.org/city/McKee/KY</url>
<lat>37.4308</lat>
<lon>-83.9856</lon>
<active>1</active>
</city>
<city>
<id>409455</id>
<name>McKinney</name>
<state>KY</state>
<rating>5</rating>
<url>http://www.greatschools.org/city/McKinney/KY</url>
<lat>37.4483</lat>
<lon>-84.8103</lon>
<active>1</active>
</city>
<city>
<id>409239</id>
<name>McQuady</name>
<state>KY</state>
<rating/>
<url>http://www.greatschools.org/city/McQuady/KY</url>
<lat>37.5951</lat>
<lon>-86.4003</lon>
<active>1</active>
</city>
<city>
<id>443575</id>
<name>Melber</name>
<state>KY</state>
<rating/>
<url>http://www.greatschools.org/city/Melber/KY</url>
<lat>36.9182</lat>
<lon>-88.7497</lon>
<active>1</active>
</city>
<city>
<id>409352</id>
<name>Melbourne</name>
<state>KY</state>
<rating/>
<url>http://www.greatschools.org/city/Melbourne/KY</url>
<lat>39.0303</lat>
<lon>-84.3701</lon>
<active>1</active>
</city>
<city>
<id>409553</id>
<name>Middleburg</name>
<state>KY</state>
<rating/>
<url>http://www.greatschools.org/city/Middleburg/KY</url>
<lat>37.3746</lat>
<lon>-84.8162</lon>
<active>1</active>
</city>
<city>
<id>409295</id>
<name>Middlesboro</name>
<state>KY</state>
<rating>3</rating>
<url>http://www.greatschools.org/city/Middlesboro/KY</url>
<lat>36.6182</lat>
<lon>-83.7236</lon>
<active>1</active>
</city>
<city>
<id>409491</id>
<name>Middletown</name>
<state>KY</state>
<rating/>
<url>http://www.greatschools.org/city/Middletown/KY</url>
<lat>38.2415</lat>
<lon>-85.5205</lon>
<active>1</active>
</city>
<city>
<id>409318</id>
<name>Midway</name>
<state>KY</state>
<rating>8</rating>
<url>http://www.greatschools.org/city/Midway/KY</url>
<lat>38.1493</lat>
<lon>-84.6827</lon>
<active>1</active>
</city>
<city>
<id>409339</id>
<name>Millersburg</name>
<state>KY</state>
<rating/>
<url>http://www.greatschools.org/city/Millersburg/KY</url>
<lat>38.3033</lat>
<lon>-84.146</lon>
<active>1</active>
</city>
<city>
<id>409378</id>
<name>Milton</name>
<state>KY</state>
<rating>5</rating>
<url>http://www.greatschools.org/city/Milton/KY</url>
<lat>38.7127</lat>
<lon>-85.3742</lon>
<active>1</active>
</city>
<city>
<id>409172</id>
<name>Monticello</name>
<state>KY</state>
<rating>4</rating>
<url>http://www.greatschools.org/city/Monticello/KY</url>
<lat>36.8365</lat>
<lon>-84.8514</lon>
<active>1</active>
</city>
<city>
<id>409181</id>
<name>Morehead</name>
<state>KY</state>
<rating>5</rating>
<url>http://www.greatschools.org/city/Morehead/KY</url>
<lat>38.1867</lat>
<lon>-83.4435</lon>
<active>1</active>
</city>
<city>
<id>409272</id>
<name>Morganfield</name>
<state>KY</state>
<rating>5</rating>
<url>http://www.greatschools.org/city/Morganfield/KY</url>
<lat>37.685</lat>
<lon>-87.9124</lon>
<active>1</active>
</city>
<city>
<id>409202</id>
<name>Morgantown</name>
<state>KY</state>
<rating>4</rating>
<url>http://www.greatschools.org/city/Morgantown/KY</url>
<lat>37.2249</lat>
<lon>-86.6906</lon>
<active>1</active>
</city>
<city>
<id>409482</id>
<name>Morning View</name>
<state>KY</state>
<rating>10</rating>
<url>http://www.greatschools.org/city/Morning_View/KY</url>
<lat>38.8555</lat>
<lon>-84.4985</lon>
<active>1</active>
</city>
<city>
<id>441843</id>
<name>Mount Hermon</name>
<state>KY</state>
<rating/>
<url>http://www.greatschools.org/city/Mount_Hermon/KY</url>
<lat>36.7905</lat>
<lon>-85.8105</lon>
<active>1</active>
</city>
<city>
<id>409391</id>
<name>Mount Olivet</name>
<state>KY</state>
<rating>3</rating>
<url>http://www.greatschools.org/city/Mount_Olivet/KY</url>
<lat>38.5326</lat>
<lon>-84.0374</lon>
<active>1</active>
</city>
<city>
<id>409223</id>
<name>Mount Sterling</name>
<state>KY</state>
<rating>9</rating>
<url>http://www.greatschools.org/city/Mount_Sterling/KY</url>
<lat>38.0581</lat>
<lon>-83.9461</lon>
<active>1</active>
</city>
<city>
<id>409273</id>
<name>Mount Vernon</name>
<state>KY</state>
<rating>5</rating>
<url>http://www.greatschools.org/city/Mount_Vernon/KY</url>
<lat>37.3555</lat>
<lon>-84.3428</lon>
<active>1</active>
</city>
<city>
<id>409204</id>
<name>Mount Washington</name>
<state>KY</state>
<rating>7</rating>
<url>http://www.greatschools.org/city/Mount_Washington/KY</url>
<lat>38.0496</lat>
<lon>-85.5535</lon>
<active>1</active>
</city>
<city>
<id>409478</id>
<name>Mousie</name>
<state>KY</state>
<rating>6</rating>
<url>http://www.greatschools.org/city/Mousie/KY</url>
<lat>37.4331</lat>
<lon>-82.8847</lon>
<active>1</active>
</city>
<city>
<id>446066</id>
<name>Mt Sterling</name>
<state>KY</state>
<rating>8</rating>
<url>http://www.greatschools.org/city/Mt_Sterling/KY</url>
<lat>37.9993</lat>
<lon>-83.8968</lon>
<active>1</active>
</city>
<city>
<id>409436</id>
<name>Muldraugh</name>
<state>KY</state>
<rating/>
<url>http://www.greatschools.org/city/Muldraugh/KY</url>
<lat>37.9364</lat>
<lon>-85.9912</lon>
<active>1</active>
</city>
<city>
<id>409249</id>
<name>Munfordville</name>
<state>KY</state>
<rating>6</rating>
<url>http://www.greatschools.org/city/Munfordville/KY</url>
<lat>37.2765</lat>
<lon>-85.8962</lon>
<active>1</active>
</city>
<city>
<id>409329</id>
<name>Murray</name>
<state>KY</state>
<rating>9</rating>
<url>http://www.greatschools.org/city/Murray/KY</url>
<lat>36.6102</lat>
<lon>-88.3189</lon>
<active>1</active>
</city>
<city>
<id>409394</id>
<name>Nancy</name>
<state>KY</state>
<rating>10</rating>
<url>http://www.greatschools.org/city/Nancy/KY</url>
<lat>37.0556</lat>
<lon>-84.7704</lon>
<active>1</active>
</city>
<city>
<id>409207</id>
<name>Nazareth</name>
<state>KY</state>
<rating/>
<url>http://www.greatschools.org/city/Nazareth/KY</url>
<lat>37.8155</lat>
<lon>-85.4601</lon>
<active>1</active>
</city>
<city>
<id>409496</id>
<name>Nebo</name>
<state>KY</state>
<rating>6</rating>
<url>http://www.greatschools.org/city/Nebo/KY</url>
<lat>37.383</lat>
<lon>-87.6414</lon>
<active>1</active>
</city>
<city>
<id>409461</id>
<name>Neon</name>
<state>KY</state>
<rating/>
<url>http://www.greatschools.org/city/Neon/KY</url>
<lat>37.2042</lat>
<lon>-82.7028</lon>
<active>1</active>
</city>
<city>
<id>409500</id>
<name>New Castle</name>
<state>KY</state>
<rating>4</rating>
<url>http://www.greatschools.org/city/New_Castle/KY</url>
<lat>38.4335</lat>
<lon>-85.1699</lon>
<active>1</active>
</city>
<city>
<id>409260</id>
<name>New Haven</name>
<state>KY</state>
<rating>6</rating>
<url>http://www.greatschools.org/city/New_Haven/KY</url>
<lat>37.6588</lat>
<lon>-85.589</lon>
<active>1</active>
</city>
<city>
<id>409321</id>
<name>New Hope</name>
<state>KY</state>
<rating/>
<url>http://www.greatschools.org/city/New_Hope/KY</url>
<lat>37.6243</lat>
<lon>-85.4996</lon>
<active>1</active>
</city>
<city>
<id>409211</id>
<name>Newport</name>
<state>KY</state>
<rating>2</rating>
<url>http://www.greatschools.org/city/Newport/KY</url>
<lat>39.0864</lat>
<lon>-84.4895</lon>
<active>1</active>
</city>
<city>
<id>409278</id>
<name>Nicholasville</name>
<state>KY</state>
<rating>6</rating>
<url>http://www.greatschools.org/city/Nicholasville/KY</url>
<lat>37.8803</lat>
<lon>-84.5762</lon>
<active>1</active>
</city>
<city>
<id>409569</id>
<name>North Middletown</name>
<state>KY</state>
<rating>7</rating>
<url>http://www.greatschools.org/city/North_Middletown/KY</url>
<lat>38.1418</lat>
<lon>-84.1099</lon>
<active>1</active>
</city>
<city>
<id>409495</id>
<name>Nortonville</name>
<state>KY</state>
<rating>5</rating>
<url>http://www.greatschools.org/city/Nortonville/KY</url>
<lat>37.1858</lat>
<lon>-87.456</lon>
<active>1</active>
</city>
<city>
<id>442342</id>
<name>Oak Grove</name>
<state>KY</state>
<rating/>
<url>http://www.greatschools.org/city/Oak_Grove/KY</url>
<lat>36.6572</lat>
<lon>-87.4152</lon>
<active>1</active>
</city>
<city>
<id>409371</id>
<name>Oakland</name>
<state>KY</state>
<rating>2</rating>
<url>http://www.greatschools.org/city/Oakland/KY</url>
<lat>37.0425</lat>
<lon>-86.2488</lon>
<active>1</active>
</city>
<city>
<id>409555</id>
<name>Olive Hill</name>
<state>KY</state>
<rating>5</rating>
<url>http://www.greatschools.org/city/Olive_Hill/KY</url>
<lat>38.3027</lat>
<lon>-83.1722</lon>
<active>1</active>
</city>
<city>
<id>409449</id>
<name>Olmstead</name>
<state>KY</state>
<rating>8</rating>
<url>http://www.greatschools.org/city/Olmstead/KY</url>
<lat>36.7481</lat>
<lon>-86.9985</lon>
<active>1</active>
</city>
<city>
<id>409338</id>
<name>Oneida</name>
<state>KY</state>
<rating>3</rating>
<url>http://www.greatschools.org/city/Oneida/KY</url>
<lat>37.2634</lat>
<lon>-83.6533</lon>
<active>1</active>
</city>
<city>
<id>409174</id>
<name>Owensboro</name>
<state>KY</state>
<rating>7</rating>
<url>http://www.greatschools.org/city/Owensboro/KY</url>
<lat>37.7525</lat>
<lon>-87.1206</lon>
<active>1</active>
</city>
<city>
<id>409418</id>
<name>Owenton</name>
<state>KY</state>
<rating>4</rating>
<url>http://www.greatschools.org/city/Owenton/KY</url>
<lat>38.5384</lat>
<lon>-84.8398</lon>
<active>1</active>
</city>
<city>
<id>409310</id>
<name>Owingsville</name>
<state>KY</state>
<rating>5</rating>
<url>http://www.greatschools.org/city/Owingsville/KY</url>
<lat>38.1396</lat>
<lon>-83.7636</lon>
<active>1</active>
</city>
<city>
<id>409240</id>
<name>Paducah</name>
<state>KY</state>
<rating>7</rating>
<url>http://www.greatschools.org/city/Paducah/KY</url>
<lat>37.0713</lat>
<lon>-88.6306</lon>
<active>1</active>
</city>
<city>
<id>409529</id>
<name>Paint Lick</name>
<state>KY</state>
<rating>4</rating>
<url>http://www.greatschools.org/city/Paint_Lick/KY</url>
<lat>37.5902</lat>
<lon>-84.4002</lon>
<active>1</active>
</city>
<city>
<id>409351</id>
<name>Paintsville</name>
<state>KY</state>
<rating>5</rating>
<url>http://www.greatschools.org/city/Paintsville/KY</url>
<lat>37.8129</lat>
<lon>-82.8029</lon>
<active>1</active>
</city>
<city>
<id>409350</id>
<name>Paris</name>
<state>KY</state>
<rating>6</rating>
<url>http://www.greatschools.org/city/Paris/KY</url>
<lat>38.2041</lat>
<lon>-84.261</lon>
<active>1</active>
</city>
<city>
<id>409575</id>
<name>Park City</name>
<state>KY</state>
<rating>6</rating>
<url>http://www.greatschools.org/city/Park_City/KY</url>
<lat>37.0954</lat>
<lon>-86.047</lon>
<active>1</active>
</city>
<city>
<id>409346</id>
<name>Park Hills</name>
<state>KY</state>
<rating/>
<url>http://www.greatschools.org/city/Park_Hills/KY</url>
<lat>39.0695</lat>
<lon>-84.5313</lon>
<active>1</active>
</city>
<city>
<id>445035</id>
<name>Parkers Lake</name>
<state>KY</state>
<rating/>
<url>http://www.greatschools.org/city/Parkers_Lake/KY</url>
<lat>36.8418</lat>
<lon>-84.4812</lon>
<active>1</active>
</city>
<city>
<id>409435</id>
<name>Payneville</name>
<state>KY</state>
<rating>9</rating>
<url>http://www.greatschools.org/city/Payneville/KY</url>
<lat>38.0151</lat>
<lon>-86.3456</lon>
<active>1</active>
</city>
<city>
<id>409551</id>
<name>Pembroke</name>
<state>KY</state>
<rating>7</rating>
<url>http://www.greatschools.org/city/Pembroke/KY</url>
<lat>36.7774</lat>
<lon>-87.3557</lon>
<active>1</active>
</city>
<city>
<id>442341</id>
<name>Pendleton</name>
<state>KY</state>
<rating/>
<url>http://www.greatschools.org/city/Pendleton/KY</url>
<lat>38.4846</lat>
<lon>-85.3307</lon>
<active>1</active>
</city>
<city>
<id>409567</id>
<name>Perryville</name>
<state>KY</state>
<rating>10</rating>
<url>http://www.greatschools.org/city/Perryville/KY</url>
<lat>37.6493</lat>
<lon>-84.9505</lon>
<active>1</active>
</city>
<city>
<id>409324</id>
<name>Pewee Valley</name>
<state>KY</state>
<rating/>
<url>http://www.greatschools.org/city/Pewee_Valley/KY</url>
<lat>38.3093</lat>
<lon>-85.4903</lon>
<active>1</active>
</city>
<city>
<id>409400</id>
<name>Phelps</name>
<state>KY</state>
<rating>2</rating>
<url>http://www.greatschools.org/city/Phelps/KY</url>
<lat>37.5142</lat>
<lon>-82.1505</lon>
<active>1</active>
</city>
<city>
<id>409342</id>
<name>Philpot</name>
<state>KY</state>
<rating/>
<url>http://www.greatschools.org/city/Philpot/KY</url>
<lat>37.729</lat>
<lon>-86.9515</lon>
<active>1</active>
</city>
<city>
<id>409258</id>
<name>Pikeville</name>
<state>KY</state>
<rating>5</rating>
<url>http://www.greatschools.org/city/Pikeville/KY</url>
<lat>37.4796</lat>
<lon>-82.5221</lon>
<active>1</active>
</city>
<city>
<id>409189</id>
<name>Pine Knot</name>
<state>KY</state>
<rating>6</rating>
<url>http://www.greatschools.org/city/Pine_Knot/KY</url>
<lat>36.663</lat>
<lon>-84.4403</lon>
<active>1</active>
</city>
<city>
<id>442340</id>
<name>Pine Ridge</name>
<state>KY</state>
<rating/>
<url>http://www.greatschools.org/city/Pine_Ridge/KY</url>
<lat>37.7737</lat>
<lon>-83.6263</lon>
<active>1</active>
</city>
<city>
<id>409282</id>
<name>Pineville</name>
<state>KY</state>
<rating>5</rating>
<url>http://www.greatschools.org/city/Pineville/KY</url>
<lat>36.7635</lat>
<lon>-83.6979</lon>
<active>1</active>
</city>
<city>
<id>409398</id>
<name>Pinsonfork</name>
<state>KY</state>
<rating/>
<url>http://www.greatschools.org/city/Pinsonfork/KY</url>
<lat>37.5392</lat>
<lon>-82.2526</lon>
<active>1</active>
</city>
<city>
<id>409332</id>
<name>Pippa Passes</name>
<state>KY</state>
<rating/>
<url>http://www.greatschools.org/city/Pippa_Passes/KY</url>
<lat>37.3375</lat>
<lon>-82.8752</lon>
<active>1</active>
</city>
<city>
<id>445036</id>
<name>Pleasant Hill</name>
<state>KY</state>
<rating/>
<url>http://www.greatschools.org/city/Pleasant_Hill/KY</url>
<lat>38.7728</lat>
<lon>-84.3074</lon>
<active>1</active>
</city>
<city>
<id>409380</id>
<name>Pleasureville</name>
<state>KY</state>
<rating>5</rating>
<url>http://www.greatschools.org/city/Pleasureville/KY</url>
<lat>38.3502</lat>
<lon>-85.1132</lon>
<active>1</active>
</city>
<city>
<id>409265</id>
<name>Prestonsburg</name>
<state>KY</state>
<rating>5</rating>
<url>http://www.greatschools.org/city/Prestonsburg/KY</url>
<lat>37.673</lat>
<lon>-82.7588</lon>
<active>1</active>
</city>
<city>
<id>409208</id>
<name>Princeton</name>
<state>KY</state>
<rating>6</rating>
<url>http://www.greatschools.org/city/Princeton/KY</url>
<lat>37.1095</lat>
<lon>-87.8834</lon>
<active>1</active>
</city>
<city>
<id>409420</id>
<name>Prospect</name>
<state>KY</state>
<rating>10</rating>
<url>http://www.greatschools.org/city/Prospect/KY</url>
<lat>38.3429</lat>
<lon>-85.6092</lon>
<active>1</active>
</city>
<city>
<id>409298</id>
<name>Providence</name>
<state>KY</state>
<rating>4</rating>
<url>http://www.greatschools.org/city/Providence/KY</url>
<lat>37.3976</lat>
<lon>-87.7577</lon>
<active>1</active>
</city>
<city>
<id>409393</id>
<name>Raceland</name>
<state>KY</state>
<rating>8</rating>
<url>http://www.greatschools.org/city/Raceland/KY</url>
<lat>38.5356</lat>
<lon>-82.7318</lon>
<active>1</active>
</city>
<city>
<id>409305</id>
<name>Radcliff</name>
<state>KY</state>
<rating>4</rating>
<url>http://www.greatschools.org/city/Radcliff/KY</url>
<lat>37.8271</lat>
<lon>-85.9397</lon>
<active>1</active>
</city>
<city>
<id>409405</id>
<name>Ransom</name>
<state>KY</state>
<rating>1</rating>
<url>http://www.greatschools.org/city/Ransom/KY</url>
<lat>37.5487</lat>
<lon>-82.2048</lon>
<active>1</active>
</city>
<city>
<id>442338</id>
<name>Redfox</name>
<state>KY</state>
<rating/>
<url>http://www.greatschools.org/city/Redfox/KY</url>
<lat>37.2191</lat>
<lon>-82.9394</lon>
<active>1</active>
</city>
<city>
<id>442336</id>
<name>Revelo</name>
<state>KY</state>
<rating/>
<url>http://www.greatschools.org/city/Revelo/KY</url>
<lat>36.6719</lat>
<lon>-84.4705</lon>
<active>1</active>
</city>
<city>
<id>409263</id>
<name>Richmond</name>
<state>KY</state>
<rating>7</rating>
<url>http://www.greatschools.org/city/Richmond/KY</url>
<lat>37.7469</lat>
<lon>-84.2982</lon>
<active>1</active>
</city>
<city>
<id>409512</id>
<name>Rineyville</name>
<state>KY</state>
<rating>7</rating>
<url>http://www.greatschools.org/city/Rineyville/KY</url>
<lat>37.7559</lat>
<lon>-85.9963</lon>
<active>1</active>
</city>
<city>
<id>409399</id>
<name>Robinson Creek</name>
<state>KY</state>
<rating/>
<url>http://www.greatschools.org/city/Robinson_Creek/KY</url>
<lat>37.3909</lat>
<lon>-82.5722</lon>
<active>1</active>
</city>
<city>
<id>409366</id>
<name>Rockholds</name>
<state>KY</state>
<rating>3</rating>
<url>http://www.greatschools.org/city/Rockholds/KY</url>
<lat>36.8177</lat>
<lon>-84.0806</lon>
<active>1</active>
</city>
<city>
<id>409361</id>
<name>Rogers</name>
<state>KY</state>
<rating>5</rating>
<url>http://www.greatschools.org/city/Rogers/KY</url>
<lat>37.731</lat>
<lon>-83.6487</lon>
<active>1</active>
</city>
<city>
<id>409565</id>
<name>Rousseau</name>
<state>KY</state>
<rating>1</rating>
<url>http://www.greatschools.org/city/Rousseau/KY</url>
<lat>37.6029</lat>
<lon>-83.2359</lon>
<active>1</active>
</city>
<city>
<id>409556</id>
<name>Rush</name>
<state>KY</state>
<rating>9</rating>
<url>http://www.greatschools.org/city/Rush/KY</url>
<lat>38.3204</lat>
<lon>-82.7696</lon>
<active>1</active>
</city>
<city>
<id>409388</id>
<name>Russell</name>
<state>KY</state>
<rating>7</rating>
<url>http://www.greatschools.org/city/Russell/KY</url>
<lat>38.5132</lat>
<lon>-82.7014</lon>
<active>1</active>
</city>
<city>
<id>409386</id>
<name>Russell Springs</name>
<state>KY</state>
<rating>5</rating>
<url>http://www.greatschools.org/city/Russell_Springs/KY</url>
<lat>37.0532</lat>
<lon>-85.0821</lon>
<active>1</active>
</city>
<city>
<id>409385</id>
<name>Russellville</name>
<state>KY</state>
<rating>5</rating>
<url>http://www.greatschools.org/city/Russellville/KY</url>
<lat>36.8432</lat>
<lon>-86.8899</lon>
<active>1</active>
</city>
<city>
<id>445037</id>
<name>Ryland Heights</name>
<state>KY</state>
<rating>9</rating>
<url>http://www.greatschools.org/city/Ryland_Heights/KY</url>
<lat>38.955</lat>
<lon>-84.473</lon>
<active>1</active>
</city>
<city>
<id>409440</id>
<name>Sacramento</name>
<state>KY</state>
<rating>6</rating>
<url>http://www.greatschools.org/city/Sacramento/KY</url>
<lat>37.4163</lat>
<lon>-87.2678</lon>
<active>1</active>
</city>
<city>
<id>445038</id>
<name>Sadieville</name>
<state>KY</state>
<rating/>
<url>http://www.greatschools.org/city/Sadieville/KY</url>
<lat>38.3925</lat>
<lon>-84.5696</lon>
<active>1</active>
</city>
<city>
<id>442335</id>
<name>Salem</name>
<state>KY</state>
<rating/>
<url>http://www.greatschools.org/city/Salem/KY</url>
<lat>37.2659</lat>
<lon>-88.2415</lon>
<active>1</active>
</city>
<city>
<id>409573</id>
<name>Salt Lick</name>
<state>KY</state>
<rating/>
<url>http://www.greatschools.org/city/Salt_Lick/KY</url>
<lat>38.1181</lat>
<lon>-83.6161</lon>
<active>1</active>
</city>
<city>
<id>409446</id>
<name>Salyersville</name>
<state>KY</state>
<rating>3</rating>
<url>http://www.greatschools.org/city/Salyersville/KY</url>
<lat>37.7479</lat>
<lon>-83.0652</lon>
<active>1</active>
</city>
<city>
<id>409494</id>
<name>Sandgap</name>
<state>KY</state>
<rating>6</rating>
<url>http://www.greatschools.org/city/Sandgap/KY</url>
<lat>37.4867</lat>
<lon>-84.026</lon>
<active>1</active>
</city>
<city>
<id>409313</id>
<name>Sandy Hook</name>
<state>KY</state>
<rating>3</rating>
<url>http://www.greatschools.org/city/Sandy_Hook/KY</url>
<lat>38.0914</lat>
<lon>-83.124</lon>
<active>1</active>
</city>
<city>
<id>409384</id>
<name>Science Hill</name>
<state>KY</state>
<rating>9</rating>
<url>http://www.greatschools.org/city/Science_Hill/KY</url>
<lat>37.1758</lat>
<lon>-84.6361</lon>
<active>1</active>
</city>
<city>
<id>409325</id>
<name>Scottsville</name>
<state>KY</state>
<rating>6</rating>
<url>http://www.greatschools.org/city/Scottsville/KY</url>
<lat>36.75</lat>
<lon>-86.1929</lon>
<active>1</active>
</city>
<city>
<id>409369</id>
<name>Sebree</name>
<state>KY</state>
<rating>4</rating>
<url>http://www.greatschools.org/city/Sebree/KY</url>
<lat>37.6068</lat>
<lon>-87.5308</lon>
<active>1</active>
</city>
<city>
<id>409574</id>
<name>Sharpsburg</name>
<state>KY</state>
<rating/>
<url>http://www.greatschools.org/city/Sharpsburg/KY</url>
<lat>38.2023</lat>
<lon>-83.9291</lon>
<active>1</active>
</city>
<city>
<id>409209</id>
<name>Shelbyville</name>
<state>KY</state>
<rating>6</rating>
<url>http://www.greatschools.org/city/Shelbyville/KY</url>
<lat>38.2123</lat>
<lon>-85.2316</lon>
<active>1</active>
</city>
<city>
<id>409203</id>
<name>Shepherdsville</name>
<state>KY</state>
<rating>5</rating>
<url>http://www.greatschools.org/city/Shepherdsville/KY</url>
<lat>37.9933</lat>
<lon>-85.7156</lon>
<active>1</active>
</city>
<city>
<id>409406</id>
<name>Sidney</name>
<state>KY</state>
<rating>3</rating>
<url>http://www.greatschools.org/city/Sidney/KY</url>
<lat>37.5945</lat>
<lon>-82.3606</lon>
<active>1</active>
</city>
<city>
<id>409364</id>
<name>Siler</name>
<state>KY</state>
<rating>9</rating>
<url>http://www.greatschools.org/city/Siler/KY</url>
<lat>36.6948</lat>
<lon>-83.9491</lon>
<active>1</active>
</city>
<city>
<id>409379</id>
<name>Silver Grove</name>
<state>KY</state>
<rating>2</rating>
<url>http://www.greatschools.org/city/Silver_Grove/KY</url>
<lat>39.0344</lat>
<lon>-84.3904</lon>
<active>1</active>
</city>
<city>
<id>409382</id>
<name>Simpsonville</name>
<state>KY</state>
<rating>9</rating>
<url>http://www.greatschools.org/city/Simpsonville/KY</url>
<lat>38.2191</lat>
<lon>-85.3519</lon>
<active>1</active>
</city>
<city>
<id>445040</id>
<name>Sitka</name>
<state>KY</state>
<rating/>
<url>http://www.greatschools.org/city/Sitka/KY</url>
<lat>37.8812</lat>
<lon>-82.8393</lon>
<active>1</active>
</city>
<city>
<id>409368</id>
<name>Slaughters</name>
<state>KY</state>
<rating/>
<url>http://www.greatschools.org/city/Slaughters/KY</url>
<lat>37.4902</lat>
<lon>-87.5026</lon>
<active>1</active>
</city>
<city>
<id>409191</id>
<name>Smithland</name>
<state>KY</state>
<rating>5</rating>
<url>http://www.greatschools.org/city/Smithland/KY</url>
<lat>37.1394</lat>
<lon>-88.4026</lon>
<active>1</active>
</city>
<city>
<id>409372</id>
<name>Smiths Grove</name>
<state>KY</state>
<rating>6</rating>
<url>http://www.greatschools.org/city/Smiths_Grove/KY</url>
<lat>37.0529</lat>
<lon>-86.2067</lon>
<active>1</active>
</city>
<city>
<id>409252</id>
<name>Somerset</name>
<state>KY</state>
<rating>7</rating>
<url>http://www.greatschools.org/city/Somerset/KY</url>
<lat>37.0859</lat>
<lon>-84.6072</lon>
<active>1</active>
</city>
<city>
<id>409195</id>
<name>Sonora</name>
<state>KY</state>
<rating>5</rating>
<url>http://www.greatschools.org/city/Sonora/KY</url>
<lat>37.5269</lat>
<lon>-85.8951</lon>
<active>1</active>
</city>
<city>
<id>409210</id>
<name>South Portsmouth</name>
<state>KY</state>
<rating/>
<url>http://www.greatschools.org/city/South_Portsmouth/KY</url>
<lat>38.71</lat>
<lon>-83.01</lon>
<active>1</active>
</city>
<city>
<id>409514</id>
<name>South Shore</name>
<state>KY</state>
<rating>5</rating>
<url>http://www.greatschools.org/city/South_Shore/KY</url>
<lat>38.7209</lat>
<lon>-82.9645</lon>
<active>1</active>
</city>
<city>
<id>409349</id>
<name>Southgate</name>
<state>KY</state>
<rating>8</rating>
<url>http://www.greatschools.org/city/Southgate/KY</url>
<lat>39.0665</lat>
<lon>-84.4744</lon>
<active>1</active>
</city>
<city>
<id>409502</id>
<name>Spottsville</name>
<state>KY</state>
<rating>8</rating>
<url>http://www.greatschools.org/city/Spottsville/KY</url>
<lat>37.8585</lat>
<lon>-87.4264</lon>
<active>1</active>
</city>
<city>
<id>409222</id>
<name>Springfield</name>
<state>KY</state>
<rating>5</rating>
<url>http://www.greatschools.org/city/Springfield/KY</url>
<lat>37.6844</lat>
<lon>-85.2189</lon>
<active>1</active>
</city>
<city>
<id>445041</id>
<name>St Catharine</name>
<state>KY</state>
<rating/>
<url>http://www.greatschools.org/city/St_Catharine/KY</url>
<lat>37.71</lat>
<lon>-85.2658</lon>
<active>1</active>
</city>
<city>
<id>409485</id>
<name>Staffordsville</name>
<state>KY</state>
<rating>8</rating>
<url>http://www.greatschools.org/city/Staffordsville/KY</url>
<lat>37.8273</lat>
<lon>-82.8718</lon>
<active>1</active>
</city>
<city>
<id>409383</id>
<name>Stamping Ground</name>
<state>KY</state>
<rating>9</rating>
<url>http://www.greatschools.org/city/Stamping_Ground/KY</url>
<lat>38.2689</lat>
<lon>-84.6835</lon>
<active>1</active>
</city>
<city>
<id>409453</id>
<name>Stanford</name>
<state>KY</state>
<rating>5</rating>
<url>http://www.greatschools.org/city/Stanford/KY</url>
<lat>37.5352</lat>
<lon>-84.6607</lon>
<active>1</active>
</city>
<city>
<id>409396</id>
<name>Stanton</name>
<state>KY</state>
<rating>4</rating>
<url>http://www.greatschools.org/city/Stanton/KY</url>
<lat>37.8488</lat>
<lon>-83.8575</lon>
<active>1</active>
</city>
<city>
<id>409188</id>
<name>Stearns</name>
<state>KY</state>
<rating>3</rating>
<url>http://www.greatschools.org/city/Stearns/KY</url>
<lat>36.6968</lat>
<lon>-84.4774</lon>
<active>1</active>
</city>
<city>
<id>446067</id>
<name>Sterling</name>
<state>KY</state>
<rating/>
<url>http://www.greatschools.org/city/Sterling/KY</url>
<lat>37.9907</lat>
<lon>-83.915</lon>
<active>1</active>
</city>
<city>
<id>442333</id>
<name>Stinnett</name>
<state>KY</state>
<rating/>
<url>http://www.greatschools.org/city/Stinnett/KY</url>
<lat>37.0874</lat>
<lon>-83.3812</lon>
<active>1</active>
</city>
<city>
<id>409294</id>
<name>Stoney Fork</name>
<state>KY</state>
<rating>5</rating>
<url>http://www.greatschools.org/city/Stoney_Fork/KY</url>
<lat>36.8577</lat>
<lon>-83.533</lon>
<active>1</active>
</city>
<city>
<id>409376</id>
<name>Sturgis</name>
<state>KY</state>
<rating>5</rating>
<url>http://www.greatschools.org/city/Sturgis/KY</url>
<lat>37.5468</lat>
<lon>-87.9856</lon>
<active>1</active>
</city>
<city>
<id>409432</id>
<name>Summer Shade</name>
<state>KY</state>
<rating>7</rating>
<url>http://www.greatschools.org/city/Summer_Shade/KY</url>
<lat>36.8889</lat>
<lon>-85.6991</lon>
<active>1</active>
</city>
<city>
<id>409519</id>
<name>Summersville</name>
<state>KY</state>
<rating/>
<url>http://www.greatschools.org/city/Summersville/KY</url>
<lat>37.3435</lat>
<lon>-85.6151</lon>
<active>1</active>
</city>
<city>
<id>409544</id>
<name>Sweeden</name>
<state>KY</state>
<rating>7</rating>
<url>http://www.greatschools.org/city/Sweeden/KY</url>
<lat>37.2512</lat>
<lon>-86.2966</lon>
<active>1</active>
</city>
<city>
<id>409522</id>
<name>Symsonia</name>
<state>KY</state>
<rating>9</rating>
<url>http://www.greatschools.org/city/Symsonia/KY</url>
<lat>36.913</lat>
<lon>-88.5134</lon>
<active>1</active>
</city>
<city>
<id>409233</id>
<name>Taylor Mill</name>
<state>KY</state>
<rating>6</rating>
<url>http://www.greatschools.org/city/Taylor_Mill/KY</url>
<lat>39.0117</lat>
<lon>-84.5035</lon>
<active>1</active>
</city>
<city>
<id>409180</id>
<name>Taylorsville</name>
<state>KY</state>
<rating>7</rating>
<url>http://www.greatschools.org/city/Taylorsville/KY</url>
<lat>38.034</lat>
<lon>-85.3443</lon>
<active>1</active>
</city>
<city>
<id>442332</id>
<name>Thelma</name>
<state>KY</state>
<rating/>
<url>http://www.greatschools.org/city/Thelma/KY</url>
<lat>37.8065</lat>
<lon>-82.7591</lon>
<active>1</active>
</city>
<city>
<id>445042</id>
<name>Tina</name>
<state>KY</state>
<rating/>
<url>http://www.greatschools.org/city/Tina/KY</url>
<lat>37.3599</lat>
<lon>-83.0469</lon>
<active>1</active>
</city>
<city>
<id>409214</id>
<name>Tollesboro</name>
<state>KY</state>
<rating>7</rating>
<url>http://www.greatschools.org/city/Tollesboro/KY</url>
<lat>38.5737</lat>
<lon>-83.5603</lon>
<active>1</active>
</city>
<city>
<id>409430</id>
<name>Tompkinsville</name>
<state>KY</state>
<rating>5</rating>
<url>http://www.greatschools.org/city/Tompkinsville/KY</url>
<lat>36.7035</lat>
<lon>-85.6926</lon>
<active>1</active>
</city>
<city>
<id>409481</id>
<name>Topmost</name>
<state>KY</state>
<rating>5</rating>
<url>http://www.greatschools.org/city/Topmost/KY</url>
<lat>37.3486</lat>
<lon>-82.7761</lon>
<active>1</active>
</city>
<city>
<id>409493</id>
<name>Tyner</name>
<state>KY</state>
<rating>5</rating>
<url>http://www.greatschools.org/city/Tyner/KY</url>
<lat>37.3602</lat>
<lon>-83.8858</lon>
<active>1</active>
</city>
<city>
<id>409570</id>
<name>Union</name>
<state>KY</state>
<rating>9</rating>
<url>http://www.greatschools.org/city/Union/KY</url>
<lat>38.9472</lat>
<lon>-84.6661</lon>
<active>1</active>
</city>
<city>
<id>409375</id>
<name>Uniontown</name>
<state>KY</state>
<rating>6</rating>
<url>http://www.greatschools.org/city/Uniontown/KY</url>
<lat>37.7725</lat>
<lon>-87.9324</lon>
<active>1</active>
</city>
<city>
<id>442331</id>
<name>Upton</name>
<state>KY</state>
<rating/>
<url>http://www.greatschools.org/city/Upton/KY</url>
<lat>37.4638</lat>
<lon>-85.8969</lon>
<active>1</active>
</city>
<city>
<id>409546</id>
<name>Utica</name>
<state>KY</state>
<rating>10</rating>
<url>http://www.greatschools.org/city/Utica/KY</url>
<lat>37.6187</lat>
<lon>-87.0639</lon>
<active>1</active>
</city>
<city>
<id>409458</id>
<name>Vanceburg</name>
<state>KY</state>
<rating>4</rating>
<url>http://www.greatschools.org/city/Vanceburg/KY</url>
<lat>38.5922</lat>
<lon>-83.3204</lon>
<active>1</active>
</city>
<city>
<id>409307</id>
<name>Vancleve</name>
<state>KY</state>
<rating/>
<url>http://www.greatschools.org/city/Vancleve/KY</url>
<lat>37.6408</lat>
<lon>-83.3523</lon>
<active>1</active>
</city>
<city>
<id>409374</id>
<name>Verona</name>
<state>KY</state>
<rating>9</rating>
<url>http://www.greatschools.org/city/Verona/KY</url>
<lat>38.813</lat>
<lon>-84.6863</lon>
<active>1</active>
</city>
<city>
<id>409232</id>
<name>Versailles</name>
<state>KY</state>
<rating>7</rating>
<url>http://www.greatschools.org/city/Versailles/KY</url>
<lat>38.0533</lat>
<lon>-84.7315</lon>
<active>1</active>
</city>
<city>
<id>409237</id>
<name>Villa Hills</name>
<state>KY</state>
<rating>9</rating>
<url>http://www.greatschools.org/city/Villa_Hills/KY</url>
<lat>39.0615</lat>
<lon>-84.5952</lon>
<active>1</active>
</city>
<city>
<id>409355</id>
<name>Vine Grove</name>
<state>KY</state>
<rating>7</rating>
<url>http://www.greatschools.org/city/Vine_Grove/KY</url>
<lat>37.8114</lat>
<lon>-85.978</lon>
<active>1</active>
</city>
<city>
<id>409408</id>
<name>Viper</name>
<state>KY</state>
<rating>2</rating>
<url>http://www.greatschools.org/city/Viper/KY</url>
<lat>37.1583</lat>
<lon>-83.1396</lon>
<active>1</active>
</city>
<city>
<id>409213</id>
<name>Virgie</name>
<state>KY</state>
<rating>7</rating>
<url>http://www.greatschools.org/city/Virgie/KY</url>
<lat>37.3142</lat>
<lon>-82.6421</lon>
<active>1</active>
</city>
<city>
<id>409448</id>
<name>Waco</name>
<state>KY</state>
<rating>7</rating>
<url>http://www.greatschools.org/city/Waco/KY</url>
<lat>37.7819</lat>
<lon>-84.1175</lon>
<active>1</active>
</city>
<city>
<id>409381</id>
<name>Waddy</name>
<state>KY</state>
<rating>7</rating>
<url>http://www.greatschools.org/city/Waddy/KY</url>
<lat>38.1191</lat>
<lon>-85.0888</lon>
<active>1</active>
</city>
<city>
<id>409538</id>
<name>Wallingford</name>
<state>KY</state>
<rating>4</rating>
<url>http://www.greatschools.org/city/Wallingford/KY</url>
<lat>38.3365</lat>
<lon>-83.5666</lon>
<active>1</active>
</city>
<city>
<id>446068</id>
<name>Wallins</name>
<state>KY</state>
<rating>3</rating>
<url>http://www.greatschools.org/city/Wallins/KY</url>
<lat>36.8237</lat>
<lon>-83.4127</lon>
<active>1</active>
</city>
<city>
<id>409506</id>
<name>Wallins Creek</name>
<state>KY</state>
<rating/>
<url>http://www.greatschools.org/city/Wallins_Creek/KY</url>
<lat>36.8267</lat>
<lon>-83.4146</lon>
<active>1</active>
</city>
<city>
<id>409241</id>
<name>Walton</name>
<state>KY</state>
<rating>9</rating>
<url>http://www.greatschools.org/city/Walton/KY</url>
<lat>38.8683</lat>
<lon>-84.6144</lon>
<active>1</active>
</city>
<city>
<id>409443</id>
<name>Warfield</name>
<state>KY</state>
<rating>4</rating>
<url>http://www.greatschools.org/city/Warfield/KY</url>
<lat>37.84</lat>
<lon>-82.4209</lon>
<active>1</active>
</city>
<city>
<id>409288</id>
<name>Warsaw</name>
<state>KY</state>
<rating>3</rating>
<url>http://www.greatschools.org/city/Warsaw/KY</url>
<lat>38.7825</lat>
<lon>-84.895</lon>
<active>1</active>
</city>
<city>
<id>409454</id>
<name>Waynesburg</name>
<state>KY</state>
<rating>5</rating>
<url>http://www.greatschools.org/city/Waynesburg/KY</url>
<lat>37.3627</lat>
<lon>-84.646</lon>
<active>1</active>
</city>
<city>
<id>445043</id>
<name>Webbs Crs Rds</name>
<state>KY</state>
<rating/>
<url>http://www.greatschools.org/city/Webbs_Crs_Rds/KY</url>
<lat>37.0441</lat>
<lon>-85.0441</lon>
<active>1</active>
</city>
<city>
<id>409426</id>
<name>West Liberty</name>
<state>KY</state>
<rating>5</rating>
<url>http://www.greatschools.org/city/West_Liberty/KY</url>
<lat>37.9211</lat>
<lon>-83.2603</lon>
<active>1</active>
</city>
<city>
<id>409442</id>
<name>West Paducah</name>
<state>KY</state>
<rating>9</rating>
<url>http://www.greatschools.org/city/West_Paducah/KY</url>
<lat>37.0829</lat>
<lon>-88.7662</lon>
<active>1</active>
</city>
<city>
<id>409367</id>
<name>West Point</name>
<state>KY</state>
<rating>6</rating>
<url>http://www.greatschools.org/city/West_Point/KY</url>
<lat>37.9939</lat>
<lon>-85.9557</lon>
<active>1</active>
</city>
<city>
<id>409192</id>
<name>Whitesburg</name>
<state>KY</state>
<rating>5</rating>
<url>http://www.greatschools.org/city/Whitesburg/KY</url>
<lat>37.118</lat>
<lon>-82.8251</lon>
<active>1</active>
</city>
<city>
<id>409341</id>
<name>Whitesville</name>
<state>KY</state>
<rating>9</rating>
<url>http://www.greatschools.org/city/Whitesville/KY</url>
<lat>37.6833</lat>
<lon>-86.87</lon>
<active>1</active>
</city>
<city>
<id>409235</id>
<name>Whitley City</name>
<state>KY</state>
<rating>4</rating>
<url>http://www.greatschools.org/city/Whitley_City/KY</url>
<lat>36.7239</lat>
<lon>-84.4718</lon>
<active>1</active>
</city>
<city>
<id>441842</id>
<name>Wilder</name>
<state>KY</state>
<rating/>
<url>http://www.greatschools.org/city/Wilder/KY</url>
<lat>39.0465</lat>
<lon>-84.4784</lon>
<active>1</active>
</city>
<city>
<id>409221</id>
<name>Williamsburg</name>
<state>KY</state>
<rating>6</rating>
<url>http://www.greatschools.org/city/Williamsburg/KY</url>
<lat>36.7402</lat>
<lon>-84.1653</lon>
<active>1</active>
</city>
<city>
<id>409487</id>
<name>Williamsport</name>
<state>KY</state>
<rating>8</rating>
<url>http://www.greatschools.org/city/Williamsport/KY</url>
<lat>37.8148</lat>
<lon>-82.719</lon>
<active>1</active>
</city>
<city>
<id>409363</id>
<name>Williamstown</name>
<state>KY</state>
<rating>6</rating>
<url>http://www.greatschools.org/city/Williamstown/KY</url>
<lat>38.6423</lat>
<lon>-84.5626</lon>
<active>1</active>
</city>
<city>
<id>409257</id>
<name>Willisburg</name>
<state>KY</state>
<rating>6</rating>
<url>http://www.greatschools.org/city/Willisburg/KY</url>
<lat>37.8094</lat>
<lon>-85.124</lon>
<active>1</active>
</city>
<city>
<id>409279</id>
<name>Wilmore</name>
<state>KY</state>
<rating>10</rating>
<url>http://www.greatschools.org/city/Wilmore/KY</url>
<lat>37.864</lat>
<lon>-84.6579</lon>
<active>1</active>
</city>
<city>
<id>409212</id>
<name>Winchester</name>
<state>KY</state>
<rating>7</rating>
<url>http://www.greatschools.org/city/Winchester/KY</url>
<lat>37.9946</lat>
<lon>-84.1873</lon>
<active>1</active>
</city>
<city>
<id>442330</id>
<name>Wind Cave</name>
<state>KY</state>
<rating/>
<url>http://www.greatschools.org/city/Wind_Cave/KY</url>
<lat>37.4599</lat>
<lon>-84.0331</lon>
<active>1</active>
</city>
<city>
<id>409254</id>
<name>Windsor</name>
<state>KY</state>
<rating/>
<url>http://www.greatschools.org/city/Windsor/KY</url>
<lat>37.1457</lat>
<lon>-84.9161</lon>
<active>1</active>
</city>
<city>
<id>409521</id>
<name>Wingo</name>
<state>KY</state>
<rating>3</rating>
<url>http://www.greatschools.org/city/Wingo/KY</url>
<lat>36.644</lat>
<lon>-88.7382</lon>
<active>1</active>
</city>
<city>
<id>409486</id>
<name>Wittensville</name>
<state>KY</state>
<rating>10</rating>
<url>http://www.greatschools.org/city/Wittensville/KY</url>
<lat>37.8692</lat>
<lon>-82.824</lon>
<active>1</active>
</city>
<city>
<id>442329</id>
<name>Woodbine</name>
<state>KY</state>
<rating/>
<url>http://www.greatschools.org/city/Woodbine/KY</url>
<lat>36.8889</lat>
<lon>-84.065</lon>
<active>1</active>
</city>
<city>
<id>446069</id>
<name>Woodlawn Park</name>
<state>KY</state>
<rating/>
<url>http://www.greatschools.org/city/Woodlawn_Park/KY</url>
<lat>38.2624</lat>
<lon>-85.6374</lon>
<active>1</active>
</city>
<city>
<id>409464</id>
<name>Wooton</name>
<state>KY</state>
<rating>5</rating>
<url>http://www.greatschools.org/city/Wooton/KY</url>
<lat>37.1493</lat>
<lon>-83.2852</lon>
<active>1</active>
</city>
<city>
<id>409392</id>
<name>Worthington</name>
<state>KY</state>
<rating>7</rating>
<url>http://www.greatschools.org/city/Worthington/KY</url>
<lat>38.5512</lat>
<lon>-82.738</lon>
<active>1</active>
</city>
<city>
<id>409515</id>
<name>Wurtland</name>
<state>KY</state>
<rating>4</rating>
<url>http://www.greatschools.org/city/Wurtland/KY</url>
<lat>38.5482</lat>
<lon>-82.7753</lon>
<active>1</active>
</city>
<city>
<id>409466</id>
<name>Yeaddiss</name>
<state>KY</state>
<rating>2</rating>
<url>http://www.greatschools.org/city/Yeaddiss/KY</url>
<lat>37.0416</lat>
<lon>-83.2313</lon>
<active>1</active>
</city>
<city>
<id>442328</id>
<name>Yerkes</name>
<state>KY</state>
<rating/>
<url>http://www.greatschools.org/city/Yerkes/KY</url>
<lat>37.2678</lat>
<lon>-83.3042</lon>
<active>1</active>
</city>
<city>
<id>442327</id>
<name>Zoneton</name>
<state>KY</state>
<rating/>
<url>http://www.greatschools.org/city/Zoneton/KY</url>
<lat>38.0145</lat>
<lon>-85.6461</lon>
<active>1</active>
</city>
</greatschools-city-feed>
