<?xml version="1.0" encoding="utf-8"?><greatschools-city-feed xmlns:xsi="http://www.w3.org/2001/XMLSchema-instance" xsi:noNamespaceSchemaLocation="http://www.greatschools.org/feeds/greatschools-city2.xsd">
<city>
<id>442323</id>
<name>Advance</name>
<state>IN</state>
<rating/>
<url>http://www.greatschools.org/city/Advance/IN</url>
<lat>39.9954</lat>
<lon>-86.6204</lon>
<active>1</active>
</city>
<city>
<id>427786</id>
<name>Akron</name>
<state>IN</state>
<rating/>
<url>http://www.greatschools.org/city/Akron/IN</url>
<lat>41.0388</lat>
<lon>-86.0249</lon>
<active>1</active>
</city>
<city>
<id>427944</id>
<name>Albany</name>
<state>IN</state>
<rating/>
<url>http://www.greatschools.org/city/Albany/IN</url>
<lat>40.306</lat>
<lon>-85.2321</lon>
<active>1</active>
</city>
<city>
<id>427721</id>
<name>Albion</name>
<state>IN</state>
<rating/>
<url>http://www.greatschools.org/city/Albion/IN</url>
<lat>41.3966</lat>
<lon>-85.4187</lon>
<active>1</active>
</city>
<city>
<id>427558</id>
<name>Alexandria</name>
<state>IN</state>
<rating/>
<url>http://www.greatschools.org/city/Alexandria/IN</url>
<lat>40.2584</lat>
<lon>-85.6761</lon>
<active>1</active>
</city>
<city>
<id>427879</id>
<name>Amo</name>
<state>IN</state>
<rating/>
<url>http://www.greatschools.org/city/Amo/IN</url>
<lat>39.6888</lat>
<lon>-86.6125</lon>
<active>1</active>
</city>
<city>
<id>427616</id>
<name>Anderson</name>
<state>IN</state>
<rating/>
<url>http://www.greatschools.org/city/Anderson/IN</url>
<lat>40.0898</lat>
<lon>-85.6894</lon>
<active>1</active>
</city>
<city>
<id>427907</id>
<name>Andrews</name>
<state>IN</state>
<rating/>
<url>http://www.greatschools.org/city/Andrews/IN</url>
<lat>40.8599</lat>
<lon>-85.6021</lon>
<active>1</active>
</city>
<city>
<id>427701</id>
<name>Angola</name>
<state>IN</state>
<rating/>
<url>http://www.greatschools.org/city/Angola/IN</url>
<lat>41.6434</lat>
<lon>-85.0025</lon>
<active>1</active>
</city>
<city>
<id>427699</id>
<name>Arcadia</name>
<state>IN</state>
<rating/>
<url>http://www.greatschools.org/city/Arcadia/IN</url>
<lat>40.1743</lat>
<lon>-86.0211</lon>
<active>1</active>
</city>
<city>
<id>427840</id>
<name>Arcola</name>
<state>IN</state>
<rating/>
<url>http://www.greatschools.org/city/Arcola/IN</url>
<lat>41.1127</lat>
<lon>-85.2897</lon>
<active>1</active>
</city>
<city>
<id>427983</id>
<name>Argos</name>
<state>IN</state>
<rating/>
<url>http://www.greatschools.org/city/Argos/IN</url>
<lat>41.2384</lat>
<lon>-86.2525</lon>
<active>1</active>
</city>
<city>
<id>446050</id>
<name>Arkon</name>
<state>IN</state>
<rating/>
<url>http://www.greatschools.org/city/Arkon/IN</url>
<lat>41.1132</lat>
<lon>-86.0436</lon>
<active>1</active>
</city>
<city>
<id>444982</id>
<name>Ashland</name>
<state>IN</state>
<rating/>
<url>http://www.greatschools.org/city/Ashland/IN</url>
<lat>38.4745</lat>
<lon>-82.6801</lon>
<active>1</active>
</city>
<city>
<id>427960</id>
<name>Ashley</name>
<state>IN</state>
<rating/>
<url>http://www.greatschools.org/city/Ashley/IN</url>
<lat>41.5203</lat>
<lon>-85.0624</lon>
<active>1</active>
</city>
<city>
<id>427982</id>
<name>Attica</name>
<state>IN</state>
<rating/>
<url>http://www.greatschools.org/city/Attica/IN</url>
<lat>40.2877</lat>
<lon>-87.245</lon>
<active>1</active>
</city>
<city>
<id>427724</id>
<name>Auburn</name>
<state>IN</state>
<rating/>
<url>http://www.greatschools.org/city/Auburn/IN</url>
<lat>41.3667</lat>
<lon>-85.0544</lon>
<active>1</active>
</city>
<city>
<id>427643</id>
<name>Aurora</name>
<state>IN</state>
<rating/>
<url>http://www.greatschools.org/city/Aurora/IN</url>
<lat>39.0653</lat>
<lon>-84.9027</lon>
<active>1</active>
</city>
<city>
<id>427820</id>
<name>Austin</name>
<state>IN</state>
<rating/>
<url>http://www.greatschools.org/city/Austin/IN</url>
<lat>38.7417</lat>
<lon>-85.812</lon>
<active>1</active>
</city>
<city>
<id>427752</id>
<name>Avilla</name>
<state>IN</state>
<rating/>
<url>http://www.greatschools.org/city/Avilla/IN</url>
<lat>41.3641</lat>
<lon>-85.2344</lon>
<active>1</active>
</city>
<city>
<id>442322</id>
<name>Avoca</name>
<state>IN</state>
<rating/>
<url>http://www.greatschools.org/city/Avoca/IN</url>
<lat>38.9172</lat>
<lon>-86.5556</lon>
<active>1</active>
</city>
<city>
<id>427538</id>
<name>Avon</name>
<state>IN</state>
<rating/>
<url>http://www.greatschools.org/city/Avon/IN</url>
<lat>39.7653</lat>
<lon>-86.3826</lon>
<active>1</active>
</city>
<city>
<id>427858</id>
<name>Bainbridge</name>
<state>IN</state>
<rating/>
<url>http://www.greatschools.org/city/Bainbridge/IN</url>
<lat>39.7614</lat>
<lon>-86.8113</lon>
<active>1</active>
</city>
<city>
<id>427919</id>
<name>Bargersville</name>
<state>IN</state>
<rating/>
<url>http://www.greatschools.org/city/Bargersville/IN</url>
<lat>39.5434</lat>
<lon>-86.1615</lon>
<active>1</active>
</city>
<city>
<id>427651</id>
<name>Batesville</name>
<state>IN</state>
<rating/>
<url>http://www.greatschools.org/city/Batesville/IN</url>
<lat>39.2977</lat>
<lon>-85.2135</lon>
<active>1</active>
</city>
<city>
<id>427789</id>
<name>Battle Ground</name>
<state>IN</state>
<rating/>
<url>http://www.greatschools.org/city/Battle_Ground/IN</url>
<lat>40.507</lat>
<lon>-86.8521</lon>
<active>1</active>
</city>
<city>
<id>427617</id>
<name>Bedford</name>
<state>IN</state>
<rating/>
<url>http://www.greatschools.org/city/Bedford/IN</url>
<lat>38.8602</lat>
<lon>-86.4895</lon>
<active>1</active>
</city>
<city>
<id>427729</id>
<name>Beech Grove</name>
<state>IN</state>
<rating/>
<url>http://www.greatschools.org/city/Beech_Grove/IN</url>
<lat>39.7153</lat>
<lon>-86.087</lon>
<active>1</active>
</city>
<city>
<id>427594</id>
<name>Berne</name>
<state>IN</state>
<rating/>
<url>http://www.greatschools.org/city/Berne/IN</url>
<lat>40.6573</lat>
<lon>-84.9555</lon>
<active>1</active>
</city>
<city>
<id>427623</id>
<name>Bicknell</name>
<state>IN</state>
<rating/>
<url>http://www.greatschools.org/city/Bicknell/IN</url>
<lat>38.7743</lat>
<lon>-87.3078</lon>
<active>1</active>
</city>
<city>
<id>427805</id>
<name>Birdseye</name>
<state>IN</state>
<rating/>
<url>http://www.greatschools.org/city/Birdseye/IN</url>
<lat>38.311</lat>
<lon>-86.6971</lon>
<active>1</active>
</city>
<city>
<id>427540</id>
<name>Bloomfield</name>
<state>IN</state>
<rating/>
<url>http://www.greatschools.org/city/Bloomfield/IN</url>
<lat>39.0263</lat>
<lon>-86.9373</lon>
<active>1</active>
</city>
<city>
<id>444983</id>
<name>Bloomingdale</name>
<state>IN</state>
<rating/>
<url>http://www.greatschools.org/city/Bloomingdale/IN</url>
<lat>39.8072</lat>
<lon>-87.255</lon>
<active>1</active>
</city>
<city>
<id>427615</id>
<name>Bloomington</name>
<state>IN</state>
<rating/>
<url>http://www.greatschools.org/city/Bloomington/IN</url>
<lat>39.1637</lat>
<lon>-86.5243</lon>
<active>1</active>
</city>
<city>
<id>427604</id>
<name>Bluffton</name>
<state>IN</state>
<rating/>
<url>http://www.greatschools.org/city/Bluffton/IN</url>
<lat>40.7435</lat>
<lon>-85.1721</lon>
<active>1</active>
</city>
<city>
<id>427725</id>
<name>Boonville</name>
<state>IN</state>
<rating/>
<url>http://www.greatschools.org/city/Boonville/IN</url>
<lat>38.0452</lat>
<lon>-87.2738</lon>
<active>1</active>
</city>
<city>
<id>427826</id>
<name>Borden</name>
<state>IN</state>
<rating/>
<url>http://www.greatschools.org/city/Borden/IN</url>
<lat>38.472</lat>
<lon>-85.9482</lon>
<active>1</active>
</city>
<city>
<id>427978</id>
<name>Boswell</name>
<state>IN</state>
<rating/>
<url>http://www.greatschools.org/city/Boswell/IN</url>
<lat>40.5163</lat>
<lon>-87.3744</lon>
<active>1</active>
</city>
<city>
<id>427710</id>
<name>Bourbon</name>
<state>IN</state>
<rating/>
<url>http://www.greatschools.org/city/Bourbon/IN</url>
<lat>41.2976</lat>
<lon>-86.118</lon>
<active>1</active>
</city>
<city>
<id>427722</id>
<name>Brazil</name>
<state>IN</state>
<rating/>
<url>http://www.greatschools.org/city/Brazil/IN</url>
<lat>39.5233</lat>
<lon>-87.1246</lon>
<active>1</active>
</city>
<city>
<id>427584</id>
<name>Bremen</name>
<state>IN</state>
<rating/>
<url>http://www.greatschools.org/city/Bremen/IN</url>
<lat>41.4478</lat>
<lon>-86.1506</lon>
<active>1</active>
</city>
<city>
<id>444984</id>
<name>Bridgeport</name>
<state>IN</state>
<rating/>
<url>http://www.greatschools.org/city/Bridgeport/IN</url>
<lat>39.2863</lat>
<lon>-80.2606</lon>
<active>1</active>
</city>
<city>
<id>427723</id>
<name>Bristol</name>
<state>IN</state>
<rating/>
<url>http://www.greatschools.org/city/Bristol/IN</url>
<lat>41.7165</lat>
<lon>-85.8256</lon>
<active>1</active>
</city>
<city>
<id>427610</id>
<name>Bristow</name>
<state>IN</state>
<rating/>
<url>http://www.greatschools.org/city/Bristow/IN</url>
<lat>38.1749</lat>
<lon>-86.693</lon>
<active>1</active>
</city>
<city>
<id>444985</id>
<name>Brook</name>
<state>IN</state>
<rating/>
<url>http://www.greatschools.org/city/Brook/IN</url>
<lat>40.907</lat>
<lon>-87.4121</lon>
<active>1</active>
</city>
<city>
<id>427913</id>
<name>Brookston</name>
<state>IN</state>
<rating/>
<url>http://www.greatschools.org/city/Brookston/IN</url>
<lat>40.6009</lat>
<lon>-86.8663</lon>
<active>1</active>
</city>
<city>
<id>427765</id>
<name>Brookville</name>
<state>IN</state>
<rating/>
<url>http://www.greatschools.org/city/Brookville/IN</url>
<lat>39.4233</lat>
<lon>-85.0116</lon>
<active>1</active>
</city>
<city>
<id>427627</id>
<name>Brownsburg</name>
<state>IN</state>
<rating/>
<url>http://www.greatschools.org/city/Brownsburg/IN</url>
<lat>39.8396</lat>
<lon>-86.3928</lon>
<active>1</active>
</city>
<city>
<id>427740</id>
<name>Brownstown</name>
<state>IN</state>
<rating/>
<url>http://www.greatschools.org/city/Brownstown/IN</url>
<lat>38.8789</lat>
<lon>-86.0463</lon>
<active>1</active>
</city>
<city>
<id>427865</id>
<name>Bruceville</name>
<state>IN</state>
<rating/>
<url>http://www.greatschools.org/city/Bruceville/IN</url>
<lat>38.758</lat>
<lon>-87.4154</lon>
<active>1</active>
</city>
<city>
<id>427587</id>
<name>Bryant</name>
<state>IN</state>
<rating/>
<url>http://www.greatschools.org/city/Bryant/IN</url>
<lat>40.5358</lat>
<lon>-84.9633</lon>
<active>1</active>
</city>
<city>
<id>427889</id>
<name>Bunker Hill</name>
<state>IN</state>
<rating/>
<url>http://www.greatschools.org/city/Bunker_Hill/IN</url>
<lat>40.6592</lat>
<lon>-86.1017</lon>
<active>1</active>
</city>
<city>
<id>442321</id>
<name>Burlington</name>
<state>IN</state>
<rating/>
<url>http://www.greatschools.org/city/Burlington/IN</url>
<lat>40.4808</lat>
<lon>-86.3943</lon>
<active>1</active>
</city>
<city>
<id>427784</id>
<name>Burnettsville</name>
<state>IN</state>
<rating/>
<url>http://www.greatschools.org/city/Burnettsville/IN</url>
<lat>40.7611</lat>
<lon>-86.5947</lon>
<active>1</active>
</city>
<city>
<id>427930</id>
<name>Butler</name>
<state>IN</state>
<rating/>
<url>http://www.greatschools.org/city/Butler/IN</url>
<lat>41.427</lat>
<lon>-84.8716</lon>
<active>1</active>
</city>
<city>
<id>444397</id>
<name>Butlerville</name>
<state>IN</state>
<rating/>
<url>http://www.greatschools.org/city/Butlerville/IN</url>
<lat>39.0325</lat>
<lon>-85.5132</lon>
<active>1</active>
</city>
<city>
<id>427768</id>
<name>Cambridge City</name>
<state>IN</state>
<rating/>
<url>http://www.greatschools.org/city/Cambridge_City/IN</url>
<lat>39.8121</lat>
<lon>-85.1708</lon>
<active>1</active>
</city>
<city>
<id>427875</id>
<name>Camby</name>
<state>IN</state>
<rating/>
<url>http://www.greatschools.org/city/Camby/IN</url>
<lat>39.6336</lat>
<lon>-86.3047</lon>
<active>1</active>
</city>
<city>
<id>427667</id>
<name>Campbellsburg</name>
<state>IN</state>
<rating/>
<url>http://www.greatschools.org/city/Campbellsburg/IN</url>
<lat>38.6517</lat>
<lon>-86.2626</lon>
<active>1</active>
</city>
<city>
<id>427888</id>
<name>Canaan</name>
<state>IN</state>
<rating/>
<url>http://www.greatschools.org/city/Canaan/IN</url>
<lat>38.8654</lat>
<lon>-85.3008</lon>
<active>1</active>
</city>
<city>
<id>427676</id>
<name>Cannelton</name>
<state>IN</state>
<rating/>
<url>http://www.greatschools.org/city/Cannelton/IN</url>
<lat>37.9115</lat>
<lon>-86.7387</lon>
<active>1</active>
</city>
<city>
<id>427799</id>
<name>Carlisle</name>
<state>IN</state>
<rating/>
<url>http://www.greatschools.org/city/Carlisle/IN</url>
<lat>38.9608</lat>
<lon>-87.4014</lon>
<active>1</active>
</city>
<city>
<id>427552</id>
<name>Carmel</name>
<state>IN</state>
<rating/>
<url>http://www.greatschools.org/city/Carmel/IN</url>
<lat>39.9655</lat>
<lon>-86.1484</lon>
<active>1</active>
</city>
<city>
<id>427968</id>
<name>Carthage</name>
<state>IN</state>
<rating/>
<url>http://www.greatschools.org/city/Carthage/IN</url>
<lat>39.7367</lat>
<lon>-85.5714</lon>
<active>1</active>
</city>
<city>
<id>427852</id>
<name>Cayuga</name>
<state>IN</state>
<rating/>
<url>http://www.greatschools.org/city/Cayuga/IN</url>
<lat>39.9473</lat>
<lon>-87.4646</lon>
<active>1</active>
</city>
<city>
<id>427918</id>
<name>Cedar Grove</name>
<state>IN</state>
<rating/>
<url>http://www.greatschools.org/city/Cedar_Grove/IN</url>
<lat>39.356</lat>
<lon>-84.9371</lon>
<active>1</active>
</city>
<city>
<id>427693</id>
<name>Cedar Lake</name>
<state>IN</state>
<rating/>
<url>http://www.greatschools.org/city/Cedar_Lake/IN</url>
<lat>41.3689</lat>
<lon>-87.4398</lon>
<active>1</active>
</city>
<city>
<id>427849</id>
<name>Celestine</name>
<state>IN</state>
<rating/>
<url>http://www.greatschools.org/city/Celestine/IN</url>
<lat>38.3949</lat>
<lon>-86.7281</lon>
<active>1</active>
</city>
<city>
<id>427962</id>
<name>Centerville</name>
<state>IN</state>
<rating/>
<url>http://www.greatschools.org/city/Centerville/IN</url>
<lat>39.8264</lat>
<lon>-84.9867</lon>
<active>1</active>
</city>
<city>
<id>427817</id>
<name>Central</name>
<state>IN</state>
<rating/>
<url>http://www.greatschools.org/city/Central/IN</url>
<lat>38.0857</lat>
<lon>-86.1629</lon>
<active>1</active>
</city>
<city>
<id>427775</id>
<name>Chandler</name>
<state>IN</state>
<rating/>
<url>http://www.greatschools.org/city/Chandler/IN</url>
<lat>38.0387</lat>
<lon>-87.3744</lon>
<active>1</active>
</city>
<city>
<id>427602</id>
<name>Charlestown</name>
<state>IN</state>
<rating/>
<url>http://www.greatschools.org/city/Charlestown/IN</url>
<lat>38.4283</lat>
<lon>-85.672</lon>
<active>1</active>
</city>
<city>
<id>427928</id>
<name>Charlottesville</name>
<state>IN</state>
<rating/>
<url>http://www.greatschools.org/city/Charlottesville/IN</url>
<lat>39.8192</lat>
<lon>-85.6158</lon>
<active>1</active>
</city>
<city>
<id>427608</id>
<name>Chesterton</name>
<state>IN</state>
<rating/>
<url>http://www.greatschools.org/city/Chesterton/IN</url>
<lat>41.5998</lat>
<lon>-87.055</lon>
<active>1</active>
</city>
<city>
<id>427855</id>
<name>Chrisney</name>
<state>IN</state>
<rating/>
<url>http://www.greatschools.org/city/Chrisney/IN</url>
<lat>38.0106</lat>
<lon>-87.031</lon>
<active>1</active>
</city>
<city>
<id>427819</id>
<name>Churubusco</name>
<state>IN</state>
<rating/>
<url>http://www.greatschools.org/city/Churubusco/IN</url>
<lat>41.2326</lat>
<lon>-85.322</lon>
<active>1</active>
</city>
<city>
<id>427550</id>
<name>Cicero</name>
<state>IN</state>
<rating/>
<url>http://www.greatschools.org/city/Cicero/IN</url>
<lat>40.1219</lat>
<lon>-86.034</lon>
<active>1</active>
</city>
<city>
<id>442320</id>
<name>Clarks Hill</name>
<state>IN</state>
<rating/>
<url>http://www.greatschools.org/city/Clarks_Hill/IN</url>
<lat>40.2472</lat>
<lon>-86.7244</lon>
<active>1</active>
</city>
<city>
<id>427760</id>
<name>Clarksville</name>
<state>IN</state>
<rating/>
<url>http://www.greatschools.org/city/Clarksville/IN</url>
<lat>38.3221</lat>
<lon>-85.7676</lon>
<active>1</active>
</city>
<city>
<id>427972</id>
<name>Clay City</name>
<state>IN</state>
<rating/>
<url>http://www.greatschools.org/city/Clay_City/IN</url>
<lat>39.2769</lat>
<lon>-87.1127</lon>
<active>1</active>
</city>
<city>
<id>444392</id>
<name>Claypool</name>
<state>IN</state>
<rating/>
<url>http://www.greatschools.org/city/Claypool/IN</url>
<lat>41.1308</lat>
<lon>-85.8823</lon>
<active>1</active>
</city>
<city>
<id>427880</id>
<name>Clayton</name>
<state>IN</state>
<rating/>
<url>http://www.greatschools.org/city/Clayton/IN</url>
<lat>39.6883</lat>
<lon>-86.5231</lon>
<active>1</active>
</city>
<city>
<id>444986</id>
<name>Clifford</name>
<state>IN</state>
<rating/>
<url>http://www.greatschools.org/city/Clifford/IN</url>
<lat>39.2832</lat>
<lon>-85.8685</lon>
<active>1</active>
</city>
<city>
<id>427762</id>
<name>Clinton</name>
<state>IN</state>
<rating/>
<url>http://www.greatschools.org/city/Clinton/IN</url>
<lat>39.661</lat>
<lon>-87.4047</lon>
<active>1</active>
</city>
<city>
<id>427707</id>
<name>Cloverdale</name>
<state>IN</state>
<rating/>
<url>http://www.greatschools.org/city/Cloverdale/IN</url>
<lat>39.5212</lat>
<lon>-86.7987</lon>
<active>1</active>
</city>
<city>
<id>444514</id>
<name>College Corner</name>
<state>IN</state>
<rating/>
<url>http://www.greatschools.org/city/College_Corner/IN</url>
<lat>39.5716</lat>
<lon>-84.8143</lon>
<active>1</active>
</city>
<city>
<id>427603</id>
<name>Columbia City</name>
<state>IN</state>
<rating/>
<url>http://www.greatschools.org/city/Columbia_City/IN</url>
<lat>41.1632</lat>
<lon>-85.4784</lon>
<active>1</active>
</city>
<city>
<id>427647</id>
<name>Columbus</name>
<state>IN</state>
<rating/>
<url>http://www.greatschools.org/city/Columbus/IN</url>
<lat>39.2097</lat>
<lon>-85.9178</lon>
<active>1</active>
</city>
<city>
<id>427900</id>
<name>Commiskey</name>
<state>IN</state>
<rating/>
<url>http://www.greatschools.org/city/Commiskey/IN</url>
<lat>38.876</lat>
<lon>-85.6636</lon>
<active>1</active>
</city>
<city>
<id>427638</id>
<name>Connersville</name>
<state>IN</state>
<rating/>
<url>http://www.greatschools.org/city/Connersville/IN</url>
<lat>39.658</lat>
<lon>-85.1417</lon>
<active>1</active>
</city>
<city>
<id>427837</id>
<name>Converse</name>
<state>IN</state>
<rating/>
<url>http://www.greatschools.org/city/Converse/IN</url>
<lat>40.5789</lat>
<lon>-85.8739</lon>
<active>1</active>
</city>
<city>
<id>427628</id>
<name>Corydon</name>
<state>IN</state>
<rating/>
<url>http://www.greatschools.org/city/Corydon/IN</url>
<lat>38.2131</lat>
<lon>-86.1258</lon>
<active>1</active>
</city>
<city>
<id>427736</id>
<name>Covington</name>
<state>IN</state>
<rating/>
<url>http://www.greatschools.org/city/Covington/IN</url>
<lat>40.1405</lat>
<lon>-87.391</lon>
<active>1</active>
</city>
<city>
<id>427661</id>
<name>Crawfordsville</name>
<state>IN</state>
<rating/>
<url>http://www.greatschools.org/city/Crawfordsville/IN</url>
<lat>40.0433</lat>
<lon>-86.8967</lon>
<active>1</active>
</city>
<city>
<id>427607</id>
<name>Cross Plains</name>
<state>IN</state>
<rating/>
<url>http://www.greatschools.org/city/Cross_Plains/IN</url>
<lat>38.9415</lat>
<lon>-85.1942</lon>
<active>1</active>
</city>
<city>
<id>427779</id>
<name>Crothersville</name>
<state>IN</state>
<rating/>
<url>http://www.greatschools.org/city/Crothersville/IN</url>
<lat>38.7946</lat>
<lon>-85.8398</lon>
<active>1</active>
</city>
<city>
<id>427536</id>
<name>Crown Point</name>
<state>IN</state>
<rating/>
<url>http://www.greatschools.org/city/Crown_Point/IN</url>
<lat>41.4171</lat>
<lon>-87.3474</lon>
<active>1</active>
</city>
<city>
<id>427700</id>
<name>Culver</name>
<state>IN</state>
<rating/>
<url>http://www.greatschools.org/city/Culver/IN</url>
<lat>41.2168</lat>
<lon>-86.4229</lon>
<active>1</active>
</city>
<city>
<id>427854</id>
<name>Dale</name>
<state>IN</state>
<rating/>
<url>http://www.greatschools.org/city/Dale/IN</url>
<lat>38.1735</lat>
<lon>-86.9874</lon>
<active>1</active>
</city>
<city>
<id>427821</id>
<name>Daleville</name>
<state>IN</state>
<rating/>
<url>http://www.greatschools.org/city/Daleville/IN</url>
<lat>40.1187</lat>
<lon>-85.5577</lon>
<active>1</active>
</city>
<city>
<id>427946</id>
<name>Danville</name>
<state>IN</state>
<rating/>
<url>http://www.greatschools.org/city/Danville/IN</url>
<lat>39.7643</lat>
<lon>-86.5114</lon>
<active>1</active>
</city>
<city>
<id>427788</id>
<name>Dayton</name>
<state>IN</state>
<rating/>
<url>http://www.greatschools.org/city/Dayton/IN</url>
<lat>40.3758</lat>
<lon>-86.7746</lon>
<active>1</active>
</city>
<city>
<id>444646</id>
<name>De Motte</name>
<state>IN</state>
<rating/>
<url>http://www.greatschools.org/city/De_Motte/IN</url>
<lat>41.1992</lat>
<lon>-87.1956</lon>
<active>1</active>
</city>
<city>
<id>427592</id>
<name>Decatur</name>
<state>IN</state>
<rating/>
<url>http://www.greatschools.org/city/Decatur/IN</url>
<lat>40.8301</lat>
<lon>-84.9282</lon>
<active>1</active>
</city>
<city>
<id>427942</id>
<name>Delphi</name>
<state>IN</state>
<rating/>
<url>http://www.greatschools.org/city/Delphi/IN</url>
<lat>40.5831</lat>
<lon>-86.6672</lon>
<active>1</active>
</city>
<city>
<id>427625</id>
<name>Demotte</name>
<state>IN</state>
<rating/>
<url>http://www.greatschools.org/city/Demotte/IN</url>
<lat>41.195</lat>
<lon>-87.2583</lon>
<active>1</active>
</city>
<city>
<id>427862</id>
<name>Denver</name>
<state>IN</state>
<rating/>
<url>http://www.greatschools.org/city/Denver/IN</url>
<lat>40.8645</lat>
<lon>-86.077</lon>
<active>1</active>
</city>
<city>
<id>427887</id>
<name>Deputy</name>
<state>IN</state>
<rating/>
<url>http://www.greatschools.org/city/Deputy/IN</url>
<lat>38.7951</lat>
<lon>-85.6527</lon>
<active>1</active>
</city>
<city>
<id>427981</id>
<name>Dillsboro</name>
<state>IN</state>
<rating/>
<url>http://www.greatschools.org/city/Dillsboro/IN</url>
<lat>39.0184</lat>
<lon>-85.0587</lon>
<active>1</active>
</city>
<city>
<id>427848</id>
<name>Dubois</name>
<state>IN</state>
<rating/>
<url>http://www.greatschools.org/city/Dubois/IN</url>
<lat>38.4463</lat>
<lon>-86.7975</lon>
<active>1</active>
</city>
<city>
<id>427841</id>
<name>Dugger</name>
<state>IN</state>
<rating/>
<url>http://www.greatschools.org/city/Dugger/IN</url>
<lat>39.0704</lat>
<lon>-87.259</lon>
<active>1</active>
</city>
<city>
<id>427901</id>
<name>Dunkirk</name>
<state>IN</state>
<rating/>
<url>http://www.greatschools.org/city/Dunkirk/IN</url>
<lat>40.3744</lat>
<lon>-85.2072</lon>
<active>1</active>
</city>
<city>
<id>427749</id>
<name>Dyer</name>
<state>IN</state>
<rating/>
<url>http://www.greatschools.org/city/Dyer/IN</url>
<lat>41.498</lat>
<lon>-87.5087</lon>
<active>1</active>
</city>
<city>
<id>427575</id>
<name>East Chicago</name>
<state>IN</state>
<rating/>
<url>http://www.greatschools.org/city/East_Chicago/IN</url>
<lat>41.6505</lat>
<lon>-87.4511</lon>
<active>1</active>
</city>
<city>
<id>427790</id>
<name>East Enterprise</name>
<state>IN</state>
<rating/>
<url>http://www.greatschools.org/city/East_Enterprise/IN</url>
<lat>38.8702</lat>
<lon>-84.989</lon>
<active>1</active>
</city>
<city>
<id>427943</id>
<name>Eaton</name>
<state>IN</state>
<rating/>
<url>http://www.greatschools.org/city/Eaton/IN</url>
<lat>40.3249</lat>
<lon>-85.3572</lon>
<active>1</active>
</city>
<city>
<id>427947</id>
<name>Eckerty</name>
<state>IN</state>
<rating/>
<url>http://www.greatschools.org/city/Eckerty/IN</url>
<lat>38.3349</lat>
<lon>-86.6137</lon>
<active>1</active>
</city>
<city>
<id>427656</id>
<name>Edinburgh</name>
<state>IN</state>
<rating/>
<url>http://www.greatschools.org/city/Edinburgh/IN</url>
<lat>39.3508</lat>
<lon>-85.9629</lon>
<active>1</active>
</city>
<city>
<id>427774</id>
<name>Elberfeld</name>
<state>IN</state>
<rating/>
<url>http://www.greatschools.org/city/Elberfeld/IN</url>
<lat>38.1617</lat>
<lon>-87.4482</lon>
<active>1</active>
</city>
<city>
<id>427815</id>
<name>Elizabeth</name>
<state>IN</state>
<rating/>
<url>http://www.greatschools.org/city/Elizabeth/IN</url>
<lat>38.1239</lat>
<lon>-85.973</lon>
<active>1</active>
</city>
<city>
<id>427640</id>
<name>Elkhart</name>
<state>IN</state>
<rating/>
<url>http://www.greatschools.org/city/Elkhart/IN</url>
<lat>41.6912</lat>
<lon>-85.9651</lon>
<active>1</active>
</city>
<city>
<id>427680</id>
<name>Ellettsville</name>
<state>IN</state>
<rating/>
<url>http://www.greatschools.org/city/Ellettsville/IN</url>
<lat>39.2304</lat>
<lon>-86.6218</lon>
<active>1</active>
</city>
<city>
<id>427698</id>
<name>Elnora</name>
<state>IN</state>
<rating/>
<url>http://www.greatschools.org/city/Elnora/IN</url>
<lat>38.8761</lat>
<lon>-87.0848</lon>
<active>1</active>
</city>
<city>
<id>427694</id>
<name>Elwood</name>
<state>IN</state>
<rating/>
<url>http://www.greatschools.org/city/Elwood/IN</url>
<lat>40.2746</lat>
<lon>-85.8371</lon>
<active>1</active>
</city>
<city>
<id>427923</id>
<name>Eminence</name>
<state>IN</state>
<rating/>
<url>http://www.greatschools.org/city/Eminence/IN</url>
<lat>39.522</lat>
<lon>-86.6413</lon>
<active>1</active>
</city>
<city>
<id>427951</id>
<name>English</name>
<state>IN</state>
<rating/>
<url>http://www.greatschools.org/city/English/IN</url>
<lat>38.3408</lat>
<lon>-86.4592</lon>
<active>1</active>
</city>
<city>
<id>444987</id>
<name>Eureka</name>
<state>IN</state>
<rating/>
<url>http://www.greatschools.org/city/Eureka/IN</url>
<lat>40.8</lat>
<lon>-124.17</lon>
<active>1</active>
</city>
<city>
<id>442319</id>
<name>Evanston</name>
<state>IN</state>
<rating/>
<url>http://www.greatschools.org/city/Evanston/IN</url>
<lat>38.0908</lat>
<lon>-86.823</lon>
<active>1</active>
</city>
<city>
<id>427573</id>
<name>Evansville</name>
<state>IN</state>
<rating/>
<url>http://www.greatschools.org/city/Evansville/IN</url>
<lat>37.9877</lat>
<lon>-87.5347</lon>
<active>1</active>
</city>
<city>
<id>444988</id>
<name>Fairbanks</name>
<state>IN</state>
<rating/>
<url>http://www.greatschools.org/city/Fairbanks/IN</url>
<lat>64.9053</lat>
<lon>-147.749</lon>
<active>1</active>
</city>
<city>
<id>427838</id>
<name>Fairland</name>
<state>IN</state>
<rating/>
<url>http://www.greatschools.org/city/Fairland/IN</url>
<lat>39.5866</lat>
<lon>-85.8627</lon>
<active>1</active>
</city>
<city>
<id>427884</id>
<name>Fairmount</name>
<state>IN</state>
<rating/>
<url>http://www.greatschools.org/city/Fairmount/IN</url>
<lat>40.4172</lat>
<lon>-85.6477</lon>
<active>1</active>
</city>
<city>
<id>427843</id>
<name>Farmersburg</name>
<state>IN</state>
<rating/>
<url>http://www.greatschools.org/city/Farmersburg/IN</url>
<lat>39.2525</lat>
<lon>-87.3807</lon>
<active>1</active>
</city>
<city>
<id>427806</id>
<name>Ferdinand</name>
<state>IN</state>
<rating/>
<url>http://www.greatschools.org/city/Ferdinand/IN</url>
<lat>38.2264</lat>
<lon>-86.8628</lon>
<active>1</active>
</city>
<city>
<id>427810</id>
<name>Fillmore</name>
<state>IN</state>
<rating/>
<url>http://www.greatschools.org/city/Fillmore/IN</url>
<lat>39.6697</lat>
<lon>-86.7532</lon>
<active>1</active>
</city>
<city>
<id>427571</id>
<name>Fishers</name>
<state>IN</state>
<rating/>
<url>http://www.greatschools.org/city/Fishers/IN</url>
<lat>39.9599</lat>
<lon>-85.9703</lon>
<active>1</active>
</city>
<city>
<id>427965</id>
<name>Flora</name>
<state>IN</state>
<rating/>
<url>http://www.greatschools.org/city/Flora/IN</url>
<lat>40.5452</lat>
<lon>-86.5242</lon>
<active>1</active>
</city>
<city>
<id>427660</id>
<name>Floyds Knobs</name>
<state>IN</state>
<rating/>
<url>http://www.greatschools.org/city/Floyds_Knobs/IN</url>
<lat>38.3627</lat>
<lon>-85.8906</lon>
<active>1</active>
</city>
<city>
<id>427755</id>
<name>Fort Branch</name>
<state>IN</state>
<rating/>
<url>http://www.greatschools.org/city/Fort_Branch/IN</url>
<lat>38.2458</lat>
<lon>-87.5732</lon>
<active>1</active>
</city>
<city>
<id>427541</id>
<name>Fort Wayne</name>
<state>IN</state>
<rating/>
<url>http://www.greatschools.org/city/Fort_Wayne/IN</url>
<lat>41.0882</lat>
<lon>-85.1439</lon>
<active>1</active>
</city>
<city>
<id>427630</id>
<name>Fortville</name>
<state>IN</state>
<rating/>
<url>http://www.greatschools.org/city/Fortville/IN</url>
<lat>39.9234</lat>
<lon>-85.8457</lon>
<active>1</active>
</city>
<city>
<id>427580</id>
<name>Fountain City</name>
<state>IN</state>
<rating/>
<url>http://www.greatschools.org/city/Fountain_City/IN</url>
<lat>39.9549</lat>
<lon>-84.9191</lon>
<active>1</active>
</city>
<city>
<id>427745</id>
<name>Fowler</name>
<state>IN</state>
<rating/>
<url>http://www.greatschools.org/city/Fowler/IN</url>
<lat>40.617</lat>
<lon>-87.3187</lon>
<active>1</active>
</city>
<city>
<id>427704</id>
<name>Francesville</name>
<state>IN</state>
<rating/>
<url>http://www.greatschools.org/city/Francesville/IN</url>
<lat>40.9853</lat>
<lon>-86.8837</lon>
<active>1</active>
</city>
<city>
<id>427938</id>
<name>Francisco</name>
<state>IN</state>
<rating/>
<url>http://www.greatschools.org/city/Francisco/IN</url>
<lat>38.3335</lat>
<lon>-87.4474</lon>
<active>1</active>
</city>
<city>
<id>446051</id>
<name>Frankford</name>
<state>IN</state>
<rating/>
<url>http://www.greatschools.org/city/Frankford/IN</url>
<lat>40.2648</lat>
<lon>-86.5107</lon>
<active>1</active>
</city>
<city>
<id>427653</id>
<name>Frankfort</name>
<state>IN</state>
<rating/>
<url>http://www.greatschools.org/city/Frankfort/IN</url>
<lat>40.2797</lat>
<lon>-86.5108</lon>
<active>1</active>
</city>
<city>
<id>427624</id>
<name>Franklin</name>
<state>IN</state>
<rating/>
<url>http://www.greatschools.org/city/Franklin/IN</url>
<lat>39.4935</lat>
<lon>-86.0541</lon>
<active>1</active>
</city>
<city>
<id>427770</id>
<name>Frankton</name>
<state>IN</state>
<rating/>
<url>http://www.greatschools.org/city/Frankton/IN</url>
<lat>40.2211</lat>
<lon>-85.7719</lon>
<active>1</active>
</city>
<city>
<id>427915</id>
<name>Fremont</name>
<state>IN</state>
<rating/>
<url>http://www.greatschools.org/city/Fremont/IN</url>
<lat>41.7303</lat>
<lon>-84.9346</lon>
<active>1</active>
</city>
<city>
<id>427793</id>
<name>French Lick</name>
<state>IN</state>
<rating/>
<url>http://www.greatschools.org/city/French_Lick/IN</url>
<lat>38.5477</lat>
<lon>-86.6198</lon>
<active>1</active>
</city>
<city>
<id>427963</id>
<name>Fulton</name>
<state>IN</state>
<rating/>
<url>http://www.greatschools.org/city/Fulton/IN</url>
<lat>40.9461</lat>
<lon>-86.2642</lon>
<active>1</active>
</city>
<city>
<id>427804</id>
<name>Galveston</name>
<state>IN</state>
<rating/>
<url>http://www.greatschools.org/city/Galveston/IN</url>
<lat>40.5773</lat>
<lon>-86.1913</lon>
<active>1</active>
</city>
<city>
<id>427705</id>
<name>Garrett</name>
<state>IN</state>
<rating/>
<url>http://www.greatschools.org/city/Garrett/IN</url>
<lat>41.3535</lat>
<lon>-85.1236</lon>
<active>1</active>
</city>
<city>
<id>427556</id>
<name>Gary</name>
<state>IN</state>
<rating/>
<url>http://www.greatschools.org/city/Gary/IN</url>
<lat>41.5959</lat>
<lon>-87.3449</lon>
<active>1</active>
</city>
<city>
<id>427681</id>
<name>Gas City</name>
<state>IN</state>
<rating/>
<url>http://www.greatschools.org/city/Gas_City/IN</url>
<lat>40.4898</lat>
<lon>-85.5985</lon>
<active>1</active>
</city>
<city>
<id>427908</id>
<name>Gaston</name>
<state>IN</state>
<rating/>
<url>http://www.greatschools.org/city/Gaston/IN</url>
<lat>40.3138</lat>
<lon>-85.5009</lon>
<active>1</active>
</city>
<city>
<id>427543</id>
<name>Geneva</name>
<state>IN</state>
<rating/>
<url>http://www.greatschools.org/city/Geneva/IN</url>
<lat>40.5967</lat>
<lon>-84.9573</lon>
<active>1</active>
</city>
<city>
<id>427637</id>
<name>Georgetown</name>
<state>IN</state>
<rating/>
<url>http://www.greatschools.org/city/Georgetown/IN</url>
<lat>38.2988</lat>
<lon>-85.9631</lon>
<active>1</active>
</city>
<city>
<id>444989</id>
<name>Goodland</name>
<state>IN</state>
<rating/>
<url>http://www.greatschools.org/city/Goodland/IN</url>
<lat>40.7662</lat>
<lon>-87.2911</lon>
<active>1</active>
</city>
<city>
<id>427570</id>
<name>Goshen</name>
<state>IN</state>
<rating/>
<url>http://www.greatschools.org/city/Goshen/IN</url>
<lat>41.5749</lat>
<lon>-85.8308</lon>
<active>1</active>
</city>
<city>
<id>427795</id>
<name>Gosport</name>
<state>IN</state>
<rating/>
<url>http://www.greatschools.org/city/Gosport/IN</url>
<lat>39.3508</lat>
<lon>-86.6656</lon>
<active>1</active>
</city>
<city>
<id>427658</id>
<name>Grabill</name>
<state>IN</state>
<rating/>
<url>http://www.greatschools.org/city/Grabill/IN</url>
<lat>41.2099</lat>
<lon>-84.9685</lon>
<active>1</active>
</city>
<city>
<id>444990</id>
<name>Grandview</name>
<state>IN</state>
<rating/>
<url>http://www.greatschools.org/city/Grandview/IN</url>
<lat>37.9376</lat>
<lon>-86.9864</lon>
<active>1</active>
</city>
<city>
<id>427639</id>
<name>Granger</name>
<state>IN</state>
<rating/>
<url>http://www.greatschools.org/city/Granger/IN</url>
<lat>41.736</lat>
<lon>-86.1358</lon>
<active>1</active>
</city>
<city>
<id>427649</id>
<name>Greencastle</name>
<state>IN</state>
<rating/>
<url>http://www.greatschools.org/city/Greencastle/IN</url>
<lat>39.642</lat>
<lon>-86.8461</lon>
<active>1</active>
</city>
<city>
<id>446052</id>
<name>Greencastle Way</name>
<state>IN</state>
<rating/>
<url>http://www.greatschools.org/city/Greencastle_Way/IN</url>
<lat>39.653</lat>
<lon>-86.9424</lon>
<active>1</active>
</city>
<city>
<id>444991</id>
<name>Greendale</name>
<state>IN</state>
<rating/>
<url>http://www.greatschools.org/city/Greendale/IN</url>
<lat>39.1074</lat>
<lon>-84.853</lon>
<active>1</active>
</city>
<city>
<id>427553</id>
<name>Greenfield</name>
<state>IN</state>
<rating/>
<url>http://www.greatschools.org/city/Greenfield/IN</url>
<lat>39.7933</lat>
<lon>-85.7725</lon>
<active>1</active>
</city>
<city>
<id>427577</id>
<name>Greens Fork</name>
<state>IN</state>
<rating/>
<url>http://www.greatschools.org/city/Greens_Fork/IN</url>
<lat>39.8914</lat>
<lon>-85.0415</lon>
<active>1</active>
</city>
<city>
<id>427545</id>
<name>Greensburg</name>
<state>IN</state>
<rating/>
<url>http://www.greatschools.org/city/Greensburg/IN</url>
<lat>39.351</lat>
<lon>-85.5012</lon>
<active>1</active>
</city>
<city>
<id>427927</id>
<name>Greentown</name>
<state>IN</state>
<rating/>
<url>http://www.greatschools.org/city/Greentown/IN</url>
<lat>40.4765</lat>
<lon>-85.9624</lon>
<active>1</active>
</city>
<city>
<id>427872</id>
<name>Greenville</name>
<state>IN</state>
<rating/>
<url>http://www.greatschools.org/city/Greenville/IN</url>
<lat>38.3715</lat>
<lon>-85.9847</lon>
<active>1</active>
</city>
<city>
<id>427537</id>
<name>Greenwood</name>
<state>IN</state>
<rating/>
<url>http://www.greatschools.org/city/Greenwood/IN</url>
<lat>39.6095</lat>
<lon>-86.1072</lon>
<active>1</active>
</city>
<city>
<id>427620</id>
<name>Griffith</name>
<state>IN</state>
<rating/>
<url>http://www.greatschools.org/city/Griffith/IN</url>
<lat>41.5278</lat>
<lon>-87.424</lon>
<active>1</active>
</city>
<city>
<id>427763</id>
<name>Guilford</name>
<state>IN</state>
<rating/>
<url>http://www.greatschools.org/city/Guilford/IN</url>
<lat>39.2139</lat>
<lon>-84.9529</lon>
<active>1</active>
</city>
<city>
<id>427873</id>
<name>Hagerstown</name>
<state>IN</state>
<rating/>
<url>http://www.greatschools.org/city/Hagerstown/IN</url>
<lat>39.9146</lat>
<lon>-85.1543</lon>
<active>1</active>
</city>
<city>
<id>427581</id>
<name>Hamilton</name>
<state>IN</state>
<rating/>
<url>http://www.greatschools.org/city/Hamilton/IN</url>
<lat>41.5411</lat>
<lon>-84.9223</lon>
<active>1</active>
</city>
<city>
<id>427834</id>
<name>Hamlet</name>
<state>IN</state>
<rating/>
<url>http://www.greatschools.org/city/Hamlet/IN</url>
<lat>41.3794</lat>
<lon>-86.5832</lon>
<active>1</active>
</city>
<city>
<id>427535</id>
<name>Hammond</name>
<state>IN</state>
<rating/>
<url>http://www.greatschools.org/city/Hammond/IN</url>
<lat>41.6217</lat>
<lon>-87.4946</lon>
<active>1</active>
</city>
<city>
<id>444992</id>
<name>Hanna</name>
<state>IN</state>
<rating/>
<url>http://www.greatschools.org/city/Hanna/IN</url>
<lat>41.4123</lat>
<lon>-86.7812</lon>
<active>1</active>
</city>
<city>
<id>427800</id>
<name>Hanover</name>
<state>IN</state>
<rating/>
<url>http://www.greatschools.org/city/Hanover/IN</url>
<lat>38.7139</lat>
<lon>-85.473</lon>
<active>1</active>
</city>
<city>
<id>444993</id>
<name>Hardinsburg</name>
<state>IN</state>
<rating/>
<url>http://www.greatschools.org/city/Hardinsburg/IN</url>
<lat>38.4492</lat>
<lon>-86.2582</lon>
<active>1</active>
</city>
<city>
<id>427732</id>
<name>Harlan</name>
<state>IN</state>
<rating/>
<url>http://www.greatschools.org/city/Harlan/IN</url>
<lat>41.1965</lat>
<lon>-84.9245</lon>
<active>1</active>
</city>
<city>
<id>427746</id>
<name>Hartford City</name>
<state>IN</state>
<rating/>
<url>http://www.greatschools.org/city/Hartford_City/IN</url>
<lat>40.4537</lat>
<lon>-85.3732</lon>
<active>1</active>
</city>
<city>
<id>427754</id>
<name>Haubstadt</name>
<state>IN</state>
<rating/>
<url>http://www.greatschools.org/city/Haubstadt/IN</url>
<lat>38.2032</lat>
<lon>-87.5757</lon>
<active>1</active>
</city>
<city>
<id>427609</id>
<name>Hebron</name>
<state>IN</state>
<rating/>
<url>http://www.greatschools.org/city/Hebron/IN</url>
<lat>41.325</lat>
<lon>-87.2024</lon>
<active>1</active>
</city>
<city>
<id>427864</id>
<name>Heltonville</name>
<state>IN</state>
<rating/>
<url>http://www.greatschools.org/city/Heltonville/IN</url>
<lat>38.984</lat>
<lon>-86.421</lon>
<active>1</active>
</city>
<city>
<id>427827</id>
<name>Henryville</name>
<state>IN</state>
<rating/>
<url>http://www.greatschools.org/city/Henryville/IN</url>
<lat>38.5386</lat>
<lon>-85.7663</lon>
<active>1</active>
</city>
<city>
<id>427619</id>
<name>Highland</name>
<state>IN</state>
<rating/>
<url>http://www.greatschools.org/city/Highland/IN</url>
<lat>41.5467</lat>
<lon>-87.4567</lon>
<active>1</active>
</city>
<city>
<id>427939</id>
<name>Hoagland</name>
<state>IN</state>
<rating/>
<url>http://www.greatschools.org/city/Hoagland/IN</url>
<lat>40.952</lat>
<lon>-84.9955</lon>
<active>1</active>
</city>
<city>
<id>427735</id>
<name>Hobart</name>
<state>IN</state>
<rating/>
<url>http://www.greatschools.org/city/Hobart/IN</url>
<lat>41.5135</lat>
<lon>-87.2764</lon>
<active>1</active>
</city>
<city>
<id>427798</id>
<name>Holland</name>
<state>IN</state>
<rating/>
<url>http://www.greatschools.org/city/Holland/IN</url>
<lat>38.246</lat>
<lon>-87.0383</lon>
<active>1</active>
</city>
<city>
<id>444994</id>
<name>Holton</name>
<state>IN</state>
<rating/>
<url>http://www.greatschools.org/city/Holton/IN</url>
<lat>39.0197</lat>
<lon>-85.3567</lon>
<active>1</active>
</city>
<city>
<id>427920</id>
<name>Hope</name>
<state>IN</state>
<rating/>
<url>http://www.greatschools.org/city/Hope/IN</url>
<lat>39.2991</lat>
<lon>-85.766</lon>
<active>1</active>
</city>
<city>
<id>427727</id>
<name>Howe</name>
<state>IN</state>
<rating/>
<url>http://www.greatschools.org/city/Howe/IN</url>
<lat>41.7228</lat>
<lon>-85.4255</lon>
<active>1</active>
</city>
<city>
<id>427599</id>
<name>Huntertown</name>
<state>IN</state>
<rating/>
<url>http://www.greatschools.org/city/Huntertown/IN</url>
<lat>41.2133</lat>
<lon>-85.1744</lon>
<active>1</active>
</city>
<city>
<id>427569</id>
<name>Huntingburg</name>
<state>IN</state>
<rating/>
<url>http://www.greatschools.org/city/Huntingburg/IN</url>
<lat>38.3009</lat>
<lon>-86.9619</lon>
<active>1</active>
</city>
<city>
<id>427626</id>
<name>Huntington</name>
<state>IN</state>
<rating/>
<url>http://www.greatschools.org/city/Huntington/IN</url>
<lat>40.8808</lat>
<lon>-85.5055</lon>
<active>1</active>
</city>
<city>
<id>427844</id>
<name>Hymera</name>
<state>IN</state>
<rating/>
<url>http://www.greatschools.org/city/Hymera/IN</url>
<lat>39.1859</lat>
<lon>-87.2989</lon>
<active>1</active>
</city>
<city>
<id>444995</id>
<name>Idaville</name>
<state>IN</state>
<rating/>
<url>http://www.greatschools.org/city/Idaville/IN</url>
<lat>40.7571</lat>
<lon>-86.6561</lon>
<active>1</active>
</city>
<city>
<id>427532</id>
<name>Indianapolis</name>
<state>IN</state>
<rating/>
<url>http://www.greatschools.org/city/Indianapolis/IN</url>
<lat>39.679</lat>
<lon>-86.1277</lon>
<active>1</active>
</city>
<city>
<id>444996</id>
<name>Ingalls</name>
<state>IN</state>
<rating/>
<url>http://www.greatschools.org/city/Ingalls/IN</url>
<lat>39.9606</lat>
<lon>-85.8019</lon>
<active>1</active>
</city>
<city>
<id>427646</id>
<name>Jamestown</name>
<state>IN</state>
<rating/>
<url>http://www.greatschools.org/city/Jamestown/IN</url>
<lat>39.9285</lat>
<lon>-86.6263</lon>
<active>1</active>
</city>
<city>
<id>427632</id>
<name>Jasonville</name>
<state>IN</state>
<rating/>
<url>http://www.greatschools.org/city/Jasonville/IN</url>
<lat>39.1615</lat>
<lon>-87.1996</lon>
<active>1</active>
</city>
<city>
<id>427684</id>
<name>Jasper</name>
<state>IN</state>
<rating/>
<url>http://www.greatschools.org/city/Jasper/IN</url>
<lat>38.3935</lat>
<lon>-86.9401</lon>
<active>1</active>
</city>
<city>
<id>427761</id>
<name>Jeffersonville</name>
<state>IN</state>
<rating/>
<url>http://www.greatschools.org/city/Jeffersonville/IN</url>
<lat>38.3334</lat>
<lon>-85.6972</lon>
<active>1</active>
</city>
<city>
<id>427633</id>
<name>Jonesboro</name>
<state>IN</state>
<rating/>
<url>http://www.greatschools.org/city/Jonesboro/IN</url>
<lat>40.4798</lat>
<lon>-85.6304</lon>
<active>1</active>
</city>
<city>
<id>427685</id>
<name>Kendallville</name>
<state>IN</state>
<rating/>
<url>http://www.greatschools.org/city/Kendallville/IN</url>
<lat>41.4445</lat>
<lon>-85.2579</lon>
<active>1</active>
</city>
<city>
<id>427967</id>
<name>Kennard</name>
<state>IN</state>
<rating/>
<url>http://www.greatschools.org/city/Kennard/IN</url>
<lat>39.907</lat>
<lon>-85.5221</lon>
<active>1</active>
</city>
<city>
<id>427703</id>
<name>Kentland</name>
<state>IN</state>
<rating/>
<url>http://www.greatschools.org/city/Kentland/IN</url>
<lat>40.7729</lat>
<lon>-87.4451</lon>
<active>1</active>
</city>
<city>
<id>427548</id>
<name>Kingman</name>
<state>IN</state>
<rating/>
<url>http://www.greatschools.org/city/Kingman/IN</url>
<lat>39.9665</lat>
<lon>-87.2785</lon>
<active>1</active>
</city>
<city>
<id>427894</id>
<name>Kingsford Heights</name>
<state>IN</state>
<rating/>
<url>http://www.greatschools.org/city/Kingsford_Heights/IN</url>
<lat>41.4786</lat>
<lon>-86.6927</lon>
<active>1</active>
</city>
<city>
<id>427695</id>
<name>Knightstown</name>
<state>IN</state>
<rating/>
<url>http://www.greatschools.org/city/Knightstown/IN</url>
<lat>39.7956</lat>
<lon>-85.531</lon>
<active>1</active>
</city>
<city>
<id>427897</id>
<name>Knox</name>
<state>IN</state>
<rating/>
<url>http://www.greatschools.org/city/Knox/IN</url>
<lat>41.291</lat>
<lon>-86.621</lon>
<active>1</active>
</city>
<city>
<id>427554</id>
<name>Kokomo</name>
<state>IN</state>
<rating/>
<url>http://www.greatschools.org/city/Kokomo/IN</url>
<lat>40.4753</lat>
<lon>-86.1328</lon>
<active>1</active>
</city>
<city>
<id>427666</id>
<name>Kouts</name>
<state>IN</state>
<rating/>
<url>http://www.greatschools.org/city/Kouts/IN</url>
<lat>41.3172</lat>
<lon>-87.0264</lon>
<active>1</active>
</city>
<city>
<id>427534</id>
<name>La Porte</name>
<state>IN</state>
<rating/>
<url>http://www.greatschools.org/city/La_Porte/IN</url>
<lat>41.6079</lat>
<lon>-86.7136</lon>
<active>1</active>
</city>
<city>
<id>427726</id>
<name>Laconia</name>
<state>IN</state>
<rating/>
<url>http://www.greatschools.org/city/Laconia/IN</url>
<lat>38.0317</lat>
<lon>-86.0856</lon>
<active>1</active>
</city>
<city>
<id>444447</id>
<name>LaCrosse</name>
<state>IN</state>
<rating/>
<url>http://www.greatschools.org/city/LaCrosse/IN</url>
<lat>41.3175</lat>
<lon>-86.8914</lon>
<active>1</active>
</city>
<city>
<id>427614</id>
<name>Ladoga</name>
<state>IN</state>
<rating/>
<url>http://www.greatschools.org/city/Ladoga/IN</url>
<lat>39.9166</lat>
<lon>-86.7992</lon>
<active>1</active>
</city>
<city>
<id>427606</id>
<name>Lafayette</name>
<state>IN</state>
<rating/>
<url>http://www.greatschools.org/city/Lafayette/IN</url>
<lat>40.3994</lat>
<lon>-86.8617</lon>
<active>1</active>
</city>
<city>
<id>446053</id>
<name>Lafontaine</name>
<state>IN</state>
<rating/>
<url>http://www.greatschools.org/city/Lafontaine/IN</url>
<lat>40.6722</lat>
<lon>-85.7213</lon>
<active>1</active>
</city>
<city>
<id>427555</id>
<name>Lagrange</name>
<state>IN</state>
<rating/>
<url>http://www.greatschools.org/city/Lagrange/IN</url>
<lat>41.6489</lat>
<lon>-85.4178</lon>
<active>1</active>
</city>
<city>
<id>427714</id>
<name>Lake Station</name>
<state>IN</state>
<rating/>
<url>http://www.greatschools.org/city/Lake_Station/IN</url>
<lat>41.5767</lat>
<lon>-87.2529</lon>
<active>1</active>
</city>
<city>
<id>427861</id>
<name>Lake Village</name>
<state>IN</state>
<rating/>
<url>http://www.greatschools.org/city/Lake_Village/IN</url>
<lat>41.1308</lat>
<lon>-87.439</lon>
<active>1</active>
</city>
<city>
<id>427883</id>
<name>Laketon</name>
<state>IN</state>
<rating/>
<url>http://www.greatschools.org/city/Laketon/IN</url>
<lat>40.9812</lat>
<lon>-85.84</lon>
<active>1</active>
</city>
<city>
<id>427780</id>
<name>Lakeville</name>
<state>IN</state>
<rating/>
<url>http://www.greatschools.org/city/Lakeville/IN</url>
<lat>41.5288</lat>
<lon>-86.2754</lon>
<active>1</active>
</city>
<city>
<id>427856</id>
<name>Lamar</name>
<state>IN</state>
<rating/>
<url>http://www.greatschools.org/city/Lamar/IN</url>
<lat>38.0698</lat>
<lon>-86.8844</lon>
<active>1</active>
</city>
<city>
<id>427741</id>
<name>Lanesville</name>
<state>IN</state>
<rating/>
<url>http://www.greatschools.org/city/Lanesville/IN</url>
<lat>38.235</lat>
<lon>-85.9858</lon>
<active>1</active>
</city>
<city>
<id>427533</id>
<name>Lapel</name>
<state>IN</state>
<rating/>
<url>http://www.greatschools.org/city/Lapel/IN</url>
<lat>40.0659</lat>
<lon>-85.8463</lon>
<active>1</active>
</city>
<city>
<id>444649</id>
<name>Laporte</name>
<state>IN</state>
<rating/>
<url>http://www.greatschools.org/city/Laporte/IN</url>
<lat>41.61</lat>
<lon>-86.72</lon>
<active>1</active>
</city>
<city>
<id>427767</id>
<name>Larwill</name>
<state>IN</state>
<rating/>
<url>http://www.greatschools.org/city/Larwill/IN</url>
<lat>41.1792</lat>
<lon>-85.6239</lon>
<active>1</active>
</city>
<city>
<id>427917</id>
<name>Laurel</name>
<state>IN</state>
<rating/>
<url>http://www.greatschools.org/city/Laurel/IN</url>
<lat>39.502</lat>
<lon>-85.1879</lon>
<active>1</active>
</city>
<city>
<id>427692</id>
<name>Lawrenceburg</name>
<state>IN</state>
<rating/>
<url>http://www.greatschools.org/city/Lawrenceburg/IN</url>
<lat>39.1045</lat>
<lon>-84.8745</lon>
<active>1</active>
</city>
<city>
<id>427950</id>
<name>Leavenworth</name>
<state>IN</state>
<rating/>
<url>http://www.greatschools.org/city/Leavenworth/IN</url>
<lat>38.2001</lat>
<lon>-86.35</lon>
<active>1</active>
</city>
<city>
<id>427674</id>
<name>Lebanon</name>
<state>IN</state>
<rating/>
<url>http://www.greatschools.org/city/Lebanon/IN</url>
<lat>40.0316</lat>
<lon>-86.4569</lon>
<active>1</active>
</city>
<city>
<id>427771</id>
<name>Leesburg</name>
<state>IN</state>
<rating/>
<url>http://www.greatschools.org/city/Leesburg/IN</url>
<lat>41.3307</lat>
<lon>-85.8489</lon>
<active>1</active>
</city>
<city>
<id>427672</id>
<name>Leo</name>
<state>IN</state>
<rating/>
<url>http://www.greatschools.org/city/Leo/IN</url>
<lat>41.2325</lat>
<lon>-85.0418</lon>
<active>1</active>
</city>
<city>
<id>427958</id>
<name>Leopold</name>
<state>IN</state>
<rating/>
<url>http://www.greatschools.org/city/Leopold/IN</url>
<lat>38.1308</lat>
<lon>-86.5784</lon>
<active>1</active>
</city>
<city>
<id>444997</id>
<name>Lewisville</name>
<state>IN</state>
<rating/>
<url>http://www.greatschools.org/city/Lewisville/IN</url>
<lat>39.7874</lat>
<lon>-85.4561</lon>
<active>1</active>
</city>
<city>
<id>427664</id>
<name>Lexington</name>
<state>IN</state>
<rating/>
<url>http://www.greatschools.org/city/Lexington/IN</url>
<lat>38.678</lat>
<lon>-85.5926</lon>
<active>1</active>
</city>
<city>
<id>427782</id>
<name>Liberty</name>
<state>IN</state>
<rating/>
<url>http://www.greatschools.org/city/Liberty/IN</url>
<lat>39.635</lat>
<lon>-84.9251</lon>
<active>1</active>
</city>
<city>
<id>427665</id>
<name>Ligonier</name>
<state>IN</state>
<rating/>
<url>http://www.greatschools.org/city/Ligonier/IN</url>
<lat>41.465</lat>
<lon>-85.5946</lon>
<active>1</active>
</city>
<city>
<id>427691</id>
<name>Lincoln City</name>
<state>IN</state>
<rating/>
<url>http://www.greatschools.org/city/Lincoln_City/IN</url>
<lat>38.1139</lat>
<lon>-87.0036</lon>
<active>1</active>
</city>
<city>
<id>427688</id>
<name>Linton</name>
<state>IN</state>
<rating/>
<url>http://www.greatschools.org/city/Linton/IN</url>
<lat>39.0357</lat>
<lon>-87.1587</lon>
<active>1</active>
</city>
<city>
<id>427697</id>
<name>Lizton</name>
<state>IN</state>
<rating/>
<url>http://www.greatschools.org/city/Lizton/IN</url>
<lat>39.884</lat>
<lon>-86.5421</lon>
<active>1</active>
</city>
<city>
<id>427682</id>
<name>Logansport</name>
<state>IN</state>
<rating/>
<url>http://www.greatschools.org/city/Logansport/IN</url>
<lat>40.7502</lat>
<lon>-86.3562</lon>
<active>1</active>
</city>
<city>
<id>427544</id>
<name>Loogootee</name>
<state>IN</state>
<rating/>
<url>http://www.greatschools.org/city/Loogootee/IN</url>
<lat>38.6757</lat>
<lon>-86.9141</lon>
<active>1</active>
</city>
<city>
<id>427668</id>
<name>Lowell</name>
<state>IN</state>
<rating/>
<url>http://www.greatschools.org/city/Lowell/IN</url>
<lat>41.2947</lat>
<lon>-87.4164</lon>
<active>1</active>
</city>
<city>
<id>427802</id>
<name>Lynn</name>
<state>IN</state>
<rating/>
<url>http://www.greatschools.org/city/Lynn/IN</url>
<lat>40.0487</lat>
<lon>-84.9425</lon>
<active>1</active>
</city>
<city>
<id>427773</id>
<name>Lynnville</name>
<state>IN</state>
<rating/>
<url>http://www.greatschools.org/city/Lynnville/IN</url>
<lat>38.1969</lat>
<lon>-87.3153</lon>
<active>1</active>
</city>
<city>
<id>427984</id>
<name>Lyons</name>
<state>IN</state>
<rating/>
<url>http://www.greatschools.org/city/Lyons/IN</url>
<lat>38.9879</lat>
<lon>-87.0813</lon>
<active>1</active>
</city>
<city>
<id>427937</id>
<name>Mackey</name>
<state>IN</state>
<rating/>
<url>http://www.greatschools.org/city/Mackey/IN</url>
<lat>38.2509</lat>
<lon>-87.3911</lon>
<active>1</active>
</city>
<city>
<id>427734</id>
<name>Madison</name>
<state>IN</state>
<rating/>
<url>http://www.greatschools.org/city/Madison/IN</url>
<lat>38.7588</lat>
<lon>-85.3971</lon>
<active>1</active>
</city>
<city>
<id>427949</id>
<name>Marengo</name>
<state>IN</state>
<rating/>
<url>http://www.greatschools.org/city/Marengo/IN</url>
<lat>38.3713</lat>
<lon>-86.3444</lon>
<active>1</active>
</city>
<city>
<id>427549</id>
<name>Marion</name>
<state>IN</state>
<rating/>
<url>http://www.greatschools.org/city/Marion/IN</url>
<lat>40.5496</lat>
<lon>-85.6592</lon>
<active>1</active>
</city>
<city>
<id>442317</id>
<name>Markle</name>
<state>IN</state>
<rating/>
<url>http://www.greatschools.org/city/Markle/IN</url>
<lat>40.8272</lat>
<lon>-85.3392</lon>
<active>1</active>
</city>
<city>
<id>444998</id>
<name>Markleville</name>
<state>IN</state>
<rating/>
<url>http://www.greatschools.org/city/Markleville/IN</url>
<lat>40.0054</lat>
<lon>-85.6152</lon>
<active>1</active>
</city>
<city>
<id>427560</id>
<name>Marshall</name>
<state>IN</state>
<rating/>
<url>http://www.greatschools.org/city/Marshall/IN</url>
<lat>39.8477</lat>
<lon>-87.1868</lon>
<active>1</active>
</city>
<city>
<id>427595</id>
<name>Martinsville</name>
<state>IN</state>
<rating/>
<url>http://www.greatschools.org/city/Martinsville/IN</url>
<lat>39.4221</lat>
<lon>-86.4209</lon>
<active>1</active>
</city>
<city>
<id>427910</id>
<name>Maxwell</name>
<state>IN</state>
<rating/>
<url>http://www.greatschools.org/city/Maxwell/IN</url>
<lat>39.8592</lat>
<lon>-85.7709</lon>
<active>1</active>
</city>
<city>
<id>427822</id>
<name>Mays</name>
<state>IN</state>
<rating/>
<url>http://www.greatschools.org/city/Mays/IN</url>
<lat>39.7437</lat>
<lon>-85.4293</lon>
<active>1</active>
</city>
<city>
<id>427574</id>
<name>McCordsville</name>
<state>IN</state>
<rating/>
<url>http://www.greatschools.org/city/McCordsville/IN</url>
<lat>39.905</lat>
<lon>-85.9276</lon>
<active>1</active>
</city>
<city>
<id>444999</id>
<name>Medaryville</name>
<state>IN</state>
<rating/>
<url>http://www.greatschools.org/city/Medaryville/IN</url>
<lat>41.0806</lat>
<lon>-86.892</lon>
<active>1</active>
</city>
<city>
<id>427966</id>
<name>Medora</name>
<state>IN</state>
<rating/>
<url>http://www.greatschools.org/city/Medora/IN</url>
<lat>38.8246</lat>
<lon>-86.1722</lon>
<active>1</active>
</city>
<city>
<id>427787</id>
<name>Mentone</name>
<state>IN</state>
<rating/>
<url>http://www.greatschools.org/city/Mentone/IN</url>
<lat>41.1738</lat>
<lon>-86.0384</lon>
<active>1</active>
</city>
<city>
<id>427542</id>
<name>Merrillville</name>
<state>IN</state>
<rating/>
<url>http://www.greatschools.org/city/Merrillville/IN</url>
<lat>41.4727</lat>
<lon>-87.3181</lon>
<active>1</active>
</city>
<city>
<id>427711</id>
<name>Metamora</name>
<state>IN</state>
<rating/>
<url>http://www.greatschools.org/city/Metamora/IN</url>
<lat>39.4482</lat>
<lon>-85.1378</lon>
<active>1</active>
</city>
<city>
<id>427557</id>
<name>Michigan City</name>
<state>IN</state>
<rating/>
<url>http://www.greatschools.org/city/Michigan_City/IN</url>
<lat>41.7125</lat>
<lon>-86.8761</lon>
<active>1</active>
</city>
<city>
<id>427953</id>
<name>Michigantown</name>
<state>IN</state>
<rating/>
<url>http://www.greatschools.org/city/Michigantown/IN</url>
<lat>40.328</lat>
<lon>-86.3916</lon>
<active>1</active>
</city>
<city>
<id>427547</id>
<name>Middlebury</name>
<state>IN</state>
<rating/>
<url>http://www.greatschools.org/city/Middlebury/IN</url>
<lat>41.6702</lat>
<lon>-85.709</lon>
<active>1</active>
</city>
<city>
<id>427839</id>
<name>Middletown</name>
<state>IN</state>
<rating/>
<url>http://www.greatschools.org/city/Middletown/IN</url>
<lat>40.0594</lat>
<lon>-85.5428</lon>
<active>1</active>
</city>
<city>
<id>427702</id>
<name>Milan</name>
<state>IN</state>
<rating/>
<url>http://www.greatschools.org/city/Milan/IN</url>
<lat>39.1235</lat>
<lon>-85.1263</lon>
<active>1</active>
</city>
<city>
<id>427717</id>
<name>Milford</name>
<state>IN</state>
<rating/>
<url>http://www.greatschools.org/city/Milford/IN</url>
<lat>41.4116</lat>
<lon>-85.8483</lon>
<active>1</active>
</city>
<city>
<id>427546</id>
<name>Millersburg</name>
<state>IN</state>
<rating/>
<url>http://www.greatschools.org/city/Millersburg/IN</url>
<lat>41.5265</lat>
<lon>-85.6962</lon>
<active>1</active>
</city>
<city>
<id>427948</id>
<name>Milltown</name>
<state>IN</state>
<rating/>
<url>http://www.greatschools.org/city/Milltown/IN</url>
<lat>38.3425</lat>
<lon>-86.2749</lon>
<active>1</active>
</city>
<city>
<id>427718</id>
<name>Milroy</name>
<state>IN</state>
<rating/>
<url>http://www.greatschools.org/city/Milroy/IN</url>
<lat>39.4981</lat>
<lon>-85.4676</lon>
<active>1</active>
</city>
<city>
<id>427600</id>
<name>Mishawaka</name>
<state>IN</state>
<rating/>
<url>http://www.greatschools.org/city/Mishawaka/IN</url>
<lat>41.6717</lat>
<lon>-86.1663</lon>
<active>1</active>
</city>
<city>
<id>427878</id>
<name>Mitchell</name>
<state>IN</state>
<rating/>
<url>http://www.greatschools.org/city/Mitchell/IN</url>
<lat>38.736</lat>
<lon>-86.4742</lon>
<active>1</active>
</city>
<city>
<id>427781</id>
<name>Modoc</name>
<state>IN</state>
<rating/>
<url>http://www.greatschools.org/city/Modoc/IN</url>
<lat>40.0455</lat>
<lon>-85.1262</lon>
<active>1</active>
</city>
<city>
<id>427846</id>
<name>Monon</name>
<state>IN</state>
<rating/>
<url>http://www.greatschools.org/city/Monon/IN</url>
<lat>40.8641</lat>
<lon>-86.8787</lon>
<active>1</active>
</city>
<city>
<id>427593</id>
<name>Monroe</name>
<state>IN</state>
<rating/>
<url>http://www.greatschools.org/city/Monroe/IN</url>
<lat>40.7452</lat>
<lon>-84.9412</lon>
<active>1</active>
</city>
<city>
<id>427744</id>
<name>Monroeville</name>
<state>IN</state>
<rating/>
<url>http://www.greatschools.org/city/Monroeville/IN</url>
<lat>40.9732</lat>
<lon>-84.8681</lon>
<active>1</active>
</city>
<city>
<id>427613</id>
<name>Monrovia</name>
<state>IN</state>
<rating/>
<url>http://www.greatschools.org/city/Monrovia/IN</url>
<lat>39.5831</lat>
<lon>-86.4763</lon>
<active>1</active>
</city>
<city>
<id>427737</id>
<name>Monterey</name>
<state>IN</state>
<rating/>
<url>http://www.greatschools.org/city/Monterey/IN</url>
<lat>41.1562</lat>
<lon>-86.4821</lon>
<active>1</active>
</city>
<city>
<id>427582</id>
<name>Montezuma</name>
<state>IN</state>
<rating/>
<url>http://www.greatschools.org/city/Montezuma/IN</url>
<lat>39.7911</lat>
<lon>-87.3694</lon>
<active>1</active>
</city>
<city>
<id>427590</id>
<name>Montgomery</name>
<state>IN</state>
<rating/>
<url>http://www.greatschools.org/city/Montgomery/IN</url>
<lat>38.6653</lat>
<lon>-87.047</lon>
<active>1</active>
</city>
<city>
<id>427783</id>
<name>Monticello</name>
<state>IN</state>
<rating/>
<url>http://www.greatschools.org/city/Monticello/IN</url>
<lat>40.7452</lat>
<lon>-86.7673</lon>
<active>1</active>
</city>
<city>
<id>427976</id>
<name>Montpelier</name>
<state>IN</state>
<rating/>
<url>http://www.greatschools.org/city/Montpelier/IN</url>
<lat>40.5494</lat>
<lon>-85.2874</lon>
<active>1</active>
</city>
<city>
<id>427980</id>
<name>Moores Hill</name>
<state>IN</state>
<rating/>
<url>http://www.greatschools.org/city/Moores_Hill/IN</url>
<lat>39.1117</lat>
<lon>-85.0904</lon>
<active>1</active>
</city>
<city>
<id>427612</id>
<name>Mooresville</name>
<state>IN</state>
<rating/>
<url>http://www.greatschools.org/city/Mooresville/IN</url>
<lat>39.6038</lat>
<lon>-86.3669</lon>
<active>1</active>
</city>
<city>
<id>427657</id>
<name>Morgantown</name>
<state>IN</state>
<rating/>
<url>http://www.greatschools.org/city/Morgantown/IN</url>
<lat>39.3729</lat>
<lon>-86.2586</lon>
<active>1</active>
</city>
<city>
<id>427860</id>
<name>Morocco</name>
<state>IN</state>
<rating/>
<url>http://www.greatschools.org/city/Morocco/IN</url>
<lat>40.9439</lat>
<lon>-87.4502</lon>
<active>1</active>
</city>
<city>
<id>442316</id>
<name>Morris</name>
<state>IN</state>
<rating/>
<url>http://www.greatschools.org/city/Morris/IN</url>
<lat>39.28</lat>
<lon>-85.1754</lon>
<active>1</active>
</city>
<city>
<id>427925</id>
<name>Morristown</name>
<state>IN</state>
<rating/>
<url>http://www.greatschools.org/city/Morristown/IN</url>
<lat>39.6727</lat>
<lon>-85.7021</lon>
<active>1</active>
</city>
<city>
<id>427756</id>
<name>Mount Vernon</name>
<state>IN</state>
<rating/>
<url>http://www.greatschools.org/city/Mount_Vernon/IN</url>
<lat>37.9367</lat>
<lon>-87.8951</lon>
<active>1</active>
</city>
<city>
<id>427642</id>
<name>Muncie</name>
<state>IN</state>
<rating/>
<url>http://www.greatschools.org/city/Muncie/IN</url>
<lat>40.199</lat>
<lon>-85.3933</lon>
<active>1</active>
</city>
<city>
<id>427618</id>
<name>Munster</name>
<state>IN</state>
<rating/>
<url>http://www.greatschools.org/city/Munster/IN</url>
<lat>41.5475</lat>
<lon>-87.5033</lon>
<active>1</active>
</city>
<city>
<id>444656</id>
<name>N Manchester</name>
<state>IN</state>
<rating/>
<url>http://www.greatschools.org/city/N_Manchester/IN</url>
<lat>43.2062</lat>
<lon>-73.0583</lon>
<active>1</active>
</city>
<city>
<id>442315</id>
<name>Napoleon</name>
<state>IN</state>
<rating/>
<url>http://www.greatschools.org/city/Napoleon/IN</url>
<lat>39.204</lat>
<lon>-85.3275</lon>
<active>1</active>
</city>
<city>
<id>427589</id>
<name>Nappanee</name>
<state>IN</state>
<rating/>
<url>http://www.greatschools.org/city/Nappanee/IN</url>
<lat>41.445</lat>
<lon>-85.9964</lon>
<active>1</active>
</city>
<city>
<id>427970</id>
<name>Nashville</name>
<state>IN</state>
<rating/>
<url>http://www.greatschools.org/city/Nashville/IN</url>
<lat>39.211</lat>
<lon>-86.2449</lon>
<active>1</active>
</city>
<city>
<id>427598</id>
<name>New Albany</name>
<state>IN</state>
<rating/>
<url>http://www.greatschools.org/city/New_Albany/IN</url>
<lat>38.3075</lat>
<lon>-85.827</lon>
<active>1</active>
</city>
<city>
<id>427869</id>
<name>New Carlisle</name>
<state>IN</state>
<rating/>
<url>http://www.greatschools.org/city/New_Carlisle/IN</url>
<lat>41.707</lat>
<lon>-86.5072</lon>
<active>1</active>
</city>
<city>
<id>427588</id>
<name>New Castle</name>
<state>IN</state>
<rating/>
<url>http://www.greatschools.org/city/New_Castle/IN</url>
<lat>39.9198</lat>
<lon>-85.3701</lon>
<active>1</active>
</city>
<city>
<id>427591</id>
<name>New Haven</name>
<state>IN</state>
<rating/>
<url>http://www.greatschools.org/city/New_Haven/IN</url>
<lat>41.0632</lat>
<lon>-85.0254</lon>
<active>1</active>
</city>
<city>
<id>427812</id>
<name>New Market</name>
<state>IN</state>
<rating/>
<url>http://www.greatschools.org/city/New_Market/IN</url>
<lat>39.9526</lat>
<lon>-86.9216</lon>
<active>1</active>
</city>
<city>
<id>427816</id>
<name>New Middletown</name>
<state>IN</state>
<rating/>
<url>http://www.greatschools.org/city/New_Middletown/IN</url>
<lat>38.1645</lat>
<lon>-86.051</lon>
<active>1</active>
</city>
<city>
<id>427597</id>
<name>New Palestine</name>
<state>IN</state>
<rating/>
<url>http://www.greatschools.org/city/New_Palestine/IN</url>
<lat>39.7254</lat>
<lon>-85.8908</lon>
<active>1</active>
</city>
<city>
<id>427922</id>
<name>New Paris</name>
<state>IN</state>
<rating/>
<url>http://www.greatschools.org/city/New_Paris/IN</url>
<lat>41.5005</lat>
<lon>-85.8249</lon>
<active>1</active>
</city>
<city>
<id>444660</id>
<name>New Pekin</name>
<state>IN</state>
<rating/>
<url>http://www.greatschools.org/city/New_Pekin/IN</url>
<lat>38.5021</lat>
<lon>-86.0144</lon>
<active>1</active>
</city>
<city>
<id>445001</id>
<name>New Point</name>
<state>IN</state>
<rating/>
<url>http://www.greatschools.org/city/New_Point/IN</url>
<lat>39.3085</lat>
<lon>-85.3288</lon>
<active>1</active>
</city>
<city>
<id>427811</id>
<name>New Ross</name>
<state>IN</state>
<rating/>
<url>http://www.greatschools.org/city/New_Ross/IN</url>
<lat>39.9647</lat>
<lon>-86.7146</lon>
<active>1</active>
</city>
<city>
<id>442314</id>
<name>New Salisbury</name>
<state>IN</state>
<rating/>
<url>http://www.greatschools.org/city/New_Salisbury/IN</url>
<lat>38.314</lat>
<lon>-86.1001</lon>
<active>1</active>
</city>
<city>
<id>427912</id>
<name>New Washington</name>
<state>IN</state>
<rating/>
<url>http://www.greatschools.org/city/New_Washington/IN</url>
<lat>38.5695</lat>
<lon>-85.5594</lon>
<active>1</active>
</city>
<city>
<id>427954</id>
<name>New Whiteland</name>
<state>IN</state>
<rating/>
<url>http://www.greatschools.org/city/New_Whiteland/IN</url>
<lat>39.5618</lat>
<lon>-86.0995</lon>
<active>1</active>
</city>
<city>
<id>427663</id>
<name>Newburgh</name>
<state>IN</state>
<rating/>
<url>http://www.greatschools.org/city/Newburgh/IN</url>
<lat>37.9492</lat>
<lon>-87.4046</lon>
<active>1</active>
</city>
<city>
<id>427971</id>
<name>Nineveh</name>
<state>IN</state>
<rating/>
<url>http://www.greatschools.org/city/Nineveh/IN</url>
<lat>39.3197</lat>
<lon>-86.1078</lon>
<active>1</active>
</city>
<city>
<id>427539</id>
<name>Noblesville</name>
<state>IN</state>
<rating/>
<url>http://www.greatschools.org/city/Noblesville/IN</url>
<lat>40.037</lat>
<lon>-86.0072</lon>
<active>1</active>
</city>
<city>
<id>427739</id>
<name>North Judson</name>
<state>IN</state>
<rating/>
<url>http://www.greatschools.org/city/North_Judson/IN</url>
<lat>41.2161</lat>
<lon>-86.777</lon>
<active>1</active>
</city>
<city>
<id>427709</id>
<name>North Liberty</name>
<state>IN</state>
<rating/>
<url>http://www.greatschools.org/city/North_Liberty/IN</url>
<lat>41.5322</lat>
<lon>-86.4281</lon>
<active>1</active>
</city>
<city>
<id>427715</id>
<name>North Manchester</name>
<state>IN</state>
<rating/>
<url>http://www.greatschools.org/city/North_Manchester/IN</url>
<lat>41.0049</lat>
<lon>-85.7757</lon>
<active>1</active>
</city>
<city>
<id>427851</id>
<name>North Salem</name>
<state>IN</state>
<rating/>
<url>http://www.greatschools.org/city/North_Salem/IN</url>
<lat>39.8596</lat>
<lon>-86.6444</lon>
<active>1</active>
</city>
<city>
<id>427675</id>
<name>North Vernon</name>
<state>IN</state>
<rating/>
<url>http://www.greatschools.org/city/North_Vernon/IN</url>
<lat>39.0147</lat>
<lon>-85.6299</lon>
<active>1</active>
</city>
<city>
<id>427896</id>
<name>North Webster</name>
<state>IN</state>
<rating/>
<url>http://www.greatschools.org/city/North_Webster/IN</url>
<lat>41.3238</lat>
<lon>-85.6971</lon>
<active>1</active>
</city>
<city>
<id>427652</id>
<name>Notre Dame</name>
<state>IN</state>
<rating/>
<url>http://www.greatschools.org/city/Notre_Dame/IN</url>
<lat>41.7003</lat>
<lon>-86.2387</lon>
<active>1</active>
</city>
<city>
<id>427634</id>
<name>Oakland City</name>
<state>IN</state>
<rating/>
<url>http://www.greatschools.org/city/Oakland_City/IN</url>
<lat>38.3384</lat>
<lon>-87.3491</lon>
<active>1</active>
</city>
<city>
<id>445002</id>
<name>Oaktown</name>
<state>IN</state>
<rating/>
<url>http://www.greatschools.org/city/Oaktown/IN</url>
<lat>38.871</lat>
<lon>-87.4358</lon>
<active>1</active>
</city>
<city>
<id>427662</id>
<name>Odon</name>
<state>IN</state>
<rating/>
<url>http://www.greatschools.org/city/Odon/IN</url>
<lat>38.8423</lat>
<lon>-86.9885</lon>
<active>1</active>
</city>
<city>
<id>427759</id>
<name>Oldenburg</name>
<state>IN</state>
<rating/>
<url>http://www.greatschools.org/city/Oldenburg/IN</url>
<lat>39.3388</lat>
<lon>-85.2048</lon>
<active>1</active>
</city>
<city>
<id>427863</id>
<name>Oolitic</name>
<state>IN</state>
<rating/>
<url>http://www.greatschools.org/city/Oolitic/IN</url>
<lat>38.8925</lat>
<lon>-86.5252</lon>
<active>1</active>
</city>
<city>
<id>427720</id>
<name>Orleans</name>
<state>IN</state>
<rating/>
<url>http://www.greatschools.org/city/Orleans/IN</url>
<lat>38.6611</lat>
<lon>-86.4517</lon>
<active>1</active>
</city>
<city>
<id>427833</id>
<name>Osceola</name>
<state>IN</state>
<rating/>
<url>http://www.greatschools.org/city/Osceola/IN</url>
<lat>41.664</lat>
<lon>-86.0787</lon>
<active>1</active>
</city>
<city>
<id>427905</id>
<name>Osgood</name>
<state>IN</state>
<rating/>
<url>http://www.greatschools.org/city/Osgood/IN</url>
<lat>39.1295</lat>
<lon>-85.2921</lon>
<active>1</active>
</city>
<city>
<id>427743</id>
<name>Ossian</name>
<state>IN</state>
<rating/>
<url>http://www.greatschools.org/city/Ossian/IN</url>
<lat>40.8787</lat>
<lon>-85.1684</lon>
<active>1</active>
</city>
<city>
<id>427977</id>
<name>Otterbein</name>
<state>IN</state>
<rating/>
<url>http://www.greatschools.org/city/Otterbein/IN</url>
<lat>40.4887</lat>
<lon>-87.0936</lon>
<active>1</active>
</city>
<city>
<id>427832</id>
<name>Otwell</name>
<state>IN</state>
<rating/>
<url>http://www.greatschools.org/city/Otwell/IN</url>
<lat>38.4563</lat>
<lon>-87.096</lon>
<active>1</active>
</city>
<city>
<id>427818</id>
<name>Owensville</name>
<state>IN</state>
<rating/>
<url>http://www.greatschools.org/city/Owensville/IN</url>
<lat>38.2716</lat>
<lon>-87.6918</lon>
<active>1</active>
</city>
<city>
<id>427568</id>
<name>Oxford</name>
<state>IN</state>
<rating/>
<url>http://www.greatschools.org/city/Oxford/IN</url>
<lat>40.5221</lat>
<lon>-87.2484</lon>
<active>1</active>
</city>
<city>
<id>427974</id>
<name>Palmyra</name>
<state>IN</state>
<rating/>
<url>http://www.greatschools.org/city/Palmyra/IN</url>
<lat>38.4081</lat>
<lon>-86.1081</lon>
<active>1</active>
</city>
<city>
<id>427687</id>
<name>Paoli</name>
<state>IN</state>
<rating/>
<url>http://www.greatschools.org/city/Paoli/IN</url>
<lat>38.5567</lat>
<lon>-86.4704</lon>
<active>1</active>
</city>
<city>
<id>427881</id>
<name>Paragon</name>
<state>IN</state>
<rating/>
<url>http://www.greatschools.org/city/Paragon/IN</url>
<lat>39.3945</lat>
<lon>-86.562</lon>
<active>1</active>
</city>
<city>
<id>427877</id>
<name>Parker City</name>
<state>IN</state>
<rating/>
<url>http://www.greatschools.org/city/Parker_City/IN</url>
<lat>40.1898</lat>
<lon>-85.2039</lon>
<active>1</active>
</city>
<city>
<id>427794</id>
<name>Patricksburg</name>
<state>IN</state>
<rating/>
<url>http://www.greatschools.org/city/Patricksburg/IN</url>
<lat>39.3112</lat>
<lon>-86.9535</lon>
<active>1</active>
</city>
<city>
<id>427934</id>
<name>Pekin</name>
<state>IN</state>
<rating/>
<url>http://www.greatschools.org/city/Pekin/IN</url>
<lat>38.482</lat>
<lon>-86.0043</lon>
<active>1</active>
</city>
<city>
<id>427696</id>
<name>Pendleton</name>
<state>IN</state>
<rating/>
<url>http://www.greatschools.org/city/Pendleton/IN</url>
<lat>40.0085</lat>
<lon>-85.7608</lon>
<active>1</active>
</city>
<city>
<id>427903</id>
<name>Pennville</name>
<state>IN</state>
<rating/>
<url>http://www.greatschools.org/city/Pennville/IN</url>
<lat>40.4919</lat>
<lon>-85.1467</lon>
<active>1</active>
</city>
<city>
<id>427742</id>
<name>Peru</name>
<state>IN</state>
<rating/>
<url>http://www.greatschools.org/city/Peru/IN</url>
<lat>40.7588</lat>
<lon>-86.0715</lon>
<active>1</active>
</city>
<city>
<id>427831</id>
<name>Petersburg</name>
<state>IN</state>
<rating/>
<url>http://www.greatschools.org/city/Petersburg/IN</url>
<lat>38.4922</lat>
<lon>-87.281</lon>
<active>1</active>
</city>
<city>
<id>445003</id>
<name>Petroleum</name>
<state>IN</state>
<rating/>
<url>http://www.greatschools.org/city/Petroleum/IN</url>
<lat>40.6119</lat>
<lon>-85.1507</lon>
<active>1</active>
</city>
<city>
<id>427766</id>
<name>Pierceton</name>
<state>IN</state>
<rating/>
<url>http://www.greatschools.org/city/Pierceton/IN</url>
<lat>41.1988</lat>
<lon>-85.7031</lon>
<active>1</active>
</city>
<city>
<id>427892</id>
<name>Pine Village</name>
<state>IN</state>
<rating/>
<url>http://www.greatschools.org/city/Pine_Village/IN</url>
<lat>40.4495</lat>
<lon>-87.2534</lon>
<active>1</active>
</city>
<city>
<id>427850</id>
<name>Pittsboro</name>
<state>IN</state>
<rating/>
<url>http://www.greatschools.org/city/Pittsboro/IN</url>
<lat>39.8676</lat>
<lon>-86.4645</lon>
<active>1</active>
</city>
<city>
<id>427671</id>
<name>Plainfield</name>
<state>IN</state>
<rating/>
<url>http://www.greatschools.org/city/Plainfield/IN</url>
<lat>39.7015</lat>
<lon>-86.3729</lon>
<active>1</active>
</city>
<city>
<id>427792</id>
<name>Pleasant Lake</name>
<state>IN</state>
<rating/>
<url>http://www.greatschools.org/city/Pleasant_Lake/IN</url>
<lat>41.5774</lat>
<lon>-85.0325</lon>
<active>1</active>
</city>
<city>
<id>427572</id>
<name>Plymouth</name>
<state>IN</state>
<rating/>
<url>http://www.greatschools.org/city/Plymouth/IN</url>
<lat>41.3494</lat>
<lon>-86.3194</lon>
<active>1</active>
</city>
<city>
<id>427801</id>
<name>Poneto</name>
<state>IN</state>
<rating/>
<url>http://www.greatschools.org/city/Poneto/IN</url>
<lat>40.6571</lat>
<lon>-85.2222</lon>
<active>1</active>
</city>
<city>
<id>427712</id>
<name>Portage</name>
<state>IN</state>
<rating/>
<url>http://www.greatschools.org/city/Portage/IN</url>
<lat>41.5916</lat>
<lon>-87.1789</lon>
<active>1</active>
</city>
<city>
<id>427940</id>
<name>Porter</name>
<state>IN</state>
<rating/>
<url>http://www.greatschools.org/city/Porter/IN</url>
<lat>41.6275</lat>
<lon>-87.0827</lon>
<active>1</active>
</city>
<city>
<id>427904</id>
<name>Portland</name>
<state>IN</state>
<rating/>
<url>http://www.greatschools.org/city/Portland/IN</url>
<lat>40.4367</lat>
<lon>-84.9834</lon>
<active>1</active>
</city>
<city>
<id>427859</id>
<name>Poseyville</name>
<state>IN</state>
<rating/>
<url>http://www.greatschools.org/city/Poseyville/IN</url>
<lat>38.1699</lat>
<lon>-87.7833</lon>
<active>1</active>
</city>
<city>
<id>427730</id>
<name>Princeton</name>
<state>IN</state>
<rating/>
<url>http://www.greatschools.org/city/Princeton/IN</url>
<lat>38.3551</lat>
<lon>-87.5782</lon>
<active>1</active>
</city>
<city>
<id>427973</id>
<name>Ramsey</name>
<state>IN</state>
<rating/>
<url>http://www.greatschools.org/city/Ramsey/IN</url>
<lat>38.3096</lat>
<lon>-86.1721</lon>
<active>1</active>
</city>
<city>
<id>427902</id>
<name>Redkey</name>
<state>IN</state>
<rating/>
<url>http://www.greatschools.org/city/Redkey/IN</url>
<lat>40.3481</lat>
<lon>-85.1519</lon>
<active>1</active>
</city>
<city>
<id>427809</id>
<name>Reelsville</name>
<state>IN</state>
<rating/>
<url>http://www.greatschools.org/city/Reelsville/IN</url>
<lat>39.5461</lat>
<lon>-86.9694</lon>
<active>1</active>
</city>
<city>
<id>427673</id>
<name>Remington</name>
<state>IN</state>
<rating/>
<url>http://www.greatschools.org/city/Remington/IN</url>
<lat>40.7654</lat>
<lon>-87.1525</lon>
<active>1</active>
</city>
<city>
<id>427747</id>
<name>Rensselaer</name>
<state>IN</state>
<rating/>
<url>http://www.greatschools.org/city/Rensselaer/IN</url>
<lat>40.935</lat>
<lon>-87.1502</lon>
<active>1</active>
</city>
<city>
<id>427845</id>
<name>Reynolds</name>
<state>IN</state>
<rating/>
<url>http://www.greatschools.org/city/Reynolds/IN</url>
<lat>40.7492</lat>
<lon>-86.8743</lon>
<active>1</active>
</city>
<city>
<id>427808</id>
<name>Richland</name>
<state>IN</state>
<rating/>
<url>http://www.greatschools.org/city/Richland/IN</url>
<lat>37.9466</lat>
<lon>-87.1697</lon>
<active>1</active>
</city>
<city>
<id>427566</id>
<name>Richmond</name>
<state>IN</state>
<rating/>
<url>http://www.greatschools.org/city/Richmond/IN</url>
<lat>39.8321</lat>
<lon>-84.8897</lon>
<active>1</active>
</city>
<city>
<id>446430</id>
<name>Richmond, IN</name>
<state>IN</state>
<rating/>
<url>http://www.greatschools.org/city/Richmond,_IN/IN</url>
<lat>39.8288</lat>
<lon>-84.8771</lon>
<active>1</active>
</city>
<city>
<id>427956</id>
<name>Ridgeville</name>
<state>IN</state>
<rating/>
<url>http://www.greatschools.org/city/Ridgeville/IN</url>
<lat>40.2916</lat>
<lon>-85.0286</lon>
<active>1</active>
</city>
<city>
<id>427778</id>
<name>Riley</name>
<state>IN</state>
<rating/>
<url>http://www.greatschools.org/city/Riley/IN</url>
<lat>39.3898</lat>
<lon>-87.3002</lon>
<active>1</active>
</city>
<city>
<id>427824</id>
<name>Rising Sun</name>
<state>IN</state>
<rating/>
<url>http://www.greatschools.org/city/Rising_Sun/IN</url>
<lat>38.9537</lat>
<lon>-84.8533</lon>
<active>1</active>
</city>
<city>
<id>427857</id>
<name>Roachdale</name>
<state>IN</state>
<rating/>
<url>http://www.greatschools.org/city/Roachdale/IN</url>
<lat>39.8492</lat>
<lon>-86.8005</lon>
<active>1</active>
</city>
<city>
<id>442313</id>
<name>Roann</name>
<state>IN</state>
<rating/>
<url>http://www.greatschools.org/city/Roann/IN</url>
<lat>40.9111</lat>
<lon>-85.9245</lon>
<active>1</active>
</city>
<city>
<id>427648</id>
<name>Roanoke</name>
<state>IN</state>
<rating/>
<url>http://www.greatschools.org/city/Roanoke/IN</url>
<lat>40.9643</lat>
<lon>-85.3806</lon>
<active>1</active>
</city>
<city>
<id>427636</id>
<name>Rochester</name>
<state>IN</state>
<rating/>
<url>http://www.greatschools.org/city/Rochester/IN</url>
<lat>41.0606</lat>
<lon>-86.1982</lon>
<active>1</active>
</city>
<city>
<id>427757</id>
<name>Rockport</name>
<state>IN</state>
<rating/>
<url>http://www.greatschools.org/city/Rockport/IN</url>
<lat>37.8899</lat>
<lon>-87.0542</lon>
<active>1</active>
</city>
<city>
<id>427559</id>
<name>Rockville</name>
<state>IN</state>
<rating/>
<url>http://www.greatschools.org/city/Rockville/IN</url>
<lat>39.7665</lat>
<lon>-87.2295</lon>
<active>1</active>
</city>
<city>
<id>427868</id>
<name>Rolling Prairie</name>
<state>IN</state>
<rating/>
<url>http://www.greatschools.org/city/Rolling_Prairie/IN</url>
<lat>41.6745</lat>
<lon>-86.6199</lon>
<active>1</active>
</city>
<city>
<id>427935</id>
<name>Rome City</name>
<state>IN</state>
<rating/>
<url>http://www.greatschools.org/city/Rome_City/IN</url>
<lat>41.4926</lat>
<lon>-85.3642</lon>
<active>1</active>
</city>
<city>
<id>427797</id>
<name>Rosedale</name>
<state>IN</state>
<rating/>
<url>http://www.greatschools.org/city/Rosedale/IN</url>
<lat>39.6225</lat>
<lon>-87.2816</lon>
<active>1</active>
</city>
<city>
<id>427644</id>
<name>Rossville</name>
<state>IN</state>
<rating/>
<url>http://www.greatschools.org/city/Rossville/IN</url>
<lat>40.42</lat>
<lon>-86.5955</lon>
<active>1</active>
</city>
<city>
<id>427829</id>
<name>Royal Center</name>
<state>IN</state>
<rating/>
<url>http://www.greatschools.org/city/Royal_Center/IN</url>
<lat>40.8643</lat>
<lon>-86.4999</lon>
<active>1</active>
</city>
<city>
<id>427764</id>
<name>Rushville</name>
<state>IN</state>
<rating/>
<url>http://www.greatschools.org/city/Rushville/IN</url>
<lat>39.6154</lat>
<lon>-85.4463</lon>
<active>1</active>
</city>
<city>
<id>427909</id>
<name>Russiaville</name>
<state>IN</state>
<rating/>
<url>http://www.greatschools.org/city/Russiaville/IN</url>
<lat>40.4186</lat>
<lon>-86.2731</lon>
<active>1</active>
</city>
<city>
<id>446054</id>
<name>Saint Joe</name>
<state>IN</state>
<rating/>
<url>http://www.greatschools.org/city/Saint_Joe/IN</url>
<lat>41.3117</lat>
<lon>-84.9047</lon>
<active>1</active>
</city>
<city>
<id>427669</id>
<name>Salem</name>
<state>IN</state>
<rating/>
<url>http://www.greatschools.org/city/Salem/IN</url>
<lat>38.6048</lat>
<lon>-86.0973</lon>
<active>1</active>
</city>
<city>
<id>442312</id>
<name>Santa Claus</name>
<state>IN</state>
<rating/>
<url>http://www.greatschools.org/city/Santa_Claus/IN</url>
<lat>38.1162</lat>
<lon>-86.9295</lon>
<active>1</active>
</city>
<city>
<id>427683</id>
<name>Schererville</name>
<state>IN</state>
<rating/>
<url>http://www.greatschools.org/city/Schererville/IN</url>
<lat>41.4852</lat>
<lon>-87.4434</lon>
<active>1</active>
</city>
<city>
<id>427898</id>
<name>Scipio</name>
<state>IN</state>
<rating/>
<url>http://www.greatschools.org/city/Scipio/IN</url>
<lat>39.0743</lat>
<lon>-85.715</lon>
<active>1</active>
</city>
<city>
<id>427708</id>
<name>Scottsburg</name>
<state>IN</state>
<rating/>
<url>http://www.greatschools.org/city/Scottsburg/IN</url>
<lat>38.6868</lat>
<lon>-85.7838</lon>
<active>1</active>
</city>
<city>
<id>427731</id>
<name>Sellersburg</name>
<state>IN</state>
<rating/>
<url>http://www.greatschools.org/city/Sellersburg/IN</url>
<lat>38.3908</lat>
<lon>-85.7596</lon>
<active>1</active>
</city>
<city>
<id>427893</id>
<name>Selma</name>
<state>IN</state>
<rating/>
<url>http://www.greatschools.org/city/Selma/IN</url>
<lat>40.1864</lat>
<lon>-85.2741</lon>
<active>1</active>
</city>
<city>
<id>427596</id>
<name>Seymour</name>
<state>IN</state>
<rating/>
<url>http://www.greatschools.org/city/Seymour/IN</url>
<lat>38.9448</lat>
<lon>-85.8924</lon>
<active>1</active>
</city>
<city>
<id>427853</id>
<name>Sharpsville</name>
<state>IN</state>
<rating/>
<url>http://www.greatschools.org/city/Sharpsville/IN</url>
<lat>40.3795</lat>
<lon>-86.0869</lon>
<active>1</active>
</city>
<city>
<id>427842</id>
<name>Shelburn</name>
<state>IN</state>
<rating/>
<url>http://www.greatschools.org/city/Shelburn/IN</url>
<lat>39.1791</lat>
<lon>-87.3971</lon>
<active>1</active>
</city>
<city>
<id>427686</id>
<name>Shelbyville</name>
<state>IN</state>
<rating/>
<url>http://www.greatschools.org/city/Shelbyville/IN</url>
<lat>39.5338</lat>
<lon>-85.7737</lon>
<active>1</active>
</city>
<city>
<id>427629</id>
<name>Sheridan</name>
<state>IN</state>
<rating/>
<url>http://www.greatschools.org/city/Sheridan/IN</url>
<lat>40.1307</lat>
<lon>-86.2186</lon>
<active>1</active>
</city>
<city>
<id>427565</id>
<name>Shipshewana</name>
<state>IN</state>
<rating/>
<url>http://www.greatschools.org/city/Shipshewana/IN</url>
<lat>41.675</lat>
<lon>-85.5763</lon>
<active>1</active>
</city>
<city>
<id>427650</id>
<name>Shoals</name>
<state>IN</state>
<rating/>
<url>http://www.greatschools.org/city/Shoals/IN</url>
<lat>38.666</lat>
<lon>-86.7933</lon>
<active>1</active>
</city>
<city>
<id>445004</id>
<name>Soledad</name>
<state>IN</state>
<rating/>
<url>http://www.greatschools.org/city/Soledad/IN</url>
<lat>36.4284</lat>
<lon>-121.328</lon>
<active>1</active>
</city>
<city>
<id>427563</id>
<name>South Bend</name>
<state>IN</state>
<rating/>
<url>http://www.greatschools.org/city/South_Bend/IN</url>
<lat>41.6768</lat>
<lon>-86.269</lon>
<active>1</active>
</city>
<city>
<id>442310</id>
<name>South Milford</name>
<state>IN</state>
<rating/>
<url>http://www.greatschools.org/city/South_Milford/IN</url>
<lat>41.5557</lat>
<lon>-85.2429</lon>
<active>1</active>
</city>
<city>
<id>427728</id>
<name>South Whitley</name>
<state>IN</state>
<rating/>
<url>http://www.greatschools.org/city/South_Whitley/IN</url>
<lat>41.0838</lat>
<lon>-85.6277</lon>
<active>1</active>
</city>
<city>
<id>427796</id>
<name>Speedway</name>
<state>IN</state>
<rating/>
<url>http://www.greatschools.org/city/Speedway/IN</url>
<lat>39.7937</lat>
<lon>-86.2475</lon>
<active>1</active>
</city>
<city>
<id>427611</id>
<name>Spencer</name>
<state>IN</state>
<rating/>
<url>http://www.greatschools.org/city/Spencer/IN</url>
<lat>39.2861</lat>
<lon>-86.7695</lon>
<active>1</active>
</city>
<city>
<id>445005</id>
<name>Springdale</name>
<state>IN</state>
<rating/>
<url>http://www.greatschools.org/city/Springdale/IN</url>
<lat>36.1776</lat>
<lon>-94.1398</lon>
<active>1</active>
</city>
<city>
<id>445006</id>
<name>Springport</name>
<state>IN</state>
<rating/>
<url>http://www.greatschools.org/city/Springport/IN</url>
<lat>40.0045</lat>
<lon>-85.3902</lon>
<active>1</active>
</city>
<city>
<id>427733</id>
<name>Springville</name>
<state>IN</state>
<rating/>
<url>http://www.greatschools.org/city/Springville/IN</url>
<lat>38.9518</lat>
<lon>-86.7527</lon>
<active>1</active>
</city>
<city>
<id>446055</id>
<name>St Leon</name>
<state>IN</state>
<rating/>
<url>http://www.greatschools.org/city/St_Leon/IN</url>
<lat>39.2792</lat>
<lon>-84.9739</lon>
<active>1</active>
</city>
<city>
<id>445007</id>
<name>St Mary Of Th</name>
<state>IN</state>
<rating/>
<url>http://www.greatschools.org/city/St_Mary_Of_Th/IN</url>
<lat>39.5114</lat>
<lon>-87.4697</lon>
<active>1</active>
</city>
<city>
<id>427713</id>
<name>St. John</name>
<state>IN</state>
<rating/>
<url>http://www.greatschools.org/city/St._John/IN</url>
<lat>41.4441</lat>
<lon>-87.4681</lon>
<active>1</active>
</city>
<city>
<id>427825</id>
<name>Stinesville</name>
<state>IN</state>
<rating/>
<url>http://www.greatschools.org/city/Stinesville/IN</url>
<lat>39.2998</lat>
<lon>-86.65</lon>
<active>1</active>
</city>
<city>
<id>427813</id>
<name>Straughn</name>
<state>IN</state>
<rating/>
<url>http://www.greatschools.org/city/Straughn/IN</url>
<lat>39.8084</lat>
<lon>-85.2908</lon>
<active>1</active>
</city>
<city>
<id>445008</id>
<name>Stroh</name>
<state>IN</state>
<rating/>
<url>http://www.greatschools.org/city/Stroh/IN</url>
<lat>41.5831</lat>
<lon>-85.1994</lon>
<active>1</active>
</city>
<city>
<id>427576</id>
<name>Sullivan</name>
<state>IN</state>
<rating/>
<url>http://www.greatschools.org/city/Sullivan/IN</url>
<lat>39.0973</lat>
<lon>-87.4073</lon>
<active>1</active>
</city>
<city>
<id>427885</id>
<name>Summitville</name>
<state>IN</state>
<rating/>
<url>http://www.greatschools.org/city/Summitville/IN</url>
<lat>40.3369</lat>
<lon>-85.643</lon>
<active>1</active>
</city>
<city>
<id>427678</id>
<name>Sunman</name>
<state>IN</state>
<rating/>
<url>http://www.greatschools.org/city/Sunman/IN</url>
<lat>39.2373</lat>
<lon>-85.0931</lon>
<active>1</active>
</city>
<city>
<id>427836</id>
<name>Swayzee</name>
<state>IN</state>
<rating/>
<url>http://www.greatschools.org/city/Swayzee/IN</url>
<lat>40.5066</lat>
<lon>-85.8243</lon>
<active>1</active>
</city>
<city>
<id>427835</id>
<name>Sweetser</name>
<state>IN</state>
<rating/>
<url>http://www.greatschools.org/city/Sweetser/IN</url>
<lat>40.5687</lat>
<lon>-85.7653</lon>
<active>1</active>
</city>
<city>
<id>427631</id>
<name>Switz City</name>
<state>IN</state>
<rating/>
<url>http://www.greatschools.org/city/Switz_City/IN</url>
<lat>39.0349</lat>
<lon>-87.0534</lon>
<active>1</active>
</city>
<city>
<id>427895</id>
<name>Syracuse</name>
<state>IN</state>
<rating/>
<url>http://www.greatschools.org/city/Syracuse/IN</url>
<lat>41.4219</lat>
<lon>-85.7498</lon>
<active>1</active>
</city>
<city>
<id>427979</id>
<name>Taylorsville</name>
<state>IN</state>
<rating/>
<url>http://www.greatschools.org/city/Taylorsville/IN</url>
<lat>39.2965</lat>
<lon>-85.9503</lon>
<active>1</active>
</city>
<city>
<id>427706</id>
<name>Tell City</name>
<state>IN</state>
<rating/>
<url>http://www.greatschools.org/city/Tell_City/IN</url>
<lat>37.953</lat>
<lon>-86.7593</lon>
<active>1</active>
</city>
<city>
<id>427772</id>
<name>Tennyson</name>
<state>IN</state>
<rating/>
<url>http://www.greatschools.org/city/Tennyson/IN</url>
<lat>38.0817</lat>
<lon>-87.1188</lon>
<active>1</active>
</city>
<city>
<id>427567</id>
<name>Terre Haute</name>
<state>IN</state>
<rating/>
<url>http://www.greatschools.org/city/Terre_Haute/IN</url>
<lat>39.4655</lat>
<lon>-87.3759</lon>
<active>1</active>
</city>
<city>
<id>427769</id>
<name>Thorntown</name>
<state>IN</state>
<rating/>
<url>http://www.greatschools.org/city/Thorntown/IN</url>
<lat>40.1293</lat>
<lon>-86.6101</lon>
<active>1</active>
</city>
<city>
<id>427748</id>
<name>Tipton</name>
<state>IN</state>
<rating/>
<url>http://www.greatschools.org/city/Tipton/IN</url>
<lat>40.2839</lat>
<lon>-86.0419</lon>
<active>1</active>
</city>
<city>
<id>427586</id>
<name>Topeka</name>
<state>IN</state>
<rating/>
<url>http://www.greatschools.org/city/Topeka/IN</url>
<lat>41.5398</lat>
<lon>-85.5471</lon>
<active>1</active>
</city>
<city>
<id>427867</id>
<name>Trafalgar</name>
<state>IN</state>
<rating/>
<url>http://www.greatschools.org/city/Trafalgar/IN</url>
<lat>39.4132</lat>
<lon>-86.1496</lon>
<active>1</active>
</city>
<city>
<id>442307</id>
<name>Underwood</name>
<state>IN</state>
<rating/>
<url>http://www.greatschools.org/city/Underwood/IN</url>
<lat>38.6035</lat>
<lon>-85.7564</lon>
<active>1</active>
</city>
<city>
<id>427926</id>
<name>Union City</name>
<state>IN</state>
<rating/>
<url>http://www.greatschools.org/city/Union_City/IN</url>
<lat>40.1993</lat>
<lon>-84.8206</lon>
<active>1</active>
</city>
<city>
<id>427952</id>
<name>Union Mills</name>
<state>IN</state>
<rating/>
<url>http://www.greatschools.org/city/Union_Mills/IN</url>
<lat>41.4694</lat>
<lon>-86.7572</lon>
<active>1</active>
</city>
<city>
<id>445009</id>
<name>Uniondale</name>
<state>IN</state>
<rating/>
<url>http://www.greatschools.org/city/Uniondale/IN</url>
<lat>40.8317</lat>
<lon>-85.2416</lon>
<active>1</active>
</city>
<city>
<id>427975</id>
<name>Unionville</name>
<state>IN</state>
<rating/>
<url>http://www.greatschools.org/city/Unionville/IN</url>
<lat>39.2819</lat>
<lon>-86.4011</lon>
<active>1</active>
</city>
<city>
<id>427932</id>
<name>Upland</name>
<state>IN</state>
<rating/>
<url>http://www.greatschools.org/city/Upland/IN</url>
<lat>40.4628</lat>
<lon>-85.501</lon>
<active>1</active>
</city>
<city>
<id>427561</id>
<name>Valparaiso</name>
<state>IN</state>
<rating/>
<url>http://www.greatschools.org/city/Valparaiso/IN</url>
<lat>41.4798</lat>
<lon>-87.0523</lon>
<active>1</active>
</city>
<city>
<id>427931</id>
<name>Van Buren</name>
<state>IN</state>
<rating/>
<url>http://www.greatschools.org/city/Van_Buren/IN</url>
<lat>40.6157</lat>
<lon>-85.5039</lon>
<active>1</active>
</city>
<city>
<id>427807</id>
<name>Veedersburg</name>
<state>IN</state>
<rating/>
<url>http://www.greatschools.org/city/Veedersburg/IN</url>
<lat>40.1129</lat>
<lon>-87.2566</lon>
<active>1</active>
</city>
<city>
<id>427679</id>
<name>Versailles</name>
<state>IN</state>
<rating/>
<url>http://www.greatschools.org/city/Versailles/IN</url>
<lat>39.0639</lat>
<lon>-85.2565</lon>
<active>1</active>
</city>
<city>
<id>427564</id>
<name>Vevay</name>
<state>IN</state>
<rating/>
<url>http://www.greatschools.org/city/Vevay/IN</url>
<lat>38.7406</lat>
<lon>-85.0821</lon>
<active>1</active>
</city>
<city>
<id>427622</id>
<name>Vincennes</name>
<state>IN</state>
<rating/>
<url>http://www.greatschools.org/city/Vincennes/IN</url>
<lat>38.6761</lat>
<lon>-87.5111</lon>
<active>1</active>
</city>
<city>
<id>446056</id>
<name>W Terre Haute</name>
<state>IN</state>
<rating/>
<url>http://www.greatschools.org/city/W_Terre_Haute/IN</url>
<lat>39.4627</lat>
<lon>-87.4888</lon>
<active>1</active>
</city>
<city>
<id>427677</id>
<name>Wabash</name>
<state>IN</state>
<rating/>
<url>http://www.greatschools.org/city/Wabash/IN</url>
<lat>40.8025</lat>
<lon>-85.8325</lon>
<active>1</active>
</city>
<city>
<id>427758</id>
<name>Wadesville</name>
<state>IN</state>
<rating/>
<url>http://www.greatschools.org/city/Wadesville/IN</url>
<lat>38.0686</lat>
<lon>-87.7832</lon>
<active>1</active>
</city>
<city>
<id>427641</id>
<name>Wakarusa</name>
<state>IN</state>
<rating/>
<url>http://www.greatschools.org/city/Wakarusa/IN</url>
<lat>41.5316</lat>
<lon>-86.0133</lon>
<active>1</active>
</city>
<city>
<id>427924</id>
<name>Waldron</name>
<state>IN</state>
<rating/>
<url>http://www.greatschools.org/city/Waldron/IN</url>
<lat>39.4536</lat>
<lon>-85.6629</lon>
<active>1</active>
</city>
<city>
<id>427753</id>
<name>Walkerton</name>
<state>IN</state>
<rating/>
<url>http://www.greatschools.org/city/Walkerton/IN</url>
<lat>41.4656</lat>
<lon>-86.4824</lon>
<active>1</active>
</city>
<city>
<id>427803</id>
<name>Walton</name>
<state>IN</state>
<rating/>
<url>http://www.greatschools.org/city/Walton/IN</url>
<lat>40.6624</lat>
<lon>-86.2444</lon>
<active>1</active>
</city>
<city>
<id>427964</id>
<name>Wanatah</name>
<state>IN</state>
<rating/>
<url>http://www.greatschools.org/city/Wanatah/IN</url>
<lat>41.4304</lat>
<lon>-86.8926</lon>
<active>1</active>
</city>
<city>
<id>427906</id>
<name>Warren</name>
<state>IN</state>
<rating/>
<url>http://www.greatschools.org/city/Warren/IN</url>
<lat>40.6877</lat>
<lon>-85.4247</lon>
<active>1</active>
</city>
<city>
<id>427621</id>
<name>Warsaw</name>
<state>IN</state>
<rating/>
<url>http://www.greatschools.org/city/Warsaw/IN</url>
<lat>41.2425</lat>
<lon>-85.8476</lon>
<active>1</active>
</city>
<city>
<id>427601</id>
<name>Washington</name>
<state>IN</state>
<rating/>
<url>http://www.greatschools.org/city/Washington/IN</url>
<lat>38.6591</lat>
<lon>-87.1718</lon>
<active>1</active>
</city>
<city>
<id>427961</id>
<name>Waterloo</name>
<state>IN</state>
<rating/>
<url>http://www.greatschools.org/city/Waterloo/IN</url>
<lat>41.4319</lat>
<lon>-85.0286</lon>
<active>1</active>
</city>
<city>
<id>442306</id>
<name>Watson</name>
<state>IN</state>
<rating/>
<url>http://www.greatschools.org/city/Watson/IN</url>
<lat>38.3475</lat>
<lon>-85.7059</lon>
<active>1</active>
</city>
<city>
<id>427583</id>
<name>Waveland</name>
<state>IN</state>
<rating/>
<url>http://www.greatschools.org/city/Waveland/IN</url>
<lat>39.8773</lat>
<lon>-87.0455</lon>
<active>1</active>
</city>
<city>
<id>427690</id>
<name>West Harrison</name>
<state>IN</state>
<rating/>
<url>http://www.greatschools.org/city/West_Harrison/IN</url>
<lat>39.2558</lat>
<lon>-84.8213</lon>
<active>1</active>
</city>
<city>
<id>427605</id>
<name>West Lafayette</name>
<state>IN</state>
<rating/>
<url>http://www.greatschools.org/city/West_Lafayette/IN</url>
<lat>40.4552</lat>
<lon>-86.9118</lon>
<active>1</active>
</city>
<city>
<id>446057</id>
<name>West Lafeyette</name>
<state>IN</state>
<rating/>
<url>http://www.greatschools.org/city/West_Lafeyette/IN</url>
<lat>40.5056</lat>
<lon>-86.9162</lon>
<active>1</active>
</city>
<city>
<id>427891</id>
<name>West Lebanon</name>
<state>IN</state>
<rating/>
<url>http://www.greatschools.org/city/West_Lebanon/IN</url>
<lat>40.2724</lat>
<lon>-87.3862</lon>
<active>1</active>
</city>
<city>
<id>427945</id>
<name>West Newton</name>
<state>IN</state>
<rating/>
<url>http://www.greatschools.org/city/West_Newton/IN</url>
<lat>39.6528</lat>
<lon>-86.2821</lon>
<active>1</active>
</city>
<city>
<id>427777</id>
<name>West Terre Haute</name>
<state>IN</state>
<rating/>
<url>http://www.greatschools.org/city/West_Terre_Haute/IN</url>
<lat>39.4638</lat>
<lon>-87.4506</lon>
<active>1</active>
</city>
<city>
<id>427551</id>
<name>Westfield</name>
<state>IN</state>
<rating/>
<url>http://www.greatschools.org/city/Westfield/IN</url>
<lat>40.0285</lat>
<lon>-86.1566</lon>
<active>1</active>
</city>
<city>
<id>427871</id>
<name>Westville</name>
<state>IN</state>
<rating/>
<url>http://www.greatschools.org/city/Westville/IN</url>
<lat>41.538</lat>
<lon>-86.9055</lon>
<active>1</active>
</city>
<city>
<id>427655</id>
<name>Wheatfield</name>
<state>IN</state>
<rating/>
<url>http://www.greatschools.org/city/Wheatfield/IN</url>
<lat>41.1911</lat>
<lon>-87.0526</lon>
<active>1</active>
</city>
<city>
<id>427955</id>
<name>Whiteland</name>
<state>IN</state>
<rating/>
<url>http://www.greatschools.org/city/Whiteland/IN</url>
<lat>39.5506</lat>
<lon>-86.0825</lon>
<active>1</active>
</city>
<city>
<id>427645</id>
<name>Whitestown</name>
<state>IN</state>
<rating/>
<url>http://www.greatschools.org/city/Whitestown/IN</url>
<lat>39.9631</lat>
<lon>-86.3664</lon>
<active>1</active>
</city>
<city>
<id>427750</id>
<name>Whiting</name>
<state>IN</state>
<rating/>
<url>http://www.greatschools.org/city/Whiting/IN</url>
<lat>41.6768</lat>
<lon>-87.4765</lon>
<active>1</active>
</city>
<city>
<id>427579</id>
<name>Williamsburg</name>
<state>IN</state>
<rating/>
<url>http://www.greatschools.org/city/Williamsburg/IN</url>
<lat>39.9656</lat>
<lon>-84.9961</lon>
<active>1</active>
</city>
<city>
<id>427890</id>
<name>Williamsport</name>
<state>IN</state>
<rating/>
<url>http://www.greatschools.org/city/Williamsport/IN</url>
<lat>40.2884</lat>
<lon>-87.2923</lon>
<active>1</active>
</city>
<city>
<id>427876</id>
<name>Winamac</name>
<state>IN</state>
<rating/>
<url>http://www.greatschools.org/city/Winamac/IN</url>
<lat>41.0535</lat>
<lon>-86.6037</lon>
<active>1</active>
</city>
<city>
<id>427957</id>
<name>Winchester</name>
<state>IN</state>
<rating/>
<url>http://www.greatschools.org/city/Winchester/IN</url>
<lat>40.1721</lat>
<lon>-84.9771</lon>
<active>1</active>
</city>
<city>
<id>442303</id>
<name>Windfall</name>
<state>IN</state>
<rating/>
<url>http://www.greatschools.org/city/Windfall/IN</url>
<lat>40.3559</lat>
<lon>-85.9399</lon>
<active>1</active>
</city>
<city>
<id>427738</id>
<name>Winona Lake</name>
<state>IN</state>
<rating/>
<url>http://www.greatschools.org/city/Winona_Lake/IN</url>
<lat>41.2168</lat>
<lon>-85.8127</lon>
<active>1</active>
</city>
<city>
<id>427830</id>
<name>Winslow</name>
<state>IN</state>
<rating/>
<url>http://www.greatschools.org/city/Winslow/IN</url>
<lat>38.3827</lat>
<lon>-87.2122</lon>
<active>1</active>
</city>
<city>
<id>427785</id>
<name>Wolcott</name>
<state>IN</state>
<rating/>
<url>http://www.greatschools.org/city/Wolcott/IN</url>
<lat>40.759</lat>
<lon>-87.0421</lon>
<active>1</active>
</city>
<city>
<id>427670</id>
<name>Wolcottville</name>
<state>IN</state>
<rating/>
<url>http://www.greatschools.org/city/Wolcottville/IN</url>
<lat>41.5256</lat>
<lon>-85.3667</lon>
<active>1</active>
</city>
<city>
<id>427959</id>
<name>Wolf Lake</name>
<state>IN</state>
<rating/>
<url>http://www.greatschools.org/city/Wolf_Lake/IN</url>
<lat>0.0</lat>
<lon>0.0</lon>
<active>1</active>
</city>
<city>
<id>427719</id>
<name>Woodburn</name>
<state>IN</state>
<rating/>
<url>http://www.greatschools.org/city/Woodburn/IN</url>
<lat>41.1256</lat>
<lon>-84.86</lon>
<active>1</active>
</city>
<city>
<id>427716</id>
<name>Worthington</name>
<state>IN</state>
<rating/>
<url>http://www.greatschools.org/city/Worthington/IN</url>
<lat>39.1185</lat>
<lon>-86.9793</lon>
<active>1</active>
</city>
<city>
<id>427874</id>
<name>Yorktown</name>
<state>IN</state>
<rating/>
<url>http://www.greatschools.org/city/Yorktown/IN</url>
<lat>40.1942</lat>
<lon>-85.475</lon>
<active>1</active>
</city>
<city>
<id>427659</id>
<name>Zionsville</name>
<state>IN</state>
<rating/>
<url>http://www.greatschools.org/city/Zionsville/IN</url>
<lat>39.9592</lat>
<lon>-86.2711</lon>
<active>1</active>
</city>
</greatschools-city-feed>
