<?xml version="1.0" encoding="utf-8"?><greatschools-city-feed xmlns:xsi="http://www.w3.org/2001/XMLSchema-instance" xsi:noNamespaceSchemaLocation="http://www.greatschools.org/feeds/greatschools-city2.xsd">
<city>
<id>409638</id>
<name>Abbeville</name>
<state>LA</state>
<rating>6</rating>
<url>http://www.greatschools.org/city/Abbeville/LA</url>
<lat>29.9744</lat>
<lon>-92.1268</lon>
<active>1</active>
</city>
<city>
<id>409712</id>
<name>Abita Springs</name>
<state>LA</state>
<rating>9</rating>
<url>http://www.greatschools.org/city/Abita_Springs/LA</url>
<lat>30.4766</lat>
<lon>-90.0293</lon>
<active>1</active>
</city>
<city>
<id>442408</id>
<name>Addis</name>
<state>LA</state>
<rating/>
<url>http://www.greatschools.org/city/Addis/LA</url>
<lat>30.3652</lat>
<lon>-91.2652</lon>
<active>1</active>
</city>
<city>
<id>409829</id>
<name>Albany</name>
<state>LA</state>
<rating>7</rating>
<url>http://www.greatschools.org/city/Albany/LA</url>
<lat>30.5026</lat>
<lon>-90.5848</lon>
<active>1</active>
</city>
<city>
<id>445044</id>
<name>Albuquerque</name>
<state>LA</state>
<rating/>
<url>http://www.greatschools.org/city/Albuquerque/LA</url>
<lat>35.0806</lat>
<lon>-106.59</lon>
<active>1</active>
</city>
<city>
<id>409633</id>
<name>Alexandria</name>
<state>LA</state>
<rating>5</rating>
<url>http://www.greatschools.org/city/Alexandria/LA</url>
<lat>31.2934</lat>
<lon>-92.4702</lon>
<active>1</active>
</city>
<city>
<id>409721</id>
<name>Amelia</name>
<state>LA</state>
<rating>8</rating>
<url>http://www.greatschools.org/city/Amelia/LA</url>
<lat>29.6632</lat>
<lon>-91.1109</lon>
<active>1</active>
</city>
<city>
<id>409629</id>
<name>Amite</name>
<state>LA</state>
<rating>2</rating>
<url>http://www.greatschools.org/city/Amite/LA</url>
<lat>30.7308</lat>
<lon>-90.4972</lon>
<active>1</active>
</city>
<city>
<id>445045</id>
<name>Amite City</name>
<state>LA</state>
<rating/>
<url>http://www.greatschools.org/city/Amite_City/LA</url>
<lat>30.7309</lat>
<lon>-90.5122</lon>
<active>1</active>
</city>
<city>
<id>409678</id>
<name>Anacoco</name>
<state>LA</state>
<rating>10</rating>
<url>http://www.greatschools.org/city/Anacoco/LA</url>
<lat>31.258</lat>
<lon>-93.347</lon>
<active>1</active>
</city>
<city>
<id>409674</id>
<name>Angie</name>
<state>LA</state>
<rating>4</rating>
<url>http://www.greatschools.org/city/Angie/LA</url>
<lat>30.9613</lat>
<lon>-89.8211</lon>
<active>1</active>
</city>
<city>
<id>409821</id>
<name>Arabi</name>
<state>LA</state>
<rating>7</rating>
<url>http://www.greatschools.org/city/Arabi/LA</url>
<lat>29.9555</lat>
<lon>-89.9984</lon>
<active>1</active>
</city>
<city>
<id>409909</id>
<name>Arcadia</name>
<state>LA</state>
<rating>3</rating>
<url>http://www.greatschools.org/city/Arcadia/LA</url>
<lat>32.5506</lat>
<lon>-92.9238</lon>
<active>1</active>
</city>
<city>
<id>409725</id>
<name>Arnaudville</name>
<state>LA</state>
<rating>5</rating>
<url>http://www.greatschools.org/city/Arnaudville/LA</url>
<lat>30.4017</lat>
<lon>-91.9324</lon>
<active>1</active>
</city>
<city>
<id>409797</id>
<name>Athens</name>
<state>LA</state>
<rating/>
<url>http://www.greatschools.org/city/Athens/LA</url>
<lat>32.6513</lat>
<lon>-93.0254</lon>
<active>1</active>
</city>
<city>
<id>409658</id>
<name>Atlanta</name>
<state>LA</state>
<rating>5</rating>
<url>http://www.greatschools.org/city/Atlanta/LA</url>
<lat>31.8064</lat>
<lon>-92.7383</lon>
<active>1</active>
</city>
<city>
<id>409848</id>
<name>Avondale</name>
<state>LA</state>
<rating>5</rating>
<url>http://www.greatschools.org/city/Avondale/LA</url>
<lat>29.9005</lat>
<lon>-90.1933</lon>
<active>1</active>
</city>
<city>
<id>409592</id>
<name>Baker</name>
<state>LA</state>
<rating>3</rating>
<url>http://www.greatschools.org/city/Baker/LA</url>
<lat>30.5832</lat>
<lon>-91.1577</lon>
<active>1</active>
</city>
<city>
<id>409654</id>
<name>Baldwin</name>
<state>LA</state>
<rating>4</rating>
<url>http://www.greatschools.org/city/Baldwin/LA</url>
<lat>29.8413</lat>
<lon>-91.5549</lon>
<active>1</active>
</city>
<city>
<id>409769</id>
<name>Ball</name>
<state>LA</state>
<rating>7</rating>
<url>http://www.greatschools.org/city/Ball/LA</url>
<lat>31.4183</lat>
<lon>-92.4081</lon>
<active>1</active>
</city>
<city>
<id>442407</id>
<name>Barksdale AFB</name>
<state>LA</state>
<rating/>
<url>http://www.greatschools.org/city/Barksdale_AFB/LA</url>
<lat>32.5007</lat>
<lon>-93.6252</lon>
<active>1</active>
</city>
<city>
<id>409873</id>
<name>Basile</name>
<state>LA</state>
<rating>9</rating>
<url>http://www.greatschools.org/city/Basile/LA</url>
<lat>30.4855</lat>
<lon>-92.601</lon>
<active>1</active>
</city>
<city>
<id>409872</id>
<name>Baskin</name>
<state>LA</state>
<rating>3</rating>
<url>http://www.greatschools.org/city/Baskin/LA</url>
<lat>32.2591</lat>
<lon>-91.7473</lon>
<active>1</active>
</city>
<city>
<id>409644</id>
<name>Bastrop</name>
<state>LA</state>
<rating>3</rating>
<url>http://www.greatschools.org/city/Bastrop/LA</url>
<lat>32.775</lat>
<lon>-91.9057</lon>
<active>1</active>
</city>
<city>
<id>409779</id>
<name>Batchelor</name>
<state>LA</state>
<rating>2</rating>
<url>http://www.greatschools.org/city/Batchelor/LA</url>
<lat>30.8155</lat>
<lon>-91.6881</lon>
<active>1</active>
</city>
<city>
<id>409591</id>
<name>Baton Rouge</name>
<state>LA</state>
<rating>5</rating>
<url>http://www.greatschools.org/city/Baton_Rouge/LA</url>
<lat>30.4485</lat>
<lon>-91.1259</lon>
<active>1</active>
</city>
<city>
<id>409902</id>
<name>Belcher</name>
<state>LA</state>
<rating>10</rating>
<url>http://www.greatschools.org/city/Belcher/LA</url>
<lat>32.7521</lat>
<lon>-93.8372</lon>
<active>1</active>
</city>
<city>
<id>409899</id>
<name>Bell City</name>
<state>LA</state>
<rating>8</rating>
<url>http://www.greatschools.org/city/Bell_City/LA</url>
<lat>30.0007</lat>
<lon>-92.96</lon>
<active>1</active>
</city>
<city>
<id>409588</id>
<name>Belle Chasse</name>
<state>LA</state>
<rating>9</rating>
<url>http://www.greatschools.org/city/Belle_Chasse/LA</url>
<lat>29.852</lat>
<lon>-90.0063</lon>
<active>1</active>
</city>
<city>
<id>409920</id>
<name>Belle Rose</name>
<state>LA</state>
<rating>4</rating>
<url>http://www.greatschools.org/city/Belle_Rose/LA</url>
<lat>30.0421</lat>
<lon>-91.0498</lon>
<active>1</active>
</city>
<city>
<id>409794</id>
<name>Belmont</name>
<state>LA</state>
<rating/>
<url>http://www.greatschools.org/city/Belmont/LA</url>
<lat>31.7182</lat>
<lon>-93.5082</lon>
<active>1</active>
</city>
<city>
<id>409904</id>
<name>Benton</name>
<state>LA</state>
<rating>8</rating>
<url>http://www.greatschools.org/city/Benton/LA</url>
<lat>32.6921</lat>
<lon>-93.7403</lon>
<active>1</active>
</city>
<city>
<id>409693</id>
<name>Bernice</name>
<state>LA</state>
<rating>3</rating>
<url>http://www.greatschools.org/city/Bernice/LA</url>
<lat>32.8272</lat>
<lon>-92.6573</lon>
<active>1</active>
</city>
<city>
<id>409720</id>
<name>Berwick</name>
<state>LA</state>
<rating>9</rating>
<url>http://www.greatschools.org/city/Berwick/LA</url>
<lat>29.7005</lat>
<lon>-91.2352</lon>
<active>1</active>
</city>
<city>
<id>409911</id>
<name>Bienville</name>
<state>LA</state>
<rating/>
<url>http://www.greatschools.org/city/Bienville/LA</url>
<lat>32.3633</lat>
<lon>-92.9766</lon>
<active>1</active>
</city>
<city>
<id>442405</id>
<name>Blanchard</name>
<state>LA</state>
<rating/>
<url>http://www.greatschools.org/city/Blanchard/LA</url>
<lat>32.5801</lat>
<lon>-93.885</lon>
<active>1</active>
</city>
<city>
<id>409632</id>
<name>Bogalusa</name>
<state>LA</state>
<rating>3</rating>
<url>http://www.greatschools.org/city/Bogalusa/LA</url>
<lat>30.7767</lat>
<lon>-89.8603</lon>
<active>1</active>
</city>
<city>
<id>409782</id>
<name>Boothville</name>
<state>LA</state>
<rating>9</rating>
<url>http://www.greatschools.org/city/Boothville/LA</url>
<lat>29.3325</lat>
<lon>-89.4057</lon>
<active>1</active>
</city>
<city>
<id>409605</id>
<name>Bossier City</name>
<state>LA</state>
<rating>7</rating>
<url>http://www.greatschools.org/city/Bossier_City/LA</url>
<lat>32.5237</lat>
<lon>-93.6556</lon>
<active>1</active>
</city>
<city>
<id>409696</id>
<name>Bourg</name>
<state>LA</state>
<rating>5</rating>
<url>http://www.greatschools.org/city/Bourg/LA</url>
<lat>29.5636</lat>
<lon>-90.615</lon>
<active>1</active>
</city>
<city>
<id>409753</id>
<name>Boutte</name>
<state>LA</state>
<rating>7</rating>
<url>http://www.greatschools.org/city/Boutte/LA</url>
<lat>29.8867</lat>
<lon>-90.3892</lon>
<active>1</active>
</city>
<city>
<id>442404</id>
<name>Boyce</name>
<state>LA</state>
<rating/>
<url>http://www.greatschools.org/city/Boyce/LA</url>
<lat>31.3899</lat>
<lon>-92.6704</lon>
<active>1</active>
</city>
<city>
<id>409781</id>
<name>Braithwaite</name>
<state>LA</state>
<rating>5</rating>
<url>http://www.greatschools.org/city/Braithwaite/LA</url>
<lat>29.7306</lat>
<lon>-89.9086</lon>
<active>1</active>
</city>
<city>
<id>409934</id>
<name>Branch</name>
<state>LA</state>
<rating>7</rating>
<url>http://www.greatschools.org/city/Branch/LA</url>
<lat>30.3401</lat>
<lon>-92.2856</lon>
<active>1</active>
</city>
<city>
<id>409604</id>
<name>Breaux Bridge</name>
<state>LA</state>
<rating>4</rating>
<url>http://www.greatschools.org/city/Breaux_Bridge/LA</url>
<lat>30.2831</lat>
<lon>-91.9059</lon>
<active>1</active>
</city>
<city>
<id>409850</id>
<name>Bridge City</name>
<state>LA</state>
<rating>4</rating>
<url>http://www.greatschools.org/city/Bridge_City/LA</url>
<lat>29.9408</lat>
<lon>-90.1566</lon>
<active>1</active>
</city>
<city>
<id>442403</id>
<name>Brittany</name>
<state>LA</state>
<rating/>
<url>http://www.greatschools.org/city/Brittany/LA</url>
<lat>30.2123</lat>
<lon>-90.8807</lon>
<active>1</active>
</city>
<city>
<id>409816</id>
<name>Broussard</name>
<state>LA</state>
<rating>6</rating>
<url>http://www.greatschools.org/city/Broussard/LA</url>
<lat>30.1374</lat>
<lon>-91.9558</lon>
<active>1</active>
</city>
<city>
<id>409666</id>
<name>Brusly</name>
<state>LA</state>
<rating>7</rating>
<url>http://www.greatschools.org/city/Brusly/LA</url>
<lat>30.3943</lat>
<lon>-91.2516</lon>
<active>1</active>
</city>
<city>
<id>409583</id>
<name>Bunkie</name>
<state>LA</state>
<rating>3</rating>
<url>http://www.greatschools.org/city/Bunkie/LA</url>
<lat>30.9553</lat>
<lon>-92.186</lon>
<active>1</active>
</city>
<city>
<id>409714</id>
<name>Bush</name>
<state>LA</state>
<rating>8</rating>
<url>http://www.greatschools.org/city/Bush/LA</url>
<lat>30.6124</lat>
<lon>-89.9443</lon>
<active>1</active>
</city>
<city>
<id>409650</id>
<name>Calhoun</name>
<state>LA</state>
<rating>8</rating>
<url>http://www.greatschools.org/city/Calhoun/LA</url>
<lat>32.5153</lat>
<lon>-92.3539</lon>
<active>1</active>
</city>
<city>
<id>409657</id>
<name>Calvin</name>
<state>LA</state>
<rating>7</rating>
<url>http://www.greatschools.org/city/Calvin/LA</url>
<lat>31.9617</lat>
<lon>-92.7758</lon>
<active>1</active>
</city>
<city>
<id>409889</id>
<name>Cameron</name>
<state>LA</state>
<rating/>
<url>http://www.greatschools.org/city/Cameron/LA</url>
<lat>29.7952</lat>
<lon>-93.2916</lon>
<active>1</active>
</city>
<city>
<id>409598</id>
<name>Campti</name>
<state>LA</state>
<rating>3</rating>
<url>http://www.greatschools.org/city/Campti/LA</url>
<lat>31.898</lat>
<lon>-93.1164</lon>
<active>1</active>
</city>
<city>
<id>409737</id>
<name>Cankton</name>
<state>LA</state>
<rating>5</rating>
<url>http://www.greatschools.org/city/Cankton/LA</url>
<lat>30.3455</lat>
<lon>-92.1131</lon>
<active>1</active>
</city>
<city>
<id>409815</id>
<name>Carencro</name>
<state>LA</state>
<rating>3</rating>
<url>http://www.greatschools.org/city/Carencro/LA</url>
<lat>30.3115</lat>
<lon>-92.0385</lon>
<active>1</active>
</city>
<city>
<id>444431</id>
<name>Carville</name>
<state>LA</state>
<rating/>
<url>http://www.greatschools.org/city/Carville/LA</url>
<lat>30.2125</lat>
<lon>-91.0956</lon>
<active>1</active>
</city>
<city>
<id>409910</id>
<name>Castor</name>
<state>LA</state>
<rating>6</rating>
<url>http://www.greatschools.org/city/Castor/LA</url>
<lat>32.2549</lat>
<lon>-93.166</lon>
<active>1</active>
</city>
<city>
<id>409723</id>
<name>Cecilia</name>
<state>LA</state>
<rating>6</rating>
<url>http://www.greatschools.org/city/Cecilia/LA</url>
<lat>30.3364</lat>
<lon>-91.8479</lon>
<active>1</active>
</city>
<city>
<id>442402</id>
<name>Center Point</name>
<state>LA</state>
<rating/>
<url>http://www.greatschools.org/city/Center_Point/LA</url>
<lat>31.2524</lat>
<lon>-92.2099</lon>
<active>1</active>
</city>
<city>
<id>409719</id>
<name>Centerville</name>
<state>LA</state>
<rating>5</rating>
<url>http://www.greatschools.org/city/Centerville/LA</url>
<lat>30.8932</lat>
<lon>-92.3099</lon>
<active>1</active>
</city>
<city>
<id>444294</id>
<name>Central</name>
<state>LA</state>
<rating>9</rating>
<url>http://www.greatschools.org/city/Central/LA</url>
<lat>30.5593</lat>
<lon>-91.0355</lon>
<active>1</active>
</city>
<city>
<id>409595</id>
<name>Chalmette</name>
<state>LA</state>
<rating>6</rating>
<url>http://www.greatschools.org/city/Chalmette/LA</url>
<lat>29.944</lat>
<lon>-89.966</lon>
<active>1</active>
</city>
<city>
<id>409718</id>
<name>Charenton</name>
<state>LA</state>
<rating/>
<url>http://www.greatschools.org/city/Charenton/LA</url>
<lat>29.8671</lat>
<lon>-91.54</lon>
<active>1</active>
</city>
<city>
<id>409876</id>
<name>Chataignier</name>
<state>LA</state>
<rating>6</rating>
<url>http://www.greatschools.org/city/Chataignier/LA</url>
<lat>30.5696</lat>
<lon>-92.3168</lon>
<active>1</active>
</city>
<city>
<id>442401</id>
<name>Chatham</name>
<state>LA</state>
<rating/>
<url>http://www.greatschools.org/city/Chatham/LA</url>
<lat>32.3092</lat>
<lon>-92.4514</lon>
<active>1</active>
</city>
<city>
<id>409695</id>
<name>Chauvin</name>
<state>LA</state>
<rating>6</rating>
<url>http://www.greatschools.org/city/Chauvin/LA</url>
<lat>29.4453</lat>
<lon>-90.5936</lon>
<active>1</active>
</city>
<city>
<id>442400</id>
<name>Cheneyville</name>
<state>LA</state>
<rating/>
<url>http://www.greatschools.org/city/Cheneyville/LA</url>
<lat>31.011</lat>
<lon>-92.2901</lon>
<active>1</active>
</city>
<city>
<id>409835</id>
<name>Choudrant</name>
<state>LA</state>
<rating>8</rating>
<url>http://www.greatschools.org/city/Choudrant/LA</url>
<lat>32.5331</lat>
<lon>-92.5256</lon>
<active>1</active>
</city>
<city>
<id>409814</id>
<name>Church Point</name>
<state>LA</state>
<rating>5</rating>
<url>http://www.greatschools.org/city/Church_Point/LA</url>
<lat>30.4037</lat>
<lon>-92.2145</lon>
<active>1</active>
</city>
<city>
<id>444432</id>
<name>Clarks</name>
<state>LA</state>
<rating/>
<url>http://www.greatschools.org/city/Clarks/LA</url>
<lat>32.0288</lat>
<lon>-92.1408</lon>
<active>1</active>
</city>
<city>
<id>442399</id>
<name>Clayton</name>
<state>LA</state>
<rating/>
<url>http://www.greatschools.org/city/Clayton/LA</url>
<lat>31.7222</lat>
<lon>-91.5346</lon>
<active>1</active>
</city>
<city>
<id>409639</id>
<name>Clinton</name>
<state>LA</state>
<rating>2</rating>
<url>http://www.greatschools.org/city/Clinton/LA</url>
<lat>30.8617</lat>
<lon>-91.0155</lon>
<active>1</active>
</city>
<city>
<id>409824</id>
<name>Cloutierville</name>
<state>LA</state>
<rating>2</rating>
<url>http://www.greatschools.org/city/Cloutierville/LA</url>
<lat>31.5113</lat>
<lon>-92.8779</lon>
<active>1</active>
</city>
<city>
<id>409868</id>
<name>Colfax</name>
<state>LA</state>
<rating>3</rating>
<url>http://www.greatschools.org/city/Colfax/LA</url>
<lat>31.5196</lat>
<lon>-92.6997</lon>
<active>1</active>
</city>
<city>
<id>442398</id>
<name>Collinston</name>
<state>LA</state>
<rating/>
<url>http://www.greatschools.org/city/Collinston/LA</url>
<lat>32.6893</lat>
<lon>-91.8718</lon>
<active>1</active>
</city>
<city>
<id>409893</id>
<name>Columbia</name>
<state>LA</state>
<rating>5</rating>
<url>http://www.greatschools.org/city/Columbia/LA</url>
<lat>32.1021</lat>
<lon>-92.0764</lon>
<active>1</active>
</city>
<city>
<id>409743</id>
<name>Convent</name>
<state>LA</state>
<rating/>
<url>http://www.greatschools.org/city/Convent/LA</url>
<lat>30.0137</lat>
<lon>-90.8195</lon>
<active>1</active>
</city>
<city>
<id>409761</id>
<name>Converse</name>
<state>LA</state>
<rating>6</rating>
<url>http://www.greatschools.org/city/Converse/LA</url>
<lat>31.7795</lat>
<lon>-93.7001</lon>
<active>1</active>
</city>
<city>
<id>409673</id>
<name>Cotton Valley</name>
<state>LA</state>
<rating>7</rating>
<url>http://www.greatschools.org/city/Cotton_Valley/LA</url>
<lat>32.8134</lat>
<lon>-93.4231</lon>
<active>1</active>
</city>
<city>
<id>409819</id>
<name>Cottonport</name>
<state>LA</state>
<rating>4</rating>
<url>http://www.greatschools.org/city/Cottonport/LA</url>
<lat>30.9892</lat>
<lon>-92.0509</lon>
<active>1</active>
</city>
<city>
<id>409649</id>
<name>Coushatta</name>
<state>LA</state>
<rating>5</rating>
<url>http://www.greatschools.org/city/Coushatta/LA</url>
<lat>32.0258</lat>
<lon>-93.3406</lon>
<active>1</active>
</city>
<city>
<id>409620</id>
<name>Covington</name>
<state>LA</state>
<rating>6</rating>
<url>http://www.greatschools.org/city/Covington/LA</url>
<lat>30.4803</lat>
<lon>-90.1126</lon>
<active>1</active>
</city>
<city>
<id>409636</id>
<name>Crowley</name>
<state>LA</state>
<rating>4</rating>
<url>http://www.greatschools.org/city/Crowley/LA</url>
<lat>30.2176</lat>
<lon>-92.3754</lon>
<active>1</active>
</city>
<city>
<id>409869</id>
<name>Crowville</name>
<state>LA</state>
<rating>5</rating>
<url>http://www.greatschools.org/city/Crowville/LA</url>
<lat>32.24</lat>
<lon>-91.59</lon>
<active>1</active>
</city>
<city>
<id>409841</id>
<name>Cut Off</name>
<state>LA</state>
<rating>7</rating>
<url>http://www.greatschools.org/city/Cut_Off/LA</url>
<lat>29.5163</lat>
<lon>-90.3297</lon>
<active>1</active>
</city>
<city>
<id>409862</id>
<name>Delcambre</name>
<state>LA</state>
<rating>8</rating>
<url>http://www.greatschools.org/city/Delcambre/LA</url>
<lat>29.9515</lat>
<lon>-91.9916</lon>
<active>1</active>
</city>
<city>
<id>409587</id>
<name>Delhi</name>
<state>LA</state>
<rating>3</rating>
<url>http://www.greatschools.org/city/Delhi/LA</url>
<lat>32.4532</lat>
<lon>-91.49</lon>
<active>1</active>
</city>
<city>
<id>409627</id>
<name>Denham Springs</name>
<state>LA</state>
<rating>8</rating>
<url>http://www.greatschools.org/city/Denham_Springs/LA</url>
<lat>30.4743</lat>
<lon>-90.959</lon>
<active>1</active>
</city>
<city>
<id>409898</id>
<name>Dequincy</name>
<state>LA</state>
<rating>7</rating>
<url>http://www.greatschools.org/city/Dequincy/LA</url>
<lat>30.449</lat>
<lon>-93.4456</lon>
<active>1</active>
</city>
<city>
<id>409653</id>
<name>Deridder</name>
<state>LA</state>
<rating>7</rating>
<url>http://www.greatschools.org/city/Deridder/LA</url>
<lat>30.845</lat>
<lon>-93.2952</lon>
<active>1</active>
</city>
<city>
<id>409754</id>
<name>Des Allemands</name>
<state>LA</state>
<rating/>
<url>http://www.greatschools.org/city/Des_Allemands/LA</url>
<lat>29.8143</lat>
<lon>-90.4696</lon>
<active>1</active>
</city>
<city>
<id>409748</id>
<name>Destrehan</name>
<state>LA</state>
<rating>8</rating>
<url>http://www.greatschools.org/city/Destrehan/LA</url>
<lat>29.9721</lat>
<lon>-90.3541</lon>
<active>1</active>
</city>
<city>
<id>409766</id>
<name>Deville</name>
<state>LA</state>
<rating>7</rating>
<url>http://www.greatschools.org/city/Deville/LA</url>
<lat>31.3449</lat>
<lon>-92.1418</lon>
<active>1</active>
</city>
<city>
<id>409656</id>
<name>Dodson</name>
<state>LA</state>
<rating>7</rating>
<url>http://www.greatschools.org/city/Dodson/LA</url>
<lat>32.0808</lat>
<lon>-92.6587</lon>
<active>1</active>
</city>
<city>
<id>409802</id>
<name>Donaldsonville</name>
<state>LA</state>
<rating>4</rating>
<url>http://www.greatschools.org/city/Donaldsonville/LA</url>
<lat>30.0951</lat>
<lon>-90.9925</lon>
<active>1</active>
</city>
<city>
<id>409692</id>
<name>Downsville</name>
<state>LA</state>
<rating>5</rating>
<url>http://www.greatschools.org/city/Downsville/LA</url>
<lat>32.6264</lat>
<lon>-92.4129</lon>
<active>1</active>
</city>
<city>
<id>409667</id>
<name>Doyline</name>
<state>LA</state>
<rating>5</rating>
<url>http://www.greatschools.org/city/Doyline/LA</url>
<lat>32.5207</lat>
<lon>-93.4157</lon>
<active>1</active>
</city>
<city>
<id>409630</id>
<name>Dry Prong</name>
<state>LA</state>
<rating>6</rating>
<url>http://www.greatschools.org/city/Dry_Prong/LA</url>
<lat>31.5813</lat>
<lon>-92.5314</lon>
<active>1</active>
</city>
<city>
<id>409837</id>
<name>Dubach</name>
<state>LA</state>
<rating>5</rating>
<url>http://www.greatschools.org/city/Dubach/LA</url>
<lat>32.7033</lat>
<lon>-92.6615</lon>
<active>1</active>
</city>
<city>
<id>409672</id>
<name>Dubberly</name>
<state>LA</state>
<rating>5</rating>
<url>http://www.greatschools.org/city/Dubberly/LA</url>
<lat>32.5437</lat>
<lon>-93.2358</lon>
<active>1</active>
</city>
<city>
<id>409700</id>
<name>Dulac</name>
<state>LA</state>
<rating>6</rating>
<url>http://www.greatschools.org/city/Dulac/LA</url>
<lat>29.4051</lat>
<lon>-90.6928</lon>
<active>1</active>
</city>
<city>
<id>409844</id>
<name>Duson</name>
<state>LA</state>
<rating>6</rating>
<url>http://www.greatschools.org/city/Duson/LA</url>
<lat>30.2352</lat>
<lon>-92.1892</lon>
<active>1</active>
</city>
<city>
<id>409739</id>
<name>Edgard</name>
<state>LA</state>
<rating>5</rating>
<url>http://www.greatschools.org/city/Edgard/LA</url>
<lat>30.0307</lat>
<lon>-90.5467</lon>
<active>1</active>
</city>
<city>
<id>409917</id>
<name>Effie</name>
<state>LA</state>
<rating>8</rating>
<url>http://www.greatschools.org/city/Effie/LA</url>
<lat>31.2619</lat>
<lon>-92.0712</lon>
<active>1</active>
</city>
<city>
<id>409933</id>
<name>Egan</name>
<state>LA</state>
<rating>9</rating>
<url>http://www.greatschools.org/city/Egan/LA</url>
<lat>30.2455</lat>
<lon>-92.5116</lon>
<active>1</active>
</city>
<city>
<id>409927</id>
<name>Elizabeth</name>
<state>LA</state>
<rating>7</rating>
<url>http://www.greatschools.org/city/Elizabeth/LA</url>
<lat>30.8657</lat>
<lon>-92.8018</lon>
<active>1</active>
</city>
<city>
<id>409905</id>
<name>Elm Grove</name>
<state>LA</state>
<rating>7</rating>
<url>http://www.greatschools.org/city/Elm_Grove/LA</url>
<lat>32.3042</lat>
<lon>-93.4986</lon>
<active>1</active>
</city>
<city>
<id>409774</id>
<name>Elmer</name>
<state>LA</state>
<rating>4</rating>
<url>http://www.greatschools.org/city/Elmer/LA</url>
<lat>31.1754</lat>
<lon>-92.6869</lon>
<active>1</active>
</city>
<city>
<id>445902</id>
<name>Elmwood</name>
<state>LA</state>
<rating/>
<url>http://www.greatschools.org/city/Elmwood/LA</url>
<lat>29.9541</lat>
<lon>-90.1809</lon>
<active>1</active>
</city>
<city>
<id>409856</id>
<name>Elton</name>
<state>LA</state>
<rating>7</rating>
<url>http://www.greatschools.org/city/Elton/LA</url>
<lat>30.4812</lat>
<lon>-92.6976</lon>
<active>1</active>
</city>
<city>
<id>409665</id>
<name>Epps</name>
<state>LA</state>
<rating>4</rating>
<url>http://www.greatschools.org/city/Epps/LA</url>
<lat>32.6038</lat>
<lon>-91.4814</lon>
<active>1</active>
</city>
<city>
<id>409686</id>
<name>Erath</name>
<state>LA</state>
<rating>8</rating>
<url>http://www.greatschools.org/city/Erath/LA</url>
<lat>29.9588</lat>
<lon>-92.0374</lon>
<active>1</active>
</city>
<city>
<id>442396</id>
<name>Erwinville</name>
<state>LA</state>
<rating/>
<url>http://www.greatschools.org/city/Erwinville/LA</url>
<lat>30.5427</lat>
<lon>-91.3913</lon>
<active>1</active>
</city>
<city>
<id>409932</id>
<name>Estherwood</name>
<state>LA</state>
<rating>7</rating>
<url>http://www.greatschools.org/city/Estherwood/LA</url>
<lat>30.1816</lat>
<lon>-92.4633</lon>
<active>1</active>
</city>
<city>
<id>442395</id>
<name>Ethel</name>
<state>LA</state>
<rating/>
<url>http://www.greatschools.org/city/Ethel/LA</url>
<lat>30.8206</lat>
<lon>-91.1091</lon>
<active>1</active>
</city>
<city>
<id>409728</id>
<name>Eunice</name>
<state>LA</state>
<rating>7</rating>
<url>http://www.greatschools.org/city/Eunice/LA</url>
<lat>30.4904</lat>
<lon>-92.419</lon>
<active>1</active>
</city>
<city>
<id>409931</id>
<name>Evangeline</name>
<state>LA</state>
<rating>8</rating>
<url>http://www.greatschools.org/city/Evangeline/LA</url>
<lat>30.2612</lat>
<lon>-92.5917</lon>
<active>1</active>
</city>
<city>
<id>409683</id>
<name>Evans</name>
<state>LA</state>
<rating>8</rating>
<url>http://www.greatschools.org/city/Evans/LA</url>
<lat>30.9687</lat>
<lon>-93.4904</lon>
<active>1</active>
</city>
<city>
<id>409594</id>
<name>Farmerville</name>
<state>LA</state>
<rating>4</rating>
<url>http://www.greatschools.org/city/Farmerville/LA</url>
<lat>32.7751</lat>
<lon>-92.4005</lon>
<active>1</active>
</city>
<city>
<id>409855</id>
<name>Fenton</name>
<state>LA</state>
<rating>9</rating>
<url>http://www.greatschools.org/city/Fenton/LA</url>
<lat>30.3638</lat>
<lon>-92.9164</lon>
<active>1</active>
</city>
<city>
<id>409652</id>
<name>Ferriday</name>
<state>LA</state>
<rating>2</rating>
<url>http://www.greatschools.org/city/Ferriday/LA</url>
<lat>31.6342</lat>
<lon>-91.5562</lon>
<active>1</active>
</city>
<city>
<id>409759</id>
<name>Florien</name>
<state>LA</state>
<rating>8</rating>
<url>http://www.greatschools.org/city/Florien/LA</url>
<lat>31.4525</lat>
<lon>-93.4583</lon>
<active>1</active>
</city>
<city>
<id>409713</id>
<name>Folsom</name>
<state>LA</state>
<rating>8</rating>
<url>http://www.greatschools.org/city/Folsom/LA</url>
<lat>30.6324</lat>
<lon>-90.1961</lon>
<active>1</active>
</city>
<city>
<id>445046</id>
<name>Fordoche</name>
<state>LA</state>
<rating/>
<url>http://www.greatschools.org/city/Fordoche/LA</url>
<lat>30.596</lat>
<lon>-91.6165</lon>
<active>1</active>
</city>
<city>
<id>409664</id>
<name>Forest</name>
<state>LA</state>
<rating>7</rating>
<url>http://www.greatschools.org/city/Forest/LA</url>
<lat>32.7924</lat>
<lon>-91.4126</lon>
<active>1</active>
</city>
<city>
<id>409768</id>
<name>Forest Hill</name>
<state>LA</state>
<rating>7</rating>
<url>http://www.greatschools.org/city/Forest_Hill/LA</url>
<lat>31.0505</lat>
<lon>-92.5249</lon>
<active>1</active>
</city>
<city>
<id>409871</id>
<name>Fort Necessity</name>
<state>LA</state>
<rating>5</rating>
<url>http://www.greatschools.org/city/Fort_Necessity/LA</url>
<lat>31.9387</lat>
<lon>-91.8398</lon>
<active>1</active>
</city>
<city>
<id>409684</id>
<name>Fort Polk</name>
<state>LA</state>
<rating/>
<url>http://www.greatschools.org/city/Fort_Polk/LA</url>
<lat>31.049</lat>
<lon>-93.2151</lon>
<active>1</active>
</city>
<city>
<id>409585</id>
<name>Franklin</name>
<state>LA</state>
<rating>5</rating>
<url>http://www.greatschools.org/city/Franklin/LA</url>
<lat>29.785</lat>
<lon>-91.5096</lon>
<active>1</active>
</city>
<city>
<id>409676</id>
<name>Franklinton</name>
<state>LA</state>
<rating>5</rating>
<url>http://www.greatschools.org/city/Franklinton/LA</url>
<lat>30.8481</lat>
<lon>-90.1459</lon>
<active>1</active>
</city>
<city>
<id>409830</id>
<name>French Settlement</name>
<state>LA</state>
<rating>7</rating>
<url>http://www.greatschools.org/city/French_Settlement/LA</url>
<lat>30.3319</lat>
<lon>-90.8143</lon>
<active>1</active>
</city>
<city>
<id>409842</id>
<name>Galliano</name>
<state>LA</state>
<rating>6</rating>
<url>http://www.greatschools.org/city/Galliano/LA</url>
<lat>29.4459</lat>
<lon>-90.3077</lon>
<active>1</active>
</city>
<city>
<id>409740</id>
<name>Garyville</name>
<state>LA</state>
<rating>5</rating>
<url>http://www.greatschools.org/city/Garyville/LA</url>
<lat>30.0657</lat>
<lon>-90.6347</lon>
<active>1</active>
</city>
<city>
<id>409646</id>
<name>Geismar</name>
<state>LA</state>
<rating>9</rating>
<url>http://www.greatschools.org/city/Geismar/LA</url>
<lat>30.2286</lat>
<lon>-91.0061</lon>
<active>1</active>
</city>
<city>
<id>409867</id>
<name>Georgetown</name>
<state>LA</state>
<rating>7</rating>
<url>http://www.greatschools.org/city/Georgetown/LA</url>
<lat>31.7586</lat>
<lon>-92.3803</lon>
<active>1</active>
</city>
<city>
<id>409908</id>
<name>Gibsland</name>
<state>LA</state>
<rating>4</rating>
<url>http://www.greatschools.org/city/Gibsland/LA</url>
<lat>32.5402</lat>
<lon>-93.0553</lon>
<active>1</active>
</city>
<city>
<id>409699</id>
<name>Gibson</name>
<state>LA</state>
<rating>4</rating>
<url>http://www.greatschools.org/city/Gibson/LA</url>
<lat>29.6406</lat>
<lon>-90.9941</lon>
<active>1</active>
</city>
<city>
<id>409870</id>
<name>Gilbert</name>
<state>LA</state>
<rating>4</rating>
<url>http://www.greatschools.org/city/Gilbert/LA</url>
<lat>32.0536</lat>
<lon>-91.6516</lon>
<active>1</active>
</city>
<city>
<id>409772</id>
<name>Glenmora</name>
<state>LA</state>
<rating>5</rating>
<url>http://www.greatschools.org/city/Glenmora/LA</url>
<lat>30.9733</lat>
<lon>-92.5824</lon>
<active>1</active>
</city>
<city>
<id>442394</id>
<name>Gloster</name>
<state>LA</state>
<rating/>
<url>http://www.greatschools.org/city/Gloster/LA</url>
<lat>32.1904</lat>
<lon>-93.8047</lon>
<active>1</active>
</city>
<city>
<id>409843</id>
<name>Golden Meadow</name>
<state>LA</state>
<rating>7</rating>
<url>http://www.greatschools.org/city/Golden_Meadow/LA</url>
<lat>29.3866</lat>
<lon>-90.2748</lon>
<active>1</active>
</city>
<city>
<id>409827</id>
<name>Goldonna</name>
<state>LA</state>
<rating>5</rating>
<url>http://www.greatschools.org/city/Goldonna/LA</url>
<lat>32.0226</lat>
<lon>-92.9284</lon>
<active>1</active>
</city>
<city>
<id>409647</id>
<name>Gonzales</name>
<state>LA</state>
<rating>6</rating>
<url>http://www.greatschools.org/city/Gonzales/LA</url>
<lat>30.2155</lat>
<lon>-90.9242</lon>
<active>1</active>
</city>
<city>
<id>444103</id>
<name>Grambling</name>
<state>LA</state>
<rating/>
<url>http://www.greatschools.org/city/Grambling/LA</url>
<lat>32.5268</lat>
<lon>-92.7114</lon>
<active>1</active>
</city>
<city>
<id>409746</id>
<name>Gramercy</name>
<state>LA</state>
<rating>7</rating>
<url>http://www.greatschools.org/city/Gramercy/LA</url>
<lat>30.0619</lat>
<lon>-90.6936</lon>
<active>1</active>
</city>
<city>
<id>409806</id>
<name>Grand Cane</name>
<state>LA</state>
<rating/>
<url>http://www.greatschools.org/city/Grand_Cane/LA</url>
<lat>32.0839</lat>
<lon>-93.809</lon>
<active>1</active>
</city>
<city>
<id>444108</id>
<name>Grand Chenier</name>
<state>LA</state>
<rating>6</rating>
<url>http://www.greatschools.org/city/Grand_Chenier/LA</url>
<lat>29.7222</lat>
<lon>-92.8438</lon>
<active>1</active>
</city>
<city>
<id>409736</id>
<name>Grand Coteau</name>
<state>LA</state>
<rating>5</rating>
<url>http://www.greatschools.org/city/Grand_Coteau/LA</url>
<lat>30.4202</lat>
<lon>-92.0438</lon>
<active>1</active>
</city>
<city>
<id>409849</id>
<name>Grand Isle</name>
<state>LA</state>
<rating>6</rating>
<url>http://www.greatschools.org/city/Grand_Isle/LA</url>
<lat>29.2129</lat>
<lon>-90.0291</lon>
<active>1</active>
</city>
<city>
<id>409926</id>
<name>Grant</name>
<state>LA</state>
<rating>8</rating>
<url>http://www.greatschools.org/city/Grant/LA</url>
<lat>30.7931</lat>
<lon>-92.9515</lon>
<active>1</active>
</city>
<city>
<id>409694</id>
<name>Gray</name>
<state>LA</state>
<rating>4</rating>
<url>http://www.greatschools.org/city/Gray/LA</url>
<lat>29.6776</lat>
<lon>-90.7833</lon>
<active>1</active>
</city>
<city>
<id>409892</id>
<name>Grayson</name>
<state>LA</state>
<rating>5</rating>
<url>http://www.greatschools.org/city/Grayson/LA</url>
<lat>32.0492</lat>
<lon>-92.1116</lon>
<active>1</active>
</city>
<city>
<id>409747</id>
<name>Greensburg</name>
<state>LA</state>
<rating>1</rating>
<url>http://www.greatschools.org/city/Greensburg/LA</url>
<lat>30.8296</lat>
<lon>-90.6699</lon>
<active>1</active>
</city>
<city>
<id>409618</id>
<name>Greenwell Springs</name>
<state>LA</state>
<rating/>
<url>http://www.greatschools.org/city/Greenwell_Springs/LA</url>
<lat>30.5914</lat>
<lon>-90.9907</lon>
<active>1</active>
</city>
<city>
<id>442393</id>
<name>Greenwood</name>
<state>LA</state>
<rating/>
<url>http://www.greatschools.org/city/Greenwood/LA</url>
<lat>32.4393</lat>
<lon>-93.9615</lon>
<active>1</active>
</city>
<city>
<id>409600</id>
<name>Gretna</name>
<state>LA</state>
<rating>6</rating>
<url>http://www.greatschools.org/city/Gretna/LA</url>
<lat>29.911</lat>
<lon>-90.0517</lon>
<active>1</active>
</city>
<city>
<id>409687</id>
<name>Gueydan</name>
<state>LA</state>
<rating>7</rating>
<url>http://www.greatschools.org/city/Gueydan/LA</url>
<lat>30.029</lat>
<lon>-92.507</lon>
<active>1</active>
</city>
<city>
<id>409890</id>
<name>Hackberry</name>
<state>LA</state>
<rating>8</rating>
<url>http://www.greatschools.org/city/Hackberry/LA</url>
<lat>29.9648</lat>
<lon>-93.4101</lon>
<active>1</active>
</city>
<city>
<id>441810</id>
<name>Hahnville</name>
<state>LA</state>
<rating/>
<url>http://www.greatschools.org/city/Hahnville/LA</url>
<lat>29.962</lat>
<lon>-90.4203</lon>
<active>1</active>
</city>
<city>
<id>409623</id>
<name>Hammond</name>
<state>LA</state>
<rating>3</rating>
<url>http://www.greatschools.org/city/Hammond/LA</url>
<lat>30.5056</lat>
<lon>-90.4565</lon>
<active>1</active>
</city>
<city>
<id>409809</id>
<name>Harahan</name>
<state>LA</state>
<rating>8</rating>
<url>http://www.greatschools.org/city/Harahan/LA</url>
<lat>29.9364</lat>
<lon>-90.2027</lon>
<active>1</active>
</city>
<city>
<id>445047</id>
<name>Hardwood</name>
<state>LA</state>
<rating/>
<url>http://www.greatschools.org/city/Hardwood/LA</url>
<lat>30.8423</lat>
<lon>-91.4048</lon>
<active>1</active>
</city>
<city>
<id>409887</id>
<name>Harrisonburg</name>
<state>LA</state>
<rating>8</rating>
<url>http://www.greatschools.org/city/Harrisonburg/LA</url>
<lat>31.7664</lat>
<lon>-91.8235</lon>
<active>1</active>
</city>
<city>
<id>409601</id>
<name>Harvey</name>
<state>LA</state>
<rating>4</rating>
<url>http://www.greatschools.org/city/Harvey/LA</url>
<lat>29.8859</lat>
<lon>-90.066</lon>
<active>1</active>
</city>
<city>
<id>409903</id>
<name>Haughton</name>
<state>LA</state>
<rating>7</rating>
<url>http://www.greatschools.org/city/Haughton/LA</url>
<lat>32.5262</lat>
<lon>-93.5058</lon>
<active>1</active>
</city>
<city>
<id>409804</id>
<name>Haynesville</name>
<state>LA</state>
<rating>3</rating>
<url>http://www.greatschools.org/city/Haynesville/LA</url>
<lat>32.9663</lat>
<lon>-93.1381</lon>
<active>1</active>
</city>
<city>
<id>442392</id>
<name>Hessmer</name>
<state>LA</state>
<rating/>
<url>http://www.greatschools.org/city/Hessmer/LA</url>
<lat>31.0534</lat>
<lon>-92.1215</lon>
<active>1</active>
</city>
<city>
<id>442391</id>
<name>Hodge</name>
<state>LA</state>
<rating/>
<url>http://www.greatschools.org/city/Hodge/LA</url>
<lat>32.27</lat>
<lon>-92.7297</lon>
<active>1</active>
</city>
<city>
<id>409833</id>
<name>Holden</name>
<state>LA</state>
<rating>9</rating>
<url>http://www.greatschools.org/city/Holden/LA</url>
<lat>30.5569</lat>
<lon>-90.6517</lon>
<active>1</active>
</city>
<city>
<id>409787</id>
<name>Homer</name>
<state>LA</state>
<rating>2</rating>
<url>http://www.greatschools.org/city/Homer/LA</url>
<lat>32.7938</lat>
<lon>-93.0591</lon>
<active>1</active>
</city>
<city>
<id>409682</id>
<name>Hornbeck</name>
<state>LA</state>
<rating>7</rating>
<url>http://www.greatschools.org/city/Hornbeck/LA</url>
<lat>31.326</lat>
<lon>-93.3958</lon>
<active>1</active>
</city>
<city>
<id>409599</id>
<name>Houma</name>
<state>LA</state>
<rating>6</rating>
<url>http://www.greatschools.org/city/Houma/LA</url>
<lat>29.5786</lat>
<lon>-90.708</lon>
<active>1</active>
</city>
<city>
<id>409709</id>
<name>Independence</name>
<state>LA</state>
<rating>3</rating>
<url>http://www.greatschools.org/city/Independence/LA</url>
<lat>30.6361</lat>
<lon>-90.5052</lon>
<active>1</active>
</city>
<city>
<id>409793</id>
<name>Iota</name>
<state>LA</state>
<rating>7</rating>
<url>http://www.greatschools.org/city/Iota/LA</url>
<lat>30.3261</lat>
<lon>-92.4956</lon>
<active>1</active>
</city>
<city>
<id>409895</id>
<name>Iowa</name>
<state>LA</state>
<rating>6</rating>
<url>http://www.greatschools.org/city/Iowa/LA</url>
<lat>30.2391</lat>
<lon>-93.013</lon>
<active>1</active>
</city>
<city>
<id>409786</id>
<name>Jackson</name>
<state>LA</state>
<rating>2</rating>
<url>http://www.greatschools.org/city/Jackson/LA</url>
<lat>30.8345</lat>
<lon>-91.2096</lon>
<active>1</active>
</city>
<city>
<id>409813</id>
<name>Jeanerette</name>
<state>LA</state>
<rating>3</rating>
<url>http://www.greatschools.org/city/Jeanerette/LA</url>
<lat>29.9152</lat>
<lon>-91.6763</lon>
<active>1</active>
</city>
<city>
<id>409590</id>
<name>Jefferson</name>
<state>LA</state>
<rating>7</rating>
<url>http://www.greatschools.org/city/Jefferson/LA</url>
<lat>29.9608</lat>
<lon>-90.1559</lon>
<active>1</active>
</city>
<city>
<id>409615</id>
<name>Jena</name>
<state>LA</state>
<rating>7</rating>
<url>http://www.greatschools.org/city/Jena/LA</url>
<lat>31.6902</lat>
<lon>-92.1286</lon>
<active>1</active>
</city>
<city>
<id>409798</id>
<name>Jennings</name>
<state>LA</state>
<rating>7</rating>
<url>http://www.greatschools.org/city/Jennings/LA</url>
<lat>30.2231</lat>
<lon>-92.6583</lon>
<active>1</active>
</city>
<city>
<id>409857</id>
<name>Jonesboro</name>
<state>LA</state>
<rating>4</rating>
<url>http://www.greatschools.org/city/Jonesboro/LA</url>
<lat>32.2335</lat>
<lon>-92.7107</lon>
<active>1</active>
</city>
<city>
<id>409788</id>
<name>Jonesville</name>
<state>LA</state>
<rating>5</rating>
<url>http://www.greatschools.org/city/Jonesville/LA</url>
<lat>31.6196</lat>
<lon>-91.8382</lon>
<active>1</active>
</city>
<city>
<id>409689</id>
<name>Kaplan</name>
<state>LA</state>
<rating>6</rating>
<url>http://www.greatschools.org/city/Kaplan/LA</url>
<lat>30.006</lat>
<lon>-92.2839</lon>
<active>1</active>
</city>
<city>
<id>409808</id>
<name>Keithville</name>
<state>LA</state>
<rating>4</rating>
<url>http://www.greatschools.org/city/Keithville/LA</url>
<lat>32.2875</lat>
<lon>-93.9033</lon>
<active>1</active>
</city>
<city>
<id>409891</id>
<name>Kelly</name>
<state>LA</state>
<rating/>
<url>http://www.greatschools.org/city/Kelly/LA</url>
<lat>31.967</lat>
<lon>-92.1541</lon>
<active>1</active>
</city>
<city>
<id>409641</id>
<name>Kenner</name>
<state>LA</state>
<rating>5</rating>
<url>http://www.greatschools.org/city/Kenner/LA</url>
<lat>30.0102</lat>
<lon>-90.2548</lon>
<active>1</active>
</city>
<city>
<id>409705</id>
<name>Kentwood</name>
<state>LA</state>
<rating>4</rating>
<url>http://www.greatschools.org/city/Kentwood/LA</url>
<lat>30.9338</lat>
<lon>-90.5152</lon>
<active>1</active>
</city>
<city>
<id>409663</id>
<name>Kilbourne</name>
<state>LA</state>
<rating>7</rating>
<url>http://www.greatschools.org/city/Kilbourne/LA</url>
<lat>32.9972</lat>
<lon>-91.3139</lon>
<active>1</active>
</city>
<city>
<id>409791</id>
<name>Kinder</name>
<state>LA</state>
<rating>9</rating>
<url>http://www.greatschools.org/city/Kinder/LA</url>
<lat>30.4834</lat>
<lon>-92.8512</lon>
<active>1</active>
</city>
<city>
<id>409735</id>
<name>Krotz Springs</name>
<state>LA</state>
<rating>6</rating>
<url>http://www.greatschools.org/city/Krotz_Springs/LA</url>
<lat>30.5294</lat>
<lon>-91.7549</lon>
<active>1</active>
</city>
<city>
<id>445048</id>
<name>La Crosse</name>
<state>LA</state>
<rating/>
<url>http://www.greatschools.org/city/La_Crosse/LA</url>
<lat>43.8457</lat>
<lon>-91.2647</lon>
<active>1</active>
</city>
<city>
<id>409817</id>
<name>Labadieville</name>
<state>LA</state>
<rating>5</rating>
<url>http://www.greatschools.org/city/Labadieville/LA</url>
<lat>29.8246</lat>
<lon>-90.9525</lon>
<active>1</active>
</city>
<city>
<id>409854</id>
<name>Lacassine</name>
<state>LA</state>
<rating>7</rating>
<url>http://www.greatschools.org/city/Lacassine/LA</url>
<lat>30.2331</lat>
<lon>-92.9208</lon>
<active>1</active>
</city>
<city>
<id>409715</id>
<name>Lacombe</name>
<state>LA</state>
<rating>7</rating>
<url>http://www.greatschools.org/city/Lacombe/LA</url>
<lat>30.3141</lat>
<lon>-89.9306</lon>
<active>1</active>
</city>
<city>
<id>409584</id>
<name>Lafayette</name>
<state>LA</state>
<rating>6</rating>
<url>http://www.greatschools.org/city/Lafayette/LA</url>
<lat>30.2116</lat>
<lon>-92.0314</lon>
<active>1</active>
</city>
<city>
<id>409846</id>
<name>Lafitte</name>
<state>LA</state>
<rating>7</rating>
<url>http://www.greatschools.org/city/Lafitte/LA</url>
<lat>29.7109</lat>
<lon>-90.0968</lon>
<active>1</active>
</city>
<city>
<id>409853</id>
<name>Lake Arthur</name>
<state>LA</state>
<rating>7</rating>
<url>http://www.greatschools.org/city/Lake_Arthur/LA</url>
<lat>30.0801</lat>
<lon>-92.6776</lon>
<active>1</active>
</city>
<city>
<id>409613</id>
<name>Lake Charles</name>
<state>LA</state>
<rating>6</rating>
<url>http://www.greatschools.org/city/Lake_Charles/LA</url>
<lat>30.2027</lat>
<lon>-93.2147</lon>
<active>1</active>
</city>
<city>
<id>409805</id>
<name>Lake Providence</name>
<state>LA</state>
<rating>5</rating>
<url>http://www.greatschools.org/city/Lake_Providence/LA</url>
<lat>32.802</lat>
<lon>-91.1752</lon>
<active>1</active>
</city>
<city>
<id>442390</id>
<name>Laplace</name>
<state>LA</state>
<rating/>
<url>http://www.greatschools.org/city/Laplace/LA</url>
<lat>30.0738</lat>
<lon>-90.4753</lon>
<active>1</active>
</city>
<city>
<id>409812</id>
<name>Larose</name>
<state>LA</state>
<rating/>
<url>http://www.greatschools.org/city/Larose/LA</url>
<lat>29.5652</lat>
<lon>-90.3762</lon>
<active>1</active>
</city>
<city>
<id>409734</id>
<name>Lawtell</name>
<state>LA</state>
<rating>4</rating>
<url>http://www.greatschools.org/city/Lawtell/LA</url>
<lat>30.5126</lat>
<lon>-92.1832</lon>
<active>1</active>
</city>
<city>
<id>409771</id>
<name>Lecompte</name>
<state>LA</state>
<rating>5</rating>
<url>http://www.greatschools.org/city/Lecompte/LA</url>
<lat>31.0881</lat>
<lon>-92.3999</lon>
<active>1</active>
</city>
<city>
<id>409593</id>
<name>Leesville</name>
<state>LA</state>
<rating>8</rating>
<url>http://www.greatschools.org/city/Leesville/LA</url>
<lat>31.1402</lat>
<lon>-93.2749</lon>
<active>1</active>
</city>
<city>
<id>409767</id>
<name>Lena</name>
<state>LA</state>
<rating>4</rating>
<url>http://www.greatschools.org/city/Lena/LA</url>
<lat>31.4615</lat>
<lon>-92.822</lon>
<active>1</active>
</city>
<city>
<id>409733</id>
<name>Leonville</name>
<state>LA</state>
<rating>5</rating>
<url>http://www.greatschools.org/city/Leonville/LA</url>
<lat>30.4621</lat>
<lon>-91.9834</lon>
<active>1</active>
</city>
<city>
<id>442389</id>
<name>Lettsworth</name>
<state>LA</state>
<rating/>
<url>http://www.greatschools.org/city/Lettsworth/LA</url>
<lat>30.9312</lat>
<lon>-91.7321</lon>
<active>1</active>
</city>
<city>
<id>409834</id>
<name>Livingston</name>
<state>LA</state>
<rating>8</rating>
<url>http://www.greatschools.org/city/Livingston/LA</url>
<lat>30.4953</lat>
<lon>-90.7467</lon>
<active>1</active>
</city>
<city>
<id>409780</id>
<name>Livonia</name>
<state>LA</state>
<rating>4</rating>
<url>http://www.greatschools.org/city/Livonia/LA</url>
<lat>30.5622</lat>
<lon>-91.5501</lon>
<active>1</active>
</city>
<city>
<id>409811</id>
<name>Lockport</name>
<state>LA</state>
<rating>7</rating>
<url>http://www.greatschools.org/city/Lockport/LA</url>
<lat>29.6432</lat>
<lon>-90.5361</lon>
<active>1</active>
</city>
<city>
<id>409880</id>
<name>Logansport</name>
<state>LA</state>
<rating>7</rating>
<url>http://www.greatschools.org/city/Logansport/LA</url>
<lat>31.9758</lat>
<lon>-93.9934</lon>
<active>1</active>
</city>
<city>
<id>409912</id>
<name>Longville</name>
<state>LA</state>
<rating>8</rating>
<url>http://www.greatschools.org/city/Longville/LA</url>
<lat>30.6107</lat>
<lon>-93.2251</lon>
<active>1</active>
</city>
<city>
<id>409704</id>
<name>Loranger</name>
<state>LA</state>
<rating>6</rating>
<url>http://www.greatschools.org/city/Loranger/LA</url>
<lat>30.6285</lat>
<lon>-90.343</lon>
<active>1</active>
</city>
<city>
<id>409863</id>
<name>Loreauville</name>
<state>LA</state>
<rating>7</rating>
<url>http://www.greatschools.org/city/Loreauville/LA</url>
<lat>30.0593</lat>
<lon>-91.7387</lon>
<active>1</active>
</city>
<city>
<id>409749</id>
<name>Luling</name>
<state>LA</state>
<rating>8</rating>
<url>http://www.greatschools.org/city/Luling/LA</url>
<lat>29.8984</lat>
<lon>-90.3532</lon>
<active>1</active>
</city>
<city>
<id>409745</id>
<name>Lutcher</name>
<state>LA</state>
<rating>5</rating>
<url>http://www.greatschools.org/city/Lutcher/LA</url>
<lat>30.063</lat>
<lon>-90.7117</lon>
<active>1</active>
</city>
<city>
<id>409711</id>
<name>Madisonville</name>
<state>LA</state>
<rating/>
<url>http://www.greatschools.org/city/Madisonville/LA</url>
<lat>30.3985</lat>
<lon>-90.1662</lon>
<active>1</active>
</city>
<city>
<id>409875</id>
<name>Mamou</name>
<state>LA</state>
<rating>6</rating>
<url>http://www.greatschools.org/city/Mamou/LA</url>
<lat>30.6349</lat>
<lon>-92.4179</lon>
<active>1</active>
</city>
<city>
<id>409607</id>
<name>Mandeville</name>
<state>LA</state>
<rating>9</rating>
<url>http://www.greatschools.org/city/Mandeville/LA</url>
<lat>30.3749</lat>
<lon>-90.0919</lon>
<active>1</active>
</city>
<city>
<id>409765</id>
<name>Mangham</name>
<state>LA</state>
<rating>6</rating>
<url>http://www.greatschools.org/city/Mangham/LA</url>
<lat>32.3086</lat>
<lon>-91.7795</lon>
<active>1</active>
</city>
<city>
<id>409603</id>
<name>Mansfield</name>
<state>LA</state>
<rating>4</rating>
<url>http://www.greatschools.org/city/Mansfield/LA</url>
<lat>32.0356</lat>
<lon>-93.6997</lon>
<active>1</active>
</city>
<city>
<id>409589</id>
<name>Mansura</name>
<state>LA</state>
<rating>10</rating>
<url>http://www.greatschools.org/city/Mansura/LA</url>
<lat>31.0665</lat>
<lon>-92.0524</lon>
<active>1</active>
</city>
<city>
<id>409758</id>
<name>Many</name>
<state>LA</state>
<rating>7</rating>
<url>http://www.greatschools.org/city/Many/LA</url>
<lat>31.5663</lat>
<lon>-93.4777</lon>
<active>1</active>
</city>
<city>
<id>409778</id>
<name>Maringouin</name>
<state>LA</state>
<rating>6</rating>
<url>http://www.greatschools.org/city/Maringouin/LA</url>
<lat>30.4907</lat>
<lon>-91.5186</lon>
<active>1</active>
</city>
<city>
<id>409691</id>
<name>Marion</name>
<state>LA</state>
<rating>5</rating>
<url>http://www.greatschools.org/city/Marion/LA</url>
<lat>32.8979</lat>
<lon>-92.2404</lon>
<active>1</active>
</city>
<city>
<id>409790</id>
<name>Marksville</name>
<state>LA</state>
<rating>2</rating>
<url>http://www.greatschools.org/city/Marksville/LA</url>
<lat>31.1244</lat>
<lon>-92.0662</lon>
<active>1</active>
</city>
<city>
<id>409622</id>
<name>Marrero</name>
<state>LA</state>
<rating>5</rating>
<url>http://www.greatschools.org/city/Marrero/LA</url>
<lat>29.8862</lat>
<lon>-90.1133</lon>
<active>1</active>
</city>
<city>
<id>409826</id>
<name>Marthaville</name>
<state>LA</state>
<rating>6</rating>
<url>http://www.greatschools.org/city/Marthaville/LA</url>
<lat>31.7913</lat>
<lon>-93.4206</lon>
<active>1</active>
</city>
<city>
<id>409832</id>
<name>Maurepas</name>
<state>LA</state>
<rating>7</rating>
<url>http://www.greatschools.org/city/Maurepas/LA</url>
<lat>30.2172</lat>
<lon>-90.645</lon>
<active>1</active>
</city>
<city>
<id>409688</id>
<name>Maurice</name>
<state>LA</state>
<rating>8</rating>
<url>http://www.greatschools.org/city/Maurice/LA</url>
<lat>30.1071</lat>
<lon>-92.1218</lon>
<active>1</active>
</city>
<city>
<id>409732</id>
<name>Melville</name>
<state>LA</state>
<rating/>
<url>http://www.greatschools.org/city/Melville/LA</url>
<lat>30.692</lat>
<lon>-91.7505</lon>
<active>1</active>
</city>
<city>
<id>409828</id>
<name>Mer Rouge</name>
<state>LA</state>
<rating>4</rating>
<url>http://www.greatschools.org/city/Mer_Rouge/LA</url>
<lat>32.7769</lat>
<lon>-91.7944</lon>
<active>1</active>
</city>
<city>
<id>409612</id>
<name>Meraux</name>
<state>LA</state>
<rating>8</rating>
<url>http://www.greatschools.org/city/Meraux/LA</url>
<lat>29.9276</lat>
<lon>-89.9193</lon>
<active>1</active>
</city>
<city>
<id>409930</id>
<name>Mermentau</name>
<state>LA</state>
<rating>9</rating>
<url>http://www.greatschools.org/city/Mermentau/LA</url>
<lat>30.188</lat>
<lon>-92.5838</lon>
<active>1</active>
</city>
<city>
<id>409914</id>
<name>Merryville</name>
<state>LA</state>
<rating>7</rating>
<url>http://www.greatschools.org/city/Merryville/LA</url>
<lat>30.756</lat>
<lon>-93.5256</lon>
<active>1</active>
</city>
<city>
<id>409602</id>
<name>Metairie</name>
<state>LA</state>
<rating>7</rating>
<url>http://www.greatschools.org/city/Metairie/LA</url>
<lat>29.9978</lat>
<lon>-90.1779</lon>
<active>1</active>
</city>
<city>
<id>409845</id>
<name>Milton</name>
<state>LA</state>
<rating>9</rating>
<url>http://www.greatschools.org/city/Milton/LA</url>
<lat>30.1139</lat>
<lon>-92.0691</lon>
<active>1</active>
</city>
<city>
<id>409648</id>
<name>Minden</name>
<state>LA</state>
<rating>5</rating>
<url>http://www.greatschools.org/city/Minden/LA</url>
<lat>32.6191</lat>
<lon>-93.2728</lon>
<active>1</active>
</city>
<city>
<id>445049</id>
<name>Modeste</name>
<state>LA</state>
<rating/>
<url>http://www.greatschools.org/city/Modeste/LA</url>
<lat>30.0972</lat>
<lon>-91.0299</lon>
<active>1</active>
</city>
<city>
<id>409586</id>
<name>Monroe</name>
<state>LA</state>
<rating>4</rating>
<url>http://www.greatschools.org/city/Monroe/LA</url>
<lat>32.5196</lat>
<lon>-92.0775</lon>
<active>1</active>
</city>
<city>
<id>409698</id>
<name>Montegut</name>
<state>LA</state>
<rating>7</rating>
<url>http://www.greatschools.org/city/Montegut/LA</url>
<lat>29.4382</lat>
<lon>-90.5658</lon>
<active>1</active>
</city>
<city>
<id>409883</id>
<name>Monterey</name>
<state>LA</state>
<rating>9</rating>
<url>http://www.greatschools.org/city/Monterey/LA</url>
<lat>31.4425</lat>
<lon>-91.7201</lon>
<active>1</active>
</city>
<city>
<id>409865</id>
<name>Montgomery</name>
<state>LA</state>
<rating>6</rating>
<url>http://www.greatschools.org/city/Montgomery/LA</url>
<lat>31.667</lat>
<lon>-92.8875</lon>
<active>1</active>
</city>
<city>
<id>409901</id>
<name>Mooringsport</name>
<state>LA</state>
<rating>5</rating>
<url>http://www.greatschools.org/city/Mooringsport/LA</url>
<lat>32.6794</lat>
<lon>-93.9602</lon>
<active>1</active>
</city>
<city>
<id>409820</id>
<name>Moreauville</name>
<state>LA</state>
<rating>3</rating>
<url>http://www.greatschools.org/city/Moreauville/LA</url>
<lat>31.0342</lat>
<lon>-91.9817</lon>
<active>1</active>
</city>
<city>
<id>409716</id>
<name>Morgan City</name>
<state>LA</state>
<rating>7</rating>
<url>http://www.greatschools.org/city/Morgan_City/LA</url>
<lat>29.7101</lat>
<lon>-91.1914</lon>
<active>1</active>
</city>
<city>
<id>409775</id>
<name>Morganza</name>
<state>LA</state>
<rating/>
<url>http://www.greatschools.org/city/Morganza/LA</url>
<lat>30.7381</lat>
<lon>-91.5916</lon>
<active>1</active>
</city>
<city>
<id>409928</id>
<name>Morse</name>
<state>LA</state>
<rating>9</rating>
<url>http://www.greatschools.org/city/Morse/LA</url>
<lat>30.1221</lat>
<lon>-92.4984</lon>
<active>1</active>
</city>
<city>
<id>442388</id>
<name>Moss Bluff</name>
<state>LA</state>
<rating/>
<url>http://www.greatschools.org/city/Moss_Bluff/LA</url>
<lat>30.3088</lat>
<lon>-93.2079</lon>
<active>1</active>
</city>
<city>
<id>409677</id>
<name>Mount Hermon</name>
<state>LA</state>
<rating>4</rating>
<url>http://www.greatschools.org/city/Mount_Hermon/LA</url>
<lat>30.9177</lat>
<lon>-90.2726</lon>
<active>1</active>
</city>
<city>
<id>446070</id>
<name>Mt. Hermon</name>
<state>LA</state>
<rating/>
<url>http://www.greatschools.org/city/Mt._Hermon/LA</url>
<lat>30.957</lat>
<lon>-90.2953</lon>
<active>1</active>
</city>
<city>
<id>409919</id>
<name>Napoleonville</name>
<state>LA</state>
<rating>5</rating>
<url>http://www.greatschools.org/city/Napoleonville/LA</url>
<lat>29.9383</lat>
<lon>-91.0264</lon>
<active>1</active>
</city>
<city>
<id>409708</id>
<name>Natalbany</name>
<state>LA</state>
<rating>3</rating>
<url>http://www.greatschools.org/city/Natalbany/LA</url>
<lat>30.5489</lat>
<lon>-90.4875</lon>
<active>1</active>
</city>
<city>
<id>409597</id>
<name>Natchitoches</name>
<state>LA</state>
<rating>5</rating>
<url>http://www.greatschools.org/city/Natchitoches/LA</url>
<lat>31.7346</lat>
<lon>-93.1006</lon>
<active>1</active>
</city>
<city>
<id>409757</id>
<name>Negreet</name>
<state>LA</state>
<rating>9</rating>
<url>http://www.greatschools.org/city/Negreet/LA</url>
<lat>31.4486</lat>
<lon>-93.6061</lon>
<active>1</active>
</city>
<city>
<id>409640</id>
<name>New Iberia</name>
<state>LA</state>
<rating>6</rating>
<url>http://www.greatschools.org/city/New_Iberia/LA</url>
<lat>30.0055</lat>
<lon>-91.8203</lon>
<active>1</active>
</city>
<city>
<id>445050</id>
<name>New Llano</name>
<state>LA</state>
<rating/>
<url>http://www.greatschools.org/city/New_Llano/LA</url>
<lat>31.1149</lat>
<lon>-93.2716</lon>
<active>1</active>
</city>
<city>
<id>409582</id>
<name>New Orleans</name>
<state>LA</state>
<rating>5</rating>
<url>http://www.greatschools.org/city/New_Orleans/LA</url>
<lat>30.0686</lat>
<lon>-89.939</lon>
<active>1</active>
</city>
<city>
<id>409777</id>
<name>New Roads</name>
<state>LA</state>
<rating>2</rating>
<url>http://www.greatschools.org/city/New_Roads/LA</url>
<lat>30.6959</lat>
<lon>-91.4538</lon>
<active>1</active>
</city>
<city>
<id>445051</id>
<name>New Sarpy</name>
<state>LA</state>
<rating/>
<url>http://www.greatschools.org/city/New_Sarpy/LA</url>
<lat>29.9765</lat>
<lon>-90.3907</lon>
<active>1</active>
</city>
<city>
<id>409703</id>
<name>Newellton</name>
<state>LA</state>
<rating>2</rating>
<url>http://www.greatschools.org/city/Newellton/LA</url>
<lat>32.0726</lat>
<lon>-91.2393</lon>
<active>1</active>
</city>
<city>
<id>442387</id>
<name>Newllano</name>
<state>LA</state>
<rating/>
<url>http://www.greatschools.org/city/Newllano/LA</url>
<lat>31.1402</lat>
<lon>-93.2849</lon>
<active>1</active>
</city>
<city>
<id>409760</id>
<name>Noble</name>
<state>LA</state>
<rating>7</rating>
<url>http://www.greatschools.org/city/Noble/LA</url>
<lat>31.6899</lat>
<lon>-93.6832</lon>
<active>1</active>
</city>
<city>
<id>409752</id>
<name>Norco</name>
<state>LA</state>
<rating>9</rating>
<url>http://www.greatschools.org/city/Norco/LA</url>
<lat>29.9983</lat>
<lon>-90.4045</lon>
<active>1</active>
</city>
<city>
<id>409661</id>
<name>Oak Grove</name>
<state>LA</state>
<rating>8</rating>
<url>http://www.greatschools.org/city/Oak_Grove/LA</url>
<lat>32.8622</lat>
<lon>-91.3912</lon>
<active>1</active>
</city>
<city>
<id>409792</id>
<name>Oakdale</name>
<state>LA</state>
<rating>7</rating>
<url>http://www.greatschools.org/city/Oakdale/LA</url>
<lat>30.8164</lat>
<lon>-92.6559</lon>
<active>1</active>
</city>
<city>
<id>409925</id>
<name>Oberlin</name>
<state>LA</state>
<rating>7</rating>
<url>http://www.greatschools.org/city/Oberlin/LA</url>
<lat>30.602</lat>
<lon>-92.7766</lon>
<active>1</active>
</city>
<city>
<id>409900</id>
<name>Oil City</name>
<state>LA</state>
<rating>5</rating>
<url>http://www.greatschools.org/city/Oil_City/LA</url>
<lat>32.7458</lat>
<lon>-93.9751</lon>
<active>1</active>
</city>
<city>
<id>409839</id>
<name>Olla</name>
<state>LA</state>
<rating>6</rating>
<url>http://www.greatschools.org/city/Olla/LA</url>
<lat>31.8981</lat>
<lon>-92.2404</lon>
<active>1</active>
</city>
<city>
<id>409608</id>
<name>Opelousas</name>
<state>LA</state>
<rating>4</rating>
<url>http://www.greatschools.org/city/Opelousas/LA</url>
<lat>30.5279</lat>
<lon>-92.0851</lon>
<active>1</active>
</city>
<city>
<id>445052</id>
<name>Otis</name>
<state>LA</state>
<rating/>
<url>http://www.greatschools.org/city/Otis/LA</url>
<lat>31.2036</lat>
<lon>-92.7339</lon>
<active>1</active>
</city>
<city>
<id>409818</id>
<name>Paincourtville</name>
<state>LA</state>
<rating/>
<url>http://www.greatschools.org/city/Paincourtville/LA</url>
<lat>29.9886</lat>
<lon>-91.0554</lon>
<active>1</active>
</city>
<city>
<id>409730</id>
<name>Palmetto</name>
<state>LA</state>
<rating>5</rating>
<url>http://www.greatschools.org/city/Palmetto/LA</url>
<lat>30.7177</lat>
<lon>-91.9091</lon>
<active>1</active>
</city>
<city>
<id>409750</id>
<name>Paradis</name>
<state>LA</state>
<rating>10</rating>
<url>http://www.greatschools.org/city/Paradis/LA</url>
<lat>29.8665</lat>
<lon>-90.44</lon>
<active>1</active>
</city>
<city>
<id>409724</id>
<name>Parks</name>
<state>LA</state>
<rating>10</rating>
<url>http://www.greatschools.org/city/Parks/LA</url>
<lat>30.2178</lat>
<lon>-91.8276</lon>
<active>1</active>
</city>
<city>
<id>409717</id>
<name>Patterson</name>
<state>LA</state>
<rating>6</rating>
<url>http://www.greatschools.org/city/Patterson/LA</url>
<lat>29.6909</lat>
<lon>-91.3095</lon>
<active>1</active>
</city>
<city>
<id>409744</id>
<name>Paulina</name>
<state>LA</state>
<rating>7</rating>
<url>http://www.greatschools.org/city/Paulina/LA</url>
<lat>30.0383</lat>
<lon>-90.7247</lon>
<active>1</active>
</city>
<city>
<id>409642</id>
<name>Pearl River</name>
<state>LA</state>
<rating>8</rating>
<url>http://www.greatschools.org/city/Pearl_River/LA</url>
<lat>30.3714</lat>
<lon>-89.7504</lon>
<active>1</active>
</city>
<city>
<id>409881</id>
<name>Pelican</name>
<state>LA</state>
<rating>3</rating>
<url>http://www.greatschools.org/city/Pelican/LA</url>
<lat>31.9424</lat>
<lon>-93.5091</lon>
<active>1</active>
</city>
<city>
<id>409918</id>
<name>Pierre Part</name>
<state>LA</state>
<rating>9</rating>
<url>http://www.greatschools.org/city/Pierre_Part/LA</url>
<lat>29.9554</lat>
<lon>-91.2028</lon>
<active>1</active>
</city>
<city>
<id>445053</id>
<name>Pine Grove</name>
<state>LA</state>
<rating/>
<url>http://www.greatschools.org/city/Pine_Grove/LA</url>
<lat>30.7099</lat>
<lon>-90.754</lon>
<active>1</active>
</city>
<city>
<id>409874</id>
<name>Pine Prairie</name>
<state>LA</state>
<rating>6</rating>
<url>http://www.greatschools.org/city/Pine_Prairie/LA</url>
<lat>30.782</lat>
<lon>-92.422</lon>
<active>1</active>
</city>
<city>
<id>409609</id>
<name>Pineville</name>
<state>LA</state>
<rating>7</rating>
<url>http://www.greatschools.org/city/Pineville/LA</url>
<lat>31.3422</lat>
<lon>-92.4087</lon>
<active>1</active>
</city>
<city>
<id>409681</id>
<name>Pitkin</name>
<state>LA</state>
<rating>7</rating>
<url>http://www.greatschools.org/city/Pitkin/LA</url>
<lat>30.936</lat>
<lon>-92.9297</lon>
<active>1</active>
</city>
<city>
<id>409807</id>
<name>Plain Dealing</name>
<state>LA</state>
<rating>4</rating>
<url>http://www.greatschools.org/city/Plain_Dealing/LA</url>
<lat>32.907</lat>
<lon>-93.6992</lon>
<active>1</active>
</city>
<city>
<id>409617</id>
<name>Plaquemine</name>
<state>LA</state>
<rating>5</rating>
<url>http://www.greatschools.org/city/Plaquemine/LA</url>
<lat>30.2832</lat>
<lon>-91.2438</lon>
<active>1</active>
</city>
<city>
<id>409795</id>
<name>Plaucheville</name>
<state>LA</state>
<rating>5</rating>
<url>http://www.greatschools.org/city/Plaucheville/LA</url>
<lat>30.9647</lat>
<lon>-91.9837</lon>
<active>1</active>
</city>
<city>
<id>409756</id>
<name>Pleasant Hill</name>
<state>LA</state>
<rating>4</rating>
<url>http://www.greatschools.org/city/Pleasant_Hill/LA</url>
<lat>31.8154</lat>
<lon>-93.5164</lon>
<active>1</active>
</city>
<city>
<id>409866</id>
<name>Pollock</name>
<state>LA</state>
<rating>7</rating>
<url>http://www.greatschools.org/city/Pollock/LA</url>
<lat>31.5258</lat>
<lon>-92.4088</lon>
<active>1</active>
</city>
<city>
<id>409635</id>
<name>Ponchatoula</name>
<state>LA</state>
<rating>6</rating>
<url>http://www.greatschools.org/city/Ponchatoula/LA</url>
<lat>30.4406</lat>
<lon>-90.4428</lon>
<active>1</active>
</city>
<city>
<id>409619</id>
<name>Port Allen</name>
<state>LA</state>
<rating>4</rating>
<url>http://www.greatschools.org/city/Port_Allen/LA</url>
<lat>30.4438</lat>
<lon>-91.2074</lon>
<active>1</active>
</city>
<city>
<id>409634</id>
<name>Port Barre</name>
<state>LA</state>
<rating>7</rating>
<url>http://www.greatschools.org/city/Port_Barre/LA</url>
<lat>30.5571</lat>
<lon>-91.9563</lon>
<active>1</active>
</city>
<city>
<id>409596</id>
<name>Port Sulphur</name>
<state>LA</state>
<rating>6</rating>
<url>http://www.greatschools.org/city/Port_Sulphur/LA</url>
<lat>29.5045</lat>
<lon>-89.722</lon>
<active>1</active>
</city>
<city>
<id>445054</id>
<name>Port Vincent</name>
<state>LA</state>
<rating/>
<url>http://www.greatschools.org/city/Port_Vincent/LA</url>
<lat>30.3338</lat>
<lon>-90.8495</lon>
<active>1</active>
</city>
<city>
<id>409922</id>
<name>Prairieville</name>
<state>LA</state>
<rating>9</rating>
<url>http://www.greatschools.org/city/Prairieville/LA</url>
<lat>30.3136</lat>
<lon>-90.9583</lon>
<active>1</active>
</city>
<city>
<id>409878</id>
<name>Pride</name>
<state>LA</state>
<rating>3</rating>
<url>http://www.greatschools.org/city/Pride/LA</url>
<lat>30.6378</lat>
<lon>-91.0059</lon>
<active>1</active>
</city>
<city>
<id>409789</id>
<name>Princeton</name>
<state>LA</state>
<rating>8</rating>
<url>http://www.greatschools.org/city/Princeton/LA</url>
<lat>32.5908</lat>
<lon>-93.5044</lon>
<active>1</active>
</city>
<city>
<id>409825</id>
<name>Provencal</name>
<state>LA</state>
<rating>6</rating>
<url>http://www.greatschools.org/city/Provencal/LA</url>
<lat>31.6547</lat>
<lon>-93.2001</lon>
<active>1</active>
</city>
<city>
<id>409858</id>
<name>Quitman</name>
<state>LA</state>
<rating>7</rating>
<url>http://www.greatschools.org/city/Quitman/LA</url>
<lat>32.3531</lat>
<lon>-92.7233</lon>
<active>1</active>
</city>
<city>
<id>409810</id>
<name>Raceland</name>
<state>LA</state>
<rating>4</rating>
<url>http://www.greatschools.org/city/Raceland/LA</url>
<lat>29.7224</lat>
<lon>-90.6359</lon>
<active>1</active>
</city>
<city>
<id>409685</id>
<name>Rayne</name>
<state>LA</state>
<rating>5</rating>
<url>http://www.greatschools.org/city/Rayne/LA</url>
<lat>30.2405</lat>
<lon>-92.2673</lon>
<active>1</active>
</city>
<city>
<id>409764</id>
<name>Rayville</name>
<state>LA</state>
<rating>3</rating>
<url>http://www.greatschools.org/city/Rayville/LA</url>
<lat>32.471</lat>
<lon>-91.7574</lon>
<active>1</active>
</city>
<city>
<id>409924</id>
<name>Reeves</name>
<state>LA</state>
<rating>5</rating>
<url>http://www.greatschools.org/city/Reeves/LA</url>
<lat>30.5217</lat>
<lon>-93.0364</lon>
<active>1</active>
</city>
<city>
<id>409626</id>
<name>Reserve</name>
<state>LA</state>
<rating>4</rating>
<url>http://www.greatschools.org/city/Reserve/LA</url>
<lat>30.073</lat>
<lon>-90.555</lon>
<active>1</active>
</city>
<city>
<id>445055</id>
<name>Richwood</name>
<state>LA</state>
<rating/>
<url>http://www.greatschools.org/city/Richwood/LA</url>
<lat>32.4715</lat>
<lon>-92.0827</lon>
<active>1</active>
</city>
<city>
<id>409882</id>
<name>Ridgecrest</name>
<state>LA</state>
<rating/>
<url>http://www.greatschools.org/city/Ridgecrest/LA</url>
<lat>31.6018</lat>
<lon>-91.5304</lon>
<active>1</active>
</city>
<city>
<id>409907</id>
<name>Ringgold</name>
<state>LA</state>
<rating>5</rating>
<url>http://www.greatschools.org/city/Ringgold/LA</url>
<lat>32.3265</lat>
<lon>-93.2836</lon>
<active>1</active>
</city>
<city>
<id>409803</id>
<name>River Ridge</name>
<state>LA</state>
<rating>6</rating>
<url>http://www.greatschools.org/city/River_Ridge/LA</url>
<lat>29.9583</lat>
<lon>-90.2219</lon>
<active>1</active>
</city>
<city>
<id>409851</id>
<name>Roanoke</name>
<state>LA</state>
<rating>7</rating>
<url>http://www.greatschools.org/city/Roanoke/LA</url>
<lat>30.2355</lat>
<lon>-92.7481</lon>
<active>1</active>
</city>
<city>
<id>442386</id>
<name>Robert</name>
<state>LA</state>
<rating/>
<url>http://www.greatschools.org/city/Robert/LA</url>
<lat>30.5245</lat>
<lon>-90.3117</lon>
<active>1</active>
</city>
<city>
<id>442385</id>
<name>Rodessa</name>
<state>LA</state>
<rating/>
<url>http://www.greatschools.org/city/Rodessa/LA</url>
<lat>32.9736</lat>
<lon>-93.9972</lon>
<active>1</active>
</city>
<city>
<id>409859</id>
<name>Rosedale</name>
<state>LA</state>
<rating>7</rating>
<url>http://www.greatschools.org/city/Rosedale/LA</url>
<lat>30.4429</lat>
<lon>-91.4601</lon>
<active>1</active>
</city>
<city>
<id>409706</id>
<name>Roseland</name>
<state>LA</state>
<rating>1</rating>
<url>http://www.greatschools.org/city/Roseland/LA</url>
<lat>30.7639</lat>
<lon>-90.5106</lon>
<active>1</active>
</city>
<city>
<id>409679</id>
<name>Rosepine</name>
<state>LA</state>
<rating>8</rating>
<url>http://www.greatschools.org/city/Rosepine/LA</url>
<lat>30.9247</lat>
<lon>-93.2883</lon>
<active>1</active>
</city>
<city>
<id>409776</id>
<name>Rougon</name>
<state>LA</state>
<rating>5</rating>
<url>http://www.greatschools.org/city/Rougon/LA</url>
<lat>30.6148</lat>
<lon>-91.3635</lon>
<active>1</active>
</city>
<city>
<id>409637</id>
<name>Ruston</name>
<state>LA</state>
<rating>6</rating>
<url>http://www.greatschools.org/city/Ruston/LA</url>
<lat>32.533</lat>
<lon>-92.6353</lon>
<active>1</active>
</city>
<city>
<id>445056</id>
<name>Saint Amant</name>
<state>LA</state>
<rating/>
<url>http://www.greatschools.org/city/Saint_Amant/LA</url>
<lat>30.2253</lat>
<lon>-90.868</lon>
<active>1</active>
</city>
<city>
<id>445057</id>
<name>Saint James</name>
<state>LA</state>
<rating/>
<url>http://www.greatschools.org/city/Saint_James/LA</url>
<lat>30.0545</lat>
<lon>-90.8963</lon>
<active>1</active>
</city>
<city>
<id>445058</id>
<name>Saint Joseph</name>
<state>LA</state>
<rating/>
<url>http://www.greatschools.org/city/Saint_Joseph/LA</url>
<lat>43.1667</lat>
<lon>-122.24</lon>
<active>1</active>
</city>
<city>
<id>445905</id>
<name>Saint Martinville</name>
<state>LA</state>
<rating/>
<url>http://www.greatschools.org/city/Saint_Martinville/LA</url>
<lat>30.2173</lat>
<lon>-91.71</lon>
<active>1</active>
</city>
<city>
<id>409906</id>
<name>Saline</name>
<state>LA</state>
<rating>7</rating>
<url>http://www.greatschools.org/city/Saline/LA</url>
<lat>32.1631</lat>
<lon>-92.9768</lon>
<active>1</active>
</city>
<city>
<id>445059</id>
<name>Sandia Park</name>
<state>LA</state>
<rating/>
<url>http://www.greatschools.org/city/Sandia_Park/LA</url>
<lat>35.1617</lat>
<lon>-106.345</lon>
<active>1</active>
</city>
<city>
<id>409671</id>
<name>Sarepta</name>
<state>LA</state>
<rating>4</rating>
<url>http://www.greatschools.org/city/Sarepta/LA</url>
<lat>32.895</lat>
<lon>-93.4515</lon>
<active>1</active>
</city>
<city>
<id>409697</id>
<name>Schriever</name>
<state>LA</state>
<rating>6</rating>
<url>http://www.greatschools.org/city/Schriever/LA</url>
<lat>29.7351</lat>
<lon>-90.8308</lon>
<active>1</active>
</city>
<city>
<id>409645</id>
<name>Scott</name>
<state>LA</state>
<rating>6</rating>
<url>http://www.greatschools.org/city/Scott/LA</url>
<lat>30.2396</lat>
<lon>-92.0947</lon>
<active>1</active>
</city>
<city>
<id>445060</id>
<name>Shelburn</name>
<state>LA</state>
<rating/>
<url>http://www.greatschools.org/city/Shelburn/LA</url>
<lat>32.8843</lat>
<lon>-91.2257</lon>
<active>1</active>
</city>
<city>
<id>409670</id>
<name>Shongaloo</name>
<state>LA</state>
<rating/>
<url>http://www.greatschools.org/city/Shongaloo/LA</url>
<lat>32.9403</lat>
<lon>-93.2932</lon>
<active>1</active>
</city>
<city>
<id>409616</id>
<name>Shreveport</name>
<state>LA</state>
<rating>5</rating>
<url>http://www.greatschools.org/city/Shreveport/LA</url>
<lat>32.467</lat>
<lon>-93.7927</lon>
<active>1</active>
</city>
<city>
<id>409669</id>
<name>Sibley</name>
<state>LA</state>
<rating>6</rating>
<url>http://www.greatschools.org/city/Sibley/LA</url>
<lat>32.5426</lat>
<lon>-93.2936</lon>
<active>1</active>
</city>
<city>
<id>409886</id>
<name>Sicily Island</name>
<state>LA</state>
<rating/>
<url>http://www.greatschools.org/city/Sicily_Island/LA</url>
<lat>31.8488</lat>
<lon>-91.6594</lon>
<active>1</active>
</city>
<city>
<id>409916</id>
<name>Simmesport</name>
<state>LA</state>
<rating>3</rating>
<url>http://www.greatschools.org/city/Simmesport/LA</url>
<lat>30.9807</lat>
<lon>-91.814</lon>
<active>1</active>
</city>
<city>
<id>409680</id>
<name>Simpson</name>
<state>LA</state>
<rating>8</rating>
<url>http://www.greatschools.org/city/Simpson/LA</url>
<lat>31.2563</lat>
<lon>-93.0184</lon>
<active>1</active>
</city>
<city>
<id>409836</id>
<name>Simsboro</name>
<state>LA</state>
<rating>6</rating>
<url>http://www.greatschools.org/city/Simsboro/LA</url>
<lat>32.5323</lat>
<lon>-92.7839</lon>
<active>1</active>
</city>
<city>
<id>409913</id>
<name>Singer</name>
<state>LA</state>
<rating>3</rating>
<url>http://www.greatschools.org/city/Singer/LA</url>
<lat>30.6512</lat>
<lon>-93.4117</lon>
<active>1</active>
</city>
<city>
<id>409877</id>
<name>Slaughter</name>
<state>LA</state>
<rating>8</rating>
<url>http://www.greatschools.org/city/Slaughter/LA</url>
<lat>30.7277</lat>
<lon>-91.1361</lon>
<active>1</active>
</city>
<city>
<id>409614</id>
<name>Slidell</name>
<state>LA</state>
<rating>7</rating>
<url>http://www.greatschools.org/city/Slidell/LA</url>
<lat>30.2893</lat>
<lon>-89.7833</lon>
<active>1</active>
</city>
<city>
<id>444433</id>
<name>Sorrento</name>
<state>LA</state>
<rating/>
<url>http://www.greatschools.org/city/Sorrento/LA</url>
<lat>30.1864</lat>
<lon>-90.8689</lon>
<active>1</active>
</city>
<city>
<id>409690</id>
<name>Spearsville</name>
<state>LA</state>
<rating>2</rating>
<url>http://www.greatschools.org/city/Spearsville/LA</url>
<lat>32.9339</lat>
<lon>-92.6022</lon>
<active>1</active>
</city>
<city>
<id>409831</id>
<name>Springfield</name>
<state>LA</state>
<rating>7</rating>
<url>http://www.greatschools.org/city/Springfield/LA</url>
<lat>30.4255</lat>
<lon>-90.5444</lon>
<active>1</active>
</city>
<city>
<id>409668</id>
<name>Springhill</name>
<state>LA</state>
<rating>4</rating>
<url>http://www.greatschools.org/city/Springhill/LA</url>
<lat>33.0021</lat>
<lon>-93.4615</lon>
<active>1</active>
</city>
<city>
<id>445061</id>
<name>ST MARTINVLLE</name>
<state>LA</state>
<rating/>
<url>http://www.greatschools.org/city/ST_MARTINVLLE/LA</url>
<lat>30.1929</lat>
<lon>-91.7928</lon>
<active>1</active>
</city>
<city>
<id>409921</id>
<name>St. Amant</name>
<state>LA</state>
<rating>8</rating>
<url>http://www.greatschools.org/city/St._Amant/LA</url>
<lat>30.2238</lat>
<lon>-90.8594</lon>
<active>1</active>
</city>
<city>
<id>409659</id>
<name>St. Francisville</name>
<state>LA</state>
<rating>8</rating>
<url>http://www.greatschools.org/city/St._Francisville/LA</url>
<lat>30.7842</lat>
<lon>-91.3764</lon>
<active>1</active>
</city>
<city>
<id>409861</id>
<name>St. Gabriel</name>
<state>LA</state>
<rating>4</rating>
<url>http://www.greatschools.org/city/St._Gabriel/LA</url>
<lat>30.2537</lat>
<lon>-91.1014</lon>
<active>1</active>
</city>
<city>
<id>409742</id>
<name>St. James</name>
<state>LA</state>
<rating>5</rating>
<url>http://www.greatschools.org/city/St._James/LA</url>
<lat>30.0195</lat>
<lon>-90.8485</lon>
<active>1</active>
</city>
<city>
<id>409702</id>
<name>St. Joseph</name>
<state>LA</state>
<rating>4</rating>
<url>http://www.greatschools.org/city/St._Joseph/LA</url>
<lat>31.9203</lat>
<lon>-91.24</lon>
<active>1</active>
</city>
<city>
<id>409722</id>
<name>St. Martinville</name>
<state>LA</state>
<rating>4</rating>
<url>http://www.greatschools.org/city/St._Martinville/LA</url>
<lat>30.1261</lat>
<lon>-91.8315</lon>
<active>1</active>
</city>
<city>
<id>409751</id>
<name>St. Rose</name>
<state>LA</state>
<rating>7</rating>
<url>http://www.greatschools.org/city/St._Rose/LA</url>
<lat>29.9617</lat>
<lon>-90.3093</lon>
<active>1</active>
</city>
<city>
<id>409897</id>
<name>Starks</name>
<state>LA</state>
<rating>5</rating>
<url>http://www.greatschools.org/city/Starks/LA</url>
<lat>30.3105</lat>
<lon>-93.6667</lon>
<active>1</active>
</city>
<city>
<id>409763</id>
<name>Start</name>
<state>LA</state>
<rating>7</rating>
<url>http://www.greatschools.org/city/Start/LA</url>
<lat>32.4909</lat>
<lon>-91.8656</lon>
<active>1</active>
</city>
<city>
<id>409783</id>
<name>Sterlington</name>
<state>LA</state>
<rating>9</rating>
<url>http://www.greatschools.org/city/Sterlington/LA</url>
<lat>32.6894</lat>
<lon>-92.0619</lon>
<active>1</active>
</city>
<city>
<id>409879</id>
<name>Stonewall</name>
<state>LA</state>
<rating>7</rating>
<url>http://www.greatschools.org/city/Stonewall/LA</url>
<lat>32.2637</lat>
<lon>-93.8173</lon>
<active>1</active>
</city>
<city>
<id>409624</id>
<name>Sulphur</name>
<state>LA</state>
<rating>7</rating>
<url>http://www.greatschools.org/city/Sulphur/LA</url>
<lat>30.2305</lat>
<lon>-93.3552</lon>
<active>1</active>
</city>
<city>
<id>409884</id>
<name>Summerfield</name>
<state>LA</state>
<rating>5</rating>
<url>http://www.greatschools.org/city/Summerfield/LA</url>
<lat>32.9532</lat>
<lon>-92.7822</lon>
<active>1</active>
</city>
<city>
<id>445062</id>
<name>Sun</name>
<state>LA</state>
<rating/>
<url>http://www.greatschools.org/city/Sun/LA</url>
<lat>30.6386</lat>
<lon>-89.8985</lon>
<active>1</active>
</city>
<city>
<id>409729</id>
<name>Sunset</name>
<state>LA</state>
<rating>4</rating>
<url>http://www.greatschools.org/city/Sunset/LA</url>
<lat>30.4075</lat>
<lon>-92.061</lon>
<active>1</active>
</city>
<city>
<id>409800</id>
<name>Tallulah</name>
<state>LA</state>
<rating>2</rating>
<url>http://www.greatschools.org/city/Tallulah/LA</url>
<lat>32.4067</lat>
<lon>-91.1917</lon>
<active>1</active>
</city>
<city>
<id>442384</id>
<name>Tangipahoa</name>
<state>LA</state>
<rating/>
<url>http://www.greatschools.org/city/Tangipahoa/LA</url>
<lat>30.8758</lat>
<lon>-90.5138</lon>
<active>1</active>
</city>
<city>
<id>409799</id>
<name>Terrytown</name>
<state>LA</state>
<rating>4</rating>
<url>http://www.greatschools.org/city/Terrytown/LA</url>
<lat>29.9025</lat>
<lon>-90.0281</lon>
<active>1</active>
</city>
<city>
<id>409796</id>
<name>Thibodaux</name>
<state>LA</state>
<rating>6</rating>
<url>http://www.greatschools.org/city/Thibodaux/LA</url>
<lat>29.7943</lat>
<lon>-90.8164</lon>
<active>1</active>
</city>
<city>
<id>409707</id>
<name>Tickfaw</name>
<state>LA</state>
<rating>4</rating>
<url>http://www.greatschools.org/city/Tickfaw/LA</url>
<lat>30.5771</lat>
<lon>-90.4872</lon>
<active>1</active>
</city>
<city>
<id>409840</id>
<name>Trout</name>
<state>LA</state>
<rating>7</rating>
<url>http://www.greatschools.org/city/Trout/LA</url>
<lat>31.7147</lat>
<lon>-92.2657</lon>
<active>1</active>
</city>
<city>
<id>409660</id>
<name>Tunica</name>
<state>LA</state>
<rating/>
<url>http://www.greatschools.org/city/Tunica/LA</url>
<lat>30.9587</lat>
<lon>-91.5104</lon>
<active>1</active>
</city>
<city>
<id>409838</id>
<name>Urania</name>
<state>LA</state>
<rating>8</rating>
<url>http://www.greatschools.org/city/Urania/LA</url>
<lat>31.8634</lat>
<lon>-92.291</lon>
<active>1</active>
</city>
<city>
<id>409741</id>
<name>Vacherie</name>
<state>LA</state>
<rating>8</rating>
<url>http://www.greatschools.org/city/Vacherie/LA</url>
<lat>29.9691</lat>
<lon>-90.6488</lon>
<active>1</active>
</city>
<city>
<id>442383</id>
<name>Ventress</name>
<state>LA</state>
<rating/>
<url>http://www.greatschools.org/city/Ventress/LA</url>
<lat>30.6825</lat>
<lon>-91.4318</lon>
<active>1</active>
</city>
<city>
<id>409621</id>
<name>Vidalia</name>
<state>LA</state>
<rating>7</rating>
<url>http://www.greatschools.org/city/Vidalia/LA</url>
<lat>31.5668</lat>
<lon>-91.4404</lon>
<active>1</active>
</city>
<city>
<id>409611</id>
<name>Ville Platte</name>
<state>LA</state>
<rating>6</rating>
<url>http://www.greatschools.org/city/Ville_Platte/LA</url>
<lat>30.6899</lat>
<lon>-92.2742</lon>
<active>1</active>
</city>
<city>
<id>409896</id>
<name>Vinton</name>
<state>LA</state>
<rating>5</rating>
<url>http://www.greatschools.org/city/Vinton/LA</url>
<lat>30.1954</lat>
<lon>-93.5822</lon>
<active>1</active>
</city>
<city>
<id>444105</id>
<name>Violet</name>
<state>LA</state>
<rating>6</rating>
<url>http://www.greatschools.org/city/Violet/LA</url>
<lat>29.8968</lat>
<lon>-89.8928</lon>
<active>1</active>
</city>
<city>
<id>409625</id>
<name>Vivian</name>
<state>LA</state>
<rating>3</rating>
<url>http://www.greatschools.org/city/Vivian/LA</url>
<lat>32.8714</lat>
<lon>-93.9863</lon>
<active>1</active>
</city>
<city>
<id>409847</id>
<name>Waggaman</name>
<state>LA</state>
<rating/>
<url>http://www.greatschools.org/city/Waggaman/LA</url>
<lat>29.9378</lat>
<lon>-90.2312</lon>
<active>1</active>
</city>
<city>
<id>409610</id>
<name>Walker</name>
<state>LA</state>
<rating>8</rating>
<url>http://www.greatschools.org/city/Walker/LA</url>
<lat>30.4861</lat>
<lon>-90.8651</lon>
<active>1</active>
</city>
<city>
<id>409727</id>
<name>Washington</name>
<state>LA</state>
<rating>4</rating>
<url>http://www.greatschools.org/city/Washington/LA</url>
<lat>30.6156</lat>
<lon>-92.0599</lon>
<active>1</active>
</city>
<city>
<id>442382</id>
<name>Waterproof</name>
<state>LA</state>
<rating/>
<url>http://www.greatschools.org/city/Waterproof/LA</url>
<lat>31.8072</lat>
<lon>-91.3861</lon>
<active>1</active>
</city>
<city>
<id>409628</id>
<name>Watson</name>
<state>LA</state>
<rating>8</rating>
<url>http://www.greatschools.org/city/Watson/LA</url>
<lat>30.5749</lat>
<lon>-90.9508</lon>
<active>1</active>
</city>
<city>
<id>409852</id>
<name>Welsh</name>
<state>LA</state>
<rating>8</rating>
<url>http://www.greatschools.org/city/Welsh/LA</url>
<lat>30.2356</lat>
<lon>-92.8124</lon>
<active>1</active>
</city>
<city>
<id>409643</id>
<name>West Monroe</name>
<state>LA</state>
<rating>8</rating>
<url>http://www.greatschools.org/city/West_Monroe/LA</url>
<lat>32.5123</lat>
<lon>-92.1511</lon>
<active>1</active>
</city>
<city>
<id>409894</id>
<name>Westlake</name>
<state>LA</state>
<rating>8</rating>
<url>http://www.greatschools.org/city/Westlake/LA</url>
<lat>30.2601</lat>
<lon>-93.2645</lon>
<active>1</active>
</city>
<city>
<id>409822</id>
<name>Westwego</name>
<state>LA</state>
<rating>4</rating>
<url>http://www.greatschools.org/city/Westwego/LA</url>
<lat>29.9054</lat>
<lon>-90.1435</lon>
<active>1</active>
</city>
<city>
<id>409860</id>
<name>White Castle</name>
<state>LA</state>
<rating>6</rating>
<url>http://www.greatschools.org/city/White_Castle/LA</url>
<lat>30.1617</lat>
<lon>-91.1485</lon>
<active>1</active>
</city>
<city>
<id>445063</id>
<name>Wilsona</name>
<state>LA</state>
<rating/>
<url>http://www.greatschools.org/city/Wilsona/LA</url>
<lat>31.9404</lat>
<lon>-91.3276</lon>
<active>1</active>
</city>
<city>
<id>409655</id>
<name>Winnfield</name>
<state>LA</state>
<rating>5</rating>
<url>http://www.greatschools.org/city/Winnfield/LA</url>
<lat>31.9239</lat>
<lon>-92.6425</lon>
<active>1</active>
</city>
<city>
<id>409651</id>
<name>Winnsboro</name>
<state>LA</state>
<rating>3</rating>
<url>http://www.greatschools.org/city/Winnsboro/LA</url>
<lat>32.1664</lat>
<lon>-91.7219</lon>
<active>1</active>
</city>
<city>
<id>442381</id>
<name>Wisner</name>
<state>LA</state>
<rating/>
<url>http://www.greatschools.org/city/Wisner/LA</url>
<lat>31.9804</lat>
<lon>-91.6551</lon>
<active>1</active>
</city>
<city>
<id>445908</id>
<name>Woodworth</name>
<state>LA</state>
<rating/>
<url>http://www.greatschools.org/city/Woodworth/LA</url>
<lat>31.1743</lat>
<lon>-92.5038</lon>
<active>1</active>
</city>
<city>
<id>409784</id>
<name>Youngsville</name>
<state>LA</state>
<rating>8</rating>
<url>http://www.greatschools.org/city/Youngsville/LA</url>
<lat>30.0962</lat>
<lon>-91.996</lon>
<active>1</active>
</city>
<city>
<id>409606</id>
<name>Zachary</name>
<state>LA</state>
<rating>9</rating>
<url>http://www.greatschools.org/city/Zachary/LA</url>
<lat>30.6626</lat>
<lon>-91.1581</lon>
<active>1</active>
</city>
<city>
<id>409755</id>
<name>Zwolle</name>
<state>LA</state>
<rating>5</rating>
<url>http://www.greatschools.org/city/Zwolle/LA</url>
<lat>31.6349</lat>
<lon>-93.6437</lon>
<active>1</active>
</city>
</greatschools-city-feed>
