<?xml version="1.0" encoding="utf-8"?><greatschools-city-feed xmlns:xsi="http://www.w3.org/2001/XMLSchema-instance" xsi:noNamespaceSchemaLocation="http://www.greatschools.org/feeds/greatschools-city2.xsd">
<city>
<id>441290</id>
<name>Abbeville</name>
<state>GA</state>
<rating/>
<url>http://www.greatschools.org/city/Abbeville/GA</url>
<lat>31.9885</lat>
<lon>-83.3027</lon>
<active>1</active>
</city>
<city>
<id>441102</id>
<name>Acworth</name>
<state>GA</state>
<rating>8</rating>
<url>http://www.greatschools.org/city/Acworth/GA</url>
<lat>34.0631</lat>
<lon>-84.6616</lon>
<active>1</active>
</city>
<city>
<id>441082</id>
<name>Adairsville</name>
<state>GA</state>
<rating>5</rating>
<url>http://www.greatschools.org/city/Adairsville/GA</url>
<lat>34.3667</lat>
<lon>-84.9258</lon>
<active>1</active>
</city>
<city>
<id>441205</id>
<name>Adel</name>
<state>GA</state>
<rating>5</rating>
<url>http://www.greatschools.org/city/Adel/GA</url>
<lat>31.1385</lat>
<lon>-83.4245</lon>
<active>1</active>
</city>
<city>
<id>441353</id>
<name>Adrian</name>
<state>GA</state>
<rating>5</rating>
<url>http://www.greatschools.org/city/Adrian/GA</url>
<lat>32.5311</lat>
<lon>-82.5907</lon>
<active>1</active>
</city>
<city>
<id>441019</id>
<name>Ailey</name>
<state>GA</state>
<rating>4</rating>
<url>http://www.greatschools.org/city/Ailey/GA</url>
<lat>32.1879</lat>
<lon>-82.5688</lon>
<active>1</active>
</city>
<city>
<id>441311</id>
<name>Alamo</name>
<state>GA</state>
<rating>5</rating>
<url>http://www.greatschools.org/city/Alamo/GA</url>
<lat>32.1488</lat>
<lon>-82.7861</lon>
<active>1</active>
</city>
<city>
<id>441278</id>
<name>Alapaha</name>
<state>GA</state>
<rating/>
<url>http://www.greatschools.org/city/Alapaha/GA</url>
<lat>31.381</lat>
<lon>-83.2252</lon>
<active>1</active>
</city>
<city>
<id>441005</id>
<name>Albany</name>
<state>GA</state>
<rating>4</rating>
<url>http://www.greatschools.org/city/Albany/GA</url>
<lat>31.5805</lat>
<lon>-84.1702</lon>
<active>1</active>
</city>
<city>
<id>442233</id>
<name>Allenhurst</name>
<state>GA</state>
<rating/>
<url>http://www.greatschools.org/city/Allenhurst/GA</url>
<lat>31.7825</lat>
<lon>-81.6102</lon>
<active>1</active>
</city>
<city>
<id>441243</id>
<name>Alma</name>
<state>GA</state>
<rating>6</rating>
<url>http://www.greatschools.org/city/Alma/GA</url>
<lat>31.5409</lat>
<lon>-82.4648</lon>
<active>1</active>
</city>
<city>
<id>441012</id>
<name>Alpharetta</name>
<state>GA</state>
<rating>9</rating>
<url>http://www.greatschools.org/city/Alpharetta/GA</url>
<lat>34.0743</lat>
<lon>-84.2738</lon>
<active>1</active>
</city>
<city>
<id>442232</id>
<name>Alto</name>
<state>GA</state>
<rating/>
<url>http://www.greatschools.org/city/Alto/GA</url>
<lat>34.4677</lat>
<lon>-83.5747</lon>
<active>1</active>
</city>
<city>
<id>441372</id>
<name>Ambrose</name>
<state>GA</state>
<rating>9</rating>
<url>http://www.greatschools.org/city/Ambrose/GA</url>
<lat>31.5939</lat>
<lon>-83.0148</lon>
<active>1</active>
</city>
<city>
<id>441025</id>
<name>Americus</name>
<state>GA</state>
<rating>2</rating>
<url>http://www.greatschools.org/city/Americus/GA</url>
<lat>32.0737</lat>
<lon>-84.2272</lon>
<active>1</active>
</city>
<city>
<id>441366</id>
<name>Appling</name>
<state>GA</state>
<rating>9</rating>
<url>http://www.greatschools.org/city/Appling/GA</url>
<lat>33.6006</lat>
<lon>-82.3148</lon>
<active>1</active>
</city>
<city>
<id>441387</id>
<name>Arlington</name>
<state>GA</state>
<rating>3</rating>
<url>http://www.greatschools.org/city/Arlington/GA</url>
<lat>31.4392</lat>
<lon>-84.7253</lon>
<active>1</active>
</city>
<city>
<id>441257</id>
<name>Armuchee</name>
<state>GA</state>
<rating>7</rating>
<url>http://www.greatschools.org/city/Armuchee/GA</url>
<lat>34.4281</lat>
<lon>-85.1632</lon>
<active>1</active>
</city>
<city>
<id>441170</id>
<name>Ashburn</name>
<state>GA</state>
<rating>3</rating>
<url>http://www.greatschools.org/city/Ashburn/GA</url>
<lat>31.703</lat>
<lon>-83.6545</lon>
<active>1</active>
</city>
<city>
<id>441222</id>
<name>Athens</name>
<state>GA</state>
<rating>4</rating>
<url>http://www.greatschools.org/city/Athens/GA</url>
<lat>33.95</lat>
<lon>-83.3799</lon>
<active>1</active>
</city>
<city>
<id>441015</id>
<name>Atlanta</name>
<state>GA</state>
<rating>4</rating>
<url>http://www.greatschools.org/city/Atlanta/GA</url>
<lat>33.7614</lat>
<lon>-84.4091</lon>
<active>1</active>
</city>
<city>
<id>441056</id>
<name>Auburn</name>
<state>GA</state>
<rating>7</rating>
<url>http://www.greatschools.org/city/Auburn/GA</url>
<lat>34.0119</lat>
<lon>-83.8313</lon>
<active>1</active>
</city>
<city>
<id>441047</id>
<name>Augusta</name>
<state>GA</state>
<rating>3</rating>
<url>http://www.greatschools.org/city/Augusta/GA</url>
<lat>33.4314</lat>
<lon>-82.0431</lon>
<active>1</active>
</city>
<city>
<id>441141</id>
<name>Austell</name>
<state>GA</state>
<rating>4</rating>
<url>http://www.greatschools.org/city/Austell/GA</url>
<lat>33.8167</lat>
<lon>-84.6349</lon>
<active>1</active>
</city>
<city>
<id>445942</id>
<name>Avondale Estate</name>
<state>GA</state>
<rating/>
<url>http://www.greatschools.org/city/Avondale_Estate/GA</url>
<lat>33.7575</lat>
<lon>-84.2705</lon>
<active>1</active>
</city>
<city>
<id>441097</id>
<name>Avondale Estates</name>
<state>GA</state>
<rating>5</rating>
<url>http://www.greatschools.org/city/Avondale_Estates/GA</url>
<lat>33.7682</lat>
<lon>-84.2646</lon>
<active>1</active>
</city>
<city>
<id>441253</id>
<name>Baconton</name>
<state>GA</state>
<rating>7</rating>
<url>http://www.greatschools.org/city/Baconton/GA</url>
<lat>31.377</lat>
<lon>-84.1608</lon>
<active>1</active>
</city>
<city>
<id>441202</id>
<name>Bainbridge</name>
<state>GA</state>
<rating>5</rating>
<url>http://www.greatschools.org/city/Bainbridge/GA</url>
<lat>30.904</lat>
<lon>-84.5673</lon>
<active>1</active>
</city>
<city>
<id>441343</id>
<name>Baldwin</name>
<state>GA</state>
<rating>3</rating>
<url>http://www.greatschools.org/city/Baldwin/GA</url>
<lat>34.4932</lat>
<lon>-83.5464</lon>
<active>1</active>
</city>
<city>
<id>441380</id>
<name>Ball Ground</name>
<state>GA</state>
<rating/>
<url>http://www.greatschools.org/city/Ball_Ground/GA</url>
<lat>34.3351</lat>
<lon>-84.3768</lon>
<active>1</active>
</city>
<city>
<id>441126</id>
<name>Barnesville</name>
<state>GA</state>
<rating>5</rating>
<url>http://www.greatschools.org/city/Barnesville/GA</url>
<lat>33.0526</lat>
<lon>-84.155</lon>
<active>1</active>
</city>
<city>
<id>441226</id>
<name>Bartow</name>
<state>GA</state>
<rating/>
<url>http://www.greatschools.org/city/Bartow/GA</url>
<lat>32.8813</lat>
<lon>-82.4709</lon>
<active>1</active>
</city>
<city>
<id>441049</id>
<name>Baxley</name>
<state>GA</state>
<rating>5</rating>
<url>http://www.greatschools.org/city/Baxley/GA</url>
<lat>31.7734</lat>
<lon>-82.3502</lon>
<active>1</active>
</city>
<city>
<id>441299</id>
<name>Bellville</name>
<state>GA</state>
<rating/>
<url>http://www.greatschools.org/city/Bellville/GA</url>
<lat>32.1525</lat>
<lon>-81.9755</lon>
<active>1</active>
</city>
<city>
<id>444232</id>
<name>Berkeley Lake</name>
<state>GA</state>
<rating>8</rating>
<url>http://www.greatschools.org/city/Berkeley_Lake/GA</url>
<lat>33.981</lat>
<lon>-84.1852</lon>
<active>1</active>
</city>
<city>
<id>441215</id>
<name>Bethlehem</name>
<state>GA</state>
<rating>7</rating>
<url>http://www.greatschools.org/city/Bethlehem/GA</url>
<lat>33.9342</lat>
<lon>-83.7131</lon>
<active>1</active>
</city>
<city>
<id>444364</id>
<name>Bishop</name>
<state>GA</state>
<rating>9</rating>
<url>http://www.greatschools.org/city/Bishop/GA</url>
<lat>33.8177</lat>
<lon>-83.4376</lon>
<active>1</active>
</city>
<city>
<id>441149</id>
<name>Blackshear</name>
<state>GA</state>
<rating>7</rating>
<url>http://www.greatschools.org/city/Blackshear/GA</url>
<lat>31.3009</lat>
<lon>-82.2425</lon>
<active>1</active>
</city>
<city>
<id>441018</id>
<name>Blairsville</name>
<state>GA</state>
<rating>8</rating>
<url>http://www.greatschools.org/city/Blairsville/GA</url>
<lat>34.8744</lat>
<lon>-83.951</lon>
<active>1</active>
</city>
<city>
<id>441098</id>
<name>Blakely</name>
<state>GA</state>
<rating>4</rating>
<url>http://www.greatschools.org/city/Blakely/GA</url>
<lat>31.3766</lat>
<lon>-84.9337</lon>
<active>1</active>
</city>
<city>
<id>441382</id>
<name>Bloomingdale</name>
<state>GA</state>
<rating>5</rating>
<url>http://www.greatschools.org/city/Bloomingdale/GA</url>
<lat>32.1245</lat>
<lon>-81.3004</lon>
<active>1</active>
</city>
<city>
<id>441275</id>
<name>Blue Ridge</name>
<state>GA</state>
<rating>6</rating>
<url>http://www.greatschools.org/city/Blue_Ridge/GA</url>
<lat>34.8649</lat>
<lon>-84.3233</lon>
<active>1</active>
</city>
<city>
<id>441322</id>
<name>Blythe</name>
<state>GA</state>
<rating>2</rating>
<url>http://www.greatschools.org/city/Blythe/GA</url>
<lat>33.3013</lat>
<lon>-82.2031</lon>
<active>1</active>
</city>
<city>
<id>441123</id>
<name>Bogart</name>
<state>GA</state>
<rating>8</rating>
<url>http://www.greatschools.org/city/Bogart/GA</url>
<lat>33.9492</lat>
<lon>-83.534</lon>
<active>1</active>
</city>
<city>
<id>442231</id>
<name>Bolingbroke</name>
<state>GA</state>
<rating/>
<url>http://www.greatschools.org/city/Bolingbroke/GA</url>
<lat>33.0463</lat>
<lon>-83.9354</lon>
<active>1</active>
</city>
<city>
<id>441060</id>
<name>Bonaire</name>
<state>GA</state>
<rating>8</rating>
<url>http://www.greatschools.org/city/Bonaire/GA</url>
<lat>32.5511</lat>
<lon>-83.6187</lon>
<active>1</active>
</city>
<city>
<id>442230</id>
<name>Boston</name>
<state>GA</state>
<rating/>
<url>http://www.greatschools.org/city/Boston/GA</url>
<lat>30.7921</lat>
<lon>-83.7907</lon>
<active>1</active>
</city>
<city>
<id>441127</id>
<name>Bowdon</name>
<state>GA</state>
<rating>5</rating>
<url>http://www.greatschools.org/city/Bowdon/GA</url>
<lat>33.5383</lat>
<lon>-85.2568</lon>
<active>1</active>
</city>
<city>
<id>441239</id>
<name>Bowersville</name>
<state>GA</state>
<rating>6</rating>
<url>http://www.greatschools.org/city/Bowersville/GA</url>
<lat>34.3725</lat>
<lon>-83.0836</lon>
<active>1</active>
</city>
<city>
<id>441354</id>
<name>Bowman</name>
<state>GA</state>
<rating/>
<url>http://www.greatschools.org/city/Bowman/GA</url>
<lat>34.2041</lat>
<lon>-83.0276</lon>
<active>1</active>
</city>
<city>
<id>441336</id>
<name>Braselton</name>
<state>GA</state>
<rating/>
<url>http://www.greatschools.org/city/Braselton/GA</url>
<lat>34.1032</lat>
<lon>-83.8137</lon>
<active>1</active>
</city>
<city>
<id>441259</id>
<name>Bremen</name>
<state>GA</state>
<rating>9</rating>
<url>http://www.greatschools.org/city/Bremen/GA</url>
<lat>33.72</lat>
<lon>-85.1425</lon>
<active>1</active>
</city>
<city>
<id>441016</id>
<name>Brooklet</name>
<state>GA</state>
<rating>7</rating>
<url>http://www.greatschools.org/city/Brooklet/GA</url>
<lat>32.3856</lat>
<lon>-81.6656</lon>
<active>1</active>
</city>
<city>
<id>441352</id>
<name>Brooks</name>
<state>GA</state>
<rating>9</rating>
<url>http://www.greatschools.org/city/Brooks/GA</url>
<lat>33.2911</lat>
<lon>-84.4602</lon>
<active>1</active>
</city>
<city>
<id>441374</id>
<name>Broxton</name>
<state>GA</state>
<rating>7</rating>
<url>http://www.greatschools.org/city/Broxton/GA</url>
<lat>31.6275</lat>
<lon>-82.8938</lon>
<active>1</active>
</city>
<city>
<id>441001</id>
<name>Brunswick</name>
<state>GA</state>
<rating>6</rating>
<url>http://www.greatschools.org/city/Brunswick/GA</url>
<lat>31.1618</lat>
<lon>-81.4878</lon>
<active>1</active>
</city>
<city>
<id>441341</id>
<name>Buchanan</name>
<state>GA</state>
<rating>6</rating>
<url>http://www.greatschools.org/city/Buchanan/GA</url>
<lat>33.8014</lat>
<lon>-85.1866</lon>
<active>1</active>
</city>
<city>
<id>441326</id>
<name>Buena Vista</name>
<state>GA</state>
<rating>6</rating>
<url>http://www.greatschools.org/city/Buena_Vista/GA</url>
<lat>32.3173</lat>
<lon>-84.5171</lon>
<active>1</active>
</city>
<city>
<id>441054</id>
<name>Buford</name>
<state>GA</state>
<rating>9</rating>
<url>http://www.greatschools.org/city/Buford/GA</url>
<lat>34.1111</lat>
<lon>-83.9983</lon>
<active>1</active>
</city>
<city>
<id>441116</id>
<name>Butler</name>
<state>GA</state>
<rating>4</rating>
<url>http://www.greatschools.org/city/Butler/GA</url>
<lat>32.5555</lat>
<lon>-84.2385</lon>
<active>1</active>
</city>
<city>
<id>441264</id>
<name>Byron</name>
<state>GA</state>
<rating>6</rating>
<url>http://www.greatschools.org/city/Byron/GA</url>
<lat>32.6484</lat>
<lon>-83.7587</lon>
<active>1</active>
</city>
<city>
<id>441199</id>
<name>Cairo</name>
<state>GA</state>
<rating>4</rating>
<url>http://www.greatschools.org/city/Cairo/GA</url>
<lat>30.8764</lat>
<lon>-84.2086</lon>
<active>1</active>
</city>
<city>
<id>441117</id>
<name>Calhoun</name>
<state>GA</state>
<rating>6</rating>
<url>http://www.greatschools.org/city/Calhoun/GA</url>
<lat>34.5016</lat>
<lon>-84.9426</lon>
<active>1</active>
</city>
<city>
<id>441184</id>
<name>Camilla</name>
<state>GA</state>
<rating>5</rating>
<url>http://www.greatschools.org/city/Camilla/GA</url>
<lat>31.231</lat>
<lon>-84.2094</lon>
<active>1</active>
</city>
<city>
<id>441159</id>
<name>Canon</name>
<state>GA</state>
<rating/>
<url>http://www.greatschools.org/city/Canon/GA</url>
<lat>34.3458</lat>
<lon>-83.1112</lon>
<active>1</active>
</city>
<city>
<id>440998</id>
<name>Canton</name>
<state>GA</state>
<rating>8</rating>
<url>http://www.greatschools.org/city/Canton/GA</url>
<lat>34.2363</lat>
<lon>-84.4875</lon>
<active>1</active>
</city>
<city>
<id>441077</id>
<name>Carnesville</name>
<state>GA</state>
<rating>6</rating>
<url>http://www.greatschools.org/city/Carnesville/GA</url>
<lat>34.3697</lat>
<lon>-83.2332</lon>
<active>1</active>
</city>
<city>
<id>441104</id>
<name>carrollton</name>
<state>GA</state>
<rating>6</rating>
<url>http://www.greatschools.org/city/carrollton/GA</url>
<lat>33.5807</lat>
<lon>-85.0777</lon>
<active>1</active>
</city>
<city>
<id>441138</id>
<name>Cartersville</name>
<state>GA</state>
<rating>6</rating>
<url>http://www.greatschools.org/city/Cartersville/GA</url>
<lat>34.1707</lat>
<lon>-84.8054</lon>
<active>1</active>
</city>
<city>
<id>441338</id>
<name>Cataula</name>
<state>GA</state>
<rating>7</rating>
<url>http://www.greatschools.org/city/Cataula/GA</url>
<lat>32.6485</lat>
<lon>-84.8967</lon>
<active>1</active>
</city>
<city>
<id>441224</id>
<name>Cave Spring</name>
<state>GA</state>
<rating>7</rating>
<url>http://www.greatschools.org/city/Cave_Spring/GA</url>
<lat>34.1094</lat>
<lon>-85.3355</lon>
<active>1</active>
</city>
<city>
<id>441094</id>
<name>Cedartown</name>
<state>GA</state>
<rating>5</rating>
<url>http://www.greatschools.org/city/Cedartown/GA</url>
<lat>34.0151</lat>
<lon>-85.2559</lon>
<active>1</active>
</city>
<city>
<id>441115</id>
<name>Centerville</name>
<state>GA</state>
<rating>7</rating>
<url>http://www.greatschools.org/city/Centerville/GA</url>
<lat>32.6342</lat>
<lon>-83.6775</lon>
<active>1</active>
</city>
<city>
<id>441014</id>
<name>Chamblee</name>
<state>GA</state>
<rating>6</rating>
<url>http://www.greatschools.org/city/Chamblee/GA</url>
<lat>33.8897</lat>
<lon>-84.2975</lon>
<active>1</active>
</city>
<city>
<id>441092</id>
<name>Chatsworth</name>
<state>GA</state>
<rating>6</rating>
<url>http://www.greatschools.org/city/Chatsworth/GA</url>
<lat>34.7753</lat>
<lon>-84.7804</lon>
<active>1</active>
</city>
<city>
<id>444895</id>
<name>Chattanooga Valley</name>
<state>GA</state>
<rating/>
<url>http://www.greatschools.org/city/Chattanooga_Valley/GA</url>
<lat>34.9117</lat>
<lon>-85.3471</lon>
<active>1</active>
</city>
<city>
<id>442229</id>
<name>Cherrylog</name>
<state>GA</state>
<rating/>
<url>http://www.greatschools.org/city/Cherrylog/GA</url>
<lat>34.792</lat>
<lon>-84.3628</lon>
<active>1</active>
</city>
<city>
<id>442228</id>
<name>Chester</name>
<state>GA</state>
<rating/>
<url>http://www.greatschools.org/city/Chester/GA</url>
<lat>32.3946</lat>
<lon>-83.154</lon>
<active>1</active>
</city>
<city>
<id>441169</id>
<name>Chickamauga</name>
<state>GA</state>
<rating>8</rating>
<url>http://www.greatschools.org/city/Chickamauga/GA</url>
<lat>34.8741</lat>
<lon>-85.2941</lon>
<active>1</active>
</city>
<city>
<id>441297</id>
<name>Chula</name>
<state>GA</state>
<rating/>
<url>http://www.greatschools.org/city/Chula/GA</url>
<lat>31.5694</lat>
<lon>-83.5131</lon>
<active>1</active>
</city>
<city>
<id>441197</id>
<name>Clarkesville</name>
<state>GA</state>
<rating>8</rating>
<url>http://www.greatschools.org/city/Clarkesville/GA</url>
<lat>34.609</lat>
<lon>-83.5241</lon>
<active>1</active>
</city>
<city>
<id>441136</id>
<name>Clarkston</name>
<state>GA</state>
<rating>1</rating>
<url>http://www.greatschools.org/city/Clarkston/GA</url>
<lat>33.8125</lat>
<lon>-84.2435</lon>
<active>1</active>
</city>
<city>
<id>441200</id>
<name>Claxton</name>
<state>GA</state>
<rating>5</rating>
<url>http://www.greatschools.org/city/Claxton/GA</url>
<lat>32.1617</lat>
<lon>-81.9084</lon>
<active>1</active>
</city>
<city>
<id>441400</id>
<name>Clayton</name>
<state>GA</state>
<rating/>
<url>http://www.greatschools.org/city/Clayton/GA</url>
<lat>34.8765</lat>
<lon>-83.4007</lon>
<active>1</active>
</city>
<city>
<id>442227</id>
<name>Clermont</name>
<state>GA</state>
<rating/>
<url>http://www.greatschools.org/city/Clermont/GA</url>
<lat>34.4783</lat>
<lon>-83.7756</lon>
<active>1</active>
</city>
<city>
<id>441109</id>
<name>Cleveland</name>
<state>GA</state>
<rating>7</rating>
<url>http://www.greatschools.org/city/Cleveland/GA</url>
<lat>34.5966</lat>
<lon>-83.7617</lon>
<active>1</active>
</city>
<city>
<id>444896</id>
<name>Climax</name>
<state>GA</state>
<rating/>
<url>http://www.greatschools.org/city/Climax/GA</url>
<lat>30.8777</lat>
<lon>-84.4363</lon>
<active>1</active>
</city>
<city>
<id>441028</id>
<name>Cochran</name>
<state>GA</state>
<rating>7</rating>
<url>http://www.greatschools.org/city/Cochran/GA</url>
<lat>32.3873</lat>
<lon>-83.3512</lon>
<active>1</active>
</city>
<city>
<id>441309</id>
<name>Cohutta</name>
<state>GA</state>
<rating>5</rating>
<url>http://www.greatschools.org/city/Cohutta/GA</url>
<lat>34.9581</lat>
<lon>-84.9516</lon>
<active>1</active>
</city>
<city>
<id>441329</id>
<name>Colbert</name>
<state>GA</state>
<rating>5</rating>
<url>http://www.greatschools.org/city/Colbert/GA</url>
<lat>34.0374</lat>
<lon>-83.2131</lon>
<active>1</active>
</city>
<city>
<id>441145</id>
<name>College Park</name>
<state>GA</state>
<rating>3</rating>
<url>http://www.greatschools.org/city/College_Park/GA</url>
<lat>33.6406</lat>
<lon>-84.464</lon>
<active>1</active>
</city>
<city>
<id>441248</id>
<name>Collins</name>
<state>GA</state>
<rating>4</rating>
<url>http://www.greatschools.org/city/Collins/GA</url>
<lat>32.1793</lat>
<lon>-82.1093</lon>
<active>1</active>
</city>
<city>
<id>441254</id>
<name>Colquitt</name>
<state>GA</state>
<rating>4</rating>
<url>http://www.greatschools.org/city/Colquitt/GA</url>
<lat>31.175</lat>
<lon>-84.7286</lon>
<active>1</active>
</city>
<city>
<id>441035</id>
<name>Columbus</name>
<state>GA</state>
<rating>4</rating>
<url>http://www.greatschools.org/city/Columbus/GA</url>
<lat>32.4835</lat>
<lon>-84.9321</lon>
<active>1</active>
</city>
<city>
<id>441328</id>
<name>Comer</name>
<state>GA</state>
<rating>7</rating>
<url>http://www.greatschools.org/city/Comer/GA</url>
<lat>34.0634</lat>
<lon>-83.1243</lon>
<active>1</active>
</city>
<city>
<id>441022</id>
<name>Commerce</name>
<state>GA</state>
<rating>8</rating>
<url>http://www.greatschools.org/city/Commerce/GA</url>
<lat>34.2065</lat>
<lon>-83.4594</lon>
<active>1</active>
</city>
<city>
<id>441377</id>
<name>Conley</name>
<state>GA</state>
<rating>4</rating>
<url>http://www.greatschools.org/city/Conley/GA</url>
<lat>33.6401</lat>
<lon>-84.3408</lon>
<active>1</active>
</city>
<city>
<id>441068</id>
<name>Conyers</name>
<state>GA</state>
<rating>6</rating>
<url>http://www.greatschools.org/city/Conyers/GA</url>
<lat>33.67</lat>
<lon>-84.0105</lon>
<active>1</active>
</city>
<city>
<id>441048</id>
<name>Cordele</name>
<state>GA</state>
<rating>5</rating>
<url>http://www.greatschools.org/city/Cordele/GA</url>
<lat>31.9645</lat>
<lon>-83.7805</lon>
<active>1</active>
</city>
<city>
<id>441125</id>
<name>Cornelia</name>
<state>GA</state>
<rating>6</rating>
<url>http://www.greatschools.org/city/Cornelia/GA</url>
<lat>34.5131</lat>
<lon>-83.5298</lon>
<active>1</active>
</city>
<city>
<id>441045</id>
<name>Covington</name>
<state>GA</state>
<rating>5</rating>
<url>http://www.greatschools.org/city/Covington/GA</url>
<lat>33.5944</lat>
<lon>-83.8613</lon>
<active>1</active>
</city>
<city>
<id>442226</id>
<name>Crawford</name>
<state>GA</state>
<rating>7</rating>
<url>http://www.greatschools.org/city/Crawford/GA</url>
<lat>33.8851</lat>
<lon>-83.1544</lon>
<active>1</active>
</city>
<city>
<id>441242</id>
<name>Crawfordville</name>
<state>GA</state>
<rating>3</rating>
<url>http://www.greatschools.org/city/Crawfordville/GA</url>
<lat>33.554</lat>
<lon>-82.8994</lon>
<active>1</active>
</city>
<city>
<id>441026</id>
<name>Cumming</name>
<state>GA</state>
<rating>9</rating>
<url>http://www.greatschools.org/city/Cumming/GA</url>
<lat>34.2111</lat>
<lon>-84.1398</lon>
<active>1</active>
</city>
<city>
<id>441139</id>
<name>Cusseta</name>
<state>GA</state>
<rating>4</rating>
<url>http://www.greatschools.org/city/Cusseta/GA</url>
<lat>32.3048</lat>
<lon>-84.7766</lon>
<active>1</active>
</city>
<city>
<id>441178</id>
<name>Cuthbert</name>
<state>GA</state>
<rating>2</rating>
<url>http://www.greatschools.org/city/Cuthbert/GA</url>
<lat>31.7692</lat>
<lon>-84.7941</lon>
<active>1</active>
</city>
<city>
<id>441142</id>
<name>Dacula</name>
<state>GA</state>
<rating>9</rating>
<url>http://www.greatschools.org/city/Dacula/GA</url>
<lat>33.9821</lat>
<lon>-83.8882</lon>
<active>1</active>
</city>
<city>
<id>441158</id>
<name>Dahlonega</name>
<state>GA</state>
<rating>8</rating>
<url>http://www.greatschools.org/city/Dahlonega/GA</url>
<lat>34.5346</lat>
<lon>-83.9863</lon>
<active>1</active>
</city>
<city>
<id>441036</id>
<name>Dallas</name>
<state>GA</state>
<rating>7</rating>
<url>http://www.greatschools.org/city/Dallas/GA</url>
<lat>33.9173</lat>
<lon>-84.8362</lon>
<active>1</active>
</city>
<city>
<id>441079</id>
<name>Dalton</name>
<state>GA</state>
<rating>5</rating>
<url>http://www.greatschools.org/city/Dalton/GA</url>
<lat>34.773</lat>
<lon>-84.9726</lon>
<active>1</active>
</city>
<city>
<id>441302</id>
<name>Damascus</name>
<state>GA</state>
<rating/>
<url>http://www.greatschools.org/city/Damascus/GA</url>
<lat>31.2976</lat>
<lon>-84.7165</lon>
<active>1</active>
</city>
<city>
<id>441188</id>
<name>Danielsville</name>
<state>GA</state>
<rating>7</rating>
<url>http://www.greatschools.org/city/Danielsville/GA</url>
<lat>34.1282</lat>
<lon>-83.2212</lon>
<active>1</active>
</city>
<city>
<id>446015</id>
<name>Danville</name>
<state>GA</state>
<rating/>
<url>http://www.greatschools.org/city/Danville/GA</url>
<lat>32.606</lat>
<lon>-83.2461</lon>
<active>1</active>
</city>
<city>
<id>441122</id>
<name>Darien</name>
<state>GA</state>
<rating>4</rating>
<url>http://www.greatschools.org/city/Darien/GA</url>
<lat>31.3731</lat>
<lon>-81.4284</lon>
<active>1</active>
</city>
<city>
<id>444897</id>
<name>Davisboro</name>
<state>GA</state>
<rating/>
<url>http://www.greatschools.org/city/Davisboro/GA</url>
<lat>32.9718</lat>
<lon>-82.6099</lon>
<active>1</active>
</city>
<city>
<id>441306</id>
<name>Dawson</name>
<state>GA</state>
<rating>3</rating>
<url>http://www.greatschools.org/city/Dawson/GA</url>
<lat>31.7744</lat>
<lon>-84.4411</lon>
<active>1</active>
</city>
<city>
<id>441119</id>
<name>Dawsonville</name>
<state>GA</state>
<rating>7</rating>
<url>http://www.greatschools.org/city/Dawsonville/GA</url>
<lat>34.4242</lat>
<lon>-84.1186</lon>
<active>1</active>
</city>
<city>
<id>441325</id>
<name>Dearing</name>
<state>GA</state>
<rating>5</rating>
<url>http://www.greatschools.org/city/Dearing/GA</url>
<lat>33.4136</lat>
<lon>-82.3859</lon>
<active>1</active>
</city>
<city>
<id>441008</id>
<name>Decatur</name>
<state>GA</state>
<rating>3</rating>
<url>http://www.greatschools.org/city/Decatur/GA</url>
<lat>33.7711</lat>
<lon>-84.298</lon>
<active>1</active>
</city>
<city>
<id>441143</id>
<name>Demorest</name>
<state>GA</state>
<rating>7</rating>
<url>http://www.greatschools.org/city/Demorest/GA</url>
<lat>34.5667</lat>
<lon>-83.5436</lon>
<active>1</active>
</city>
<city>
<id>444365</id>
<name>Dexter</name>
<state>GA</state>
<rating>6</rating>
<url>http://www.greatschools.org/city/Dexter/GA</url>
<lat>32.4343</lat>
<lon>-83.0587</lon>
<active>1</active>
</city>
<city>
<id>441305</id>
<name>Dixie</name>
<state>GA</state>
<rating/>
<url>http://www.greatschools.org/city/Dixie/GA</url>
<lat>30.7933</lat>
<lon>-83.6858</lon>
<active>1</active>
</city>
<city>
<id>441369</id>
<name>Doerun</name>
<state>GA</state>
<rating>4</rating>
<url>http://www.greatschools.org/city/Doerun/GA</url>
<lat>31.3209</lat>
<lon>-83.9167</lon>
<active>1</active>
</city>
<city>
<id>441176</id>
<name>Donalsonville</name>
<state>GA</state>
<rating>4</rating>
<url>http://www.greatschools.org/city/Donalsonville/GA</url>
<lat>31.0404</lat>
<lon>-84.877</lon>
<active>1</active>
</city>
<city>
<id>441361</id>
<name>Doraville</name>
<state>GA</state>
<rating>4</rating>
<url>http://www.greatschools.org/city/Doraville/GA</url>
<lat>33.903</lat>
<lon>-84.2721</lon>
<active>1</active>
</city>
<city>
<id>441009</id>
<name>Douglas</name>
<state>GA</state>
<rating>6</rating>
<url>http://www.greatschools.org/city/Douglas/GA</url>
<lat>31.5064</lat>
<lon>-82.8473</lon>
<active>1</active>
</city>
<city>
<id>441006</id>
<name>Douglasville</name>
<state>GA</state>
<rating>6</rating>
<url>http://www.greatschools.org/city/Douglasville/GA</url>
<lat>33.7437</lat>
<lon>-84.7308</lon>
<active>1</active>
</city>
<city>
<id>444898</id>
<name>Dover</name>
<state>GA</state>
<rating/>
<url>http://www.greatschools.org/city/Dover/GA</url>
<lat>32.5774</lat>
<lon>-81.7153</lon>
<active>1</active>
</city>
<city>
<id>442225</id>
<name>Dry Branch</name>
<state>GA</state>
<rating/>
<url>http://www.greatschools.org/city/Dry_Branch/GA</url>
<lat>32.7454</lat>
<lon>-83.4868</lon>
<active>1</active>
</city>
<city>
<id>441033</id>
<name>Dublin</name>
<state>GA</state>
<rating>5</rating>
<url>http://www.greatschools.org/city/Dublin/GA</url>
<lat>32.5403</lat>
<lon>-82.9198</lon>
<active>1</active>
</city>
<city>
<id>441358</id>
<name>Dudley</name>
<state>GA</state>
<rating>8</rating>
<url>http://www.greatschools.org/city/Dudley/GA</url>
<lat>32.5407</lat>
<lon>-83.0731</lon>
<active>1</active>
</city>
<city>
<id>441021</id>
<name>Duluth</name>
<state>GA</state>
<rating>8</rating>
<url>http://www.greatschools.org/city/Duluth/GA</url>
<lat>34.0045</lat>
<lon>-84.1535</lon>
<active>1</active>
</city>
<city>
<id>441084</id>
<name>Dunwoody</name>
<state>GA</state>
<rating>8</rating>
<url>http://www.greatschools.org/city/Dunwoody/GA</url>
<lat>33.942</lat>
<lon>-84.3148</lon>
<active>1</active>
</city>
<city>
<id>441232</id>
<name>East Dublin</name>
<state>GA</state>
<rating>7</rating>
<url>http://www.greatschools.org/city/East_Dublin/GA</url>
<lat>32.5491</lat>
<lon>-82.8671</lon>
<active>1</active>
</city>
<city>
<id>441144</id>
<name>East Point</name>
<state>GA</state>
<rating>2</rating>
<url>http://www.greatschools.org/city/East_Point/GA</url>
<lat>33.6745</lat>
<lon>-84.4586</lon>
<active>1</active>
</city>
<city>
<id>441174</id>
<name>Eastanollee</name>
<state>GA</state>
<rating>8</rating>
<url>http://www.greatschools.org/city/Eastanollee/GA</url>
<lat>34.4939</lat>
<lon>-83.2683</lon>
<active>1</active>
</city>
<city>
<id>441089</id>
<name>Eastman</name>
<state>GA</state>
<rating>5</rating>
<url>http://www.greatschools.org/city/Eastman/GA</url>
<lat>32.196</lat>
<lon>-83.1772</lon>
<active>1</active>
</city>
<city>
<id>441179</id>
<name>Eatonton</name>
<state>GA</state>
<rating>7</rating>
<url>http://www.greatschools.org/city/Eatonton/GA</url>
<lat>33.3266</lat>
<lon>-83.391</lon>
<active>1</active>
</city>
<city>
<id>442224</id>
<name>Eden</name>
<state>GA</state>
<rating/>
<url>http://www.greatschools.org/city/Eden/GA</url>
<lat>32.1781</lat>
<lon>-81.4852</lon>
<active>1</active>
</city>
<city>
<id>441388</id>
<name>Edison</name>
<state>GA</state>
<rating>7</rating>
<url>http://www.greatschools.org/city/Edison/GA</url>
<lat>31.562</lat>
<lon>-84.7377</lon>
<active>1</active>
</city>
<city>
<id>441265</id>
<name>Elberton</name>
<state>GA</state>
<rating/>
<url>http://www.greatschools.org/city/Elberton/GA</url>
<lat>34.1101</lat>
<lon>-82.866</lon>
<active>1</active>
</city>
<city>
<id>442223</id>
<name>Ellabell</name>
<state>GA</state>
<rating/>
<url>http://www.greatschools.org/city/Ellabell/GA</url>
<lat>32.1781</lat>
<lon>-81.4852</lon>
<active>1</active>
</city>
<city>
<id>441250</id>
<name>Ellaville</name>
<state>GA</state>
<rating>9</rating>
<url>http://www.greatschools.org/city/Ellaville/GA</url>
<lat>32.2389</lat>
<lon>-84.3081</lon>
<active>1</active>
</city>
<city>
<id>441099</id>
<name>Ellenwood</name>
<state>GA</state>
<rating>3</rating>
<url>http://www.greatschools.org/city/Ellenwood/GA</url>
<lat>33.6383</lat>
<lon>-84.2627</lon>
<active>1</active>
</city>
<city>
<id>441339</id>
<name>Ellerslie</name>
<state>GA</state>
<rating>8</rating>
<url>http://www.greatschools.org/city/Ellerslie/GA</url>
<lat>32.6429</lat>
<lon>-84.7989</lon>
<active>1</active>
</city>
<city>
<id>441042</id>
<name>Ellijay</name>
<state>GA</state>
<rating/>
<url>http://www.greatschools.org/city/Ellijay/GA</url>
<lat>34.6961</lat>
<lon>-84.4858</lon>
<active>1</active>
</city>
<city>
<id>441392</id>
<name>Emerson</name>
<state>GA</state>
<rating>5</rating>
<url>http://www.greatschools.org/city/Emerson/GA</url>
<lat>34.1249</lat>
<lon>-84.7564</lon>
<active>1</active>
</city>
<city>
<id>441031</id>
<name>Eton</name>
<state>GA</state>
<rating/>
<url>http://www.greatschools.org/city/Eton/GA</url>
<lat>34.8229</lat>
<lon>-84.7606</lon>
<active>1</active>
</city>
<city>
<id>444231</id>
<name>Euharlee</name>
<state>GA</state>
<rating>6</rating>
<url>http://www.greatschools.org/city/Euharlee/GA</url>
<lat>34.146</lat>
<lon>-84.9312</lon>
<active>1</active>
</city>
<city>
<id>441067</id>
<name>Evans</name>
<state>GA</state>
<rating>9</rating>
<url>http://www.greatschools.org/city/Evans/GA</url>
<lat>33.5123</lat>
<lon>-82.1429</lon>
<active>1</active>
</city>
<city>
<id>441038</id>
<name>Fairburn</name>
<state>GA</state>
<rating>4</rating>
<url>http://www.greatschools.org/city/Fairburn/GA</url>
<lat>33.5702</lat>
<lon>-84.5834</lon>
<active>1</active>
</city>
<city>
<id>441347</id>
<name>Fairmount</name>
<state>GA</state>
<rating>6</rating>
<url>http://www.greatschools.org/city/Fairmount/GA</url>
<lat>34.4405</lat>
<lon>-84.6992</lon>
<active>1</active>
</city>
<city>
<id>441043</id>
<name>Fayetteville</name>
<state>GA</state>
<rating>9</rating>
<url>http://www.greatschools.org/city/Fayetteville/GA</url>
<lat>33.4469</lat>
<lon>-84.4563</lon>
<active>1</active>
</city>
<city>
<id>441214</id>
<name>Fitzgerald</name>
<state>GA</state>
<rating>5</rating>
<url>http://www.greatschools.org/city/Fitzgerald/GA</url>
<lat>31.7154</lat>
<lon>-83.257</lon>
<active>1</active>
</city>
<city>
<id>441101</id>
<name>Flintstone</name>
<state>GA</state>
<rating>7</rating>
<url>http://www.greatschools.org/city/Flintstone/GA</url>
<lat>34.9262</lat>
<lon>-85.3515</lon>
<active>1</active>
</city>
<city>
<id>441163</id>
<name>Flowery Branch</name>
<state>GA</state>
<rating>6</rating>
<url>http://www.greatschools.org/city/Flowery_Branch/GA</url>
<lat>34.1868</lat>
<lon>-83.9237</lon>
<active>1</active>
</city>
<city>
<id>441228</id>
<name>Folkston</name>
<state>GA</state>
<rating>5</rating>
<url>http://www.greatschools.org/city/Folkston/GA</url>
<lat>30.8326</lat>
<lon>-82.0072</lon>
<active>1</active>
</city>
<city>
<id>441075</id>
<name>Forest Park</name>
<state>GA</state>
<rating>3</rating>
<url>http://www.greatschools.org/city/Forest_Park/GA</url>
<lat>33.6199</lat>
<lon>-84.3631</lon>
<active>1</active>
</city>
<city>
<id>441108</id>
<name>Forsyth</name>
<state>GA</state>
<rating>8</rating>
<url>http://www.greatschools.org/city/Forsyth/GA</url>
<lat>33.0354</lat>
<lon>-83.9415</lon>
<active>1</active>
</city>
<city>
<id>442221</id>
<name>Fort Benning</name>
<state>GA</state>
<rating/>
<url>http://www.greatschools.org/city/Fort_Benning/GA</url>
<lat>32.3821</lat>
<lon>-84.9336</lon>
<active>1</active>
</city>
<city>
<id>441221</id>
<name>Fort Gaines</name>
<state>GA</state>
<rating>4</rating>
<url>http://www.greatschools.org/city/Fort_Gaines/GA</url>
<lat>31.6095</lat>
<lon>-85.0479</lon>
<active>1</active>
</city>
<city>
<id>441234</id>
<name>Fort Gordon</name>
<state>GA</state>
<rating>6</rating>
<url>http://www.greatschools.org/city/Fort_Gordon/GA</url>
<lat>33.4099</lat>
<lon>-82.1542</lon>
<active>1</active>
</city>
<city>
<id>441210</id>
<name>Fort Oglethorpe</name>
<state>GA</state>
<rating>6</rating>
<url>http://www.greatschools.org/city/Fort_Oglethorpe/GA</url>
<lat>34.9534</lat>
<lon>-85.2447</lon>
<active>1</active>
</city>
<city>
<id>441918</id>
<name>Fort Stewart</name>
<state>GA</state>
<rating/>
<url>http://www.greatschools.org/city/Fort_Stewart/GA</url>
<lat>31.8821</lat>
<lon>-81.6088</lon>
<active>1</active>
</city>
<city>
<id>441181</id>
<name>Fort Valley</name>
<state>GA</state>
<rating>2</rating>
<url>http://www.greatschools.org/city/Fort_Valley/GA</url>
<lat>32.5516</lat>
<lon>-83.8885</lon>
<active>1</active>
</city>
<city>
<id>441340</id>
<name>Fortson</name>
<state>GA</state>
<rating>7</rating>
<url>http://www.greatschools.org/city/Fortson/GA</url>
<lat>32.6393</lat>
<lon>-84.9977</lon>
<active>1</active>
</city>
<city>
<id>441132</id>
<name>Franklin</name>
<state>GA</state>
<rating>7</rating>
<url>http://www.greatschools.org/city/Franklin/GA</url>
<lat>33.2767</lat>
<lon>-85.1004</lon>
<active>1</active>
</city>
<city>
<id>442220</id>
<name>Franklin Springs</name>
<state>GA</state>
<rating/>
<url>http://www.greatschools.org/city/Franklin_Springs/GA</url>
<lat>34.283</lat>
<lon>-83.1449</lon>
<active>1</active>
</city>
<city>
<id>441368</id>
<name>Funston</name>
<state>GA</state>
<rating>5</rating>
<url>http://www.greatschools.org/city/Funston/GA</url>
<lat>31.1991</lat>
<lon>-83.8749</lon>
<active>1</active>
</city>
<city>
<id>441034</id>
<name>Gainesville</name>
<state>GA</state>
<rating>5</rating>
<url>http://www.greatschools.org/city/Gainesville/GA</url>
<lat>34.3054</lat>
<lon>-83.8338</lon>
<active>1</active>
</city>
<city>
<id>441065</id>
<name>Garden City</name>
<state>GA</state>
<rating>3</rating>
<url>http://www.greatschools.org/city/Garden_City/GA</url>
<lat>32.0967</lat>
<lon>-81.1677</lon>
<active>1</active>
</city>
<city>
<id>441323</id>
<name>Georgetown</name>
<state>GA</state>
<rating>2</rating>
<url>http://www.greatschools.org/city/Georgetown/GA</url>
<lat>31.884</lat>
<lon>-85.0966</lon>
<active>1</active>
</city>
<city>
<id>441348</id>
<name>Gibson</name>
<state>GA</state>
<rating>6</rating>
<url>http://www.greatschools.org/city/Gibson/GA</url>
<lat>33.2327</lat>
<lon>-82.5958</lon>
<active>1</active>
</city>
<city>
<id>441247</id>
<name>Glennville</name>
<state>GA</state>
<rating>6</rating>
<url>http://www.greatschools.org/city/Glennville/GA</url>
<lat>31.9374</lat>
<lon>-81.9287</lon>
<active>1</active>
</city>
<city>
<id>441166</id>
<name>Glenwood</name>
<state>GA</state>
<rating/>
<url>http://www.greatschools.org/city/Glenwood/GA</url>
<lat>32.1822</lat>
<lon>-82.6722</lon>
<active>1</active>
</city>
<city>
<id>444900</id>
<name>Glynco</name>
<state>GA</state>
<rating/>
<url>http://www.greatschools.org/city/Glynco/GA</url>
<lat>31.2257</lat>
<lon>-81.4881</lon>
<active>1</active>
</city>
<city>
<id>442219</id>
<name>Gordon</name>
<state>GA</state>
<rating/>
<url>http://www.greatschools.org/city/Gordon/GA</url>
<lat>32.8889</lat>
<lon>-83.3404</lon>
<active>1</active>
</city>
<city>
<id>441135</id>
<name>Grantville</name>
<state>GA</state>
<rating>5</rating>
<url>http://www.greatschools.org/city/Grantville/GA</url>
<lat>33.2368</lat>
<lon>-84.8303</lon>
<active>1</active>
</city>
<city>
<id>441088</id>
<name>Gray</name>
<state>GA</state>
<rating>7</rating>
<url>http://www.greatschools.org/city/Gray/GA</url>
<lat>33.0102</lat>
<lon>-83.5343</lon>
<active>1</active>
</city>
<city>
<id>441147</id>
<name>Grayson</name>
<state>GA</state>
<rating>9</rating>
<url>http://www.greatschools.org/city/Grayson/GA</url>
<lat>33.893</lat>
<lon>-83.9539</lon>
<active>1</active>
</city>
<city>
<id>442218</id>
<name>Graysville</name>
<state>GA</state>
<rating/>
<url>http://www.greatschools.org/city/Graysville/GA</url>
<lat>34.9179</lat>
<lon>-85.1525</lon>
<active>1</active>
</city>
<city>
<id>441011</id>
<name>Greensboro</name>
<state>GA</state>
<rating>4</rating>
<url>http://www.greatschools.org/city/Greensboro/GA</url>
<lat>33.5736</lat>
<lon>-83.1801</lon>
<active>1</active>
</city>
<city>
<id>441262</id>
<name>Greenville</name>
<state>GA</state>
<rating>3</rating>
<url>http://www.greatschools.org/city/Greenville/GA</url>
<lat>33.0239</lat>
<lon>-84.7167</lon>
<active>1</active>
</city>
<city>
<id>441024</id>
<name>Griffin</name>
<state>GA</state>
<rating>4</rating>
<url>http://www.greatschools.org/city/Griffin/GA</url>
<lat>33.2459</lat>
<lon>-84.2724</lon>
<active>1</active>
</city>
<city>
<id>441061</id>
<name>Grovetown</name>
<state>GA</state>
<rating>7</rating>
<url>http://www.greatschools.org/city/Grovetown/GA</url>
<lat>33.4499</lat>
<lon>-82.195</lon>
<active>1</active>
</city>
<city>
<id>441355</id>
<name>Guyton</name>
<state>GA</state>
<rating>8</rating>
<url>http://www.greatschools.org/city/Guyton/GA</url>
<lat>32.3378</lat>
<lon>-81.3933</lon>
<active>1</active>
</city>
<city>
<id>442217</id>
<name>Hagan</name>
<state>GA</state>
<rating/>
<url>http://www.greatschools.org/city/Hagan/GA</url>
<lat>32.1558</lat>
<lon>-81.9305</lon>
<active>1</active>
</city>
<city>
<id>441295</id>
<name>Hahira</name>
<state>GA</state>
<rating>9</rating>
<url>http://www.greatschools.org/city/Hahira/GA</url>
<lat>30.9905</lat>
<lon>-83.3698</lon>
<active>1</active>
</city>
<city>
<id>441194</id>
<name>Hamilton</name>
<state>GA</state>
<rating>7</rating>
<url>http://www.greatschools.org/city/Hamilton/GA</url>
<lat>32.758</lat>
<lon>-84.876</lon>
<active>1</active>
</city>
<city>
<id>441128</id>
<name>Hampton</name>
<state>GA</state>
<rating>5</rating>
<url>http://www.greatschools.org/city/Hampton/GA</url>
<lat>33.3879</lat>
<lon>-84.2854</lon>
<active>1</active>
</city>
<city>
<id>441072</id>
<name>Hapeville</name>
<state>GA</state>
<rating>4</rating>
<url>http://www.greatschools.org/city/Hapeville/GA</url>
<lat>33.6637</lat>
<lon>-84.4063</lon>
<active>1</active>
</city>
<city>
<id>444901</id>
<name>Hardwick</name>
<state>GA</state>
<rating/>
<url>http://www.greatschools.org/city/Hardwick/GA</url>
<lat>33.0525</lat>
<lon>-83.2308</lon>
<active>1</active>
</city>
<city>
<id>441365</id>
<name>Harlem</name>
<state>GA</state>
<rating>7</rating>
<url>http://www.greatschools.org/city/Harlem/GA</url>
<lat>33.4148</lat>
<lon>-82.317</lon>
<active>1</active>
</city>
<city>
<id>441367</id>
<name>Hartsfield</name>
<state>GA</state>
<rating>5</rating>
<url>http://www.greatschools.org/city/Hartsfield/GA</url>
<lat>31.194</lat>
<lon>-83.9678</lon>
<active>1</active>
</city>
<city>
<id>441238</id>
<name>Hartwell</name>
<state>GA</state>
<rating>5</rating>
<url>http://www.greatschools.org/city/Hartwell/GA</url>
<lat>34.3537</lat>
<lon>-82.93</lon>
<active>1</active>
</city>
<city>
<id>441180</id>
<name>Hawkinsville</name>
<state>GA</state>
<rating>5</rating>
<url>http://www.greatschools.org/city/Hawkinsville/GA</url>
<lat>32.2823</lat>
<lon>-83.4758</lon>
<active>1</active>
</city>
<city>
<id>441095</id>
<name>Hazlehurst</name>
<state>GA</state>
<rating>5</rating>
<url>http://www.greatschools.org/city/Hazlehurst/GA</url>
<lat>31.8678</lat>
<lon>-82.6003</lon>
<active>1</active>
</city>
<city>
<id>442215</id>
<name>Helena</name>
<state>GA</state>
<rating/>
<url>http://www.greatschools.org/city/Helena/GA</url>
<lat>32.0787</lat>
<lon>-82.9127</lon>
<active>1</active>
</city>
<city>
<id>441083</id>
<name>Hephzibah</name>
<state>GA</state>
<rating>3</rating>
<url>http://www.greatschools.org/city/Hephzibah/GA</url>
<lat>33.2994</lat>
<lon>-82.0981</lon>
<active>1</active>
</city>
<city>
<id>441218</id>
<name>Hiawassee</name>
<state>GA</state>
<rating>7</rating>
<url>http://www.greatschools.org/city/Hiawassee/GA</url>
<lat>34.9504</lat>
<lon>-83.7532</lon>
<active>1</active>
</city>
<city>
<id>441160</id>
<name>Hinesville</name>
<state>GA</state>
<rating>6</rating>
<url>http://www.greatschools.org/city/Hinesville/GA</url>
<lat>31.828</lat>
<lon>-81.6103</lon>
<active>1</active>
</city>
<city>
<id>441261</id>
<name>Hiram</name>
<state>GA</state>
<rating>6</rating>
<url>http://www.greatschools.org/city/Hiram/GA</url>
<lat>33.8743</lat>
<lon>-84.758</lon>
<active>1</active>
</city>
<city>
<id>441391</id>
<name>Hoboken</name>
<state>GA</state>
<rating>8</rating>
<url>http://www.greatschools.org/city/Hoboken/GA</url>
<lat>31.184</lat>
<lon>-82.1338</lon>
<active>1</active>
</city>
<city>
<id>441260</id>
<name>Hogansville</name>
<state>GA</state>
<rating>4</rating>
<url>http://www.greatschools.org/city/Hogansville/GA</url>
<lat>33.1718</lat>
<lon>-84.91</lon>
<active>1</active>
</city>
<city>
<id>441208</id>
<name>Holly Springs</name>
<state>GA</state>
<rating/>
<url>http://www.greatschools.org/city/Holly_Springs/GA</url>
<lat>34.1678</lat>
<lon>-84.4962</lon>
<active>1</active>
</city>
<city>
<id>441074</id>
<name>Homer</name>
<state>GA</state>
<rating>7</rating>
<url>http://www.greatschools.org/city/Homer/GA</url>
<lat>34.3303</lat>
<lon>-83.5032</lon>
<active>1</active>
</city>
<city>
<id>441207</id>
<name>Homerville</name>
<state>GA</state>
<rating>5</rating>
<url>http://www.greatschools.org/city/Homerville/GA</url>
<lat>31.0363</lat>
<lon>-82.7491</lon>
<active>1</active>
</city>
<city>
<id>441286</id>
<name>Hortense</name>
<state>GA</state>
<rating/>
<url>http://www.greatschools.org/city/Hortense/GA</url>
<lat>31.357</lat>
<lon>-81.864</lon>
<active>1</active>
</city>
<city>
<id>441124</id>
<name>Hoschton</name>
<state>GA</state>
<rating>9</rating>
<url>http://www.greatschools.org/city/Hoschton/GA</url>
<lat>34.0924</lat>
<lon>-83.7651</lon>
<active>1</active>
</city>
<city>
<id>441255</id>
<name>Hull</name>
<state>GA</state>
<rating>8</rating>
<url>http://www.greatschools.org/city/Hull/GA</url>
<lat>34.0145</lat>
<lon>-83.2946</lon>
<active>1</active>
</city>
<city>
<id>441308</id>
<name>Irwinton</name>
<state>GA</state>
<rating>4</rating>
<url>http://www.greatschools.org/city/Irwinton/GA</url>
<lat>32.8109</lat>
<lon>-83.1755</lon>
<active>1</active>
</city>
<city>
<id>441223</id>
<name>Jackson</name>
<state>GA</state>
<rating>5</rating>
<url>http://www.greatschools.org/city/Jackson/GA</url>
<lat>33.2923</lat>
<lon>-83.9635</lon>
<active>1</active>
</city>
<city>
<id>441096</id>
<name>Jasper</name>
<state>GA</state>
<rating>7</rating>
<url>http://www.greatschools.org/city/Jasper/GA</url>
<lat>34.4707</lat>
<lon>-84.4281</lon>
<active>1</active>
</city>
<city>
<id>441051</id>
<name>Jefferson</name>
<state>GA</state>
<rating>9</rating>
<url>http://www.greatschools.org/city/Jefferson/GA</url>
<lat>34.123</lat>
<lon>-83.5834</lon>
<active>1</active>
</city>
<city>
<id>441076</id>
<name>Jeffersonville</name>
<state>GA</state>
<rating>2</rating>
<url>http://www.greatschools.org/city/Jeffersonville/GA</url>
<lat>32.6821</lat>
<lon>-83.338</lon>
<active>1</active>
</city>
<city>
<id>441277</id>
<name>Jersey</name>
<state>GA</state>
<rating/>
<url>http://www.greatschools.org/city/Jersey/GA</url>
<lat>33.7161</lat>
<lon>-83.8001</lon>
<active>1</active>
</city>
<city>
<id>441030</id>
<name>Jesup</name>
<state>GA</state>
<rating>4</rating>
<url>http://www.greatschools.org/city/Jesup/GA</url>
<lat>31.596</lat>
<lon>-81.89</lon>
<active>1</active>
</city>
<city>
<id>444290</id>
<name>Johns Creek</name>
<state>GA</state>
<rating/>
<url>http://www.greatschools.org/city/Johns_Creek/GA</url>
<lat>34.0327</lat>
<lon>-84.2038</lon>
<active>1</active>
</city>
<city>
<id>441023</id>
<name>Jonesboro</name>
<state>GA</state>
<rating>4</rating>
<url>http://www.greatschools.org/city/Jonesboro/GA</url>
<lat>33.5247</lat>
<lon>-84.3541</lon>
<active>1</active>
</city>
<city>
<id>444902</id>
<name>Karo</name>
<state>GA</state>
<rating/>
<url>http://www.greatschools.org/city/Karo/GA</url>
<lat>30.8354</lat>
<lon>-84.2068</lon>
<active>1</active>
</city>
<city>
<id>441040</id>
<name>Kathleen</name>
<state>GA</state>
<rating>9</rating>
<url>http://www.greatschools.org/city/Kathleen/GA</url>
<lat>32.5146</lat>
<lon>-83.6529</lon>
<active>1</active>
</city>
<city>
<id>441073</id>
<name>Kennesaw</name>
<state>GA</state>
<rating>8</rating>
<url>http://www.greatschools.org/city/Kennesaw/GA</url>
<lat>34.0306</lat>
<lon>-84.6202</lon>
<active>1</active>
</city>
<city>
<id>441211</id>
<name>Kingsland</name>
<state>GA</state>
<rating>8</rating>
<url>http://www.greatschools.org/city/Kingsland/GA</url>
<lat>30.7948</lat>
<lon>-81.6728</lon>
<active>1</active>
</city>
<city>
<id>441241</id>
<name>Kingston</name>
<state>GA</state>
<rating>6</rating>
<url>http://www.greatschools.org/city/Kingston/GA</url>
<lat>34.2362</lat>
<lon>-84.9456</lon>
<active>1</active>
</city>
<city>
<id>446009</id>
<name>La Fayette</name>
<state>GA</state>
<rating/>
<url>http://www.greatschools.org/city/La_Fayette/GA</url>
<lat>34.701</lat>
<lon>-85.3074</lon>
<active>1</active>
</city>
<city>
<id>441291</id>
<name>LaFayette</name>
<state>GA</state>
<rating>6</rating>
<url>http://www.greatschools.org/city/LaFayette/GA</url>
<lat>34.7062</lat>
<lon>-85.2861</lon>
<active>1</active>
</city>
<city>
<id>441086</id>
<name>Lagrange</name>
<state>GA</state>
<rating>6</rating>
<url>http://www.greatschools.org/city/Lagrange/GA</url>
<lat>33.0419</lat>
<lon>-85.0316</lon>
<active>1</active>
</city>
<city>
<id>441376</id>
<name>Lake City</name>
<state>GA</state>
<rating>5</rating>
<url>http://www.greatschools.org/city/Lake_City/GA</url>
<lat>33.6051</lat>
<lon>-84.3417</lon>
<active>1</active>
</city>
<city>
<id>441164</id>
<name>Lake Park</name>
<state>GA</state>
<rating>9</rating>
<url>http://www.greatschools.org/city/Lake_Park/GA</url>
<lat>30.685</lat>
<lon>-83.1898</lon>
<active>1</active>
</city>
<city>
<id>441190</id>
<name>Lakeland</name>
<state>GA</state>
<rating>4</rating>
<url>http://www.greatschools.org/city/Lakeland/GA</url>
<lat>31.0382</lat>
<lon>-83.0723</lon>
<active>1</active>
</city>
<city>
<id>441349</id>
<name>Lavonia</name>
<state>GA</state>
<rating>7</rating>
<url>http://www.greatschools.org/city/Lavonia/GA</url>
<lat>34.4362</lat>
<lon>-83.1058</lon>
<active>1</active>
</city>
<city>
<id>441058</id>
<name>Lawrenceville</name>
<state>GA</state>
<rating>7</rating>
<url>http://www.greatschools.org/city/Lawrenceville/GA</url>
<lat>33.9488</lat>
<lon>-83.9895</lon>
<active>1</active>
</city>
<city>
<id>441330</id>
<name>Leesburg</name>
<state>GA</state>
<rating>7</rating>
<url>http://www.greatschools.org/city/Leesburg/GA</url>
<lat>31.7354</lat>
<lon>-84.1665</lon>
<active>1</active>
</city>
<city>
<id>441182</id>
<name>Lexington</name>
<state>GA</state>
<rating>5</rating>
<url>http://www.greatschools.org/city/Lexington/GA</url>
<lat>33.8713</lat>
<lon>-83.1114</lon>
<active>1</active>
</city>
<city>
<id>441078</id>
<name>Lilburn</name>
<state>GA</state>
<rating>6</rating>
<url>http://www.greatschools.org/city/Lilburn/GA</url>
<lat>33.8903</lat>
<lon>-84.1425</lon>
<active>1</active>
</city>
<city>
<id>441161</id>
<name>Lincolnton</name>
<state>GA</state>
<rating>6</rating>
<url>http://www.greatschools.org/city/Lincolnton/GA</url>
<lat>33.7944</lat>
<lon>-82.4782</lon>
<active>1</active>
</city>
<city>
<id>441087</id>
<name>Lindale</name>
<state>GA</state>
<rating>6</rating>
<url>http://www.greatschools.org/city/Lindale/GA</url>
<lat>34.1959</lat>
<lon>-85.1729</lon>
<active>1</active>
</city>
<city>
<id>441156</id>
<name>Lithia Springs</name>
<state>GA</state>
<rating>4</rating>
<url>http://www.greatschools.org/city/Lithia_Springs/GA</url>
<lat>33.7954</lat>
<lon>-84.6598</lon>
<active>1</active>
</city>
<city>
<id>441003</id>
<name>Lithonia</name>
<state>GA</state>
<rating>3</rating>
<url>http://www.greatschools.org/city/Lithonia/GA</url>
<lat>33.7131</lat>
<lon>-84.1073</lon>
<active>1</active>
</city>
<city>
<id>446431</id>
<name>Lithonia, Ga</name>
<state>GA</state>
<rating/>
<url>http://www.greatschools.org/city/Lithonia,_Ga/GA</url>
<lat>33.7089</lat>
<lon>-84.1105</lon>
<active>1</active>
</city>
<city>
<id>441240</id>
<name>Lizella</name>
<state>GA</state>
<rating>6</rating>
<url>http://www.greatschools.org/city/Lizella/GA</url>
<lat>32.7785</lat>
<lon>-83.829</lon>
<active>1</active>
</city>
<city>
<id>441007</id>
<name>Locust Grove</name>
<state>GA</state>
<rating>6</rating>
<url>http://www.greatschools.org/city/Locust_Grove/GA</url>
<lat>33.3439</lat>
<lon>-84.0927</lon>
<active>1</active>
</city>
<city>
<id>441002</id>
<name>Loganville</name>
<state>GA</state>
<rating>8</rating>
<url>http://www.greatschools.org/city/Loganville/GA</url>
<lat>33.836</lat>
<lon>-83.8994</lon>
<active>1</active>
</city>
<city>
<id>441316</id>
<name>Lookout Mountain</name>
<state>GA</state>
<rating>9</rating>
<url>http://www.greatschools.org/city/Lookout_Mountain/GA</url>
<lat>34.9728</lat>
<lon>-85.3581</lon>
<active>1</active>
</city>
<city>
<id>441192</id>
<name>Louisville</name>
<state>GA</state>
<rating>3</rating>
<url>http://www.greatschools.org/city/Louisville/GA</url>
<lat>33.0008</lat>
<lon>-82.4059</lon>
<active>1</active>
</city>
<city>
<id>441111</id>
<name>Ludowici</name>
<state>GA</state>
<rating>5</rating>
<url>http://www.greatschools.org/city/Ludowici/GA</url>
<lat>31.71</lat>
<lon>-81.7448</lon>
<active>1</active>
</city>
<city>
<id>441342</id>
<name>Lula</name>
<state>GA</state>
<rating>4</rating>
<url>http://www.greatschools.org/city/Lula/GA</url>
<lat>34.3891</lat>
<lon>-83.6657</lon>
<active>1</active>
</city>
<city>
<id>441300</id>
<name>Lumber City</name>
<state>GA</state>
<rating/>
<url>http://www.greatschools.org/city/Lumber_City/GA</url>
<lat>31.9314</lat>
<lon>-82.6835</lon>
<active>1</active>
</city>
<city>
<id>441249</id>
<name>Lumpkin</name>
<state>GA</state>
<rating>6</rating>
<url>http://www.greatschools.org/city/Lumpkin/GA</url>
<lat>32.0488</lat>
<lon>-84.7941</lon>
<active>1</active>
</city>
<city>
<id>441263</id>
<name>Luthersville</name>
<state>GA</state>
<rating>1</rating>
<url>http://www.greatschools.org/city/Luthersville/GA</url>
<lat>33.2046</lat>
<lon>-84.7475</lon>
<active>1</active>
</city>
<city>
<id>441381</id>
<name>Lyerly</name>
<state>GA</state>
<rating>4</rating>
<url>http://www.greatschools.org/city/Lyerly/GA</url>
<lat>34.4042</lat>
<lon>-85.4046</lon>
<active>1</active>
</city>
<city>
<id>441219</id>
<name>Lyons</name>
<state>GA</state>
<rating>4</rating>
<url>http://www.greatschools.org/city/Lyons/GA</url>
<lat>32.2044</lat>
<lon>-82.3206</lon>
<active>1</active>
</city>
<city>
<id>441120</id>
<name>Mableton</name>
<state>GA</state>
<rating>5</rating>
<url>http://www.greatschools.org/city/Mableton/GA</url>
<lat>33.8135</lat>
<lon>-84.5708</lon>
<active>1</active>
</city>
<city>
<id>441039</id>
<name>Macon</name>
<state>GA</state>
<rating>3</rating>
<url>http://www.greatschools.org/city/Macon/GA</url>
<lat>32.8352</lat>
<lon>-83.6618</lon>
<active>1</active>
</city>
<city>
<id>441183</id>
<name>Madison</name>
<state>GA</state>
<rating>7</rating>
<url>http://www.greatschools.org/city/Madison/GA</url>
<lat>33.5925</lat>
<lon>-83.4678</lon>
<active>1</active>
</city>
<city>
<id>441186</id>
<name>Manchester</name>
<state>GA</state>
<rating>3</rating>
<url>http://www.greatschools.org/city/Manchester/GA</url>
<lat>32.8569</lat>
<lon>-84.6203</lon>
<active>1</active>
</city>
<city>
<id>441324</id>
<name>Mansfield</name>
<state>GA</state>
<rating>8</rating>
<url>http://www.greatschools.org/city/Mansfield/GA</url>
<lat>33.5197</lat>
<lon>-83.7367</lon>
<active>1</active>
</city>
<city>
<id>441070</id>
<name>Marble Hill</name>
<state>GA</state>
<rating/>
<url>http://www.greatschools.org/city/Marble_Hill/GA</url>
<lat>34.4446</lat>
<lon>-84.2741</lon>
<active>1</active>
</city>
<city>
<id>441064</id>
<name>Marietta</name>
<state>GA</state>
<rating>8</rating>
<url>http://www.greatschools.org/city/Marietta/GA</url>
<lat>33.9464</lat>
<lon>-84.534</lon>
<active>1</active>
</city>
<city>
<id>444903</id>
<name>Marshallville</name>
<state>GA</state>
<rating/>
<url>http://www.greatschools.org/city/Marshallville/GA</url>
<lat>32.4471</lat>
<lon>-83.9441</lon>
<active>1</active>
</city>
<city>
<id>444386</id>
<name>Martin</name>
<state>GA</state>
<rating/>
<url>http://www.greatschools.org/city/Martin/GA</url>
<lat>34.4865</lat>
<lon>-83.1866</lon>
<active>1</active>
</city>
<city>
<id>441274</id>
<name>Martinez</name>
<state>GA</state>
<rating>9</rating>
<url>http://www.greatschools.org/city/Martinez/GA</url>
<lat>33.5201</lat>
<lon>-82.0976</lon>
<active>1</active>
</city>
<city>
<id>441333</id>
<name>Maysville</name>
<state>GA</state>
<rating>7</rating>
<url>http://www.greatschools.org/city/Maysville/GA</url>
<lat>34.2565</lat>
<lon>-83.5567</lon>
<active>1</active>
</city>
<city>
<id>442213</id>
<name>McCaysville</name>
<state>GA</state>
<rating/>
<url>http://www.greatschools.org/city/McCaysville/GA</url>
<lat>34.9806</lat>
<lon>-84.372</lon>
<active>1</active>
</city>
<city>
<id>441000</id>
<name>McDonough</name>
<state>GA</state>
<rating>7</rating>
<url>http://www.greatschools.org/city/McDonough/GA</url>
<lat>33.4445</lat>
<lon>-84.1551</lon>
<active>1</active>
</city>
<city>
<id>441282</id>
<name>McIntyre</name>
<state>GA</state>
<rating>3</rating>
<url>http://www.greatschools.org/city/McIntyre/GA</url>
<lat>32.8434</lat>
<lon>-83.1947</lon>
<active>1</active>
</city>
<city>
<id>441172</id>
<name>McRae</name>
<state>GA</state>
<rating>5</rating>
<url>http://www.greatschools.org/city/McRae/GA</url>
<lat>32.0636</lat>
<lon>-82.8989</lon>
<active>1</active>
</city>
<city>
<id>441289</id>
<name>Meigs</name>
<state>GA</state>
<rating/>
<url>http://www.greatschools.org/city/Meigs/GA</url>
<lat>31.0718</lat>
<lon>-84.0917</lon>
<active>1</active>
</city>
<city>
<id>441209</id>
<name>Menlo</name>
<state>GA</state>
<rating>6</rating>
<url>http://www.greatschools.org/city/Menlo/GA</url>
<lat>34.483</lat>
<lon>-85.4775</lon>
<active>1</active>
</city>
<city>
<id>442212</id>
<name>Meridian</name>
<state>GA</state>
<rating/>
<url>http://www.greatschools.org/city/Meridian/GA</url>
<lat>31.4344</lat>
<lon>-81.3854</lon>
<active>1</active>
</city>
<city>
<id>441155</id>
<name>Metter</name>
<state>GA</state>
<rating>7</rating>
<url>http://www.greatschools.org/city/Metter/GA</url>
<lat>32.4014</lat>
<lon>-82.0611</lon>
<active>1</active>
</city>
<city>
<id>441046</id>
<name>Midland</name>
<state>GA</state>
<rating>6</rating>
<url>http://www.greatschools.org/city/Midland/GA</url>
<lat>32.5628</lat>
<lon>-84.839</lon>
<active>1</active>
</city>
<city>
<id>442211</id>
<name>Midville</name>
<state>GA</state>
<rating/>
<url>http://www.greatschools.org/city/Midville/GA</url>
<lat>32.8226</lat>
<lon>-82.2351</lon>
<active>1</active>
</city>
<city>
<id>441227</id>
<name>Midway</name>
<state>GA</state>
<rating>4</rating>
<url>http://www.greatschools.org/city/Midway/GA</url>
<lat>31.8046</lat>
<lon>-81.4262</lon>
<active>1</active>
</city>
<city>
<id>446010</id>
<name>Milan</name>
<state>GA</state>
<rating/>
<url>http://www.greatschools.org/city/Milan/GA</url>
<lat>31.8449</lat>
<lon>-83.1202</lon>
<active>1</active>
</city>
<city>
<id>441081</id>
<name>Milledgeville</name>
<state>GA</state>
<rating>4</rating>
<url>http://www.greatschools.org/city/Milledgeville/GA</url>
<lat>33.0774</lat>
<lon>-83.2281</lon>
<active>1</active>
</city>
<city>
<id>441191</id>
<name>Millen</name>
<state>GA</state>
<rating>4</rating>
<url>http://www.greatschools.org/city/Millen/GA</url>
<lat>32.8063</lat>
<lon>-81.9439</lon>
<active>1</active>
</city>
<city>
<id>441270</id>
<name>Milner</name>
<state>GA</state>
<rating/>
<url>http://www.greatschools.org/city/Milner/GA</url>
<lat>33.1145</lat>
<lon>-84.1939</lon>
<active>1</active>
</city>
<city>
<id>444363</id>
<name>Milton</name>
<state>GA</state>
<rating/>
<url>http://www.greatschools.org/city/Milton/GA</url>
<lat>34.1441</lat>
<lon>-84.3145</lon>
<active>1</active>
</city>
<city>
<id>442210</id>
<name>Mineral Bluff</name>
<state>GA</state>
<rating/>
<url>http://www.greatschools.org/city/Mineral_Bluff/GA</url>
<lat>34.9493</lat>
<lon>-84.2816</lon>
<active>1</active>
</city>
<city>
<id>441057</id>
<name>Monroe</name>
<state>GA</state>
<rating>5</rating>
<url>http://www.greatschools.org/city/Monroe/GA</url>
<lat>33.7925</lat>
<lon>-83.7125</lon>
<active>1</active>
</city>
<city>
<id>441189</id>
<name>Montezuma</name>
<state>GA</state>
<rating>2</rating>
<url>http://www.greatschools.org/city/Montezuma/GA</url>
<lat>32.2992</lat>
<lon>-84.0247</lon>
<active>1</active>
</city>
<city>
<id>441020</id>
<name>Monticello</name>
<state>GA</state>
<rating>4</rating>
<url>http://www.greatschools.org/city/Monticello/GA</url>
<lat>33.3032</lat>
<lon>-83.6849</lon>
<active>1</active>
</city>
<city>
<id>444905</id>
<name>Moody Air For</name>
<state>GA</state>
<rating/>
<url>http://www.greatschools.org/city/Moody_Air_For/GA</url>
<lat>30.9746</lat>
<lon>-83.1917</lon>
<active>1</active>
</city>
<city>
<id>441364</id>
<name>Moreland</name>
<state>GA</state>
<rating>7</rating>
<url>http://www.greatschools.org/city/Moreland/GA</url>
<lat>33.2862</lat>
<lon>-84.7676</lon>
<active>1</active>
</city>
<city>
<id>441233</id>
<name>Morganton</name>
<state>GA</state>
<rating>6</rating>
<url>http://www.greatschools.org/city/Morganton/GA</url>
<lat>34.8748</lat>
<lon>-84.246</lon>
<active>1</active>
</city>
<city>
<id>441114</id>
<name>Morrow</name>
<state>GA</state>
<rating>4</rating>
<url>http://www.greatschools.org/city/Morrow/GA</url>
<lat>33.5858</lat>
<lon>-84.3375</lon>
<active>1</active>
</city>
<city>
<id>444233</id>
<name>Morven</name>
<state>GA</state>
<rating>6</rating>
<url>http://www.greatschools.org/city/Morven/GA</url>
<lat>30.9452</lat>
<lon>-83.5018</lon>
<active>1</active>
</city>
<city>
<id>441206</id>
<name>Moultrie</name>
<state>GA</state>
<rating>4</rating>
<url>http://www.greatschools.org/city/Moultrie/GA</url>
<lat>31.1687</lat>
<lon>-83.7841</lon>
<active>1</active>
</city>
<city>
<id>441292</id>
<name>Mount Airy</name>
<state>GA</state>
<rating>5</rating>
<url>http://www.greatschools.org/city/Mount_Airy/GA</url>
<lat>34.5186</lat>
<lon>-83.5049</lon>
<active>1</active>
</city>
<city>
<id>441293</id>
<name>Mount Berry</name>
<state>GA</state>
<rating/>
<url>http://www.greatschools.org/city/Mount_Berry/GA</url>
<lat>34.2962</lat>
<lon>-85.1847</lon>
<active>1</active>
</city>
<city>
<id>441252</id>
<name>Mount Vernon</name>
<state>GA</state>
<rating>4</rating>
<url>http://www.greatschools.org/city/Mount_Vernon/GA</url>
<lat>32.183</lat>
<lon>-82.5935</lon>
<active>1</active>
</city>
<city>
<id>442209</id>
<name>Murrayville</name>
<state>GA</state>
<rating/>
<url>http://www.greatschools.org/city/Murrayville/GA</url>
<lat>34.4419</lat>
<lon>-83.8753</lon>
<active>1</active>
</city>
<city>
<id>441390</id>
<name>Nahunta</name>
<state>GA</state>
<rating>7</rating>
<url>http://www.greatschools.org/city/Nahunta/GA</url>
<lat>31.2059</lat>
<lon>-81.9841</lon>
<active>1</active>
</city>
<city>
<id>441140</id>
<name>Nashville</name>
<state>GA</state>
<rating>7</rating>
<url>http://www.greatschools.org/city/Nashville/GA</url>
<lat>31.2073</lat>
<lon>-83.2461</lon>
<active>1</active>
</city>
<city>
<id>444906</id>
<name>Nevils</name>
<state>GA</state>
<rating/>
<url>http://www.greatschools.org/city/Nevils/GA</url>
<lat>32.1256</lat>
<lon>-81.6473</lon>
<active>1</active>
</city>
<city>
<id>446011</id>
<name>Newborn</name>
<state>GA</state>
<rating/>
<url>http://www.greatschools.org/city/Newborn/GA</url>
<lat>33.5088</lat>
<lon>-83.6727</lon>
<active>1</active>
</city>
<city>
<id>441069</id>
<name>Newnan</name>
<state>GA</state>
<rating>6</rating>
<url>http://www.greatschools.org/city/Newnan/GA</url>
<lat>33.378</lat>
<lon>-84.7912</lon>
<active>1</active>
</city>
<city>
<id>441216</id>
<name>Newton</name>
<state>GA</state>
<rating>2</rating>
<url>http://www.greatschools.org/city/Newton/GA</url>
<lat>31.3196</lat>
<lon>-84.3425</lon>
<active>1</active>
</city>
<city>
<id>441373</id>
<name>Nicholls</name>
<state>GA</state>
<rating>3</rating>
<url>http://www.greatschools.org/city/Nicholls/GA</url>
<lat>31.5187</lat>
<lon>-82.6367</lon>
<active>1</active>
</city>
<city>
<id>441335</id>
<name>Nicholson</name>
<state>GA</state>
<rating>7</rating>
<url>http://www.greatschools.org/city/Nicholson/GA</url>
<lat>34.1151</lat>
<lon>-83.4268</lon>
<active>1</active>
</city>
<city>
<id>441052</id>
<name>Norcross</name>
<state>GA</state>
<rating>5</rating>
<url>http://www.greatschools.org/city/Norcross/GA</url>
<lat>33.9389</lat>
<lon>-84.2039</lon>
<active>1</active>
</city>
<city>
<id>441370</id>
<name>Norman Park</name>
<state>GA</state>
<rating>5</rating>
<url>http://www.greatschools.org/city/Norman_Park/GA</url>
<lat>31.2706</lat>
<lon>-83.6846</lon>
<active>1</active>
</city>
<city>
<id>441279</id>
<name>Oakwood</name>
<state>GA</state>
<rating>4</rating>
<url>http://www.greatschools.org/city/Oakwood/GA</url>
<lat>34.2275</lat>
<lon>-83.8838</lon>
<active>1</active>
</city>
<city>
<id>441231</id>
<name>Ochlocknee</name>
<state>GA</state>
<rating/>
<url>http://www.greatschools.org/city/Ochlocknee/GA</url>
<lat>30.974</lat>
<lon>-84.0534</lon>
<active>1</active>
</city>
<city>
<id>441193</id>
<name>Ocilla</name>
<state>GA</state>
<rating>5</rating>
<url>http://www.greatschools.org/city/Ocilla/GA</url>
<lat>31.5967</lat>
<lon>-83.2481</lon>
<active>1</active>
</city>
<city>
<id>441313</id>
<name>Odum</name>
<state>GA</state>
<rating>6</rating>
<url>http://www.greatschools.org/city/Odum/GA</url>
<lat>31.666</lat>
<lon>-82.0269</lon>
<active>1</active>
</city>
<city>
<id>441288</id>
<name>Oglethorpe</name>
<state>GA</state>
<rating>2</rating>
<url>http://www.greatschools.org/city/Oglethorpe/GA</url>
<lat>32.2937</lat>
<lon>-84.0663</lon>
<active>1</active>
</city>
<city>
<id>441319</id>
<name>Omega</name>
<state>GA</state>
<rating>5</rating>
<url>http://www.greatschools.org/city/Omega/GA</url>
<lat>31.3395</lat>
<lon>-83.5953</lon>
<active>1</active>
</city>
<city>
<id>441105</id>
<name>Oxford</name>
<state>GA</state>
<rating/>
<url>http://www.greatschools.org/city/Oxford/GA</url>
<lat>33.6234</lat>
<lon>-83.8706</lon>
<active>1</active>
</city>
<city>
<id>441066</id>
<name>Palmetto</name>
<state>GA</state>
<rating>4</rating>
<url>http://www.greatschools.org/city/Palmetto/GA</url>
<lat>33.5222</lat>
<lon>-84.6662</lon>
<active>1</active>
</city>
<city>
<id>441230</id>
<name>Patterson</name>
<state>GA</state>
<rating>9</rating>
<url>http://www.greatschools.org/city/Patterson/GA</url>
<lat>31.3876</lat>
<lon>-82.1366</lon>
<active>1</active>
</city>
<city>
<id>441151</id>
<name>Peachtree City</name>
<state>GA</state>
<rating>10</rating>
<url>http://www.greatschools.org/city/Peachtree_City/GA</url>
<lat>33.396</lat>
<lon>-84.5687</lon>
<active>1</active>
</city>
<city>
<id>441397</id>
<name>Pearson</name>
<state>GA</state>
<rating>5</rating>
<url>http://www.greatschools.org/city/Pearson/GA</url>
<lat>31.2984</lat>
<lon>-82.8529</lon>
<active>1</active>
</city>
<city>
<id>441251</id>
<name>Pelham</name>
<state>GA</state>
<rating>4</rating>
<url>http://www.greatschools.org/city/Pelham/GA</url>
<lat>31.1288</lat>
<lon>-84.1544</lon>
<active>1</active>
</city>
<city>
<id>441213</id>
<name>Pembroke</name>
<state>GA</state>
<rating>5</rating>
<url>http://www.greatschools.org/city/Pembroke/GA</url>
<lat>32.1426</lat>
<lon>-81.6232</lon>
<active>1</active>
</city>
<city>
<id>441146</id>
<name>Perry</name>
<state>GA</state>
<rating>7</rating>
<url>http://www.greatschools.org/city/Perry/GA</url>
<lat>32.4616</lat>
<lon>-83.7281</lon>
<active>1</active>
</city>
<city>
<id>444907</id>
<name>Pine Lake</name>
<state>GA</state>
<rating/>
<url>http://www.greatschools.org/city/Pine_Lake/GA</url>
<lat>33.7939</lat>
<lon>-84.2061</lon>
<active>1</active>
</city>
<city>
<id>442208</id>
<name>Pine Mountain</name>
<state>GA</state>
<rating/>
<url>http://www.greatschools.org/city/Pine_Mountain/GA</url>
<lat>32.8629</lat>
<lon>-84.8541</lon>
<active>1</active>
</city>
<city>
<id>441220</id>
<name>Pinehurst</name>
<state>GA</state>
<rating>2</rating>
<url>http://www.greatschools.org/city/Pinehurst/GA</url>
<lat>32.1941</lat>
<lon>-83.7613</lon>
<active>1</active>
</city>
<city>
<id>442207</id>
<name>Pitts</name>
<state>GA</state>
<rating/>
<url>http://www.greatschools.org/city/Pitts/GA</url>
<lat>31.9459</lat>
<lon>-83.542</lon>
<active>1</active>
</city>
<city>
<id>441346</id>
<name>Plainville</name>
<state>GA</state>
<rating>4</rating>
<url>http://www.greatschools.org/city/Plainville/GA</url>
<lat>34.4048</lat>
<lon>-85.0358</lon>
<active>1</active>
</city>
<city>
<id>441266</id>
<name>Pooler</name>
<state>GA</state>
<rating>6</rating>
<url>http://www.greatschools.org/city/Pooler/GA</url>
<lat>32.1097</lat>
<lon>-81.2502</lon>
<active>1</active>
</city>
<city>
<id>441383</id>
<name>Port Wentworth</name>
<state>GA</state>
<rating>3</rating>
<url>http://www.greatschools.org/city/Port_Wentworth/GA</url>
<lat>32.1949</lat>
<lon>-81.1983</lon>
<active>1</active>
</city>
<city>
<id>441267</id>
<name>Portal</name>
<state>GA</state>
<rating>6</rating>
<url>http://www.greatschools.org/city/Portal/GA</url>
<lat>32.5385</lat>
<lon>-81.93</lon>
<active>1</active>
</city>
<city>
<id>441091</id>
<name>Powder Springs</name>
<state>GA</state>
<rating>7</rating>
<url>http://www.greatschools.org/city/Powder_Springs/GA</url>
<lat>33.8667</lat>
<lon>-84.6746</lon>
<active>1</active>
</city>
<city>
<id>441027</id>
<name>Preston</name>
<state>GA</state>
<rating>7</rating>
<url>http://www.greatschools.org/city/Preston/GA</url>
<lat>32.0661</lat>
<lon>-84.5381</lon>
<active>1</active>
</city>
<city>
<id>441029</id>
<name>Quitman</name>
<state>GA</state>
<rating>4</rating>
<url>http://www.greatschools.org/city/Quitman/GA</url>
<lat>30.7862</lat>
<lon>-83.5617</lon>
<active>1</active>
</city>
<city>
<id>441304</id>
<name>Rabun Gap</name>
<state>GA</state>
<rating/>
<url>http://www.greatschools.org/city/Rabun_Gap/GA</url>
<lat>34.9505</lat>
<lon>-83.4015</lon>
<active>1</active>
</city>
<city>
<id>446012</id>
<name>Ranger</name>
<state>GA</state>
<rating/>
<url>http://www.greatschools.org/city/Ranger/GA</url>
<lat>34.5876</lat>
<lon>-84.7528</lon>
<active>1</active>
</city>
<city>
<id>444908</id>
<name>Ray City</name>
<state>GA</state>
<rating/>
<url>http://www.greatschools.org/city/Ray_City/GA</url>
<lat>31.0746</lat>
<lon>-83.1993</lon>
<active>1</active>
</city>
<city>
<id>441173</id>
<name>Reidsville</name>
<state>GA</state>
<rating>3</rating>
<url>http://www.greatschools.org/city/Reidsville/GA</url>
<lat>32.0851</lat>
<lon>-82.1204</lon>
<active>1</active>
</city>
<city>
<id>441357</id>
<name>Rentz</name>
<state>GA</state>
<rating>5</rating>
<url>http://www.greatschools.org/city/Rentz/GA</url>
<lat>32.3821</lat>
<lon>-82.9915</lon>
<active>1</active>
</city>
<city>
<id>441345</id>
<name>Resaca</name>
<state>GA</state>
<rating>6</rating>
<url>http://www.greatschools.org/city/Resaca/GA</url>
<lat>34.5765</lat>
<lon>-84.9427</lon>
<active>1</active>
</city>
<city>
<id>441100</id>
<name>Rex</name>
<state>GA</state>
<rating>4</rating>
<url>http://www.greatschools.org/city/Rex/GA</url>
<lat>33.5815</lat>
<lon>-84.2772</lon>
<active>1</active>
</city>
<city>
<id>441080</id>
<name>Reynolds</name>
<state>GA</state>
<rating/>
<url>http://www.greatschools.org/city/Reynolds/GA</url>
<lat>32.5594</lat>
<lon>-84.0943</lon>
<active>1</active>
</city>
<city>
<id>442204</id>
<name>Riceboro</name>
<state>GA</state>
<rating/>
<url>http://www.greatschools.org/city/Riceboro/GA</url>
<lat>31.7285</lat>
<lon>-81.4424</lon>
<active>1</active>
</city>
<city>
<id>442203</id>
<name>Richland</name>
<state>GA</state>
<rating/>
<url>http://www.greatschools.org/city/Richland/GA</url>
<lat>32.0873</lat>
<lon>-84.6593</lon>
<active>1</active>
</city>
<city>
<id>441229</id>
<name>Richmond Hill</name>
<state>GA</state>
<rating>9</rating>
<url>http://www.greatschools.org/city/Richmond_Hill/GA</url>
<lat>31.931</lat>
<lon>-81.3164</lon>
<active>1</active>
</city>
<city>
<id>441093</id>
<name>Rincon</name>
<state>GA</state>
<rating>9</rating>
<url>http://www.greatschools.org/city/Rincon/GA</url>
<lat>32.2908</lat>
<lon>-81.2301</lon>
<active>1</active>
</city>
<city>
<id>441131</id>
<name>Ringgold</name>
<state>GA</state>
<rating>7</rating>
<url>http://www.greatschools.org/city/Ringgold/GA</url>
<lat>34.9168</lat>
<lon>-85.1157</lon>
<active>1</active>
</city>
<city>
<id>441118</id>
<name>Riverdale</name>
<state>GA</state>
<rating>3</rating>
<url>http://www.greatschools.org/city/Riverdale/GA</url>
<lat>33.563</lat>
<lon>-84.4075</lon>
<active>1</active>
</city>
<city>
<id>441204</id>
<name>Roberta</name>
<state>GA</state>
<rating>4</rating>
<url>http://www.greatschools.org/city/Roberta/GA</url>
<lat>32.7203</lat>
<lon>-84.013</lon>
<active>1</active>
</city>
<city>
<id>441244</id>
<name>Rochelle</name>
<state>GA</state>
<rating>4</rating>
<url>http://www.greatschools.org/city/Rochelle/GA</url>
<lat>31.9503</lat>
<lon>-83.4552</lon>
<active>1</active>
</city>
<city>
<id>441107</id>
<name>Rock Spring</name>
<state>GA</state>
<rating>8</rating>
<url>http://www.greatschools.org/city/Rock_Spring/GA</url>
<lat>34.8097</lat>
<lon>-85.2273</lon>
<active>1</active>
</city>
<city>
<id>441037</id>
<name>Rockmart</name>
<state>GA</state>
<rating>5</rating>
<url>http://www.greatschools.org/city/Rockmart/GA</url>
<lat>34.0038</lat>
<lon>-85.048</lon>
<active>1</active>
</city>
<city>
<id>441310</id>
<name>Rocky Face</name>
<state>GA</state>
<rating>6</rating>
<url>http://www.greatschools.org/city/Rocky_Face/GA</url>
<lat>34.7742</lat>
<lon>-85.0526</lon>
<active>1</active>
</city>
<city>
<id>441177</id>
<name>Rome</name>
<state>GA</state>
<rating>6</rating>
<url>http://www.greatschools.org/city/Rome/GA</url>
<lat>34.26</lat>
<lon>-85.1897</lon>
<active>1</active>
</city>
<city>
<id>441337</id>
<name>Roopville</name>
<state>GA</state>
<rating>8</rating>
<url>http://www.greatschools.org/city/Roopville/GA</url>
<lat>33.4571</lat>
<lon>-85.1299</lon>
<active>1</active>
</city>
<city>
<id>441285</id>
<name>Rossville</name>
<state>GA</state>
<rating>5</rating>
<url>http://www.greatschools.org/city/Rossville/GA</url>
<lat>34.9742</lat>
<lon>-85.2921</lon>
<active>1</active>
</city>
<city>
<id>441103</id>
<name>Roswell</name>
<state>GA</state>
<rating>7</rating>
<url>http://www.greatschools.org/city/Roswell/GA</url>
<lat>34.0306</lat>
<lon>-84.3396</lon>
<active>1</active>
</city>
<city>
<id>441350</id>
<name>Royston</name>
<state>GA</state>
<rating>7</rating>
<url>http://www.greatschools.org/city/Royston/GA</url>
<lat>34.285</lat>
<lon>-83.1114</lon>
<active>1</active>
</city>
<city>
<id>446013</id>
<name>Rutledge</name>
<state>GA</state>
<rating/>
<url>http://www.greatschools.org/city/Rutledge/GA</url>
<lat>33.6028</lat>
<lon>-83.6321</lon>
<active>1</active>
</city>
<city>
<id>441053</id>
<name>Rydal</name>
<state>GA</state>
<rating>6</rating>
<url>http://www.greatschools.org/city/Rydal/GA</url>
<lat>34.3549</lat>
<lon>-84.7322</lon>
<active>1</active>
</city>
<city>
<id>444910</id>
<name>Saint Simons Island</name>
<state>GA</state>
<rating/>
<url>http://www.greatschools.org/city/Saint_Simons_Island/GA</url>
<lat>31.1877</lat>
<lon>-81.3805</lon>
<active>1</active>
</city>
<city>
<id>441167</id>
<name>Sandersville</name>
<state>GA</state>
<rating>4</rating>
<url>http://www.greatschools.org/city/Sandersville/GA</url>
<lat>32.9836</lat>
<lon>-82.8101</lon>
<active>1</active>
</city>
<city>
<id>441283</id>
<name>Sandy Springs</name>
<state>GA</state>
<rating>6</rating>
<url>http://www.greatschools.org/city/Sandy_Springs/GA</url>
<lat>33.9407</lat>
<lon>-84.3651</lon>
<active>1</active>
</city>
<city>
<id>441389</id>
<name>Sardis</name>
<state>GA</state>
<rating>5</rating>
<url>http://www.greatschools.org/city/Sardis/GA</url>
<lat>32.9755</lat>
<lon>-81.7592</lon>
<active>1</active>
</city>
<city>
<id>444911</id>
<name>Saute-Nacoche</name>
<state>GA</state>
<rating/>
<url>http://www.greatschools.org/city/Saute-Nacoche/GA</url>
<lat>34.7658</lat>
<lon>-83.6987</lon>
<active>1</active>
</city>
<city>
<id>443868</id>
<name>Sautee Nacoochee</name>
<state>GA</state>
<rating>9</rating>
<url>http://www.greatschools.org/city/Sautee_Nacoochee/GA</url>
<lat>34.694</lat>
<lon>-83.6917</lon>
<active>1</active>
</city>
<city>
<id>441013</id>
<name>Savannah</name>
<state>GA</state>
<rating>4</rating>
<url>http://www.greatschools.org/city/Savannah/GA</url>
<lat>32.0312</lat>
<lon>-81.1073</lon>
<active>1</active>
</city>
<city>
<id>441360</id>
<name>Scottdale</name>
<state>GA</state>
<rating>8</rating>
<url>http://www.greatschools.org/city/Scottdale/GA</url>
<lat>33.7967</lat>
<lon>-84.2622</lon>
<active>1</active>
</city>
<city>
<id>441271</id>
<name>Senoia</name>
<state>GA</state>
<rating>6</rating>
<url>http://www.greatschools.org/city/Senoia/GA</url>
<lat>33.3058</lat>
<lon>-84.5546</lon>
<active>1</active>
</city>
<city>
<id>441090</id>
<name>Sharpsburg</name>
<state>GA</state>
<rating>7</rating>
<url>http://www.greatschools.org/city/Sharpsburg/GA</url>
<lat>33.3417</lat>
<lon>-84.6496</lon>
<active>1</active>
</city>
<city>
<id>441298</id>
<name>Shellman</name>
<state>GA</state>
<rating/>
<url>http://www.greatschools.org/city/Shellman/GA</url>
<lat>31.7575</lat>
<lon>-84.6132</lon>
<active>1</active>
</city>
<city>
<id>442201</id>
<name>Shiloh</name>
<state>GA</state>
<rating/>
<url>http://www.greatschools.org/city/Shiloh/GA</url>
<lat>32.8112</lat>
<lon>-84.6992</lon>
<active>1</active>
</city>
<city>
<id>441301</id>
<name>Siloam</name>
<state>GA</state>
<rating/>
<url>http://www.greatschools.org/city/Siloam/GA</url>
<lat>33.5353</lat>
<lon>-83.0788</lon>
<active>1</active>
</city>
<city>
<id>441351</id>
<name>Silver Creek</name>
<state>GA</state>
<rating>6</rating>
<url>http://www.greatschools.org/city/Silver_Creek/GA</url>
<lat>34.1528</lat>
<lon>-85.1445</lon>
<active>1</active>
</city>
<city>
<id>441157</id>
<name>Smarr</name>
<state>GA</state>
<rating/>
<url>http://www.greatschools.org/city/Smarr/GA</url>
<lat>32.9165</lat>
<lon>-84.1569</lon>
<active>1</active>
</city>
<city>
<id>441063</id>
<name>Smyrna</name>
<state>GA</state>
<rating>5</rating>
<url>http://www.greatschools.org/city/Smyrna/GA</url>
<lat>33.8656</lat>
<lon>-84.5167</lon>
<active>1</active>
</city>
<city>
<id>441148</id>
<name>Snellville</name>
<state>GA</state>
<rating>8</rating>
<url>http://www.greatschools.org/city/Snellville/GA</url>
<lat>33.8543</lat>
<lon>-84.0061</lon>
<active>1</active>
</city>
<city>
<id>441175</id>
<name>Social Circle</name>
<state>GA</state>
<rating>5</rating>
<url>http://www.greatschools.org/city/Social_Circle/GA</url>
<lat>33.6573</lat>
<lon>-83.7176</lon>
<active>1</active>
</city>
<city>
<id>441318</id>
<name>Soperton</name>
<state>GA</state>
<rating/>
<url>http://www.greatschools.org/city/Soperton/GA</url>
<lat>32.3761</lat>
<lon>-82.5948</lon>
<active>1</active>
</city>
<city>
<id>441137</id>
<name>Sparks</name>
<state>GA</state>
<rating>5</rating>
<url>http://www.greatschools.org/city/Sparks/GA</url>
<lat>31.1705</lat>
<lon>-83.4374</lon>
<active>1</active>
</city>
<city>
<id>441134</id>
<name>Sparta</name>
<state>GA</state>
<rating>2</rating>
<url>http://www.greatschools.org/city/Sparta/GA</url>
<lat>33.2776</lat>
<lon>-82.9711</lon>
<active>1</active>
</city>
<city>
<id>441010</id>
<name>Springfield</name>
<state>GA</state>
<rating>7</rating>
<url>http://www.greatschools.org/city/Springfield/GA</url>
<lat>32.365</lat>
<lon>-81.3085</lon>
<active>1</active>
</city>
<city>
<id>441085</id>
<name>St. Marys</name>
<state>GA</state>
<rating>7</rating>
<url>http://www.greatschools.org/city/St._Marys/GA</url>
<lat>30.765</lat>
<lon>-81.5757</lon>
<active>1</active>
</city>
<city>
<id>441287</id>
<name>Stapleton</name>
<state>GA</state>
<rating/>
<url>http://www.greatschools.org/city/Stapleton/GA</url>
<lat>33.2114</lat>
<lon>-82.4677</lon>
<active>1</active>
</city>
<city>
<id>441356</id>
<name>Statenville</name>
<state>GA</state>
<rating>6</rating>
<url>http://www.greatschools.org/city/Statenville/GA</url>
<lat>30.7163</lat>
<lon>-82.9782</lon>
<active>1</active>
</city>
<city>
<id>441004</id>
<name>Statesboro</name>
<state>GA</state>
<rating>5</rating>
<url>http://www.greatschools.org/city/Statesboro/GA</url>
<lat>32.4339</lat>
<lon>-81.7773</lon>
<active>1</active>
</city>
<city>
<id>441395</id>
<name>Statham</name>
<state>GA</state>
<rating>5</rating>
<url>http://www.greatschools.org/city/Statham/GA</url>
<lat>33.965</lat>
<lon>-83.5959</lon>
<active>1</active>
</city>
<city>
<id>440999</id>
<name>Stockbridge</name>
<state>GA</state>
<rating>6</rating>
<url>http://www.greatschools.org/city/Stockbridge/GA</url>
<lat>33.5346</lat>
<lon>-84.2353</lon>
<active>1</active>
</city>
<city>
<id>441062</id>
<name>Stone Mountain</name>
<state>GA</state>
<rating>3</rating>
<url>http://www.greatschools.org/city/Stone_Mountain/GA</url>
<lat>33.8011</lat>
<lon>-84.1753</lon>
<active>1</active>
</city>
<city>
<id>441317</id>
<name>Suches</name>
<state>GA</state>
<rating/>
<url>http://www.greatschools.org/city/Suches/GA</url>
<lat>34.7382</lat>
<lon>-84.0706</lon>
<active>1</active>
</city>
<city>
<id>441071</id>
<name>Sugar Hill</name>
<state>GA</state>
<rating>9</rating>
<url>http://www.greatschools.org/city/Sugar_Hill/GA</url>
<lat>34.1062</lat>
<lon>-84.0468</lon>
<active>1</active>
</city>
<city>
<id>441032</id>
<name>Summerville</name>
<state>GA</state>
<rating>2</rating>
<url>http://www.greatschools.org/city/Summerville/GA</url>
<lat>34.4814</lat>
<lon>-85.3473</lon>
<active>1</active>
</city>
<city>
<id>444913</id>
<name>Sumner</name>
<state>GA</state>
<rating/>
<url>http://www.greatschools.org/city/Sumner/GA</url>
<lat>31.5103</lat>
<lon>-83.7349</lon>
<active>1</active>
</city>
<city>
<id>441398</id>
<name>Surrency</name>
<state>GA</state>
<rating>4</rating>
<url>http://www.greatschools.org/city/Surrency/GA</url>
<lat>31.7217</lat>
<lon>-82.1991</lon>
<active>1</active>
</city>
<city>
<id>441059</id>
<name>Suwanee</name>
<state>GA</state>
<rating>9</rating>
<url>http://www.greatschools.org/city/Suwanee/GA</url>
<lat>34.0539</lat>
<lon>-84.0747</lon>
<active>1</active>
</city>
<city>
<id>441201</id>
<name>Swainsboro</name>
<state>GA</state>
<rating>3</rating>
<url>http://www.greatschools.org/city/Swainsboro/GA</url>
<lat>32.5977</lat>
<lon>-82.3357</lon>
<active>1</active>
</city>
<city>
<id>441044</id>
<name>Sylvania</name>
<state>GA</state>
<rating>4</rating>
<url>http://www.greatschools.org/city/Sylvania/GA</url>
<lat>32.7479</lat>
<lon>-81.6386</lon>
<active>1</active>
</city>
<city>
<id>441154</id>
<name>Sylvester</name>
<state>GA</state>
<rating>4</rating>
<url>http://www.greatschools.org/city/Sylvester/GA</url>
<lat>31.53</lat>
<lon>-83.8337</lon>
<active>1</active>
</city>
<city>
<id>441320</id>
<name>Talbotton</name>
<state>GA</state>
<rating>2</rating>
<url>http://www.greatschools.org/city/Talbotton/GA</url>
<lat>32.6794</lat>
<lon>-84.5391</lon>
<active>1</active>
</city>
<city>
<id>441195</id>
<name>Tallapoosa</name>
<state>GA</state>
<rating>4</rating>
<url>http://www.greatschools.org/city/Tallapoosa/GA</url>
<lat>33.7496</lat>
<lon>-85.2934</lon>
<active>1</active>
</city>
<city>
<id>441303</id>
<name>Tallulah Falls</name>
<state>GA</state>
<rating/>
<url>http://www.greatschools.org/city/Tallulah_Falls/GA</url>
<lat>34.7303</lat>
<lon>-83.39</lon>
<active>1</active>
</city>
<city>
<id>441334</id>
<name>Talmo</name>
<state>GA</state>
<rating>8</rating>
<url>http://www.greatschools.org/city/Talmo/GA</url>
<lat>34.1923</lat>
<lon>-83.7161</lon>
<active>1</active>
</city>
<city>
<id>441393</id>
<name>Taylorsville</name>
<state>GA</state>
<rating>9</rating>
<url>http://www.greatschools.org/city/Taylorsville/GA</url>
<lat>34.0857</lat>
<lon>-84.9871</lon>
<active>1</active>
</city>
<city>
<id>441112</id>
<name>Temple</name>
<state>GA</state>
<rating>6</rating>
<url>http://www.greatschools.org/city/Temple/GA</url>
<lat>33.7321</lat>
<lon>-85.0269</lon>
<active>1</active>
</city>
<city>
<id>441150</id>
<name>Thomaston</name>
<state>GA</state>
<rating>5</rating>
<url>http://www.greatschools.org/city/Thomaston/GA</url>
<lat>32.8921</lat>
<lon>-84.3264</lon>
<active>1</active>
</city>
<city>
<id>441106</id>
<name>Thomasville</name>
<state>GA</state>
<rating>5</rating>
<url>http://www.greatschools.org/city/Thomasville/GA</url>
<lat>30.837</lat>
<lon>-83.976</lon>
<active>1</active>
</city>
<city>
<id>441187</id>
<name>Thomson</name>
<state>GA</state>
<rating>4</rating>
<url>http://www.greatschools.org/city/Thomson/GA</url>
<lat>33.4662</lat>
<lon>-82.4974</lon>
<active>1</active>
</city>
<city>
<id>441384</id>
<name>Thunderbolt</name>
<state>GA</state>
<rating>3</rating>
<url>http://www.greatschools.org/city/Thunderbolt/GA</url>
<lat>32.0327</lat>
<lon>-81.0526</lon>
<active>1</active>
</city>
<city>
<id>441171</id>
<name>Tifton</name>
<state>GA</state>
<rating>5</rating>
<url>http://www.greatschools.org/city/Tifton/GA</url>
<lat>31.4624</lat>
<lon>-83.5076</lon>
<active>1</active>
</city>
<city>
<id>441121</id>
<name>Tiger</name>
<state>GA</state>
<rating>7</rating>
<url>http://www.greatschools.org/city/Tiger/GA</url>
<lat>34.8458</lat>
<lon>-83.4342</lon>
<active>1</active>
</city>
<city>
<id>441321</id>
<name>Toccoa</name>
<state>GA</state>
<rating>8</rating>
<url>http://www.greatschools.org/city/Toccoa/GA</url>
<lat>34.5755</lat>
<lon>-83.3215</lon>
<active>1</active>
</city>
<city>
<id>441203</id>
<name>Trenton</name>
<state>GA</state>
<rating>5</rating>
<url>http://www.greatschools.org/city/Trenton/GA</url>
<lat>34.8713</lat>
<lon>-85.5102</lon>
<active>1</active>
</city>
<city>
<id>441246</id>
<name>Trion</name>
<state>GA</state>
<rating>10</rating>
<url>http://www.greatschools.org/city/Trion/GA</url>
<lat>34.5434</lat>
<lon>-85.3116</lon>
<active>1</active>
</city>
<city>
<id>441113</id>
<name>Tucker</name>
<state>GA</state>
<rating>4</rating>
<url>http://www.greatschools.org/city/Tucker/GA</url>
<lat>33.8551</lat>
<lon>-84.2243</lon>
<active>1</active>
</city>
<city>
<id>441276</id>
<name>Tunnel Hill</name>
<state>GA</state>
<rating>7</rating>
<url>http://www.greatschools.org/city/Tunnel_Hill/GA</url>
<lat>34.8485</lat>
<lon>-85.0435</lon>
<active>1</active>
</city>
<city>
<id>444914</id>
<name>Turnerville</name>
<state>GA</state>
<rating/>
<url>http://www.greatschools.org/city/Turnerville/GA</url>
<lat>34.6863</lat>
<lon>-83.4268</lon>
<active>1</active>
</city>
<city>
<id>441153</id>
<name>Twin City</name>
<state>GA</state>
<rating>6</rating>
<url>http://www.greatschools.org/city/Twin_City/GA</url>
<lat>32.5808</lat>
<lon>-82.1579</lon>
<active>1</active>
</city>
<city>
<id>441307</id>
<name>Tybee Island</name>
<state>GA</state>
<rating/>
<url>http://www.greatschools.org/city/Tybee_Island/GA</url>
<lat>32.0071</lat>
<lon>-80.8489</lon>
<active>1</active>
</city>
<city>
<id>441225</id>
<name>Tyrone</name>
<state>GA</state>
<rating>8</rating>
<url>http://www.greatschools.org/city/Tyrone/GA</url>
<lat>33.4699</lat>
<lon>-84.5957</lon>
<active>1</active>
</city>
<city>
<id>442200</id>
<name>Unadilla</name>
<state>GA</state>
<rating/>
<url>http://www.greatschools.org/city/Unadilla/GA</url>
<lat>32.265</lat>
<lon>-83.7299</lon>
<active>1</active>
</city>
<city>
<id>441055</id>
<name>Union City</name>
<state>GA</state>
<rating>3</rating>
<url>http://www.greatschools.org/city/Union_City/GA</url>
<lat>33.5797</lat>
<lon>-84.5406</lon>
<active>1</active>
</city>
<city>
<id>441198</id>
<name>Union Point</name>
<state>GA</state>
<rating>2</rating>
<url>http://www.greatschools.org/city/Union_Point/GA</url>
<lat>33.6176</lat>
<lon>-83.0751</lon>
<active>1</active>
</city>
<city>
<id>442199</id>
<name>Uvalda</name>
<state>GA</state>
<rating/>
<url>http://www.greatschools.org/city/Uvalda/GA</url>
<lat>32.038</lat>
<lon>-82.507</lon>
<active>1</active>
</city>
<city>
<id>441129</id>
<name>Valdosta</name>
<state>GA</state>
<rating>6</rating>
<url>http://www.greatschools.org/city/Valdosta/GA</url>
<lat>30.8539</lat>
<lon>-83.2841</lon>
<active>1</active>
</city>
<city>
<id>441162</id>
<name>Vidalia</name>
<state>GA</state>
<rating>5</rating>
<url>http://www.greatschools.org/city/Vidalia/GA</url>
<lat>32.2152</lat>
<lon>-82.4092</lon>
<active>1</active>
</city>
<city>
<id>441294</id>
<name>Vienna</name>
<state>GA</state>
<rating>3</rating>
<url>http://www.greatschools.org/city/Vienna/GA</url>
<lat>32.0919</lat>
<lon>-83.7933</lon>
<active>1</active>
</city>
<city>
<id>441130</id>
<name>Villa Rica</name>
<state>GA</state>
<rating>7</rating>
<url>http://www.greatschools.org/city/Villa_Rica/GA</url>
<lat>33.7348</lat>
<lon>-84.9225</lon>
<active>1</active>
</city>
<city>
<id>441332</id>
<name>Wadley</name>
<state>GA</state>
<rating>4</rating>
<url>http://www.greatschools.org/city/Wadley/GA</url>
<lat>32.867</lat>
<lon>-82.401</lon>
<active>1</active>
</city>
<city>
<id>441379</id>
<name>Waleska</name>
<state>GA</state>
<rating>7</rating>
<url>http://www.greatschools.org/city/Waleska/GA</url>
<lat>34.3166</lat>
<lon>-84.5535</lon>
<active>1</active>
</city>
<city>
<id>446014</id>
<name>Warm Spring</name>
<state>GA</state>
<rating/>
<url>http://www.greatschools.org/city/Warm_Spring/GA</url>
<lat>32.8442</lat>
<lon>-84.6923</lon>
<active>1</active>
</city>
<city>
<id>441919</id>
<name>Warm Springs</name>
<state>GA</state>
<rating/>
<url>http://www.greatschools.org/city/Warm_Springs/GA</url>
<lat>32.8908</lat>
<lon>-84.6799</lon>
<active>1</active>
</city>
<city>
<id>441050</id>
<name>Warner Robins</name>
<state>GA</state>
<rating>6</rating>
<url>http://www.greatschools.org/city/Warner_Robins/GA</url>
<lat>32.6134</lat>
<lon>-83.6373</lon>
<active>1</active>
</city>
<city>
<id>441110</id>
<name>Warrenton</name>
<state>GA</state>
<rating>3</rating>
<url>http://www.greatschools.org/city/Warrenton/GA</url>
<lat>33.4091</lat>
<lon>-82.6619</lon>
<active>1</active>
</city>
<city>
<id>441165</id>
<name>Washington</name>
<state>GA</state>
<rating>6</rating>
<url>http://www.greatschools.org/city/Washington/GA</url>
<lat>33.7336</lat>
<lon>-82.7455</lon>
<active>1</active>
</city>
<city>
<id>441236</id>
<name>Watkinsville</name>
<state>GA</state>
<rating>9</rating>
<url>http://www.greatschools.org/city/Watkinsville/GA</url>
<lat>33.8617</lat>
<lon>-83.4098</lon>
<active>1</active>
</city>
<city>
<id>441269</id>
<name>Waverly Hall</name>
<state>GA</state>
<rating/>
<url>http://www.greatschools.org/city/Waverly_Hall/GA</url>
<lat>32.6855</lat>
<lon>-84.7401</lon>
<active>1</active>
</city>
<city>
<id>441168</id>
<name>Waycross</name>
<state>GA</state>
<rating>7</rating>
<url>http://www.greatschools.org/city/Waycross/GA</url>
<lat>31.2146</lat>
<lon>-82.3556</lon>
<active>1</active>
</city>
<city>
<id>441212</id>
<name>Waynesboro</name>
<state>GA</state>
<rating>5</rating>
<url>http://www.greatschools.org/city/Waynesboro/GA</url>
<lat>33.0916</lat>
<lon>-82.0175</lon>
<active>1</active>
</city>
<city>
<id>441268</id>
<name>Waynesville</name>
<state>GA</state>
<rating>6</rating>
<url>http://www.greatschools.org/city/Waynesville/GA</url>
<lat>31.2433</lat>
<lon>-81.804</lon>
<active>1</active>
</city>
<city>
<id>441371</id>
<name>West Green</name>
<state>GA</state>
<rating>8</rating>
<url>http://www.greatschools.org/city/West_Green/GA</url>
<lat>31.6138</lat>
<lon>-82.7197</lon>
<active>1</active>
</city>
<city>
<id>441273</id>
<name>West Point</name>
<state>GA</state>
<rating>6</rating>
<url>http://www.greatschools.org/city/West_Point/GA</url>
<lat>32.8757</lat>
<lon>-85.1713</lon>
<active>1</active>
</city>
<city>
<id>441344</id>
<name>Whigham</name>
<state>GA</state>
<rating>8</rating>
<url>http://www.greatschools.org/city/Whigham/GA</url>
<lat>30.8861</lat>
<lon>-84.3265</lon>
<active>1</active>
</city>
<city>
<id>441394</id>
<name>White</name>
<state>GA</state>
<rating>7</rating>
<url>http://www.greatschools.org/city/White/GA</url>
<lat>34.2814</lat>
<lon>-84.7458</lon>
<active>1</active>
</city>
<city>
<id>441386</id>
<name>Whitesburg</name>
<state>GA</state>
<rating>4</rating>
<url>http://www.greatschools.org/city/Whitesburg/GA</url>
<lat>33.4937</lat>
<lon>-84.9133</lon>
<active>1</active>
</city>
<city>
<id>441837</id>
<name>Wildwood</name>
<state>GA</state>
<rating/>
<url>http://www.greatschools.org/city/Wildwood/GA</url>
<lat>34.9595</lat>
<lon>-85.4299</lon>
<active>1</active>
</city>
<city>
<id>441396</id>
<name>Willacoochee</name>
<state>GA</state>
<rating>7</rating>
<url>http://www.greatschools.org/city/Willacoochee/GA</url>
<lat>31.3371</lat>
<lon>-83.047</lon>
<active>1</active>
</city>
<city>
<id>441272</id>
<name>Williamson</name>
<state>GA</state>
<rating/>
<url>http://www.greatschools.org/city/Williamson/GA</url>
<lat>33.1811</lat>
<lon>-84.3626</lon>
<active>1</active>
</city>
<city>
<id>441133</id>
<name>Winder</name>
<state>GA</state>
<rating>6</rating>
<url>http://www.greatschools.org/city/Winder/GA</url>
<lat>34.0003</lat>
<lon>-83.7194</lon>
<active>1</active>
</city>
<city>
<id>441359</id>
<name>Winston</name>
<state>GA</state>
<rating>7</rating>
<url>http://www.greatschools.org/city/Winston/GA</url>
<lat>33.6752</lat>
<lon>-84.8409</lon>
<active>1</active>
</city>
<city>
<id>441378</id>
<name>Winterville</name>
<state>GA</state>
<rating>4</rating>
<url>http://www.greatschools.org/city/Winterville/GA</url>
<lat>33.9649</lat>
<lon>-83.2839</lon>
<active>1</active>
</city>
<city>
<id>441152</id>
<name>Woodbine</name>
<state>GA</state>
<rating>6</rating>
<url>http://www.greatschools.org/city/Woodbine/GA</url>
<lat>30.9626</lat>
<lon>-81.7217</lon>
<active>1</active>
</city>
<city>
<id>441237</id>
<name>Woodbury</name>
<state>GA</state>
<rating>1</rating>
<url>http://www.greatschools.org/city/Woodbury/GA</url>
<lat>32.9814</lat>
<lon>-84.5804</lon>
<active>1</active>
</city>
<city>
<id>441217</id>
<name>Woodstock</name>
<state>GA</state>
<rating>8</rating>
<url>http://www.greatschools.org/city/Woodstock/GA</url>
<lat>34.1031</lat>
<lon>-84.5175</lon>
<active>1</active>
</city>
<city>
<id>441331</id>
<name>Wrens</name>
<state>GA</state>
<rating>3</rating>
<url>http://www.greatschools.org/city/Wrens/GA</url>
<lat>33.2066</lat>
<lon>-82.3853</lon>
<active>1</active>
</city>
<city>
<id>441256</id>
<name>Wrightsville</name>
<state>GA</state>
<rating>3</rating>
<url>http://www.greatschools.org/city/Wrightsville/GA</url>
<lat>32.725</lat>
<lon>-82.723</lon>
<active>1</active>
</city>
<city>
<id>441280</id>
<name>Zebulon</name>
<state>GA</state>
<rating>6</rating>
<url>http://www.greatschools.org/city/Zebulon/GA</url>
<lat>33.1018</lat>
<lon>-84.3447</lon>
<active>1</active>
</city>
</greatschools-city-feed>
