<?xml version="1.0" encoding="utf-8"?><greatschools-city-feed xmlns:xsi="http://www.w3.org/2001/XMLSchema-instance" xsi:noNamespaceSchemaLocation="http://www.greatschools.org/feeds/greatschools-city2.xsd">
<city>
<id>403679</id>
<name>Alexander</name>
<state>AR</state>
<rating>9</rating>
<url>http://www.greatschools.org/city/Alexander/AR</url>
<lat>34.6328</lat>
<lon>-92.4465</lon>
<active>1</active>
</city>
<city>
<id>403883</id>
<name>Alma</name>
<state>AR</state>
<rating>6</rating>
<url>http://www.greatschools.org/city/Alma/AR</url>
<lat>35.4884</lat>
<lon>-94.2241</lon>
<active>1</active>
</city>
<city>
<id>403882</id>
<name>Alpena</name>
<state>AR</state>
<rating>7</rating>
<url>http://www.greatschools.org/city/Alpena/AR</url>
<lat>36.2932</lat>
<lon>-93.2953</lon>
<active>1</active>
</city>
<city>
<id>403645</id>
<name>Altheimer</name>
<state>AR</state>
<rating>3</rating>
<url>http://www.greatschools.org/city/Altheimer/AR</url>
<lat>34.3227</lat>
<lon>-91.8449</lon>
<active>1</active>
</city>
<city>
<id>403597</id>
<name>Altus</name>
<state>AR</state>
<rating>9</rating>
<url>http://www.greatschools.org/city/Altus/AR</url>
<lat>35.4468</lat>
<lon>-93.7666</lon>
<active>1</active>
</city>
<city>
<id>403842</id>
<name>Amity</name>
<state>AR</state>
<rating>6</rating>
<url>http://www.greatschools.org/city/Amity/AR</url>
<lat>34.2657</lat>
<lon>-93.4626</lon>
<active>1</active>
</city>
<city>
<id>403686</id>
<name>Arkadelphia</name>
<state>AR</state>
<rating>5</rating>
<url>http://www.greatschools.org/city/Arkadelphia/AR</url>
<lat>34.1241</lat>
<lon>-93.0668</lon>
<active>1</active>
</city>
<city>
<id>403881</id>
<name>Armorel</name>
<state>AR</state>
<rating>9</rating>
<url>http://www.greatschools.org/city/Armorel/AR</url>
<lat>35.8685</lat>
<lon>-89.7803</lon>
<active>1</active>
</city>
<city>
<id>442048</id>
<name>Ash Flat</name>
<state>AR</state>
<rating/>
<url>http://www.greatschools.org/city/Ash_Flat/AR</url>
<lat>36.2317</lat>
<lon>-91.6087</lon>
<active>1</active>
</city>
<city>
<id>403723</id>
<name>Ashdown</name>
<state>AR</state>
<rating>3</rating>
<url>http://www.greatschools.org/city/Ashdown/AR</url>
<lat>33.6742</lat>
<lon>-94.1253</lon>
<active>1</active>
</city>
<city>
<id>403732</id>
<name>Atkins</name>
<state>AR</state>
<rating>7</rating>
<url>http://www.greatschools.org/city/Atkins/AR</url>
<lat>35.2439</lat>
<lon>-92.9384</lon>
<active>1</active>
</city>
<city>
<id>403880</id>
<name>Augusta</name>
<state>AR</state>
<rating>3</rating>
<url>http://www.greatschools.org/city/Augusta/AR</url>
<lat>35.2856</lat>
<lon>-91.3608</lon>
<active>1</active>
</city>
<city>
<id>442047</id>
<name>Austin</name>
<state>AR</state>
<rating/>
<url>http://www.greatschools.org/city/Austin/AR</url>
<lat>35.0077</lat>
<lon>-91.989</lon>
<active>1</active>
</city>
<city>
<id>403687</id>
<name>Bald Knob</name>
<state>AR</state>
<rating>5</rating>
<url>http://www.greatschools.org/city/Bald_Knob/AR</url>
<lat>35.3114</lat>
<lon>-91.5723</lon>
<active>1</active>
</city>
<city>
<id>403844</id>
<name>Barling</name>
<state>AR</state>
<rating>6</rating>
<url>http://www.greatschools.org/city/Barling/AR</url>
<lat>35.3327</lat>
<lon>-94.3085</lon>
<active>1</active>
</city>
<city>
<id>444462</id>
<name>Barton</name>
<state>AR</state>
<rating>5</rating>
<url>http://www.greatschools.org/city/Barton/AR</url>
<lat>34.5523</lat>
<lon>-90.7675</lon>
<active>1</active>
</city>
<city>
<id>403699</id>
<name>Batesville</name>
<state>AR</state>
<rating>7</rating>
<url>http://www.greatschools.org/city/Batesville/AR</url>
<lat>35.7737</lat>
<lon>-91.6359</lon>
<active>1</active>
</city>
<city>
<id>403717</id>
<name>Bauxite</name>
<state>AR</state>
<rating>5</rating>
<url>http://www.greatschools.org/city/Bauxite/AR</url>
<lat>34.5576</lat>
<lon>-92.5249</lon>
<active>1</active>
</city>
<city>
<id>403878</id>
<name>Bay</name>
<state>AR</state>
<rating>6</rating>
<url>http://www.greatschools.org/city/Bay/AR</url>
<lat>35.7431</lat>
<lon>-90.559</lon>
<active>1</active>
</city>
<city>
<id>403897</id>
<name>Bearden</name>
<state>AR</state>
<rating>4</rating>
<url>http://www.greatschools.org/city/Bearden/AR</url>
<lat>33.7275</lat>
<lon>-92.6185</lon>
<active>1</active>
</city>
<city>
<id>403775</id>
<name>Bee Branch</name>
<state>AR</state>
<rating>3</rating>
<url>http://www.greatschools.org/city/Bee_Branch/AR</url>
<lat>35.4247</lat>
<lon>-92.4092</lon>
<active>1</active>
</city>
<city>
<id>403731</id>
<name>Beebe</name>
<state>AR</state>
<rating>7</rating>
<url>http://www.greatschools.org/city/Beebe/AR</url>
<lat>35.0718</lat>
<lon>-91.8916</lon>
<active>1</active>
</city>
<city>
<id>442046</id>
<name>Bella Vista</name>
<state>AR</state>
<rating>10</rating>
<url>http://www.greatschools.org/city/Bella_Vista/AR</url>
<lat>36.4662</lat>
<lon>-94.2631</lon>
<active>1</active>
</city>
<city>
<id>403896</id>
<name>Belleville</name>
<state>AR</state>
<rating>5</rating>
<url>http://www.greatschools.org/city/Belleville/AR</url>
<lat>35.0924</lat>
<lon>-93.4489</lon>
<active>1</active>
</city>
<city>
<id>403709</id>
<name>Benton</name>
<state>AR</state>
<rating>8</rating>
<url>http://www.greatschools.org/city/Benton/AR</url>
<lat>34.573</lat>
<lon>-92.5744</lon>
<active>1</active>
</city>
<city>
<id>403602</id>
<name>Bentonville</name>
<state>AR</state>
<rating>9</rating>
<url>http://www.greatschools.org/city/Bentonville/AR</url>
<lat>36.372</lat>
<lon>-94.2062</lon>
<active>1</active>
</city>
<city>
<id>442045</id>
<name>Bergman</name>
<state>AR</state>
<rating/>
<url>http://www.greatschools.org/city/Bergman/AR</url>
<lat>36.3121</lat>
<lon>-93.0125</lon>
<active>1</active>
</city>
<city>
<id>403730</id>
<name>Berryville</name>
<state>AR</state>
<rating>7</rating>
<url>http://www.greatschools.org/city/Berryville/AR</url>
<lat>36.3693</lat>
<lon>-93.5669</lon>
<active>1</active>
</city>
<city>
<id>403848</id>
<name>Bigelow</name>
<state>AR</state>
<rating>5</rating>
<url>http://www.greatschools.org/city/Bigelow/AR</url>
<lat>34.9992</lat>
<lon>-92.6298</lon>
<active>1</active>
</city>
<city>
<id>442043</id>
<name>Biscoe</name>
<state>AR</state>
<rating/>
<url>http://www.greatschools.org/city/Biscoe/AR</url>
<lat>34.8351</lat>
<lon>-91.4972</lon>
<active>1</active>
</city>
<city>
<id>403876</id>
<name>Bismarck</name>
<state>AR</state>
<rating>8</rating>
<url>http://www.greatschools.org/city/Bismarck/AR</url>
<lat>34.3014</lat>
<lon>-93.1705</lon>
<active>1</active>
</city>
<city>
<id>403875</id>
<name>Black Rock</name>
<state>AR</state>
<rating>5</rating>
<url>http://www.greatschools.org/city/Black_Rock/AR</url>
<lat>36.1087</lat>
<lon>-91.1053</lon>
<active>1</active>
</city>
<city>
<id>403874</id>
<name>Blevins</name>
<state>AR</state>
<rating>3</rating>
<url>http://www.greatschools.org/city/Blevins/AR</url>
<lat>33.8706</lat>
<lon>-93.577</lon>
<active>1</active>
</city>
<city>
<id>403737</id>
<name>Blytheville</name>
<state>AR</state>
<rating>2</rating>
<url>http://www.greatschools.org/city/Blytheville/AR</url>
<lat>35.9276</lat>
<lon>-89.9076</lon>
<active>1</active>
</city>
<city>
<id>403752</id>
<name>Bonnerdale</name>
<state>AR</state>
<rating/>
<url>http://www.greatschools.org/city/Bonnerdale/AR</url>
<lat>34.3798</lat>
<lon>-93.3331</lon>
<active>1</active>
</city>
<city>
<id>442042</id>
<name>Bono</name>
<state>AR</state>
<rating/>
<url>http://www.greatschools.org/city/Bono/AR</url>
<lat>35.9078</lat>
<lon>-90.7949</lon>
<active>1</active>
</city>
<city>
<id>403872</id>
<name>Booneville</name>
<state>AR</state>
<rating>7</rating>
<url>http://www.greatschools.org/city/Booneville/AR</url>
<lat>35.1384</lat>
<lon>-93.9204</lon>
<active>1</active>
</city>
<city>
<id>403738</id>
<name>Bradford</name>
<state>AR</state>
<rating>6</rating>
<url>http://www.greatschools.org/city/Bradford/AR</url>
<lat>35.424</lat>
<lon>-91.4549</lon>
<active>1</active>
</city>
<city>
<id>403871</id>
<name>Bradley</name>
<state>AR</state>
<rating>5</rating>
<url>http://www.greatschools.org/city/Bradley/AR</url>
<lat>33.099</lat>
<lon>-93.6565</lon>
<active>1</active>
</city>
<city>
<id>403856</id>
<name>Branch</name>
<state>AR</state>
<rating>8</rating>
<url>http://www.greatschools.org/city/Branch/AR</url>
<lat>35.3064</lat>
<lon>-93.9563</lon>
<active>1</active>
</city>
<city>
<id>403607</id>
<name>Briggsville</name>
<state>AR</state>
<rating/>
<url>http://www.greatschools.org/city/Briggsville/AR</url>
<lat>34.9166</lat>
<lon>-93.5154</lon>
<active>1</active>
</city>
<city>
<id>403600</id>
<name>Brinkley</name>
<state>AR</state>
<rating>5</rating>
<url>http://www.greatschools.org/city/Brinkley/AR</url>
<lat>34.8878</lat>
<lon>-91.1919</lon>
<active>1</active>
</city>
<city>
<id>403902</id>
<name>Brockwell</name>
<state>AR</state>
<rating>5</rating>
<url>http://www.greatschools.org/city/Brockwell/AR</url>
<lat>36.1339</lat>
<lon>-91.9515</lon>
<active>1</active>
</city>
<city>
<id>403870</id>
<name>Brookland</name>
<state>AR</state>
<rating>9</rating>
<url>http://www.greatschools.org/city/Brookland/AR</url>
<lat>35.9044</lat>
<lon>-90.5807</lon>
<active>1</active>
</city>
<city>
<id>444695</id>
<name>Bruno</name>
<state>AR</state>
<rating/>
<url>http://www.greatschools.org/city/Bruno/AR</url>
<lat>36.1562</lat>
<lon>-92.7282</lon>
<active>1</active>
</city>
<city>
<id>403682</id>
<name>Bryant</name>
<state>AR</state>
<rating>8</rating>
<url>http://www.greatschools.org/city/Bryant/AR</url>
<lat>34.6125</lat>
<lon>-92.4924</lon>
<active>1</active>
</city>
<city>
<id>444696</id>
<name>Bull Shoals</name>
<state>AR</state>
<rating/>
<url>http://www.greatschools.org/city/Bull_Shoals/AR</url>
<lat>36.3742</lat>
<lon>-92.6011</lon>
<active>1</active>
</city>
<city>
<id>441914</id>
<name>Burdette</name>
<state>AR</state>
<rating/>
<url>http://www.greatschools.org/city/Burdette/AR</url>
<lat>35.8174</lat>
<lon>-89.9394</lon>
<active>1</active>
</city>
<city>
<id>403640</id>
<name>Cabot</name>
<state>AR</state>
<rating>8</rating>
<url>http://www.greatschools.org/city/Cabot/AR</url>
<lat>34.9705</lat>
<lon>-92.0212</lon>
<active>1</active>
</city>
<city>
<id>403865</id>
<name>Calico Rock</name>
<state>AR</state>
<rating>7</rating>
<url>http://www.greatschools.org/city/Calico_Rock/AR</url>
<lat>36.1257</lat>
<lon>-92.1326</lon>
<active>1</active>
</city>
<city>
<id>403720</id>
<name>Camden</name>
<state>AR</state>
<rating>4</rating>
<url>http://www.greatschools.org/city/Camden/AR</url>
<lat>33.569</lat>
<lon>-92.8427</lon>
<active>1</active>
</city>
<city>
<id>403906</id>
<name>Caraway</name>
<state>AR</state>
<rating>5</rating>
<url>http://www.greatschools.org/city/Caraway/AR</url>
<lat>35.7595</lat>
<lon>-90.322</lon>
<active>1</active>
</city>
<city>
<id>403864</id>
<name>Carlisle</name>
<state>AR</state>
<rating>6</rating>
<url>http://www.greatschools.org/city/Carlisle/AR</url>
<lat>34.7843</lat>
<lon>-91.7436</lon>
<active>1</active>
</city>
<city>
<id>403863</id>
<name>Cave City</name>
<state>AR</state>
<rating>6</rating>
<url>http://www.greatschools.org/city/Cave_City/AR</url>
<lat>35.9481</lat>
<lon>-91.5496</lon>
<active>1</active>
</city>
<city>
<id>403862</id>
<name>Cedarville</name>
<state>AR</state>
<rating>5</rating>
<url>http://www.greatschools.org/city/Cedarville/AR</url>
<lat>35.5835</lat>
<lon>-94.3631</lon>
<active>1</active>
</city>
<city>
<id>403797</id>
<name>Center Ridge</name>
<state>AR</state>
<rating>8</rating>
<url>http://www.greatschools.org/city/Center_Ridge/AR</url>
<lat>35.3832</lat>
<lon>-92.5661</lon>
<active>1</active>
</city>
<city>
<id>403689</id>
<name>Centerton</name>
<state>AR</state>
<rating>9</rating>
<url>http://www.greatschools.org/city/Centerton/AR</url>
<lat>36.3621</lat>
<lon>-94.2918</lon>
<active>1</active>
</city>
<city>
<id>403861</id>
<name>Charleston</name>
<state>AR</state>
<rating>8</rating>
<url>http://www.greatschools.org/city/Charleston/AR</url>
<lat>35.2981</lat>
<lon>-94.0421</lon>
<active>1</active>
</city>
<city>
<id>403649</id>
<name>Charlotte</name>
<state>AR</state>
<rating>3</rating>
<url>http://www.greatschools.org/city/Charlotte/AR</url>
<lat>35.8351</lat>
<lon>-91.4218</lon>
<active>1</active>
</city>
<city>
<id>403830</id>
<name>Cherry Valley</name>
<state>AR</state>
<rating/>
<url>http://www.greatschools.org/city/Cherry_Valley/AR</url>
<lat>35.4027</lat>
<lon>-90.7527</lon>
<active>1</active>
</city>
<city>
<id>442040</id>
<name>Choctaw</name>
<state>AR</state>
<rating/>
<url>http://www.greatschools.org/city/Choctaw/AR</url>
<lat>35.5233</lat>
<lon>-92.4252</lon>
<active>1</active>
</city>
<city>
<id>403860</id>
<name>Clarendon</name>
<state>AR</state>
<rating>2</rating>
<url>http://www.greatschools.org/city/Clarendon/AR</url>
<lat>34.6963</lat>
<lon>-91.3068</lon>
<active>1</active>
</city>
<city>
<id>403722</id>
<name>Clarksville</name>
<state>AR</state>
<rating>6</rating>
<url>http://www.greatschools.org/city/Clarksville/AR</url>
<lat>35.468</lat>
<lon>-93.4707</lon>
<active>1</active>
</city>
<city>
<id>403612</id>
<name>Clinton</name>
<state>AR</state>
<rating>7</rating>
<url>http://www.greatschools.org/city/Clinton/AR</url>
<lat>35.5815</lat>
<lon>-92.4556</lon>
<active>1</active>
</city>
<city>
<id>403762</id>
<name>Coal Hill</name>
<state>AR</state>
<rating>7</rating>
<url>http://www.greatschools.org/city/Coal_Hill/AR</url>
<lat>35.4365</lat>
<lon>-93.6706</lon>
<active>1</active>
</city>
<city>
<id>403785</id>
<name>College Station</name>
<state>AR</state>
<rating>5</rating>
<url>http://www.greatschools.org/city/College_Station/AR</url>
<lat>34.709</lat>
<lon>-92.2285</lon>
<active>1</active>
</city>
<city>
<id>442039</id>
<name>Colt</name>
<state>AR</state>
<rating/>
<url>http://www.greatschools.org/city/Colt/AR</url>
<lat>35.1322</lat>
<lon>-90.8143</lon>
<active>1</active>
</city>
<city>
<id>403858</id>
<name>Concord</name>
<state>AR</state>
<rating>7</rating>
<url>http://www.greatschools.org/city/Concord/AR</url>
<lat>35.6628</lat>
<lon>-91.8515</lon>
<active>1</active>
</city>
<city>
<id>403659</id>
<name>Conway</name>
<state>AR</state>
<rating>8</rating>
<url>http://www.greatschools.org/city/Conway/AR</url>
<lat>35.0874</lat>
<lon>-92.4576</lon>
<active>1</active>
</city>
<city>
<id>403907</id>
<name>Corning</name>
<state>AR</state>
<rating>7</rating>
<url>http://www.greatschools.org/city/Corning/AR</url>
<lat>36.4106</lat>
<lon>-90.5894</lon>
<active>1</active>
</city>
<city>
<id>403857</id>
<name>Cotter</name>
<state>AR</state>
<rating>9</rating>
<url>http://www.greatschools.org/city/Cotter/AR</url>
<lat>36.2746</lat>
<lon>-92.5303</lon>
<active>1</active>
</city>
<city>
<id>403608</id>
<name>Cotton Plant</name>
<state>AR</state>
<rating/>
<url>http://www.greatschools.org/city/Cotton_Plant/AR</url>
<lat>35.0031</lat>
<lon>-91.2523</lon>
<active>1</active>
</city>
<city>
<id>403771</id>
<name>Cove</name>
<state>AR</state>
<rating/>
<url>http://www.greatschools.org/city/Cove/AR</url>
<lat>34.4361</lat>
<lon>-94.4166</lon>
<active>1</active>
</city>
<city>
<id>442038</id>
<name>Crawfordsville</name>
<state>AR</state>
<rating/>
<url>http://www.greatschools.org/city/Crawfordsville/AR</url>
<lat>35.2237</lat>
<lon>-90.3255</lon>
<active>1</active>
</city>
<city>
<id>403748</id>
<name>Crossett</name>
<state>AR</state>
<rating>4</rating>
<url>http://www.greatschools.org/city/Crossett/AR</url>
<lat>33.1229</lat>
<lon>-91.9636</lon>
<active>1</active>
</city>
<city>
<id>403855</id>
<name>Cushman</name>
<state>AR</state>
<rating/>
<url>http://www.greatschools.org/city/Cushman/AR</url>
<lat>35.869</lat>
<lon>-91.7672</lon>
<active>1</active>
</city>
<city>
<id>442037</id>
<name>Damascus</name>
<state>AR</state>
<rating/>
<url>http://www.greatschools.org/city/Damascus/AR</url>
<lat>35.3671</lat>
<lon>-92.4091</lon>
<active>1</active>
</city>
<city>
<id>403854</id>
<name>Danville</name>
<state>AR</state>
<rating>7</rating>
<url>http://www.greatschools.org/city/Danville/AR</url>
<lat>35.0502</lat>
<lon>-93.3888</lon>
<active>1</active>
</city>
<city>
<id>403853</id>
<name>Dardanelle</name>
<state>AR</state>
<rating>8</rating>
<url>http://www.greatschools.org/city/Dardanelle/AR</url>
<lat>35.2207</lat>
<lon>-93.1594</lon>
<active>1</active>
</city>
<city>
<id>403724</id>
<name>De Queen</name>
<state>AR</state>
<rating>8</rating>
<url>http://www.greatschools.org/city/De_Queen/AR</url>
<lat>34.0411</lat>
<lon>-94.3438</lon>
<active>1</active>
</city>
<city>
<id>403676</id>
<name>De Witt</name>
<state>AR</state>
<rating>4</rating>
<url>http://www.greatschools.org/city/De_Witt/AR</url>
<lat>34.2901</lat>
<lon>-91.3375</lon>
<active>1</active>
</city>
<city>
<id>403672</id>
<name>Decatur</name>
<state>AR</state>
<rating>3</rating>
<url>http://www.greatschools.org/city/Decatur/AR</url>
<lat>36.3356</lat>
<lon>-94.4582</lon>
<active>1</active>
</city>
<city>
<id>403634</id>
<name>Deer</name>
<state>AR</state>
<rating>4</rating>
<url>http://www.greatschools.org/city/Deer/AR</url>
<lat>35.861</lat>
<lon>-93.3126</lon>
<active>1</active>
</city>
<city>
<id>403656</id>
<name>Delaplaine</name>
<state>AR</state>
<rating/>
<url>http://www.greatschools.org/city/Delaplaine/AR</url>
<lat>36.2316</lat>
<lon>-90.7249</lon>
<active>1</active>
</city>
<city>
<id>444697</id>
<name>Delaware</name>
<state>AR</state>
<rating/>
<url>http://www.greatschools.org/city/Delaware/AR</url>
<lat>35.2837</lat>
<lon>-93.2988</lon>
<active>1</active>
</city>
<city>
<id>403852</id>
<name>Delight</name>
<state>AR</state>
<rating/>
<url>http://www.greatschools.org/city/Delight/AR</url>
<lat>34.0299</lat>
<lon>-93.5052</lon>
<active>1</active>
</city>
<city>
<id>403747</id>
<name>Dell</name>
<state>AR</state>
<rating/>
<url>http://www.greatschools.org/city/Dell/AR</url>
<lat>35.8565</lat>
<lon>-90.0405</lon>
<active>1</active>
</city>
<city>
<id>442036</id>
<name>Dennard</name>
<state>AR</state>
<rating/>
<url>http://www.greatschools.org/city/Dennard/AR</url>
<lat>35.727</lat>
<lon>-92.5542</lon>
<active>1</active>
</city>
<city>
<id>445951</id>
<name>Dequeen</name>
<state>AR</state>
<rating/>
<url>http://www.greatschools.org/city/Dequeen/AR</url>
<lat>34.0297</lat>
<lon>-94.3648</lon>
<active>1</active>
</city>
<city>
<id>403729</id>
<name>Dermott</name>
<state>AR</state>
<rating>1</rating>
<url>http://www.greatschools.org/city/Dermott/AR</url>
<lat>33.5272</lat>
<lon>-91.4384</lon>
<active>1</active>
</city>
<city>
<id>403851</id>
<name>Des Arc</name>
<state>AR</state>
<rating>6</rating>
<url>http://www.greatschools.org/city/Des_Arc/AR</url>
<lat>34.975</lat>
<lon>-91.5036</lon>
<active>1</active>
</city>
<city>
<id>444698</id>
<name>DeWitt</name>
<state>AR</state>
<rating/>
<url>http://www.greatschools.org/city/DeWitt/AR</url>
<lat>34.2805</lat>
<lon>-91.348</lon>
<active>1</active>
</city>
<city>
<id>403849</id>
<name>Dierks</name>
<state>AR</state>
<rating>6</rating>
<url>http://www.greatschools.org/city/Dierks/AR</url>
<lat>34.1199</lat>
<lon>-94.0183</lon>
<active>1</active>
</city>
<city>
<id>442035</id>
<name>Doddridge</name>
<state>AR</state>
<rating/>
<url>http://www.greatschools.org/city/Doddridge/AR</url>
<lat>33.1065</lat>
<lon>-93.9614</lon>
<active>1</active>
</city>
<city>
<id>444699</id>
<name>Dogpatch</name>
<state>AR</state>
<rating/>
<url>http://www.greatschools.org/city/Dogpatch/AR</url>
<lat>36.0917</lat>
<lon>-93.1488</lon>
<active>1</active>
</city>
<city>
<id>403793</id>
<name>Donaldson</name>
<state>AR</state>
<rating>7</rating>
<url>http://www.greatschools.org/city/Donaldson/AR</url>
<lat>34.2355</lat>
<lon>-92.9218</lon>
<active>1</active>
</city>
<city>
<id>403728</id>
<name>Dover</name>
<state>AR</state>
<rating>9</rating>
<url>http://www.greatschools.org/city/Dover/AR</url>
<lat>35.3992</lat>
<lon>-93.1103</lon>
<active>1</active>
</city>
<city>
<id>403741</id>
<name>Dumas</name>
<state>AR</state>
<rating>2</rating>
<url>http://www.greatschools.org/city/Dumas/AR</url>
<lat>33.8865</lat>
<lon>-91.4875</lon>
<active>1</active>
</city>
<city>
<id>442034</id>
<name>Dyess</name>
<state>AR</state>
<rating/>
<url>http://www.greatschools.org/city/Dyess/AR</url>
<lat>35.59</lat>
<lon>-90.2139</lon>
<active>1</active>
</city>
<city>
<id>403664</id>
<name>Earle</name>
<state>AR</state>
<rating>4</rating>
<url>http://www.greatschools.org/city/Earle/AR</url>
<lat>35.2699</lat>
<lon>-90.4648</lon>
<active>1</active>
</city>
<city>
<id>403822</id>
<name>Edmondson</name>
<state>AR</state>
<rating/>
<url>http://www.greatschools.org/city/Edmondson/AR</url>
<lat>35.1024</lat>
<lon>-90.3055</lon>
<active>1</active>
</city>
<city>
<id>403616</id>
<name>El Dorado</name>
<state>AR</state>
<rating>5</rating>
<url>http://www.greatschools.org/city/El_Dorado/AR</url>
<lat>33.2149</lat>
<lon>-92.6633</lon>
<active>1</active>
</city>
<city>
<id>403847</id>
<name>Elaine</name>
<state>AR</state>
<rating/>
<url>http://www.greatschools.org/city/Elaine/AR</url>
<lat>34.3101</lat>
<lon>-90.8552</lon>
<active>1</active>
</city>
<city>
<id>403610</id>
<name>Elkins</name>
<state>AR</state>
<rating>5</rating>
<url>http://www.greatschools.org/city/Elkins/AR</url>
<lat>36.032</lat>
<lon>-94.0319</lon>
<active>1</active>
</city>
<city>
<id>403750</id>
<name>Elm Springs</name>
<state>AR</state>
<rating/>
<url>http://www.greatschools.org/city/Elm_Springs/AR</url>
<lat>36.2024</lat>
<lon>-94.2131</lon>
<active>1</active>
</city>
<city>
<id>403667</id>
<name>Emerson</name>
<state>AR</state>
<rating>8</rating>
<url>http://www.greatschools.org/city/Emerson/AR</url>
<lat>33.0963</lat>
<lon>-93.1945</lon>
<active>1</active>
</city>
<city>
<id>403654</id>
<name>Emmet</name>
<state>AR</state>
<rating/>
<url>http://www.greatschools.org/city/Emmet/AR</url>
<lat>33.7247</lat>
<lon>-93.4685</lon>
<active>1</active>
</city>
<city>
<id>403721</id>
<name>England</name>
<state>AR</state>
<rating>4</rating>
<url>http://www.greatschools.org/city/England/AR</url>
<lat>34.5439</lat>
<lon>-91.9682</lon>
<active>1</active>
</city>
<city>
<id>403803</id>
<name>Enola</name>
<state>AR</state>
<rating>8</rating>
<url>http://www.greatschools.org/city/Enola/AR</url>
<lat>35.194</lat>
<lon>-92.2051</lon>
<active>1</active>
</city>
<city>
<id>403746</id>
<name>Eudora</name>
<state>AR</state>
<rating>7</rating>
<url>http://www.greatschools.org/city/Eudora/AR</url>
<lat>33.1179</lat>
<lon>-91.2629</lon>
<active>1</active>
</city>
<city>
<id>403736</id>
<name>Eureka Springs</name>
<state>AR</state>
<rating>7</rating>
<url>http://www.greatschools.org/city/Eureka_Springs/AR</url>
<lat>36.4001</lat>
<lon>-93.7378</lon>
<active>1</active>
</city>
<city>
<id>403621</id>
<name>Evening Shade</name>
<state>AR</state>
<rating>7</rating>
<url>http://www.greatschools.org/city/Evening_Shade/AR</url>
<lat>36.0715</lat>
<lon>-91.6206</lon>
<active>1</active>
</city>
<city>
<id>403625</id>
<name>Everton</name>
<state>AR</state>
<rating>6</rating>
<url>http://www.greatschools.org/city/Everton/AR</url>
<lat>36.153</lat>
<lon>-92.908</lon>
<active>1</active>
</city>
<city>
<id>403599</id>
<name>Farmington</name>
<state>AR</state>
<rating>8</rating>
<url>http://www.greatschools.org/city/Farmington/AR</url>
<lat>36.0427</lat>
<lon>-94.2443</lon>
<active>1</active>
</city>
<city>
<id>403702</id>
<name>Fayetteville</name>
<state>AR</state>
<rating>8</rating>
<url>http://www.greatschools.org/city/Fayetteville/AR</url>
<lat>36.0793</lat>
<lon>-94.162</lon>
<active>1</active>
</city>
<city>
<id>403846</id>
<name>Flippin</name>
<state>AR</state>
<rating>5</rating>
<url>http://www.greatschools.org/city/Flippin/AR</url>
<lat>36.2756</lat>
<lon>-92.593</lon>
<active>1</active>
</city>
<city>
<id>403904</id>
<name>Floral</name>
<state>AR</state>
<rating>4</rating>
<url>http://www.greatschools.org/city/Floral/AR</url>
<lat>35.5957</lat>
<lon>-91.7413</lon>
<active>1</active>
</city>
<city>
<id>403749</id>
<name>Fordyce</name>
<state>AR</state>
<rating>4</rating>
<url>http://www.greatschools.org/city/Fordyce/AR</url>
<lat>33.8149</lat>
<lon>-92.4163</lon>
<active>1</active>
</city>
<city>
<id>403845</id>
<name>Foreman</name>
<state>AR</state>
<rating>7</rating>
<url>http://www.greatschools.org/city/Foreman/AR</url>
<lat>33.7209</lat>
<lon>-94.3967</lon>
<active>1</active>
</city>
<city>
<id>445952</id>
<name>Forrect City</name>
<state>AR</state>
<rating/>
<url>http://www.greatschools.org/city/Forrect_City/AR</url>
<lat>35.0419</lat>
<lon>-90.7696</lon>
<active>1</active>
</city>
<city>
<id>403619</id>
<name>Forrest City</name>
<state>AR</state>
<rating>2</rating>
<url>http://www.greatschools.org/city/Forrest_City/AR</url>
<lat>35.006</lat>
<lon>-90.7884</lon>
<active>1</active>
</city>
<city>
<id>403678</id>
<name>Fort Smith</name>
<state>AR</state>
<rating>6</rating>
<url>http://www.greatschools.org/city/Fort_Smith/AR</url>
<lat>35.3635</lat>
<lon>-94.3898</lon>
<active>1</active>
</city>
<city>
<id>403843</id>
<name>Fouke</name>
<state>AR</state>
<rating>5</rating>
<url>http://www.greatschools.org/city/Fouke/AR</url>
<lat>33.2605</lat>
<lon>-93.8877</lon>
<active>1</active>
</city>
<city>
<id>403618</id>
<name>Fox</name>
<state>AR</state>
<rating>8</rating>
<url>http://www.greatschools.org/city/Fox/AR</url>
<lat>35.7707</lat>
<lon>-92.3014</lon>
<active>1</active>
</city>
<city>
<id>443943</id>
<name>Fulton</name>
<state>AR</state>
<rating/>
<url>http://www.greatschools.org/city/Fulton/AR</url>
<lat>33.6129</lat>
<lon>-93.8135</lon>
<active>1</active>
</city>
<city>
<id>403782</id>
<name>Garfield</name>
<state>AR</state>
<rating>6</rating>
<url>http://www.greatschools.org/city/Garfield/AR</url>
<lat>36.4522</lat>
<lon>-93.9742</lon>
<active>1</active>
</city>
<city>
<id>403742</id>
<name>Gassville</name>
<state>AR</state>
<rating/>
<url>http://www.greatschools.org/city/Gassville/AR</url>
<lat>36.283</lat>
<lon>-92.4909</lon>
<active>1</active>
</city>
<city>
<id>444700</id>
<name>Genevia</name>
<state>AR</state>
<rating/>
<url>http://www.greatschools.org/city/Genevia/AR</url>
<lat>34.7077</lat>
<lon>-92.2241</lon>
<active>1</active>
</city>
<city>
<id>403681</id>
<name>Gentry</name>
<state>AR</state>
<rating>7</rating>
<url>http://www.greatschools.org/city/Gentry/AR</url>
<lat>36.2665</lat>
<lon>-94.4862</lon>
<active>1</active>
</city>
<city>
<id>403677</id>
<name>Gillett</name>
<state>AR</state>
<rating>9</rating>
<url>http://www.greatschools.org/city/Gillett/AR</url>
<lat>34.1192</lat>
<lon>-91.3802</lon>
<active>1</active>
</city>
<city>
<id>403718</id>
<name>Gillham</name>
<state>AR</state>
<rating/>
<url>http://www.greatschools.org/city/Gillham/AR</url>
<lat>34.1698</lat>
<lon>-94.3161</lon>
<active>1</active>
</city>
<city>
<id>442033</id>
<name>Glencoe</name>
<state>AR</state>
<rating/>
<url>http://www.greatschools.org/city/Glencoe/AR</url>
<lat>36.2936</lat>
<lon>-91.7696</lon>
<active>1</active>
</city>
<city>
<id>403743</id>
<name>Glenwood</name>
<state>AR</state>
<rating>10</rating>
<url>http://www.greatschools.org/city/Glenwood/AR</url>
<lat>34.3297</lat>
<lon>-93.5466</lon>
<active>1</active>
</city>
<city>
<id>403899</id>
<name>Gosnell</name>
<state>AR</state>
<rating>6</rating>
<url>http://www.greatschools.org/city/Gosnell/AR</url>
<lat>35.9573</lat>
<lon>-89.9697</lon>
<active>1</active>
</city>
<city>
<id>403704</id>
<name>Gould</name>
<state>AR</state>
<rating/>
<url>http://www.greatschools.org/city/Gould/AR</url>
<lat>33.986</lat>
<lon>-91.5596</lon>
<active>1</active>
</city>
<city>
<id>442032</id>
<name>Grady</name>
<state>AR</state>
<rating/>
<url>http://www.greatschools.org/city/Grady/AR</url>
<lat>34.0785</lat>
<lon>-91.7009</lon>
<active>1</active>
</city>
<city>
<id>403727</id>
<name>Gravette</name>
<state>AR</state>
<rating>7</rating>
<url>http://www.greatschools.org/city/Gravette/AR</url>
<lat>36.4203</lat>
<lon>-94.4538</lon>
<active>1</active>
</city>
<city>
<id>403716</id>
<name>Green Forest</name>
<state>AR</state>
<rating>6</rating>
<url>http://www.greatschools.org/city/Green_Forest/AR</url>
<lat>36.3346</lat>
<lon>-93.4315</lon>
<active>1</active>
</city>
<city>
<id>403841</id>
<name>Greenbrier</name>
<state>AR</state>
<rating>9</rating>
<url>http://www.greatschools.org/city/Greenbrier/AR</url>
<lat>35.2295</lat>
<lon>-92.3837</lon>
<active>1</active>
</city>
<city>
<id>403694</id>
<name>Greenland</name>
<state>AR</state>
<rating>5</rating>
<url>http://www.greatschools.org/city/Greenland/AR</url>
<lat>35.9967</lat>
<lon>-94.1819</lon>
<active>1</active>
</city>
<city>
<id>403726</id>
<name>Greenwood</name>
<state>AR</state>
<rating>9</rating>
<url>http://www.greatschools.org/city/Greenwood/AR</url>
<lat>35.2149</lat>
<lon>-94.2556</lon>
<active>1</active>
</city>
<city>
<id>403761</id>
<name>Greers Ferry</name>
<state>AR</state>
<rating>6</rating>
<url>http://www.greatschools.org/city/Greers_Ferry/AR</url>
<lat>35.5696</lat>
<lon>-92.1715</lon>
<active>1</active>
</city>
<city>
<id>403840</id>
<name>Gurdon</name>
<state>AR</state>
<rating>4</rating>
<url>http://www.greatschools.org/city/Gurdon/AR</url>
<lat>33.9167</lat>
<lon>-93.1479</lon>
<active>1</active>
</city>
<city>
<id>403839</id>
<name>Guy</name>
<state>AR</state>
<rating>7</rating>
<url>http://www.greatschools.org/city/Guy/AR</url>
<lat>35.3238</lat>
<lon>-92.3361</lon>
<active>1</active>
</city>
<city>
<id>403838</id>
<name>Hackett</name>
<state>AR</state>
<rating>4</rating>
<url>http://www.greatschools.org/city/Hackett/AR</url>
<lat>35.1869</lat>
<lon>-94.4117</lon>
<active>1</active>
</city>
<city>
<id>403893</id>
<name>Hamburg</name>
<state>AR</state>
<rating>4</rating>
<url>http://www.greatschools.org/city/Hamburg/AR</url>
<lat>33.2265</lat>
<lon>-91.798</lon>
<active>1</active>
</city>
<city>
<id>403837</id>
<name>Hampton</name>
<state>AR</state>
<rating>2</rating>
<url>http://www.greatschools.org/city/Hampton/AR</url>
<lat>33.5367</lat>
<lon>-92.4648</lon>
<active>1</active>
</city>
<city>
<id>403828</id>
<name>Hardy</name>
<state>AR</state>
<rating>7</rating>
<url>http://www.greatschools.org/city/Hardy/AR</url>
<lat>36.3189</lat>
<lon>-91.4803</lon>
<active>1</active>
</city>
<city>
<id>403836</id>
<name>Harrisburg</name>
<state>AR</state>
<rating>5</rating>
<url>http://www.greatschools.org/city/Harrisburg/AR</url>
<lat>35.5643</lat>
<lon>-90.7222</lon>
<active>1</active>
</city>
<city>
<id>403601</id>
<name>Harrison</name>
<state>AR</state>
<rating>9</rating>
<url>http://www.greatschools.org/city/Harrison/AR</url>
<lat>36.2393</lat>
<lon>-93.1176</lon>
<active>1</active>
</city>
<city>
<id>403835</id>
<name>Hartford</name>
<state>AR</state>
<rating>3</rating>
<url>http://www.greatschools.org/city/Hartford/AR</url>
<lat>35.0239</lat>
<lon>-94.3796</lon>
<active>1</active>
</city>
<city>
<id>403763</id>
<name>Hartman</name>
<state>AR</state>
<rating>3</rating>
<url>http://www.greatschools.org/city/Hartman/AR</url>
<lat>35.4341</lat>
<lon>-93.6196</lon>
<active>1</active>
</city>
<city>
<id>403631</id>
<name>Hatfield</name>
<state>AR</state>
<rating/>
<url>http://www.greatschools.org/city/Hatfield/AR</url>
<lat>34.4863</lat>
<lon>-94.3789</lon>
<active>1</active>
</city>
<city>
<id>403758</id>
<name>Hattieville</name>
<state>AR</state>
<rating>6</rating>
<url>http://www.greatschools.org/city/Hattieville/AR</url>
<lat>35.3252</lat>
<lon>-92.7656</lon>
<active>1</active>
</city>
<city>
<id>403895</id>
<name>Havana</name>
<state>AR</state>
<rating>5</rating>
<url>http://www.greatschools.org/city/Havana/AR</url>
<lat>35.1108</lat>
<lon>-93.5292</lon>
<active>1</active>
</city>
<city>
<id>403834</id>
<name>Hazen</name>
<state>AR</state>
<rating>5</rating>
<url>http://www.greatschools.org/city/Hazen/AR</url>
<lat>34.7822</lat>
<lon>-91.5763</lon>
<active>1</active>
</city>
<city>
<id>403833</id>
<name>Heber Springs</name>
<state>AR</state>
<rating>6</rating>
<url>http://www.greatschools.org/city/Heber_Springs/AR</url>
<lat>35.4986</lat>
<lon>-92.0383</lon>
<active>1</active>
</city>
<city>
<id>403832</id>
<name>Hector</name>
<state>AR</state>
<rating>7</rating>
<url>http://www.greatschools.org/city/Hector/AR</url>
<lat>35.4649</lat>
<lon>-92.9765</lon>
<active>1</active>
</city>
<city>
<id>403710</id>
<name>Helena</name>
<state>AR</state>
<rating>5</rating>
<url>http://www.greatschools.org/city/Helena/AR</url>
<lat>34.5289</lat>
<lon>-90.6001</lon>
<active>1</active>
</city>
<city>
<id>444701</id>
<name>Henderson</name>
<state>AR</state>
<rating/>
<url>http://www.greatschools.org/city/Henderson/AR</url>
<lat>36.3874</lat>
<lon>-92.2089</lon>
<active>1</active>
</city>
<city>
<id>442030</id>
<name>Hensley</name>
<state>AR</state>
<rating/>
<url>http://www.greatschools.org/city/Hensley/AR</url>
<lat>34.5056</lat>
<lon>-92.2068</lon>
<active>1</active>
</city>
<city>
<id>403831</id>
<name>Hermitage</name>
<state>AR</state>
<rating>3</rating>
<url>http://www.greatschools.org/city/Hermitage/AR</url>
<lat>33.447</lat>
<lon>-92.1718</lon>
<active>1</active>
</city>
<city>
<id>444702</id>
<name>Higden</name>
<state>AR</state>
<rating/>
<url>http://www.greatschools.org/city/Higden/AR</url>
<lat>35.562</lat>
<lon>-92.1992</lon>
<active>1</active>
</city>
<city>
<id>444703</id>
<name>Hindsville</name>
<state>AR</state>
<rating/>
<url>http://www.greatschools.org/city/Hindsville/AR</url>
<lat>36.2154</lat>
<lon>-93.9246</lon>
<active>1</active>
</city>
<city>
<id>444704</id>
<name>Hiwasse</name>
<state>AR</state>
<rating/>
<url>http://www.greatschools.org/city/Hiwasse/AR</url>
<lat>36.4312</lat>
<lon>-94.3274</lon>
<active>1</active>
</city>
<city>
<id>403636</id>
<name>Holly Grove</name>
<state>AR</state>
<rating/>
<url>http://www.greatschools.org/city/Holly_Grove/AR</url>
<lat>34.5977</lat>
<lon>-91.1999</lon>
<active>1</active>
</city>
<city>
<id>403703</id>
<name>Hope</name>
<state>AR</state>
<rating>3</rating>
<url>http://www.greatschools.org/city/Hope/AR</url>
<lat>33.6653</lat>
<lon>-93.5905</lon>
<active>1</active>
</city>
<city>
<id>403826</id>
<name>Horatio</name>
<state>AR</state>
<rating>7</rating>
<url>http://www.greatschools.org/city/Horatio/AR</url>
<lat>33.9386</lat>
<lon>-94.3523</lon>
<active>1</active>
</city>
<city>
<id>403604</id>
<name>Hot Springs</name>
<state>AR</state>
<rating>7</rating>
<url>http://www.greatschools.org/city/Hot_Springs/AR</url>
<lat>34.4915</lat>
<lon>-93.0553</lon>
<active>1</active>
</city>
<city>
<id>444705</id>
<name>Hot Springs National Park</name>
<state>AR</state>
<rating/>
<url>http://www.greatschools.org/city/Hot_Springs_National_Park/AR</url>
<lat>34.4876</lat>
<lon>-93.0602</lon>
<active>1</active>
</city>
<city>
<id>444706</id>
<name>Hot Springs Village</name>
<state>AR</state>
<rating/>
<url>http://www.greatschools.org/city/Hot_Springs_Village/AR</url>
<lat>34.6766</lat>
<lon>-92.9976</lon>
<active>1</active>
</city>
<city>
<id>403824</id>
<name>Hoxie</name>
<state>AR</state>
<rating>6</rating>
<url>http://www.greatschools.org/city/Hoxie/AR</url>
<lat>36.0488</lat>
<lon>-90.976</lon>
<active>1</active>
</city>
<city>
<id>403823</id>
<name>Hughes</name>
<state>AR</state>
<rating>2</rating>
<url>http://www.greatschools.org/city/Hughes/AR</url>
<lat>34.9476</lat>
<lon>-90.4713</lon>
<active>1</active>
</city>
<city>
<id>442029</id>
<name>Humnoke</name>
<state>AR</state>
<rating/>
<url>http://www.greatschools.org/city/Humnoke/AR</url>
<lat>34.5425</lat>
<lon>-91.759</lon>
<active>1</active>
</city>
<city>
<id>403675</id>
<name>Humphrey</name>
<state>AR</state>
<rating/>
<url>http://www.greatschools.org/city/Humphrey/AR</url>
<lat>34.423</lat>
<lon>-91.7054</lon>
<active>1</active>
</city>
<city>
<id>442028</id>
<name>Huntington</name>
<state>AR</state>
<rating/>
<url>http://www.greatschools.org/city/Huntington/AR</url>
<lat>35.0818</lat>
<lon>-94.2632</lon>
<active>1</active>
</city>
<city>
<id>403708</id>
<name>Huntsville</name>
<state>AR</state>
<rating>8</rating>
<url>http://www.greatschools.org/city/Huntsville/AR</url>
<lat>36.0895</lat>
<lon>-93.7357</lon>
<active>1</active>
</city>
<city>
<id>403615</id>
<name>Huttig</name>
<state>AR</state>
<rating/>
<url>http://www.greatschools.org/city/Huttig/AR</url>
<lat>33.0404</lat>
<lon>-92.1868</lon>
<active>1</active>
</city>
<city>
<id>403711</id>
<name>Imboden</name>
<state>AR</state>
<rating>4</rating>
<url>http://www.greatschools.org/city/Imboden/AR</url>
<lat>36.202</lat>
<lon>-91.1794</lon>
<active>1</active>
</city>
<city>
<id>403734</id>
<name>Jacksonville</name>
<state>AR</state>
<rating>3</rating>
<url>http://www.greatschools.org/city/Jacksonville/AR</url>
<lat>34.8762</lat>
<lon>-92.1205</lon>
<active>1</active>
</city>
<city>
<id>403821</id>
<name>Jasper</name>
<state>AR</state>
<rating>7</rating>
<url>http://www.greatschools.org/city/Jasper/AR</url>
<lat>36.0066</lat>
<lon>-93.1892</lon>
<active>1</active>
</city>
<city>
<id>442027</id>
<name>Jericho</name>
<state>AR</state>
<rating/>
<url>http://www.greatschools.org/city/Jericho/AR</url>
<lat>35.2842</lat>
<lon>-90.2296</lon>
<active>1</active>
</city>
<city>
<id>403825</id>
<name>Jessieville</name>
<state>AR</state>
<rating>6</rating>
<url>http://www.greatschools.org/city/Jessieville/AR</url>
<lat>34.7002</lat>
<lon>-93.152</lon>
<active>1</active>
</city>
<city>
<id>403665</id>
<name>Jonesboro</name>
<state>AR</state>
<rating>6</rating>
<url>http://www.greatschools.org/city/Jonesboro/AR</url>
<lat>35.8271</lat>
<lon>-90.6947</lon>
<active>1</active>
</city>
<city>
<id>403818</id>
<name>Judsonia</name>
<state>AR</state>
<rating>5</rating>
<url>http://www.greatschools.org/city/Judsonia/AR</url>
<lat>35.2765</lat>
<lon>-91.6436</lon>
<active>1</active>
</city>
<city>
<id>403820</id>
<name>Junction City</name>
<state>AR</state>
<rating>4</rating>
<url>http://www.greatschools.org/city/Junction_City/AR</url>
<lat>33.0187</lat>
<lon>-92.723</lon>
<active>1</active>
</city>
<city>
<id>403891</id>
<name>Keiser</name>
<state>AR</state>
<rating>3</rating>
<url>http://www.greatschools.org/city/Keiser/AR</url>
<lat>35.6745</lat>
<lon>-90.0952</lon>
<active>1</active>
</city>
<city>
<id>403819</id>
<name>Kensett</name>
<state>AR</state>
<rating>4</rating>
<url>http://www.greatschools.org/city/Kensett/AR</url>
<lat>35.2334</lat>
<lon>-91.6712</lon>
<active>1</active>
</city>
<city>
<id>403669</id>
<name>Kingsland</name>
<state>AR</state>
<rating>4</rating>
<url>http://www.greatschools.org/city/Kingsland/AR</url>
<lat>33.8625</lat>
<lon>-92.3002</lon>
<active>1</active>
</city>
<city>
<id>403639</id>
<name>Kingston</name>
<state>AR</state>
<rating>7</rating>
<url>http://www.greatschools.org/city/Kingston/AR</url>
<lat>36.0556</lat>
<lon>-93.5033</lon>
<active>1</active>
</city>
<city>
<id>403817</id>
<name>Kirby</name>
<state>AR</state>
<rating>5</rating>
<url>http://www.greatschools.org/city/Kirby/AR</url>
<lat>34.2555</lat>
<lon>-93.6201</lon>
<active>1</active>
</city>
<city>
<id>442026</id>
<name>Knoxville</name>
<state>AR</state>
<rating/>
<url>http://www.greatschools.org/city/Knoxville/AR</url>
<lat>35.3832</lat>
<lon>-93.3686</lon>
<active>1</active>
</city>
<city>
<id>403740</id>
<name>Lake City</name>
<state>AR</state>
<rating>6</rating>
<url>http://www.greatschools.org/city/Lake_City/AR</url>
<lat>35.8173</lat>
<lon>-90.4393</lon>
<active>1</active>
</city>
<city>
<id>403745</id>
<name>Lake Village</name>
<state>AR</state>
<rating>3</rating>
<url>http://www.greatschools.org/city/Lake_Village/AR</url>
<lat>33.332</lat>
<lon>-91.2834</lon>
<active>1</active>
</city>
<city>
<id>403644</id>
<name>Lamar</name>
<state>AR</state>
<rating>7</rating>
<url>http://www.greatschools.org/city/Lamar/AR</url>
<lat>35.4427</lat>
<lon>-93.3909</lon>
<active>1</active>
</city>
<city>
<id>403707</id>
<name>Lavaca</name>
<state>AR</state>
<rating>7</rating>
<url>http://www.greatschools.org/city/Lavaca/AR</url>
<lat>35.3358</lat>
<lon>-94.1797</lon>
<active>1</active>
</city>
<city>
<id>403869</id>
<name>Leachville</name>
<state>AR</state>
<rating>6</rating>
<url>http://www.greatschools.org/city/Leachville/AR</url>
<lat>35.931</lat>
<lon>-90.2545</lon>
<active>1</active>
</city>
<city>
<id>403873</id>
<name>Lead Hill</name>
<state>AR</state>
<rating>3</rating>
<url>http://www.greatschools.org/city/Lead_Hill/AR</url>
<lat>36.4183</lat>
<lon>-92.9121</lon>
<active>1</active>
</city>
<city>
<id>442025</id>
<name>Leola</name>
<state>AR</state>
<rating/>
<url>http://www.greatschools.org/city/Leola/AR</url>
<lat>34.1703</lat>
<lon>-92.5906</lon>
<active>1</active>
</city>
<city>
<id>403886</id>
<name>Lepanto</name>
<state>AR</state>
<rating>5</rating>
<url>http://www.greatschools.org/city/Lepanto/AR</url>
<lat>35.6102</lat>
<lon>-90.3349</lon>
<active>1</active>
</city>
<city>
<id>403624</id>
<name>Leslie</name>
<state>AR</state>
<rating>8</rating>
<url>http://www.greatschools.org/city/Leslie/AR</url>
<lat>35.8307</lat>
<lon>-92.5562</lon>
<active>1</active>
</city>
<city>
<id>403696</id>
<name>Lewisville</name>
<state>AR</state>
<rating>3</rating>
<url>http://www.greatschools.org/city/Lewisville/AR</url>
<lat>33.363</lat>
<lon>-93.5802</lon>
<active>1</active>
</city>
<city>
<id>403879</id>
<name>Lexa</name>
<state>AR</state>
<rating/>
<url>http://www.greatschools.org/city/Lexa/AR</url>
<lat>34.5974</lat>
<lon>-90.7514</lon>
<active>1</active>
</city>
<city>
<id>444463</id>
<name>Lincoln</name>
<state>AR</state>
<rating/>
<url>http://www.greatschools.org/city/Lincoln/AR</url>
<lat>35.9556</lat>
<lon>-94.4207</lon>
<active>1</active>
</city>
<city>
<id>403598</id>
<name>Little Rock</name>
<state>AR</state>
<rating>4</rating>
<url>http://www.greatschools.org/city/Little_Rock/AR</url>
<lat>34.7328</lat>
<lon>-92.3583</lon>
<active>1</active>
</city>
<city>
<id>403814</id>
<name>Lockesburg</name>
<state>AR</state>
<rating/>
<url>http://www.greatschools.org/city/Lockesburg/AR</url>
<lat>33.9696</lat>
<lon>-94.1705</lon>
<active>1</active>
</city>
<city>
<id>403781</id>
<name>London</name>
<state>AR</state>
<rating>8</rating>
<url>http://www.greatschools.org/city/London/AR</url>
<lat>35.3283</lat>
<lon>-93.2463</lon>
<active>1</active>
</city>
<city>
<id>403813</id>
<name>Lonoke</name>
<state>AR</state>
<rating>6</rating>
<url>http://www.greatschools.org/city/Lonoke/AR</url>
<lat>34.7814</lat>
<lon>-91.9005</lon>
<active>1</active>
</city>
<city>
<id>403671</id>
<name>Lowell</name>
<state>AR</state>
<rating>9</rating>
<url>http://www.greatschools.org/city/Lowell/AR</url>
<lat>36.2621</lat>
<lon>-94.1344</lon>
<active>1</active>
</city>
<city>
<id>403890</id>
<name>Luxora</name>
<state>AR</state>
<rating>3</rating>
<url>http://www.greatschools.org/city/Luxora/AR</url>
<lat>35.7558</lat>
<lon>-89.9301</lon>
<active>1</active>
</city>
<city>
<id>403642</id>
<name>Lynn</name>
<state>AR</state>
<rating>5</rating>
<url>http://www.greatschools.org/city/Lynn/AR</url>
<lat>36.0057</lat>
<lon>-91.2509</lon>
<active>1</active>
</city>
<city>
<id>403815</id>
<name>Mabelvale</name>
<state>AR</state>
<rating>3</rating>
<url>http://www.greatschools.org/city/Mabelvale/AR</url>
<lat>34.6037</lat>
<lon>-92.3822</lon>
<active>1</active>
</city>
<city>
<id>442024</id>
<name>Madison</name>
<state>AR</state>
<rating/>
<url>http://www.greatschools.org/city/Madison/AR</url>
<lat>35.0142</lat>
<lon>-90.7296</lon>
<active>1</active>
</city>
<city>
<id>403812</id>
<name>Magazine</name>
<state>AR</state>
<rating>6</rating>
<url>http://www.greatschools.org/city/Magazine/AR</url>
<lat>35.1535</lat>
<lon>-93.8079</lon>
<active>1</active>
</city>
<city>
<id>403701</id>
<name>Magnolia</name>
<state>AR</state>
<rating>4</rating>
<url>http://www.greatschools.org/city/Magnolia/AR</url>
<lat>33.2742</lat>
<lon>-93.2343</lon>
<active>1</active>
</city>
<city>
<id>403653</id>
<name>Malvern</name>
<state>AR</state>
<rating>6</rating>
<url>http://www.greatschools.org/city/Malvern/AR</url>
<lat>34.3616</lat>
<lon>-92.8059</lon>
<active>1</active>
</city>
<city>
<id>444707</id>
<name>Mammoth Spg</name>
<state>AR</state>
<rating/>
<url>http://www.greatschools.org/city/Mammoth_Spg/AR</url>
<lat>36.4482</lat>
<lon>-91.5402</lon>
<active>1</active>
</city>
<city>
<id>403688</id>
<name>Mammoth Spring</name>
<state>AR</state>
<rating>8</rating>
<url>http://www.greatschools.org/city/Mammoth_Spring/AR</url>
<lat>36.4929</lat>
<lon>-91.5449</lon>
<active>1</active>
</city>
<city>
<id>403889</id>
<name>Manila</name>
<state>AR</state>
<rating>7</rating>
<url>http://www.greatschools.org/city/Manila/AR</url>
<lat>35.8814</lat>
<lon>-90.1697</lon>
<active>1</active>
</city>
<city>
<id>403622</id>
<name>Mansfield</name>
<state>AR</state>
<rating>5</rating>
<url>http://www.greatschools.org/city/Mansfield/AR</url>
<lat>35.059</lat>
<lon>-94.2476</lon>
<active>1</active>
</city>
<city>
<id>403691</id>
<name>Marianna</name>
<state>AR</state>
<rating/>
<url>http://www.greatschools.org/city/Marianna/AR</url>
<lat>34.7721</lat>
<lon>-90.7642</lon>
<active>1</active>
</city>
<city>
<id>403811</id>
<name>Marion</name>
<state>AR</state>
<rating>6</rating>
<url>http://www.greatschools.org/city/Marion/AR</url>
<lat>35.2036</lat>
<lon>-90.1961</lon>
<active>1</active>
</city>
<city>
<id>403810</id>
<name>Marked Tree</name>
<state>AR</state>
<rating>6</rating>
<url>http://www.greatschools.org/city/Marked_Tree/AR</url>
<lat>35.5308</lat>
<lon>-90.4154</lon>
<active>1</active>
</city>
<city>
<id>403905</id>
<name>Marmaduke</name>
<state>AR</state>
<rating>5</rating>
<url>http://www.greatschools.org/city/Marmaduke/AR</url>
<lat>36.1892</lat>
<lon>-90.3862</lon>
<active>1</active>
</city>
<city>
<id>403809</id>
<name>Marshall</name>
<state>AR</state>
<rating>7</rating>
<url>http://www.greatschools.org/city/Marshall/AR</url>
<lat>35.9095</lat>
<lon>-92.6351</lon>
<active>1</active>
</city>
<city>
<id>403753</id>
<name>Marvell</name>
<state>AR</state>
<rating>4</rating>
<url>http://www.greatschools.org/city/Marvell/AR</url>
<lat>34.5567</lat>
<lon>-90.9111</lon>
<active>1</active>
</city>
<city>
<id>403596</id>
<name>Maumelle</name>
<state>AR</state>
<rating>5</rating>
<url>http://www.greatschools.org/city/Maumelle/AR</url>
<lat>34.8571</lat>
<lon>-92.4088</lon>
<active>1</active>
</city>
<city>
<id>403725</id>
<name>Mayflower</name>
<state>AR</state>
<rating>4</rating>
<url>http://www.greatschools.org/city/Mayflower/AR</url>
<lat>34.9705</lat>
<lon>-92.4159</lon>
<active>1</active>
</city>
<city>
<id>403808</id>
<name>Maynard</name>
<state>AR</state>
<rating>3</rating>
<url>http://www.greatschools.org/city/Maynard/AR</url>
<lat>36.4215</lat>
<lon>-90.9013</lon>
<active>1</active>
</city>
<city>
<id>403807</id>
<name>McCrory</name>
<state>AR</state>
<rating>7</rating>
<url>http://www.greatschools.org/city/McCrory/AR</url>
<lat>35.2571</lat>
<lon>-91.1963</lon>
<active>1</active>
</city>
<city>
<id>403806</id>
<name>McGehee</name>
<state>AR</state>
<rating>4</rating>
<url>http://www.greatschools.org/city/McGehee/AR</url>
<lat>33.6237</lat>
<lon>-91.3965</lon>
<active>1</active>
</city>
<city>
<id>442023</id>
<name>McNeil</name>
<state>AR</state>
<rating/>
<url>http://www.greatschools.org/city/McNeil/AR</url>
<lat>33.3468</lat>
<lon>-93.2086</lon>
<active>1</active>
</city>
<city>
<id>403805</id>
<name>Melbourne</name>
<state>AR</state>
<rating>8</rating>
<url>http://www.greatschools.org/city/Melbourne/AR</url>
<lat>36.0601</lat>
<lon>-91.8971</lon>
<active>1</active>
</city>
<city>
<id>403630</id>
<name>Mena</name>
<state>AR</state>
<rating>7</rating>
<url>http://www.greatschools.org/city/Mena/AR</url>
<lat>34.5809</lat>
<lon>-94.2397</lon>
<active>1</active>
</city>
<city>
<id>403652</id>
<name>Mineral Springs</name>
<state>AR</state>
<rating>2</rating>
<url>http://www.greatschools.org/city/Mineral_Springs/AR</url>
<lat>33.8764</lat>
<lon>-93.9188</lon>
<active>1</active>
</city>
<city>
<id>403868</id>
<name>Monette</name>
<state>AR</state>
<rating>9</rating>
<url>http://www.greatschools.org/city/Monette/AR</url>
<lat>35.8914</lat>
<lon>-90.3447</lon>
<active>1</active>
</city>
<city>
<id>403660</id>
<name>Monticello</name>
<state>AR</state>
<rating>5</rating>
<url>http://www.greatschools.org/city/Monticello/AR</url>
<lat>33.629</lat>
<lon>-91.7929</lon>
<active>1</active>
</city>
<city>
<id>442022</id>
<name>Moro</name>
<state>AR</state>
<rating/>
<url>http://www.greatschools.org/city/Moro/AR</url>
<lat>34.7938</lat>
<lon>-90.9906</lon>
<active>1</active>
</city>
<city>
<id>403714</id>
<name>Morrilton</name>
<state>AR</state>
<rating>5</rating>
<url>http://www.greatschools.org/city/Morrilton/AR</url>
<lat>35.1563</lat>
<lon>-92.7416</lon>
<active>1</active>
</city>
<city>
<id>403804</id>
<name>Mount Ida</name>
<state>AR</state>
<rating>6</rating>
<url>http://www.greatschools.org/city/Mount_Ida/AR</url>
<lat>34.5521</lat>
<lon>-93.633</lon>
<active>1</active>
</city>
<city>
<id>403633</id>
<name>Mount Judea</name>
<state>AR</state>
<rating>3</rating>
<url>http://www.greatschools.org/city/Mount_Judea/AR</url>
<lat>35.8525</lat>
<lon>-93.0581</lon>
<active>1</active>
</city>
<city>
<id>403647</id>
<name>Mount Pleasant</name>
<state>AR</state>
<rating>10</rating>
<url>http://www.greatschools.org/city/Mount_Pleasant/AR</url>
<lat>35.9698</lat>
<lon>-91.7629</lon>
<active>1</active>
</city>
<city>
<id>403802</id>
<name>Mount Vernon</name>
<state>AR</state>
<rating>9</rating>
<url>http://www.greatschools.org/city/Mount_Vernon/AR</url>
<lat>35.2244</lat>
<lon>-92.1249</lon>
<active>1</active>
</city>
<city>
<id>403698</id>
<name>Mountain Home</name>
<state>AR</state>
<rating>7</rating>
<url>http://www.greatschools.org/city/Mountain_Home/AR</url>
<lat>36.3371</lat>
<lon>-92.3786</lon>
<active>1</active>
</city>
<city>
<id>403801</id>
<name>Mountain Pine</name>
<state>AR</state>
<rating>4</rating>
<url>http://www.greatschools.org/city/Mountain_Pine/AR</url>
<lat>34.5699</lat>
<lon>-93.1736</lon>
<active>1</active>
</city>
<city>
<id>403800</id>
<name>Mountain View</name>
<state>AR</state>
<rating>8</rating>
<url>http://www.greatschools.org/city/Mountain_View/AR</url>
<lat>35.8663</lat>
<lon>-92.114</lon>
<active>1</active>
</city>
<city>
<id>403799</id>
<name>Mountainburg</name>
<state>AR</state>
<rating>4</rating>
<url>http://www.greatschools.org/city/Mountainburg/AR</url>
<lat>35.6338</lat>
<lon>-94.1681</lon>
<active>1</active>
</city>
<city>
<id>445953</id>
<name>Mt Vernon</name>
<state>AR</state>
<rating/>
<url>http://www.greatschools.org/city/Mt_Vernon/AR</url>
<lat>35.226</lat>
<lon>-92.132</lon>
<active>1</active>
</city>
<city>
<id>445954</id>
<name>Mt. Judea</name>
<state>AR</state>
<rating/>
<url>http://www.greatschools.org/city/Mt._Judea/AR</url>
<lat>35.9214</lat>
<lon>-93.0594</lon>
<active>1</active>
</city>
<city>
<id>403798</id>
<name>Mulberry</name>
<state>AR</state>
<rating>4</rating>
<url>http://www.greatschools.org/city/Mulberry/AR</url>
<lat>35.5071</lat>
<lon>-94.0597</lon>
<active>1</active>
</city>
<city>
<id>403690</id>
<name>Murfreesboro</name>
<state>AR</state>
<rating>4</rating>
<url>http://www.greatschools.org/city/Murfreesboro/AR</url>
<lat>34.0649</lat>
<lon>-93.6907</lon>
<active>1</active>
</city>
<city>
<id>403684</id>
<name>Nashville</name>
<state>AR</state>
<rating>6</rating>
<url>http://www.greatschools.org/city/Nashville/AR</url>
<lat>33.9424</lat>
<lon>-93.8503</lon>
<active>1</active>
</city>
<city>
<id>403648</id>
<name>Newark</name>
<state>AR</state>
<rating>4</rating>
<url>http://www.greatschools.org/city/Newark/AR</url>
<lat>35.7035</lat>
<lon>-91.4439</lon>
<active>1</active>
</city>
<city>
<id>403901</id>
<name>Newport</name>
<state>AR</state>
<rating>5</rating>
<url>http://www.greatschools.org/city/Newport/AR</url>
<lat>35.614</lat>
<lon>-91.2485</lon>
<active>1</active>
</city>
<city>
<id>403796</id>
<name>Norfork</name>
<state>AR</state>
<rating>8</rating>
<url>http://www.greatschools.org/city/Norfork/AR</url>
<lat>36.2084</lat>
<lon>-92.2799</lon>
<active>1</active>
</city>
<city>
<id>403866</id>
<name>Norman</name>
<state>AR</state>
<rating>8</rating>
<url>http://www.greatschools.org/city/Norman/AR</url>
<lat>34.4602</lat>
<lon>-93.6826</lon>
<active>1</active>
</city>
<city>
<id>403795</id>
<name>Norphlet</name>
<state>AR</state>
<rating>4</rating>
<url>http://www.greatschools.org/city/Norphlet/AR</url>
<lat>33.3192</lat>
<lon>-92.6629</lon>
<active>1</active>
</city>
<city>
<id>403693</id>
<name>North Little Rock</name>
<state>AR</state>
<rating>4</rating>
<url>http://www.greatschools.org/city/North_Little_Rock/AR</url>
<lat>34.7887</lat>
<lon>-92.2548</lon>
<active>1</active>
</city>
<city>
<id>443944</id>
<name>Oak Grove</name>
<state>AR</state>
<rating/>
<url>http://www.greatschools.org/city/Oak_Grove/AR</url>
<lat>36.4591</lat>
<lon>-93.4315</lon>
<active>1</active>
</city>
<city>
<id>403643</id>
<name>Oark</name>
<state>AR</state>
<rating>5</rating>
<url>http://www.greatschools.org/city/Oark/AR</url>
<lat>35.7081</lat>
<lon>-93.5489</lon>
<active>1</active>
</city>
<city>
<id>403635</id>
<name>Oden</name>
<state>AR</state>
<rating>6</rating>
<url>http://www.greatschools.org/city/Oden/AR</url>
<lat>34.6211</lat>
<lon>-93.7838</lon>
<active>1</active>
</city>
<city>
<id>442021</id>
<name>Oil Trough</name>
<state>AR</state>
<rating/>
<url>http://www.greatschools.org/city/Oil_Trough/AR</url>
<lat>35.6294</lat>
<lon>-91.4616</lon>
<active>1</active>
</city>
<city>
<id>403606</id>
<name>Ola</name>
<state>AR</state>
<rating>5</rating>
<url>http://www.greatschools.org/city/Ola/AR</url>
<lat>35.031</lat>
<lon>-93.2258</lon>
<active>1</active>
</city>
<city>
<id>403794</id>
<name>Omaha</name>
<state>AR</state>
<rating>7</rating>
<url>http://www.greatschools.org/city/Omaha/AR</url>
<lat>36.4582</lat>
<lon>-93.191</lon>
<active>1</active>
</city>
<city>
<id>403706</id>
<name>Osceola</name>
<state>AR</state>
<rating/>
<url>http://www.greatschools.org/city/Osceola/AR</url>
<lat>35.7024</lat>
<lon>-89.9776</lon>
<active>1</active>
</city>
<city>
<id>444464</id>
<name>Owens Cross Roads</name>
<state>AR</state>
<rating/>
<url>http://www.greatschools.org/city/Owens_Cross_Roads/AR</url>
<lat>34.6662</lat>
<lon>-86.4929</lon>
<active>1</active>
</city>
<city>
<id>403657</id>
<name>Ozark</name>
<state>AR</state>
<rating>6</rating>
<url>http://www.greatschools.org/city/Ozark/AR</url>
<lat>35.4941</lat>
<lon>-93.8394</lon>
<active>1</active>
</city>
<city>
<id>403885</id>
<name>Palestine</name>
<state>AR</state>
<rating>5</rating>
<url>http://www.greatschools.org/city/Palestine/AR</url>
<lat>34.9737</lat>
<lon>-90.9056</lon>
<active>1</active>
</city>
<city>
<id>403792</id>
<name>Pangburn</name>
<state>AR</state>
<rating>8</rating>
<url>http://www.greatschools.org/city/Pangburn/AR</url>
<lat>35.4258</lat>
<lon>-91.8401</lon>
<active>1</active>
</city>
<city>
<id>403655</id>
<name>Paragould</name>
<state>AR</state>
<rating>5</rating>
<url>http://www.greatschools.org/city/Paragould/AR</url>
<lat>36.0571</lat>
<lon>-90.5069</lon>
<active>1</active>
</city>
<city>
<id>403754</id>
<name>Paris</name>
<state>AR</state>
<rating>6</rating>
<url>http://www.greatschools.org/city/Paris/AR</url>
<lat>35.2917</lat>
<lon>-93.7255</lon>
<active>1</active>
</city>
<city>
<id>442020</id>
<name>Parkin</name>
<state>AR</state>
<rating/>
<url>http://www.greatschools.org/city/Parkin/AR</url>
<lat>35.2647</lat>
<lon>-90.5552</lon>
<active>1</active>
</city>
<city>
<id>403626</id>
<name>Paron</name>
<state>AR</state>
<rating>9</rating>
<url>http://www.greatschools.org/city/Paron/AR</url>
<lat>34.7743</lat>
<lon>-92.7238</lon>
<active>1</active>
</city>
<city>
<id>442019</id>
<name>Patterson</name>
<state>AR</state>
<rating/>
<url>http://www.greatschools.org/city/Patterson/AR</url>
<lat>35.258</lat>
<lon>-91.2364</lon>
<active>1</active>
</city>
<city>
<id>403877</id>
<name>Pea Ridge</name>
<state>AR</state>
<rating>8</rating>
<url>http://www.greatschools.org/city/Pea_Ridge/AR</url>
<lat>36.4484</lat>
<lon>-94.1182</lon>
<active>1</active>
</city>
<city>
<id>403715</id>
<name>Pearcy</name>
<state>AR</state>
<rating>7</rating>
<url>http://www.greatschools.org/city/Pearcy/AR</url>
<lat>34.4303</lat>
<lon>-93.229</lon>
<active>1</active>
</city>
<city>
<id>442018</id>
<name>Perry</name>
<state>AR</state>
<rating/>
<url>http://www.greatschools.org/city/Perry/AR</url>
<lat>35.0453</lat>
<lon>-92.7948</lon>
<active>1</active>
</city>
<city>
<id>403791</id>
<name>Perryville</name>
<state>AR</state>
<rating>7</rating>
<url>http://www.greatschools.org/city/Perryville/AR</url>
<lat>35.0094</lat>
<lon>-92.8047</lon>
<active>1</active>
</city>
<city>
<id>444709</id>
<name>Phoenix</name>
<state>AR</state>
<rating/>
<url>http://www.greatschools.org/city/Phoenix/AR</url>
<lat>33.4818</lat>
<lon>-112.089</lon>
<active>1</active>
</city>
<city>
<id>403790</id>
<name>Piggott</name>
<state>AR</state>
<rating>7</rating>
<url>http://www.greatschools.org/city/Piggott/AR</url>
<lat>36.3838</lat>
<lon>-90.195</lon>
<active>1</active>
</city>
<city>
<id>403700</id>
<name>Pine Bluff</name>
<state>AR</state>
<rating>2</rating>
<url>http://www.greatschools.org/city/Pine_Bluff/AR</url>
<lat>34.2114</lat>
<lon>-92.0269</lon>
<active>1</active>
</city>
<city>
<id>403605</id>
<name>Plainview</name>
<state>AR</state>
<rating/>
<url>http://www.greatschools.org/city/Plainview/AR</url>
<lat>34.9896</lat>
<lon>-93.2974</lon>
<active>1</active>
</city>
<city>
<id>403903</id>
<name>Pleasant Plains</name>
<state>AR</state>
<rating>4</rating>
<url>http://www.greatschools.org/city/Pleasant_Plains/AR</url>
<lat>35.5514</lat>
<lon>-91.6296</lon>
<active>1</active>
</city>
<city>
<id>442017</id>
<name>Plumerville</name>
<state>AR</state>
<rating/>
<url>http://www.greatschools.org/city/Plumerville/AR</url>
<lat>35.1601</lat>
<lon>-92.6421</lon>
<active>1</active>
</city>
<city>
<id>403755</id>
<name>Pocahontas</name>
<state>AR</state>
<rating>7</rating>
<url>http://www.greatschools.org/city/Pocahontas/AR</url>
<lat>36.2654</lat>
<lon>-90.9777</lon>
<active>1</active>
</city>
<city>
<id>442016</id>
<name>Portia</name>
<state>AR</state>
<rating/>
<url>http://www.greatschools.org/city/Portia/AR</url>
<lat>36.0839</lat>
<lon>-91.0699</lon>
<active>1</active>
</city>
<city>
<id>403894</id>
<name>Portland</name>
<state>AR</state>
<rating>5</rating>
<url>http://www.greatschools.org/city/Portland/AR</url>
<lat>33.2379</lat>
<lon>-91.5121</lon>
<active>1</active>
</city>
<city>
<id>403789</id>
<name>Pottsville</name>
<state>AR</state>
<rating>9</rating>
<url>http://www.greatschools.org/city/Pottsville/AR</url>
<lat>35.2413</lat>
<lon>-93.0564</lon>
<active>1</active>
</city>
<city>
<id>403788</id>
<name>Poyen</name>
<state>AR</state>
<rating>7</rating>
<url>http://www.greatschools.org/city/Poyen/AR</url>
<lat>34.3236</lat>
<lon>-92.6418</lon>
<active>1</active>
</city>
<city>
<id>403787</id>
<name>Prairie Grove</name>
<state>AR</state>
<rating>8</rating>
<url>http://www.greatschools.org/city/Prairie_Grove/AR</url>
<lat>35.9774</lat>
<lon>-94.316</lon>
<active>1</active>
</city>
<city>
<id>403786</id>
<name>Prescott</name>
<state>AR</state>
<rating>6</rating>
<url>http://www.greatschools.org/city/Prescott/AR</url>
<lat>33.8011</lat>
<lon>-93.3817</lon>
<active>1</active>
</city>
<city>
<id>403744</id>
<name>Prim</name>
<state>AR</state>
<rating/>
<url>http://www.greatschools.org/city/Prim/AR</url>
<lat>35.6609</lat>
<lon>-92.0661</lon>
<active>1</active>
</city>
<city>
<id>403783</id>
<name>Quitman</name>
<state>AR</state>
<rating>5</rating>
<url>http://www.greatschools.org/city/Quitman/AR</url>
<lat>35.3824</lat>
<lon>-92.2126</lon>
<active>1</active>
</city>
<city>
<id>442015</id>
<name>Ratcliff</name>
<state>AR</state>
<rating/>
<url>http://www.greatschools.org/city/Ratcliff/AR</url>
<lat>35.3073</lat>
<lon>-93.8863</lon>
<active>1</active>
</city>
<city>
<id>403628</id>
<name>Ravenden Springs</name>
<state>AR</state>
<rating/>
<url>http://www.greatschools.org/city/Ravenden_Springs/AR</url>
<lat>36.3159</lat>
<lon>-91.2232</lon>
<active>1</active>
</city>
<city>
<id>403859</id>
<name>Rector</name>
<state>AR</state>
<rating>5</rating>
<url>http://www.greatschools.org/city/Rector/AR</url>
<lat>36.2643</lat>
<lon>-90.2932</lon>
<active>1</active>
</city>
<city>
<id>403760</id>
<name>Redfield</name>
<state>AR</state>
<rating>9</rating>
<url>http://www.greatschools.org/city/Redfield/AR</url>
<lat>34.4415</lat>
<lon>-92.1839</lon>
<active>1</active>
</city>
<city>
<id>403668</id>
<name>Rison</name>
<state>AR</state>
<rating>6</rating>
<url>http://www.greatschools.org/city/Rison/AR</url>
<lat>33.9584</lat>
<lon>-92.1901</lon>
<active>1</active>
</city>
<city>
<id>403595</id>
<name>Rogers</name>
<state>AR</state>
<rating>8</rating>
<url>http://www.greatschools.org/city/Rogers/AR</url>
<lat>36.3285</lat>
<lon>-94.1393</lon>
<active>1</active>
</city>
<city>
<id>442014</id>
<name>Romance</name>
<state>AR</state>
<rating/>
<url>http://www.greatschools.org/city/Romance/AR</url>
<lat>35.2326</lat>
<lon>-92.0269</lon>
<active>1</active>
</city>
<city>
<id>403733</id>
<name>Rose Bud</name>
<state>AR</state>
<rating>7</rating>
<url>http://www.greatschools.org/city/Rose_Bud/AR</url>
<lat>35.3254</lat>
<lon>-92.0818</lon>
<active>1</active>
</city>
<city>
<id>403898</id>
<name>Rosston</name>
<state>AR</state>
<rating>5</rating>
<url>http://www.greatschools.org/city/Rosston/AR</url>
<lat>33.5906</lat>
<lon>-93.2816</lon>
<active>1</active>
</city>
<city>
<id>442013</id>
<name>Royal</name>
<state>AR</state>
<rating/>
<url>http://www.greatschools.org/city/Royal/AR</url>
<lat>34.5075</lat>
<lon>-93.2488</lon>
<active>1</active>
</city>
<city>
<id>444710</id>
<name>Rudy</name>
<state>AR</state>
<rating/>
<url>http://www.greatschools.org/city/Rudy/AR</url>
<lat>35.5122</lat>
<lon>-94.2866</lon>
<active>1</active>
</city>
<city>
<id>403712</id>
<name>Russellville</name>
<state>AR</state>
<rating>7</rating>
<url>http://www.greatschools.org/city/Russellville/AR</url>
<lat>35.2791</lat>
<lon>-93.1396</lon>
<active>1</active>
</city>
<city>
<id>442012</id>
<name>Sage</name>
<state>AR</state>
<rating/>
<url>http://www.greatschools.org/city/Sage/AR</url>
<lat>36.0421</lat>
<lon>-91.8251</lon>
<active>1</active>
</city>
<city>
<id>403780</id>
<name>Salem</name>
<state>AR</state>
<rating>9</rating>
<url>http://www.greatschools.org/city/Salem/AR</url>
<lat>36.3718</lat>
<lon>-91.8255</lon>
<active>1</active>
</city>
<city>
<id>403651</id>
<name>Saratoga</name>
<state>AR</state>
<rating/>
<url>http://www.greatschools.org/city/Saratoga/AR</url>
<lat>33.7538</lat>
<lon>-93.9152</lon>
<active>1</active>
</city>
<city>
<id>403611</id>
<name>Scotland</name>
<state>AR</state>
<rating/>
<url>http://www.greatschools.org/city/Scotland/AR</url>
<lat>35.5133</lat>
<lon>-92.5885</lon>
<active>1</active>
</city>
<city>
<id>403784</id>
<name>Scott</name>
<state>AR</state>
<rating>2</rating>
<url>http://www.greatschools.org/city/Scott/AR</url>
<lat>34.6941</lat>
<lon>-92.0997</lon>
<active>1</active>
</city>
<city>
<id>403779</id>
<name>Scranton</name>
<state>AR</state>
<rating>7</rating>
<url>http://www.greatschools.org/city/Scranton/AR</url>
<lat>35.3597</lat>
<lon>-93.5404</lon>
<active>1</active>
</city>
<city>
<id>403683</id>
<name>Searcy</name>
<state>AR</state>
<rating>8</rating>
<url>http://www.greatschools.org/city/Searcy/AR</url>
<lat>35.2485</lat>
<lon>-91.7394</lon>
<active>1</active>
</city>
<city>
<id>403594</id>
<name>Sheridan</name>
<state>AR</state>
<rating>8</rating>
<url>http://www.greatschools.org/city/Sheridan/AR</url>
<lat>34.3072</lat>
<lon>-92.4055</lon>
<active>1</active>
</city>
<city>
<id>403751</id>
<name>Sherwood</name>
<state>AR</state>
<rating>5</rating>
<url>http://www.greatschools.org/city/Sherwood/AR</url>
<lat>34.8313</lat>
<lon>-92.2111</lon>
<active>1</active>
</city>
<city>
<id>403778</id>
<name>Shirley</name>
<state>AR</state>
<rating>4</rating>
<url>http://www.greatschools.org/city/Shirley/AR</url>
<lat>35.6502</lat>
<lon>-92.3151</lon>
<active>1</active>
</city>
<city>
<id>403777</id>
<name>Siloam Springs</name>
<state>AR</state>
<rating>7</rating>
<url>http://www.greatschools.org/city/Siloam_Springs/AR</url>
<lat>36.1823</lat>
<lon>-94.5423</lon>
<active>1</active>
</city>
<city>
<id>403776</id>
<name>Smackover</name>
<state>AR</state>
<rating>6</rating>
<url>http://www.greatschools.org/city/Smackover/AR</url>
<lat>33.3622</lat>
<lon>-92.7274</lon>
<active>1</active>
</city>
<city>
<id>442011</id>
<name>Solgohachia</name>
<state>AR</state>
<rating/>
<url>http://www.greatschools.org/city/Solgohachia/AR</url>
<lat>35.2768</lat>
<lon>-92.6903</lon>
<active>1</active>
</city>
<city>
<id>445955</id>
<name>Sonora</name>
<state>AR</state>
<rating/>
<url>http://www.greatschools.org/city/Sonora/AR</url>
<lat>36.1723</lat>
<lon>-94.0452</lon>
<active>1</active>
</city>
<city>
<id>403662</id>
<name>Sparkman</name>
<state>AR</state>
<rating>4</rating>
<url>http://www.greatschools.org/city/Sparkman/AR</url>
<lat>33.9181</lat>
<lon>-92.8484</lon>
<active>1</active>
</city>
<city>
<id>403593</id>
<name>Springdale</name>
<state>AR</state>
<rating>6</rating>
<url>http://www.greatschools.org/city/Springdale/AR</url>
<lat>36.1788</lat>
<lon>-94.1432</lon>
<active>1</active>
</city>
<city>
<id>445956</id>
<name>Sprngdale</name>
<state>AR</state>
<rating/>
<url>http://www.greatschools.org/city/Sprngdale/AR</url>
<lat>36.2034</lat>
<lon>-94.087</lon>
<active>1</active>
</city>
<city>
<id>445957</id>
<name>St Paul</name>
<state>AR</state>
<rating/>
<url>http://www.greatschools.org/city/St_Paul/AR</url>
<lat>35.8229</lat>
<lon>-93.7646</lon>
<active>1</active>
</city>
<city>
<id>403623</id>
<name>St. Joe</name>
<state>AR</state>
<rating>6</rating>
<url>http://www.greatschools.org/city/St._Joe/AR</url>
<lat>36.0285</lat>
<lon>-92.8124</lon>
<active>1</active>
</city>
<city>
<id>403695</id>
<name>Stamps</name>
<state>AR</state>
<rating>3</rating>
<url>http://www.greatschools.org/city/Stamps/AR</url>
<lat>33.3606</lat>
<lon>-93.4969</lon>
<active>1</active>
</city>
<city>
<id>403900</id>
<name>Star City</name>
<state>AR</state>
<rating>4</rating>
<url>http://www.greatschools.org/city/Star_City/AR</url>
<lat>33.9405</lat>
<lon>-91.8439</lon>
<active>1</active>
</city>
<city>
<id>403774</id>
<name>Stephens</name>
<state>AR</state>
<rating>1</rating>
<url>http://www.greatschools.org/city/Stephens/AR</url>
<lat>33.4134</lat>
<lon>-93.0707</lon>
<active>1</active>
</city>
<city>
<id>403641</id>
<name>Strawberry</name>
<state>AR</state>
<rating>3</rating>
<url>http://www.greatschools.org/city/Strawberry/AR</url>
<lat>35.9662</lat>
<lon>-91.3191</lon>
<active>1</active>
</city>
<city>
<id>403613</id>
<name>Strong</name>
<state>AR</state>
<rating>2</rating>
<url>http://www.greatschools.org/city/Strong/AR</url>
<lat>33.1105</lat>
<lon>-92.3609</lon>
<active>1</active>
</city>
<city>
<id>403674</id>
<name>Stuttgart</name>
<state>AR</state>
<rating>4</rating>
<url>http://www.greatschools.org/city/Stuttgart/AR</url>
<lat>34.4957</lat>
<lon>-91.5517</lon>
<active>1</active>
</city>
<city>
<id>403756</id>
<name>Subiaco</name>
<state>AR</state>
<rating/>
<url>http://www.greatschools.org/city/Subiaco/AR</url>
<lat>35.297</lat>
<lon>-93.6385</lon>
<active>1</active>
</city>
<city>
<id>403603</id>
<name>Sulphur Rock</name>
<state>AR</state>
<rating>6</rating>
<url>http://www.greatschools.org/city/Sulphur_Rock/AR</url>
<lat>35.7528</lat>
<lon>-91.4996</lon>
<active>1</active>
</city>
<city>
<id>403646</id>
<name>Swifton</name>
<state>AR</state>
<rating>6</rating>
<url>http://www.greatschools.org/city/Swifton/AR</url>
<lat>35.8239</lat>
<lon>-91.1277</lon>
<active>1</active>
</city>
<city>
<id>403666</id>
<name>Taylor</name>
<state>AR</state>
<rating>8</rating>
<url>http://www.greatschools.org/city/Taylor/AR</url>
<lat>33.102</lat>
<lon>-93.4589</lon>
<active>1</active>
</city>
<city>
<id>403685</id>
<name>Texarkana</name>
<state>AR</state>
<rating>5</rating>
<url>http://www.greatschools.org/city/Texarkana/AR</url>
<lat>33.4378</lat>
<lon>-94.021</lon>
<active>1</active>
</city>
<city>
<id>442009</id>
<name>Tillar</name>
<state>AR</state>
<rating/>
<url>http://www.greatschools.org/city/Tillar/AR</url>
<lat>33.7114</lat>
<lon>-91.4554</lon>
<active>1</active>
</city>
<city>
<id>403617</id>
<name>Timbo</name>
<state>AR</state>
<rating>6</rating>
<url>http://www.greatschools.org/city/Timbo/AR</url>
<lat>35.883</lat>
<lon>-92.2991</lon>
<active>1</active>
</city>
<city>
<id>442008</id>
<name>Tollette</name>
<state>AR</state>
<rating/>
<url>http://www.greatschools.org/city/Tollette/AR</url>
<lat>33.8206</lat>
<lon>-93.8951</lon>
<active>1</active>
</city>
<city>
<id>444711</id>
<name>Tollville</name>
<state>AR</state>
<rating/>
<url>http://www.greatschools.org/city/Tollville/AR</url>
<lat>34.7198</lat>
<lon>-91.5354</lon>
<active>1</active>
</city>
<city>
<id>442007</id>
<name>Traskwood</name>
<state>AR</state>
<rating/>
<url>http://www.greatschools.org/city/Traskwood/AR</url>
<lat>34.4545</lat>
<lon>-92.6634</lon>
<active>1</active>
</city>
<city>
<id>403888</id>
<name>Trumann</name>
<state>AR</state>
<rating>4</rating>
<url>http://www.greatschools.org/city/Trumann/AR</url>
<lat>35.6754</lat>
<lon>-90.518</lon>
<active>1</active>
</city>
<city>
<id>403773</id>
<name>Tuckerman</name>
<state>AR</state>
<rating>7</rating>
<url>http://www.greatschools.org/city/Tuckerman/AR</url>
<lat>35.7272</lat>
<lon>-91.2015</lon>
<active>1</active>
</city>
<city>
<id>403772</id>
<name>Turrell</name>
<state>AR</state>
<rating/>
<url>http://www.greatschools.org/city/Turrell/AR</url>
<lat>35.3777</lat>
<lon>-90.2586</lon>
<active>1</active>
</city>
<city>
<id>403887</id>
<name>Tyronza</name>
<state>AR</state>
<rating>4</rating>
<url>http://www.greatschools.org/city/Tyronza/AR</url>
<lat>35.4884</lat>
<lon>-90.3583</lon>
<active>1</active>
</city>
<city>
<id>403650</id>
<name>Umpire</name>
<state>AR</state>
<rating>7</rating>
<url>http://www.greatschools.org/city/Umpire/AR</url>
<lat>34.2996</lat>
<lon>-94.0356</lon>
<active>1</active>
</city>
<city>
<id>403692</id>
<name>Valley Springs</name>
<state>AR</state>
<rating>8</rating>
<url>http://www.greatschools.org/city/Valley_Springs/AR</url>
<lat>36.1549</lat>
<lon>-92.9915</lon>
<active>1</active>
</city>
<city>
<id>403680</id>
<name>Van Buren</name>
<state>AR</state>
<rating>5</rating>
<url>http://www.greatschools.org/city/Van_Buren/AR</url>
<lat>35.449</lat>
<lon>-94.3463</lon>
<active>1</active>
</city>
<city>
<id>403770</id>
<name>Vandervoort</name>
<state>AR</state>
<rating>9</rating>
<url>http://www.greatschools.org/city/Vandervoort/AR</url>
<lat>34.3804</lat>
<lon>-94.364</lon>
<active>1</active>
</city>
<city>
<id>403829</id>
<name>Vanndale</name>
<state>AR</state>
<rating/>
<url>http://www.greatschools.org/city/Vanndale/AR</url>
<lat>35.2285</lat>
<lon>-90.7894</lon>
<active>1</active>
</city>
<city>
<id>444712</id>
<name>Veterans Admi</name>
<state>AR</state>
<rating/>
<url>http://www.greatschools.org/city/Veterans_Admi/AR</url>
<lat>34.7588</lat>
<lon>-92.2581</lon>
<active>1</active>
</city>
<city>
<id>403658</id>
<name>Vilonia</name>
<state>AR</state>
<rating>8</rating>
<url>http://www.greatschools.org/city/Vilonia/AR</url>
<lat>35.0827</lat>
<lon>-92.2146</lon>
<active>1</active>
</city>
<city>
<id>403769</id>
<name>Viola</name>
<state>AR</state>
<rating>7</rating>
<url>http://www.greatschools.org/city/Viola/AR</url>
<lat>36.3963</lat>
<lon>-91.9866</lon>
<active>1</active>
</city>
<city>
<id>444465</id>
<name>Violet Hill</name>
<state>AR</state>
<rating>3</rating>
<url>http://www.greatschools.org/city/Violet_Hill/AR</url>
<lat>36.1567</lat>
<lon>-91.8408</lon>
<active>1</active>
</city>
<city>
<id>403767</id>
<name>Waldron</name>
<state>AR</state>
<rating>4</rating>
<url>http://www.greatschools.org/city/Waldron/AR</url>
<lat>34.8965</lat>
<lon>-94.0909</lon>
<active>1</active>
</city>
<city>
<id>403766</id>
<name>Walnut Ridge</name>
<state>AR</state>
<rating>5</rating>
<url>http://www.greatschools.org/city/Walnut_Ridge/AR</url>
<lat>36.0712</lat>
<lon>-90.9587</lon>
<active>1</active>
</city>
<city>
<id>403867</id>
<name>Ward</name>
<state>AR</state>
<rating>6</rating>
<url>http://www.greatschools.org/city/Ward/AR</url>
<lat>35.0185</lat>
<lon>-91.9555</lon>
<active>1</active>
</city>
<city>
<id>403739</id>
<name>Warm Springs</name>
<state>AR</state>
<rating/>
<url>http://www.greatschools.org/city/Warm_Springs/AR</url>
<lat>36.4729</lat>
<lon>-91.0689</lon>
<active>1</active>
</city>
<city>
<id>403719</id>
<name>Warren</name>
<state>AR</state>
<rating>4</rating>
<url>http://www.greatschools.org/city/Warren/AR</url>
<lat>33.6114</lat>
<lon>-92.0681</lon>
<active>1</active>
</city>
<city>
<id>403765</id>
<name>Weiner</name>
<state>AR</state>
<rating>7</rating>
<url>http://www.greatschools.org/city/Weiner/AR</url>
<lat>35.62</lat>
<lon>-90.9051</lon>
<active>1</active>
</city>
<city>
<id>403764</id>
<name>West Fork</name>
<state>AR</state>
<rating>4</rating>
<url>http://www.greatschools.org/city/West_Fork/AR</url>
<lat>35.9298</lat>
<lon>-94.1819</lon>
<active>1</active>
</city>
<city>
<id>403735</id>
<name>West Helena</name>
<state>AR</state>
<rating/>
<url>http://www.greatschools.org/city/West_Helena/AR</url>
<lat>34.5459</lat>
<lon>-90.6469</lon>
<active>1</active>
</city>
<city>
<id>403697</id>
<name>West Memphis</name>
<state>AR</state>
<rating>4</rating>
<url>http://www.greatschools.org/city/West_Memphis/AR</url>
<lat>35.149</lat>
<lon>-90.1787</lon>
<active>1</active>
</city>
<city>
<id>403632</id>
<name>Western Grove</name>
<state>AR</state>
<rating>5</rating>
<url>http://www.greatschools.org/city/Western_Grove/AR</url>
<lat>36.0999</lat>
<lon>-92.9568</lon>
<active>1</active>
</city>
<city>
<id>403884</id>
<name>Wheatley</name>
<state>AR</state>
<rating>4</rating>
<url>http://www.greatschools.org/city/Wheatley/AR</url>
<lat>34.9136</lat>
<lon>-91.1087</lon>
<active>1</active>
</city>
<city>
<id>403759</id>
<name>White Hall</name>
<state>AR</state>
<rating>7</rating>
<url>http://www.greatschools.org/city/White_Hall/AR</url>
<lat>34.2721</lat>
<lon>-92.0972</lon>
<active>1</active>
</city>
<city>
<id>403705</id>
<name>Wickes</name>
<state>AR</state>
<rating>7</rating>
<url>http://www.greatschools.org/city/Wickes/AR</url>
<lat>34.3018</lat>
<lon>-94.3351</lon>
<active>1</active>
</city>
<city>
<id>442005</id>
<name>Widener</name>
<state>AR</state>
<rating/>
<url>http://www.greatschools.org/city/Widener/AR</url>
<lat>35.0229</lat>
<lon>-90.6815</lon>
<active>1</active>
</city>
<city>
<id>403670</id>
<name>Wilburn</name>
<state>AR</state>
<rating/>
<url>http://www.greatschools.org/city/Wilburn/AR</url>
<lat>35.4909</lat>
<lon>-91.8798</lon>
<active>1</active>
</city>
<city>
<id>403620</id>
<name>Williford</name>
<state>AR</state>
<rating/>
<url>http://www.greatschools.org/city/Williford/AR</url>
<lat>36.2522</lat>
<lon>-91.3588</lon>
<active>1</active>
</city>
<city>
<id>442004</id>
<name>Wilmar</name>
<state>AR</state>
<rating/>
<url>http://www.greatschools.org/city/Wilmar/AR</url>
<lat>33.6257</lat>
<lon>-91.9284</lon>
<active>1</active>
</city>
<city>
<id>403892</id>
<name>Wilmot</name>
<state>AR</state>
<rating>4</rating>
<url>http://www.greatschools.org/city/Wilmot/AR</url>
<lat>33.0574</lat>
<lon>-91.572</lon>
<active>1</active>
</city>
<city>
<id>403637</id>
<name>Wilson</name>
<state>AR</state>
<rating/>
<url>http://www.greatschools.org/city/Wilson/AR</url>
<lat>35.5661</lat>
<lon>-90.0428</lon>
<active>1</active>
</city>
<city>
<id>403827</id>
<name>Winthrop</name>
<state>AR</state>
<rating/>
<url>http://www.greatschools.org/city/Winthrop/AR</url>
<lat>33.8296</lat>
<lon>-94.3534</lon>
<active>1</active>
</city>
<city>
<id>442003</id>
<name>Witter</name>
<state>AR</state>
<rating/>
<url>http://www.greatschools.org/city/Witter/AR</url>
<lat>35.9303</lat>
<lon>-93.6173</lon>
<active>1</active>
</city>
<city>
<id>444713</id>
<name>Wrightsville</name>
<state>AR</state>
<rating/>
<url>http://www.greatschools.org/city/Wrightsville/AR</url>
<lat>34.6008</lat>
<lon>-92.2174</lon>
<active>1</active>
</city>
<city>
<id>403757</id>
<name>Wynne</name>
<state>AR</state>
<rating>7</rating>
<url>http://www.greatschools.org/city/Wynne/AR</url>
<lat>35.2257</lat>
<lon>-90.7897</lon>
<active>1</active>
</city>
<city>
<id>403713</id>
<name>Yellville</name>
<state>AR</state>
<rating>6</rating>
<url>http://www.greatschools.org/city/Yellville/AR</url>
<lat>36.2312</lat>
<lon>-92.6863</lon>
<active>1</active>
</city>
<city>
<id>442002</id>
<name>Yorktown</name>
<state>AR</state>
<rating/>
<url>http://www.greatschools.org/city/Yorktown/AR</url>
<lat>34.0154</lat>
<lon>-91.7902</lon>
<active>1</active>
</city>
</greatschools-city-feed>
