<?xml version="1.0" encoding="utf-8"?><greatschools-city-feed xmlns:xsi="http://www.w3.org/2001/XMLSchema-instance" xsi:noNamespaceSchemaLocation="http://www.greatschools.org/feeds/greatschools-city2.xsd">
<city>
<id>413207</id>
<name>Absarokee</name>
<state>MT</state>
<rating>6</rating>
<url>http://www.greatschools.org/city/Absarokee/MT</url>
<lat>45.522</lat>
<lon>-109.443</lon>
<active>1</active>
</city>
<city>
<id>413123</id>
<name>Alberton</name>
<state>MT</state>
<rating>2</rating>
<url>http://www.greatschools.org/city/Alberton/MT</url>
<lat>47.0043</lat>
<lon>-114.48</lon>
<active>1</active>
</city>
<city>
<id>413218</id>
<name>Alder</name>
<state>MT</state>
<rating/>
<url>http://www.greatschools.org/city/Alder/MT</url>
<lat>45.3221</lat>
<lon>-112.109</lon>
<active>1</active>
</city>
<city>
<id>413327</id>
<name>Alzada</name>
<state>MT</state>
<rating/>
<url>http://www.greatschools.org/city/Alzada/MT</url>
<lat>45.1566</lat>
<lon>-104.266</lon>
<active>1</active>
</city>
<city>
<id>413326</id>
<name>Anaconda</name>
<state>MT</state>
<rating>4</rating>
<url>http://www.greatschools.org/city/Anaconda/MT</url>
<lat>46.1355</lat>
<lon>-112.96</lon>
<active>1</active>
</city>
<city>
<id>413325</id>
<name>Arlee</name>
<state>MT</state>
<rating>2</rating>
<url>http://www.greatschools.org/city/Arlee/MT</url>
<lat>47.1644</lat>
<lon>-114.082</lon>
<active>1</active>
</city>
<city>
<id>413092</id>
<name>Ashland</name>
<state>MT</state>
<rating/>
<url>http://www.greatschools.org/city/Ashland/MT</url>
<lat>45.6092</lat>
<lon>-106.292</lon>
<active>1</active>
</city>
<city>
<id>413323</id>
<name>Augusta</name>
<state>MT</state>
<rating/>
<url>http://www.greatschools.org/city/Augusta/MT</url>
<lat>47.4915</lat>
<lon>-112.394</lon>
<active>1</active>
</city>
<city>
<id>413322</id>
<name>Avon</name>
<state>MT</state>
<rating/>
<url>http://www.greatschools.org/city/Avon/MT</url>
<lat>46.6108</lat>
<lon>-112.594</lon>
<active>1</active>
</city>
<city>
<id>413305</id>
<name>Babb</name>
<state>MT</state>
<rating/>
<url>http://www.greatschools.org/city/Babb/MT</url>
<lat>48.8486</lat>
<lon>-113.407</lon>
<active>1</active>
</city>
<city>
<id>413321</id>
<name>Bainville</name>
<state>MT</state>
<rating>5</rating>
<url>http://www.greatschools.org/city/Bainville/MT</url>
<lat>48.1389</lat>
<lon>-104.224</lon>
<active>1</active>
</city>
<city>
<id>413320</id>
<name>Baker</name>
<state>MT</state>
<rating>7</rating>
<url>http://www.greatschools.org/city/Baker/MT</url>
<lat>46.3633</lat>
<lon>-104.276</lon>
<active>1</active>
</city>
<city>
<id>413319</id>
<name>Basin</name>
<state>MT</state>
<rating/>
<url>http://www.greatschools.org/city/Basin/MT</url>
<lat>46.2779</lat>
<lon>-112.276</lon>
<active>1</active>
</city>
<city>
<id>445230</id>
<name>Baytown</name>
<state>MT</state>
<rating/>
<url>http://www.greatschools.org/city/Baytown/MT</url>
<lat>29.8118</lat>
<lon>-94.9902</lon>
<active>1</active>
</city>
<city>
<id>413318</id>
<name>Belfry</name>
<state>MT</state>
<rating/>
<url>http://www.greatschools.org/city/Belfry/MT</url>
<lat>45.1417</lat>
<lon>-109.006</lon>
<active>1</active>
</city>
<city>
<id>413095</id>
<name>Belgrade</name>
<state>MT</state>
<rating>7</rating>
<url>http://www.greatschools.org/city/Belgrade/MT</url>
<lat>45.7799</lat>
<lon>-111.18</lon>
<active>1</active>
</city>
<city>
<id>413317</id>
<name>Belt</name>
<state>MT</state>
<rating>7</rating>
<url>http://www.greatschools.org/city/Belt/MT</url>
<lat>47.3867</lat>
<lon>-110.926</lon>
<active>1</active>
</city>
<city>
<id>413315</id>
<name>Biddle</name>
<state>MT</state>
<rating/>
<url>http://www.greatschools.org/city/Biddle/MT</url>
<lat>45.2672</lat>
<lon>-105.311</lon>
<active>1</active>
</city>
<city>
<id>413146</id>
<name>Big Sandy</name>
<state>MT</state>
<rating>5</rating>
<url>http://www.greatschools.org/city/Big_Sandy/MT</url>
<lat>48.1783</lat>
<lon>-110.114</lon>
<active>1</active>
</city>
<city>
<id>413160</id>
<name>Big Timber</name>
<state>MT</state>
<rating>6</rating>
<url>http://www.greatschools.org/city/Big_Timber/MT</url>
<lat>45.8333</lat>
<lon>-109.95</lon>
<active>1</active>
</city>
<city>
<id>413161</id>
<name>Bigfork</name>
<state>MT</state>
<rating>8</rating>
<url>http://www.greatschools.org/city/Bigfork/MT</url>
<lat>48.0719</lat>
<lon>-114.085</lon>
<active>1</active>
</city>
<city>
<id>413076</id>
<name>Billings</name>
<state>MT</state>
<rating>5</rating>
<url>http://www.greatschools.org/city/Billings/MT</url>
<lat>45.7887</lat>
<lon>-108.542</lon>
<active>1</active>
</city>
<city>
<id>413313</id>
<name>Birney</name>
<state>MT</state>
<rating/>
<url>http://www.greatschools.org/city/Birney/MT</url>
<lat>45.4152</lat>
<lon>-106.463</lon>
<active>1</active>
</city>
<city>
<id>413312</id>
<name>Bloomfield</name>
<state>MT</state>
<rating/>
<url>http://www.greatschools.org/city/Bloomfield/MT</url>
<lat>47.4298</lat>
<lon>-105.045</lon>
<active>1</active>
</city>
<city>
<id>413194</id>
<name>Bonner</name>
<state>MT</state>
<rating>4</rating>
<url>http://www.greatschools.org/city/Bonner/MT</url>
<lat>46.8734</lat>
<lon>-113.864</lon>
<active>1</active>
</city>
<city>
<id>413234</id>
<name>Boulder</name>
<state>MT</state>
<rating>7</rating>
<url>http://www.greatschools.org/city/Boulder/MT</url>
<lat>46.2367</lat>
<lon>-112.121</lon>
<active>1</active>
</city>
<city>
<id>413130</id>
<name>Box Elder</name>
<state>MT</state>
<rating>2</rating>
<url>http://www.greatschools.org/city/Box_Elder/MT</url>
<lat>48.3014</lat>
<lon>-109.993</lon>
<active>1</active>
</city>
<city>
<id>413085</id>
<name>Bozeman</name>
<state>MT</state>
<rating>8</rating>
<url>http://www.greatschools.org/city/Bozeman/MT</url>
<lat>45.674</lat>
<lon>-111.05</lon>
<active>1</active>
</city>
<city>
<id>413230</id>
<name>Brady</name>
<state>MT</state>
<rating/>
<url>http://www.greatschools.org/city/Brady/MT</url>
<lat>48.0348</lat>
<lon>-111.763</lon>
<active>1</active>
</city>
<city>
<id>413310</id>
<name>Bridger</name>
<state>MT</state>
<rating>6</rating>
<url>http://www.greatschools.org/city/Bridger/MT</url>
<lat>45.2945</lat>
<lon>-108.914</lon>
<active>1</active>
</city>
<city>
<id>413309</id>
<name>Broadus</name>
<state>MT</state>
<rating>6</rating>
<url>http://www.greatschools.org/city/Broadus/MT</url>
<lat>45.4436</lat>
<lon>-105.408</lon>
<active>1</active>
</city>
<city>
<id>413308</id>
<name>Broadview</name>
<state>MT</state>
<rating>8</rating>
<url>http://www.greatschools.org/city/Broadview/MT</url>
<lat>46.0993</lat>
<lon>-108.878</lon>
<active>1</active>
</city>
<city>
<id>413306</id>
<name>Brockton</name>
<state>MT</state>
<rating/>
<url>http://www.greatschools.org/city/Brockton/MT</url>
<lat>48.1507</lat>
<lon>-104.914</lon>
<active>1</active>
</city>
<city>
<id>413105</id>
<name>Browning</name>
<state>MT</state>
<rating>1</rating>
<url>http://www.greatschools.org/city/Browning/MT</url>
<lat>48.5568</lat>
<lon>-113.015</lon>
<active>1</active>
</city>
<city>
<id>413200</id>
<name>Brusett</name>
<state>MT</state>
<rating/>
<url>http://www.greatschools.org/city/Brusett/MT</url>
<lat>47.35</lat>
<lon>-107.583</lon>
<active>1</active>
</city>
<city>
<id>444133</id>
<name>Busby</name>
<state>MT</state>
<rating/>
<url>http://www.greatschools.org/city/Busby/MT</url>
<lat>45.5335</lat>
<lon>-106.965</lon>
<active>1</active>
</city>
<city>
<id>413088</id>
<name>Butte</name>
<state>MT</state>
<rating>6</rating>
<url>http://www.greatschools.org/city/Butte/MT</url>
<lat>45.9901</lat>
<lon>-112.517</lon>
<active>1</active>
</city>
<city>
<id>413304</id>
<name>Bynum</name>
<state>MT</state>
<rating/>
<url>http://www.greatschools.org/city/Bynum/MT</url>
<lat>47.972</lat>
<lon>-112.306</lon>
<active>1</active>
</city>
<city>
<id>413155</id>
<name>Canyon Creek</name>
<state>MT</state>
<rating/>
<url>http://www.greatschools.org/city/Canyon_Creek/MT</url>
<lat>46.7941</lat>
<lon>-112.26</lon>
<active>1</active>
</city>
<city>
<id>413303</id>
<name>Cardwell</name>
<state>MT</state>
<rating/>
<url>http://www.greatschools.org/city/Cardwell/MT</url>
<lat>45.8612</lat>
<lon>-111.961</lon>
<active>1</active>
</city>
<city>
<id>413302</id>
<name>Carter</name>
<state>MT</state>
<rating/>
<url>http://www.greatschools.org/city/Carter/MT</url>
<lat>47.7823</lat>
<lon>-110.957</lon>
<active>1</active>
</city>
<city>
<id>413300</id>
<name>Cascade</name>
<state>MT</state>
<rating>5</rating>
<url>http://www.greatschools.org/city/Cascade/MT</url>
<lat>47.2718</lat>
<lon>-111.702</lon>
<active>1</active>
</city>
<city>
<id>413299</id>
<name>Charlo</name>
<state>MT</state>
<rating>7</rating>
<url>http://www.greatschools.org/city/Charlo/MT</url>
<lat>47.4381</lat>
<lon>-114.174</lon>
<active>1</active>
</city>
<city>
<id>413098</id>
<name>Chester</name>
<state>MT</state>
<rating>8</rating>
<url>http://www.greatschools.org/city/Chester/MT</url>
<lat>48.5103</lat>
<lon>-110.968</lon>
<active>1</active>
</city>
<city>
<id>413097</id>
<name>Chinook</name>
<state>MT</state>
<rating>5</rating>
<url>http://www.greatschools.org/city/Chinook/MT</url>
<lat>48.5889</lat>
<lon>-109.231</lon>
<active>1</active>
</city>
<city>
<id>413298</id>
<name>Choteau</name>
<state>MT</state>
<rating>7</rating>
<url>http://www.greatschools.org/city/Choteau/MT</url>
<lat>47.8124</lat>
<lon>-112.184</lon>
<active>1</active>
</city>
<city>
<id>413297</id>
<name>Circle</name>
<state>MT</state>
<rating>7</rating>
<url>http://www.greatschools.org/city/Circle/MT</url>
<lat>47.4178</lat>
<lon>-105.589</lon>
<active>1</active>
</city>
<city>
<id>413212</id>
<name>Clancy</name>
<state>MT</state>
<rating>8</rating>
<url>http://www.greatschools.org/city/Clancy/MT</url>
<lat>46.4776</lat>
<lon>-111.984</lon>
<active>1</active>
</city>
<city>
<id>413296</id>
<name>Clinton</name>
<state>MT</state>
<rating>5</rating>
<url>http://www.greatschools.org/city/Clinton/MT</url>
<lat>46.7762</lat>
<lon>-113.718</lon>
<active>1</active>
</city>
<city>
<id>413328</id>
<name>Clyde Park</name>
<state>MT</state>
<rating>9</rating>
<url>http://www.greatschools.org/city/Clyde_Park/MT</url>
<lat>45.884</lat>
<lon>-110.604</lon>
<active>1</active>
</city>
<city>
<id>413295</id>
<name>Cohagen</name>
<state>MT</state>
<rating/>
<url>http://www.greatschools.org/city/Cohagen/MT</url>
<lat>47.1226</lat>
<lon>-106.467</lon>
<active>1</active>
</city>
<city>
<id>413294</id>
<name>Colstrip</name>
<state>MT</state>
<rating>5</rating>
<url>http://www.greatschools.org/city/Colstrip/MT</url>
<lat>45.8921</lat>
<lon>-106.629</lon>
<active>1</active>
</city>
<city>
<id>413119</id>
<name>Columbia Falls</name>
<state>MT</state>
<rating>5</rating>
<url>http://www.greatschools.org/city/Columbia_Falls/MT</url>
<lat>48.3715</lat>
<lon>-114.189</lon>
<active>1</active>
</city>
<city>
<id>413292</id>
<name>Columbus</name>
<state>MT</state>
<rating>8</rating>
<url>http://www.greatschools.org/city/Columbus/MT</url>
<lat>45.6408</lat>
<lon>-109.256</lon>
<active>1</active>
</city>
<city>
<id>413113</id>
<name>Condon</name>
<state>MT</state>
<rating/>
<url>http://www.greatschools.org/city/Condon/MT</url>
<lat>47.4976</lat>
<lon>-113.699</lon>
<active>1</active>
</city>
<city>
<id>413122</id>
<name>Conrad</name>
<state>MT</state>
<rating>4</rating>
<url>http://www.greatschools.org/city/Conrad/MT</url>
<lat>48.1715</lat>
<lon>-111.95</lon>
<active>1</active>
</city>
<city>
<id>413291</id>
<name>Cooke City</name>
<state>MT</state>
<rating/>
<url>http://www.greatschools.org/city/Cooke_City/MT</url>
<lat>45.4097</lat>
<lon>-109.62</lon>
<active>1</active>
</city>
<city>
<id>413290</id>
<name>Corvallis</name>
<state>MT</state>
<rating>8</rating>
<url>http://www.greatschools.org/city/Corvallis/MT</url>
<lat>46.3154</lat>
<lon>-114.114</lon>
<active>1</active>
</city>
<city>
<id>413247</id>
<name>Crow Agency</name>
<state>MT</state>
<rating>1</rating>
<url>http://www.greatschools.org/city/Crow_Agency/MT</url>
<lat>45.6062</lat>
<lon>-107.464</lon>
<active>1</active>
</city>
<city>
<id>413289</id>
<name>Culbertson</name>
<state>MT</state>
<rating>4</rating>
<url>http://www.greatschools.org/city/Culbertson/MT</url>
<lat>48.1472</lat>
<lon>-104.517</lon>
<active>1</active>
</city>
<city>
<id>413286</id>
<name>Custer</name>
<state>MT</state>
<rating/>
<url>http://www.greatschools.org/city/Custer/MT</url>
<lat>46.1282</lat>
<lon>-107.556</lon>
<active>1</active>
</city>
<city>
<id>413285</id>
<name>Cut Bank</name>
<state>MT</state>
<rating/>
<url>http://www.greatschools.org/city/Cut_Bank/MT</url>
<lat>48.6332</lat>
<lon>-112.332</lon>
<active>1</active>
</city>
<city>
<id>413284</id>
<name>Darby</name>
<state>MT</state>
<rating>4</rating>
<url>http://www.greatschools.org/city/Darby/MT</url>
<lat>46.0216</lat>
<lon>-114.178</lon>
<active>1</active>
</city>
<city>
<id>413228</id>
<name>Dayton</name>
<state>MT</state>
<rating/>
<url>http://www.greatschools.org/city/Dayton/MT</url>
<lat>47.8646</lat>
<lon>-114.274</lon>
<active>1</active>
</city>
<city>
<id>413314</id>
<name>Decker</name>
<state>MT</state>
<rating/>
<url>http://www.greatschools.org/city/Decker/MT</url>
<lat>45.1702</lat>
<lon>-106.843</lon>
<active>1</active>
</city>
<city>
<id>413193</id>
<name>Deer Lodge</name>
<state>MT</state>
<rating>6</rating>
<url>http://www.greatschools.org/city/Deer_Lodge/MT</url>
<lat>46.3965</lat>
<lon>-112.732</lon>
<active>1</active>
</city>
<city>
<id>413282</id>
<name>Denton</name>
<state>MT</state>
<rating/>
<url>http://www.greatschools.org/city/Denton/MT</url>
<lat>47.3188</lat>
<lon>-109.946</lon>
<active>1</active>
</city>
<city>
<id>413137</id>
<name>Dillon</name>
<state>MT</state>
<rating>7</rating>
<url>http://www.greatschools.org/city/Dillon/MT</url>
<lat>45.2164</lat>
<lon>-112.633</lon>
<active>1</active>
</city>
<city>
<id>413281</id>
<name>Divide</name>
<state>MT</state>
<rating/>
<url>http://www.greatschools.org/city/Divide/MT</url>
<lat>45.7315</lat>
<lon>-112.747</lon>
<active>1</active>
</city>
<city>
<id>413280</id>
<name>Dixon</name>
<state>MT</state>
<rating>4</rating>
<url>http://www.greatschools.org/city/Dixon/MT</url>
<lat>47.3137</lat>
<lon>-114.322</lon>
<active>1</active>
</city>
<city>
<id>413225</id>
<name>Dodson</name>
<state>MT</state>
<rating/>
<url>http://www.greatschools.org/city/Dodson/MT</url>
<lat>48.3952</lat>
<lon>-108.247</lon>
<active>1</active>
</city>
<city>
<id>413279</id>
<name>Drummond</name>
<state>MT</state>
<rating>5</rating>
<url>http://www.greatschools.org/city/Drummond/MT</url>
<lat>46.6685</lat>
<lon>-113.146</lon>
<active>1</active>
</city>
<city>
<id>413278</id>
<name>Dupuyer</name>
<state>MT</state>
<rating/>
<url>http://www.greatschools.org/city/Dupuyer/MT</url>
<lat>48.2852</lat>
<lon>-112.832</lon>
<active>1</active>
</city>
<city>
<id>413277</id>
<name>Dutton</name>
<state>MT</state>
<rating/>
<url>http://www.greatschools.org/city/Dutton/MT</url>
<lat>47.8475</lat>
<lon>-111.714</lon>
<active>1</active>
</city>
<city>
<id>446167</id>
<name>E Glacier Park</name>
<state>MT</state>
<rating/>
<url>http://www.greatschools.org/city/E_Glacier_Park/MT</url>
<lat>48.4402</lat>
<lon>-113.218</lon>
<active>1</active>
</city>
<city>
<id>413275</id>
<name>East Helena</name>
<state>MT</state>
<rating>8</rating>
<url>http://www.greatschools.org/city/East_Helena/MT</url>
<lat>46.5907</lat>
<lon>-111.917</lon>
<active>1</active>
</city>
<city>
<id>413273</id>
<name>Ekalaka</name>
<state>MT</state>
<rating/>
<url>http://www.greatschools.org/city/Ekalaka/MT</url>
<lat>45.8891</lat>
<lon>-104.549</lon>
<active>1</active>
</city>
<city>
<id>413272</id>
<name>Elliston</name>
<state>MT</state>
<rating/>
<url>http://www.greatschools.org/city/Elliston/MT</url>
<lat>46.562</lat>
<lon>-112.436</lon>
<active>1</active>
</city>
<city>
<id>413115</id>
<name>Emigrant</name>
<state>MT</state>
<rating/>
<url>http://www.greatschools.org/city/Emigrant/MT</url>
<lat>45.3115</lat>
<lon>-110.823</lon>
<active>1</active>
</city>
<city>
<id>413271</id>
<name>Ennis</name>
<state>MT</state>
<rating>8</rating>
<url>http://www.greatschools.org/city/Ennis/MT</url>
<lat>45.3449</lat>
<lon>-111.733</lon>
<active>1</active>
</city>
<city>
<id>413114</id>
<name>Eureka</name>
<state>MT</state>
<rating>5</rating>
<url>http://www.greatschools.org/city/Eureka/MT</url>
<lat>48.8803</lat>
<lon>-115.048</lon>
<active>1</active>
</city>
<city>
<id>413250</id>
<name>Fairfield</name>
<state>MT</state>
<rating>7</rating>
<url>http://www.greatschools.org/city/Fairfield/MT</url>
<lat>47.6159</lat>
<lon>-111.981</lon>
<active>1</active>
</city>
<city>
<id>413270</id>
<name>Fairview</name>
<state>MT</state>
<rating>6</rating>
<url>http://www.greatschools.org/city/Fairview/MT</url>
<lat>47.8526</lat>
<lon>-104.048</lon>
<active>1</active>
</city>
<city>
<id>413269</id>
<name>Fishtail</name>
<state>MT</state>
<rating/>
<url>http://www.greatschools.org/city/Fishtail/MT</url>
<lat>45.4097</lat>
<lon>-109.62</lon>
<active>1</active>
</city>
<city>
<id>413266</id>
<name>Florence</name>
<state>MT</state>
<rating>7</rating>
<url>http://www.greatschools.org/city/Florence/MT</url>
<lat>46.6384</lat>
<lon>-114.098</lon>
<active>1</active>
</city>
<city>
<id>413316</id>
<name>Floweree</name>
<state>MT</state>
<rating/>
<url>http://www.greatschools.org/city/Floweree/MT</url>
<lat>47.6862</lat>
<lon>-111.119</lon>
<active>1</active>
</city>
<city>
<id>413080</id>
<name>Forsyth</name>
<state>MT</state>
<rating>6</rating>
<url>http://www.greatschools.org/city/Forsyth/MT</url>
<lat>46.2664</lat>
<lon>-106.679</lon>
<active>1</active>
</city>
<city>
<id>413265</id>
<name>Fort Benton</name>
<state>MT</state>
<rating>7</rating>
<url>http://www.greatschools.org/city/Fort_Benton/MT</url>
<lat>47.8184</lat>
<lon>-110.67</lon>
<active>1</active>
</city>
<city>
<id>413171</id>
<name>Fort Shaw</name>
<state>MT</state>
<rating>7</rating>
<url>http://www.greatschools.org/city/Fort_Shaw/MT</url>
<lat>47.5009</lat>
<lon>-111.813</lon>
<active>1</active>
</city>
<city>
<id>413246</id>
<name>Fort Smith</name>
<state>MT</state>
<rating/>
<url>http://www.greatschools.org/city/Fort_Smith/MT</url>
<lat>45.3109</lat>
<lon>-107.923</lon>
<active>1</active>
</city>
<city>
<id>413264</id>
<name>Fortine</name>
<state>MT</state>
<rating/>
<url>http://www.greatschools.org/city/Fortine/MT</url>
<lat>48.7692</lat>
<lon>-114.906</lon>
<active>1</active>
</city>
<city>
<id>413118</id>
<name>Frazer</name>
<state>MT</state>
<rating>1</rating>
<url>http://www.greatschools.org/city/Frazer/MT</url>
<lat>48.0567</lat>
<lon>-106.044</lon>
<active>1</active>
</city>
<city>
<id>413263</id>
<name>Frenchtown</name>
<state>MT</state>
<rating>8</rating>
<url>http://www.greatschools.org/city/Frenchtown/MT</url>
<lat>47.0245</lat>
<lon>-114.251</lon>
<active>1</active>
</city>
<city>
<id>413262</id>
<name>Froid</name>
<state>MT</state>
<rating/>
<url>http://www.greatschools.org/city/Froid/MT</url>
<lat>48.3356</lat>
<lon>-104.49</lon>
<active>1</active>
</city>
<city>
<id>413261</id>
<name>Fromberg</name>
<state>MT</state>
<rating/>
<url>http://www.greatschools.org/city/Fromberg/MT</url>
<lat>45.3914</lat>
<lon>-108.908</lon>
<active>1</active>
</city>
<city>
<id>413260</id>
<name>Galata</name>
<state>MT</state>
<rating/>
<url>http://www.greatschools.org/city/Galata/MT</url>
<lat>48.5063</lat>
<lon>-111.345</lon>
<active>1</active>
</city>
<city>
<id>413205</id>
<name>Gallatin Gateway</name>
<state>MT</state>
<rating>8</rating>
<url>http://www.greatschools.org/city/Gallatin_Gateway/MT</url>
<lat>45.4076</lat>
<lon>-111.247</lon>
<active>1</active>
</city>
<city>
<id>413259</id>
<name>Gardiner</name>
<state>MT</state>
<rating>9</rating>
<url>http://www.greatschools.org/city/Gardiner/MT</url>
<lat>45.0392</lat>
<lon>-110.717</lon>
<active>1</active>
</city>
<city>
<id>413192</id>
<name>Garrison</name>
<state>MT</state>
<rating/>
<url>http://www.greatschools.org/city/Garrison/MT</url>
<lat>46.5278</lat>
<lon>-112.819</lon>
<active>1</active>
</city>
<city>
<id>413256</id>
<name>Geraldine</name>
<state>MT</state>
<rating>5</rating>
<url>http://www.greatschools.org/city/Geraldine/MT</url>
<lat>47.6015</lat>
<lon>-110.268</lon>
<active>1</active>
</city>
<city>
<id>413255</id>
<name>Geyser</name>
<state>MT</state>
<rating/>
<url>http://www.greatschools.org/city/Geyser/MT</url>
<lat>47.254</lat>
<lon>-110.438</lon>
<active>1</active>
</city>
<city>
<id>413229</id>
<name>Gildford</name>
<state>MT</state>
<rating>6</rating>
<url>http://www.greatschools.org/city/Gildford/MT</url>
<lat>48.5713</lat>
<lon>-110.297</lon>
<active>1</active>
</city>
<city>
<id>413254</id>
<name>Glasgow</name>
<state>MT</state>
<rating>4</rating>
<url>http://www.greatschools.org/city/Glasgow/MT</url>
<lat>48.1992</lat>
<lon>-106.634</lon>
<active>1</active>
</city>
<city>
<id>413185</id>
<name>Glen</name>
<state>MT</state>
<rating/>
<url>http://www.greatschools.org/city/Glen/MT</url>
<lat>45.5103</lat>
<lon>-112.359</lon>
<active>1</active>
</city>
<city>
<id>413111</id>
<name>Glendive</name>
<state>MT</state>
<rating>4</rating>
<url>http://www.greatschools.org/city/Glendive/MT</url>
<lat>47.1066</lat>
<lon>-104.709</lon>
<active>1</active>
</city>
<city>
<id>413253</id>
<name>Gold Creek</name>
<state>MT</state>
<rating/>
<url>http://www.greatschools.org/city/Gold_Creek/MT</url>
<lat>46.5668</lat>
<lon>-112.946</lon>
<active>1</active>
</city>
<city>
<id>413251</id>
<name>Grass Range</name>
<state>MT</state>
<rating/>
<url>http://www.greatschools.org/city/Grass_Range/MT</url>
<lat>47.0263</lat>
<lon>-108.803</lon>
<active>1</active>
</city>
<city>
<id>413081</id>
<name>Great Falls</name>
<state>MT</state>
<rating>5</rating>
<url>http://www.greatschools.org/city/Great_Falls/MT</url>
<lat>47.504</lat>
<lon>-111.285</lon>
<active>1</active>
</city>
<city>
<id>413163</id>
<name>Greenough</name>
<state>MT</state>
<rating/>
<url>http://www.greatschools.org/city/Greenough/MT</url>
<lat>46.9605</lat>
<lon>-113.379</lon>
<active>1</active>
</city>
<city>
<id>413249</id>
<name>Greycliff</name>
<state>MT</state>
<rating/>
<url>http://www.greatschools.org/city/Greycliff/MT</url>
<lat>45.7584</lat>
<lon>-109.781</lon>
<active>1</active>
</city>
<city>
<id>413248</id>
<name>Hall</name>
<state>MT</state>
<rating/>
<url>http://www.greatschools.org/city/Hall/MT</url>
<lat>46.5791</lat>
<lon>-113.21</lon>
<active>1</active>
</city>
<city>
<id>413093</id>
<name>Hamilton</name>
<state>MT</state>
<rating>6</rating>
<url>http://www.greatschools.org/city/Hamilton/MT</url>
<lat>46.2478</lat>
<lon>-114.161</lon>
<active>1</active>
</city>
<city>
<id>413096</id>
<name>Hammond</name>
<state>MT</state>
<rating/>
<url>http://www.greatschools.org/city/Hammond/MT</url>
<lat>45.3029</lat>
<lon>-104.676</lon>
<active>1</active>
</city>
<city>
<id>413106</id>
<name>Hardin</name>
<state>MT</state>
<rating>1</rating>
<url>http://www.greatschools.org/city/Hardin/MT</url>
<lat>45.731</lat>
<lon>-107.616</lon>
<active>1</active>
</city>
<city>
<id>413209</id>
<name>Harlem</name>
<state>MT</state>
<rating>2</rating>
<url>http://www.greatschools.org/city/Harlem/MT</url>
<lat>48.5311</lat>
<lon>-108.785</lon>
<active>1</active>
</city>
<city>
<id>413245</id>
<name>Harlowton</name>
<state>MT</state>
<rating>4</rating>
<url>http://www.greatschools.org/city/Harlowton/MT</url>
<lat>46.4366</lat>
<lon>-109.833</lon>
<active>1</active>
</city>
<city>
<id>413244</id>
<name>Harrison</name>
<state>MT</state>
<rating/>
<url>http://www.greatschools.org/city/Harrison/MT</url>
<lat>45.7034</lat>
<lon>-111.785</lon>
<active>1</active>
</city>
<city>
<id>413107</id>
<name>Havre</name>
<state>MT</state>
<rating>3</rating>
<url>http://www.greatschools.org/city/Havre/MT</url>
<lat>48.5437</lat>
<lon>-109.679</lon>
<active>1</active>
</city>
<city>
<id>413129</id>
<name>Hays</name>
<state>MT</state>
<rating>1</rating>
<url>http://www.greatschools.org/city/Hays/MT</url>
<lat>47.9935</lat>
<lon>-108.671</lon>
<active>1</active>
</city>
<city>
<id>413243</id>
<name>Heart Butte</name>
<state>MT</state>
<rating/>
<url>http://www.greatschools.org/city/Heart_Butte/MT</url>
<lat>48.2875</lat>
<lon>-112.833</lon>
<active>1</active>
</city>
<city>
<id>413089</id>
<name>Helena</name>
<state>MT</state>
<rating>5</rating>
<url>http://www.greatschools.org/city/Helena/MT</url>
<lat>46.5936</lat>
<lon>-112.028</lon>
<active>1</active>
</city>
<city>
<id>413242</id>
<name>Helmville</name>
<state>MT</state>
<rating/>
<url>http://www.greatschools.org/city/Helmville/MT</url>
<lat>46.8601</lat>
<lon>-112.962</lon>
<active>1</active>
</city>
<city>
<id>441893</id>
<name>Heron</name>
<state>MT</state>
<rating/>
<url>http://www.greatschools.org/city/Heron/MT</url>
<lat>48.0581</lat>
<lon>-115.967</lon>
<active>1</active>
</city>
<city>
<id>413241</id>
<name>Highwood</name>
<state>MT</state>
<rating/>
<url>http://www.greatschools.org/city/Highwood/MT</url>
<lat>47.5906</lat>
<lon>-110.787</lon>
<active>1</active>
</city>
<city>
<id>413240</id>
<name>Hinsdale</name>
<state>MT</state>
<rating/>
<url>http://www.greatschools.org/city/Hinsdale/MT</url>
<lat>48.4089</lat>
<lon>-107.003</lon>
<active>1</active>
</city>
<city>
<id>413239</id>
<name>Hobson</name>
<state>MT</state>
<rating/>
<url>http://www.greatschools.org/city/Hobson/MT</url>
<lat>46.9993</lat>
<lon>-109.874</lon>
<active>1</active>
</city>
<city>
<id>413238</id>
<name>Hot Springs</name>
<state>MT</state>
<rating>5</rating>
<url>http://www.greatschools.org/city/Hot_Springs/MT</url>
<lat>47.6088</lat>
<lon>-114.673</lon>
<active>1</active>
</city>
<city>
<id>413293</id>
<name>Hungry Horse</name>
<state>MT</state>
<rating/>
<url>http://www.greatschools.org/city/Hungry_Horse/MT</url>
<lat>48.3851</lat>
<lon>-114.067</lon>
<active>1</active>
</city>
<city>
<id>413236</id>
<name>Hysham</name>
<state>MT</state>
<rating/>
<url>http://www.greatschools.org/city/Hysham/MT</url>
<lat>46.2904</lat>
<lon>-107.23</lon>
<active>1</active>
</city>
<city>
<id>413331</id>
<name>Ismay</name>
<state>MT</state>
<rating/>
<url>http://www.greatschools.org/city/Ismay/MT</url>
<lat>46.5004</lat>
<lon>-104.795</lon>
<active>1</active>
</city>
<city>
<id>413235</id>
<name>Jackson</name>
<state>MT</state>
<rating/>
<url>http://www.greatschools.org/city/Jackson/MT</url>
<lat>45.4182</lat>
<lon>-113.45</lon>
<active>1</active>
</city>
<city>
<id>413233</id>
<name>Joliet</name>
<state>MT</state>
<rating>7</rating>
<url>http://www.greatschools.org/city/Joliet/MT</url>
<lat>45.484</lat>
<lon>-108.973</lon>
<active>1</active>
</city>
<city>
<id>413149</id>
<name>Jordan</name>
<state>MT</state>
<rating>5</rating>
<url>http://www.greatschools.org/city/Jordan/MT</url>
<lat>47.3214</lat>
<lon>-106.911</lon>
<active>1</active>
</city>
<city>
<id>413232</id>
<name>Judith Gap</name>
<state>MT</state>
<rating/>
<url>http://www.greatschools.org/city/Judith_Gap/MT</url>
<lat>46.6788</lat>
<lon>-109.753</lon>
<active>1</active>
</city>
<city>
<id>413110</id>
<name>Kalispell</name>
<state>MT</state>
<rating>7</rating>
<url>http://www.greatschools.org/city/Kalispell/MT</url>
<lat>48.1994</lat>
<lon>-114.319</lon>
<active>1</active>
</city>
<city>
<id>413231</id>
<name>Kila</name>
<state>MT</state>
<rating>4</rating>
<url>http://www.greatschools.org/city/Kila/MT</url>
<lat>48.079</lat>
<lon>-114.528</lon>
<active>1</active>
</city>
<city>
<id>413287</id>
<name>Kinsey</name>
<state>MT</state>
<rating>2</rating>
<url>http://www.greatschools.org/city/Kinsey/MT</url>
<lat>46.5694</lat>
<lon>-105.766</lon>
<active>1</active>
</city>
<city>
<id>413334</id>
<name>Lakeside</name>
<state>MT</state>
<rating>5</rating>
<url>http://www.greatschools.org/city/Lakeside/MT</url>
<lat>48.0197</lat>
<lon>-114.229</lon>
<active>1</active>
</city>
<city>
<id>413226</id>
<name>Lambert</name>
<state>MT</state>
<rating>5</rating>
<url>http://www.greatschools.org/city/Lambert/MT</url>
<lat>47.7405</lat>
<lon>-104.582</lon>
<active>1</active>
</city>
<city>
<id>413082</id>
<name>Lame Deer</name>
<state>MT</state>
<rating>1</rating>
<url>http://www.greatschools.org/city/Lame_Deer/MT</url>
<lat>45.6183</lat>
<lon>-106.665</lon>
<active>1</active>
</city>
<city>
<id>413127</id>
<name>Laurel</name>
<state>MT</state>
<rating>5</rating>
<url>http://www.greatschools.org/city/Laurel/MT</url>
<lat>45.6756</lat>
<lon>-108.77</lon>
<active>1</active>
</city>
<city>
<id>413224</id>
<name>Lavina</name>
<state>MT</state>
<rating/>
<url>http://www.greatschools.org/city/Lavina/MT</url>
<lat>46.2943</lat>
<lon>-108.94</lon>
<active>1</active>
</city>
<city>
<id>413169</id>
<name>Lewistown</name>
<state>MT</state>
<rating>5</rating>
<url>http://www.greatschools.org/city/Lewistown/MT</url>
<lat>47.0634</lat>
<lon>-109.429</lon>
<active>1</active>
</city>
<city>
<id>413109</id>
<name>Libby</name>
<state>MT</state>
<rating>4</rating>
<url>http://www.greatschools.org/city/Libby/MT</url>
<lat>48.3876</lat>
<lon>-115.555</lon>
<active>1</active>
</city>
<city>
<id>413222</id>
<name>Lima</name>
<state>MT</state>
<rating/>
<url>http://www.greatschools.org/city/Lima/MT</url>
<lat>44.6372</lat>
<lon>-112.592</lon>
<active>1</active>
</city>
<city>
<id>413221</id>
<name>Lincoln</name>
<state>MT</state>
<rating>4</rating>
<url>http://www.greatschools.org/city/Lincoln/MT</url>
<lat>46.9541</lat>
<lon>-112.67</lon>
<active>1</active>
</city>
<city>
<id>413283</id>
<name>Lindsay</name>
<state>MT</state>
<rating/>
<url>http://www.greatschools.org/city/Lindsay/MT</url>
<lat>47.2168</lat>
<lon>-105.244</lon>
<active>1</active>
</city>
<city>
<id>413086</id>
<name>Livingston</name>
<state>MT</state>
<rating>8</rating>
<url>http://www.greatschools.org/city/Livingston/MT</url>
<lat>45.6605</lat>
<lon>-110.563</lon>
<active>1</active>
</city>
<city>
<id>444243</id>
<name>Lockwood</name>
<state>MT</state>
<rating>5</rating>
<url>http://www.greatschools.org/city/Lockwood/MT</url>
<lat>45.8093</lat>
<lon>-108.417</lon>
<active>1</active>
</city>
<city>
<id>413220</id>
<name>Lodge Grass</name>
<state>MT</state>
<rating>1</rating>
<url>http://www.greatschools.org/city/Lodge_Grass/MT</url>
<lat>45.3138</lat>
<lon>-107.367</lon>
<active>1</active>
</city>
<city>
<id>413134</id>
<name>Lolo</name>
<state>MT</state>
<rating>6</rating>
<url>http://www.greatschools.org/city/Lolo/MT</url>
<lat>46.7654</lat>
<lon>-114.087</lon>
<active>1</active>
</city>
<city>
<id>413101</id>
<name>Loring</name>
<state>MT</state>
<rating/>
<url>http://www.greatschools.org/city/Loring/MT</url>
<lat>48.8074</lat>
<lon>-107.872</lon>
<active>1</active>
</city>
<city>
<id>413219</id>
<name>Luther</name>
<state>MT</state>
<rating/>
<url>http://www.greatschools.org/city/Luther/MT</url>
<lat>45.2843</lat>
<lon>-109.424</lon>
<active>1</active>
</city>
<city>
<id>413102</id>
<name>Malta</name>
<state>MT</state>
<rating>6</rating>
<url>http://www.greatschools.org/city/Malta/MT</url>
<lat>48.3544</lat>
<lon>-107.871</lon>
<active>1</active>
</city>
<city>
<id>413128</id>
<name>Manhattan</name>
<state>MT</state>
<rating>8</rating>
<url>http://www.greatschools.org/city/Manhattan/MT</url>
<lat>45.8572</lat>
<lon>-111.331</lon>
<active>1</active>
</city>
<city>
<id>413079</id>
<name>Marion</name>
<state>MT</state>
<rating>5</rating>
<url>http://www.greatschools.org/city/Marion/MT</url>
<lat>48.0794</lat>
<lon>-114.747</lon>
<active>1</active>
</city>
<city>
<id>445231</id>
<name>Martin City</name>
<state>MT</state>
<rating/>
<url>http://www.greatschools.org/city/Martin_City/MT</url>
<lat>48.3916</lat>
<lon>-114.029</lon>
<active>1</active>
</city>
<city>
<id>413223</id>
<name>Martinsdale</name>
<state>MT</state>
<rating/>
<url>http://www.greatschools.org/city/Martinsdale/MT</url>
<lat>46.5523</lat>
<lon>-110.379</lon>
<active>1</active>
</city>
<city>
<id>413217</id>
<name>McLeod</name>
<state>MT</state>
<rating/>
<url>http://www.greatschools.org/city/McLeod/MT</url>
<lat>45.5843</lat>
<lon>-110.058</lon>
<active>1</active>
</city>
<city>
<id>413100</id>
<name>Medicine Lake</name>
<state>MT</state>
<rating/>
<url>http://www.greatschools.org/city/Medicine_Lake/MT</url>
<lat>48.5009</lat>
<lon>-104.503</lon>
<active>1</active>
</city>
<city>
<id>413216</id>
<name>Melrose</name>
<state>MT</state>
<rating/>
<url>http://www.greatschools.org/city/Melrose/MT</url>
<lat>45.7315</lat>
<lon>-112.747</lon>
<active>1</active>
</city>
<city>
<id>413215</id>
<name>Melstone</name>
<state>MT</state>
<rating/>
<url>http://www.greatschools.org/city/Melstone/MT</url>
<lat>46.599</lat>
<lon>-107.87</lon>
<active>1</active>
</city>
<city>
<id>413214</id>
<name>Melville</name>
<state>MT</state>
<rating/>
<url>http://www.greatschools.org/city/Melville/MT</url>
<lat>46.0262</lat>
<lon>-109.634</lon>
<active>1</active>
</city>
<city>
<id>413125</id>
<name>Miles City</name>
<state>MT</state>
<rating>5</rating>
<url>http://www.greatschools.org/city/Miles_City/MT</url>
<lat>46.4067</lat>
<lon>-105.839</lon>
<active>1</active>
</city>
<city>
<id>413077</id>
<name>Missoula</name>
<state>MT</state>
<rating>7</rating>
<url>http://www.greatschools.org/city/Missoula/MT</url>
<lat>46.8572</lat>
<lon>-114.012</lon>
<active>1</active>
</city>
<city>
<id>413213</id>
<name>Molt</name>
<state>MT</state>
<rating/>
<url>http://www.greatschools.org/city/Molt/MT</url>
<lat>45.8257</lat>
<lon>-108.905</lon>
<active>1</active>
</city>
<city>
<id>413211</id>
<name>Moore</name>
<state>MT</state>
<rating/>
<url>http://www.greatschools.org/city/Moore/MT</url>
<lat>46.9751</lat>
<lon>-109.694</lon>
<active>1</active>
</city>
<city>
<id>413258</id>
<name>Mosby</name>
<state>MT</state>
<rating/>
<url>http://www.greatschools.org/city/Mosby/MT</url>
<lat>46.9426</lat>
<lon>-107.776</lon>
<active>1</active>
</city>
<city>
<id>413210</id>
<name>Nashua</name>
<state>MT</state>
<rating>3</rating>
<url>http://www.greatschools.org/city/Nashua/MT</url>
<lat>48.1337</lat>
<lon>-106.358</lon>
<active>1</active>
</city>
<city>
<id>413208</id>
<name>Noxon</name>
<state>MT</state>
<rating>4</rating>
<url>http://www.greatschools.org/city/Noxon/MT</url>
<lat>47.9881</lat>
<lon>-115.774</lon>
<active>1</active>
</city>
<city>
<id>444485</id>
<name>Nye</name>
<state>MT</state>
<rating/>
<url>http://www.greatschools.org/city/Nye/MT</url>
<lat>45.4354</lat>
<lon>-109.799</lon>
<active>1</active>
</city>
<city>
<id>413206</id>
<name>Opheim</name>
<state>MT</state>
<rating/>
<url>http://www.greatschools.org/city/Opheim/MT</url>
<lat>48.8578</lat>
<lon>-106.409</lon>
<active>1</active>
</city>
<city>
<id>413204</id>
<name>Ovando</name>
<state>MT</state>
<rating/>
<url>http://www.greatschools.org/city/Ovando/MT</url>
<lat>47.0191</lat>
<lon>-113.141</lon>
<active>1</active>
</city>
<city>
<id>413090</id>
<name>Pablo</name>
<state>MT</state>
<rating>2</rating>
<url>http://www.greatschools.org/city/Pablo/MT</url>
<lat>47.6036</lat>
<lon>-114.112</lon>
<active>1</active>
</city>
<city>
<id>413203</id>
<name>Paradise</name>
<state>MT</state>
<rating/>
<url>http://www.greatschools.org/city/Paradise/MT</url>
<lat>47.3895</lat>
<lon>-114.801</lon>
<active>1</active>
</city>
<city>
<id>413202</id>
<name>Park City</name>
<state>MT</state>
<rating>6</rating>
<url>http://www.greatschools.org/city/Park_City/MT</url>
<lat>45.629</lat>
<lon>-108.917</lon>
<active>1</active>
</city>
<city>
<id>413201</id>
<name>Peerless</name>
<state>MT</state>
<rating/>
<url>http://www.greatschools.org/city/Peerless/MT</url>
<lat>48.7813</lat>
<lon>-105.799</lon>
<active>1</active>
</city>
<city>
<id>413087</id>
<name>Pendroy</name>
<state>MT</state>
<rating/>
<url>http://www.greatschools.org/city/Pendroy/MT</url>
<lat>48.066</lat>
<lon>-112.27</lon>
<active>1</active>
</city>
<city>
<id>413252</id>
<name>Philipsburg</name>
<state>MT</state>
<rating>6</rating>
<url>http://www.greatschools.org/city/Philipsburg/MT</url>
<lat>46.3325</lat>
<lon>-113.297</lon>
<active>1</active>
</city>
<city>
<id>413126</id>
<name>Pinesdale</name>
<state>MT</state>
<rating/>
<url>http://www.greatschools.org/city/Pinesdale/MT</url>
<lat>46.3319</lat>
<lon>-114.22</lon>
<active>1</active>
</city>
<city>
<id>413199</id>
<name>Plains</name>
<state>MT</state>
<rating>8</rating>
<url>http://www.greatschools.org/city/Plains/MT</url>
<lat>47.4597</lat>
<lon>-114.885</lon>
<active>1</active>
</city>
<city>
<id>413198</id>
<name>Plentywood</name>
<state>MT</state>
<rating>8</rating>
<url>http://www.greatschools.org/city/Plentywood/MT</url>
<lat>48.7762</lat>
<lon>-104.558</lon>
<active>1</active>
</city>
<city>
<id>413197</id>
<name>Plevna</name>
<state>MT</state>
<rating/>
<url>http://www.greatschools.org/city/Plevna/MT</url>
<lat>46.4166</lat>
<lon>-104.517</lon>
<active>1</active>
</city>
<city>
<id>413196</id>
<name>Polaris</name>
<state>MT</state>
<rating/>
<url>http://www.greatschools.org/city/Polaris/MT</url>
<lat>45.4182</lat>
<lon>-113.45</lon>
<active>1</active>
</city>
<city>
<id>413150</id>
<name>Polson</name>
<state>MT</state>
<rating>4</rating>
<url>http://www.greatschools.org/city/Polson/MT</url>
<lat>47.687</lat>
<lon>-114.158</lon>
<active>1</active>
</city>
<city>
<id>413195</id>
<name>Poplar</name>
<state>MT</state>
<rating>1</rating>
<url>http://www.greatschools.org/city/Poplar/MT</url>
<lat>48.1104</lat>
<lon>-105.197</lon>
<active>1</active>
</city>
<city>
<id>445232</id>
<name>Post Creek</name>
<state>MT</state>
<rating/>
<url>http://www.greatschools.org/city/Post_Creek/MT</url>
<lat>47.3231</lat>
<lon>-114.016</lon>
<active>1</active>
</city>
<city>
<id>413288</id>
<name>Powderville</name>
<state>MT</state>
<rating/>
<url>http://www.greatschools.org/city/Powderville/MT</url>
<lat>45.7505</lat>
<lon>-105.322</lon>
<active>1</active>
</city>
<city>
<id>413191</id>
<name>Power</name>
<state>MT</state>
<rating>10</rating>
<url>http://www.greatschools.org/city/Power/MT</url>
<lat>47.7181</lat>
<lon>-111.687</lon>
<active>1</active>
</city>
<city>
<id>441860</id>
<name>Proctor</name>
<state>MT</state>
<rating/>
<url>http://www.greatschools.org/city/Proctor/MT</url>
<lat>47.9268</lat>
<lon>-114.368</lon>
<active>1</active>
</city>
<city>
<id>413108</id>
<name>Pryor</name>
<state>MT</state>
<rating/>
<url>http://www.greatschools.org/city/Pryor/MT</url>
<lat>45.4162</lat>
<lon>-108.535</lon>
<active>1</active>
</city>
<city>
<id>413190</id>
<name>Ramsay</name>
<state>MT</state>
<rating>9</rating>
<url>http://www.greatschools.org/city/Ramsay/MT</url>
<lat>46.0951</lat>
<lon>-112.682</lon>
<active>1</active>
</city>
<city>
<id>413189</id>
<name>Rapelje</name>
<state>MT</state>
<rating/>
<url>http://www.greatschools.org/city/Rapelje/MT</url>
<lat>45.9759</lat>
<lon>-109.276</lon>
<active>1</active>
</city>
<city>
<id>413187</id>
<name>Red Lodge</name>
<state>MT</state>
<rating>8</rating>
<url>http://www.greatschools.org/city/Red_Lodge/MT</url>
<lat>45.1868</lat>
<lon>-109.249</lon>
<active>1</active>
</city>
<city>
<id>413186</id>
<name>Reed Point</name>
<state>MT</state>
<rating/>
<url>http://www.greatschools.org/city/Reed_Point/MT</url>
<lat>45.7072</lat>
<lon>-109.544</lon>
<active>1</active>
</city>
<city>
<id>413117</id>
<name>Rexford</name>
<state>MT</state>
<rating/>
<url>http://www.greatschools.org/city/Rexford/MT</url>
<lat>48.8998</lat>
<lon>-115.172</lon>
<active>1</active>
</city>
<city>
<id>413184</id>
<name>Richey</name>
<state>MT</state>
<rating/>
<url>http://www.greatschools.org/city/Richey/MT</url>
<lat>47.6444</lat>
<lon>-105.07</lon>
<active>1</active>
</city>
<city>
<id>413183</id>
<name>Roberts</name>
<state>MT</state>
<rating>7</rating>
<url>http://www.greatschools.org/city/Roberts/MT</url>
<lat>45.368</lat>
<lon>-109.179</lon>
<active>1</active>
</city>
<city>
<id>413124</id>
<name>Ronan</name>
<state>MT</state>
<rating>3</rating>
<url>http://www.greatschools.org/city/Ronan/MT</url>
<lat>47.5274</lat>
<lon>-114.102</lon>
<active>1</active>
</city>
<city>
<id>413182</id>
<name>Rosebud</name>
<state>MT</state>
<rating/>
<url>http://www.greatschools.org/city/Rosebud/MT</url>
<lat>45.9412</lat>
<lon>-106.58</lon>
<active>1</active>
</city>
<city>
<id>413091</id>
<name>Roundup</name>
<state>MT</state>
<rating>5</rating>
<url>http://www.greatschools.org/city/Roundup/MT</url>
<lat>46.4487</lat>
<lon>-108.544</lon>
<active>1</active>
</city>
<city>
<id>413181</id>
<name>Roy</name>
<state>MT</state>
<rating/>
<url>http://www.greatschools.org/city/Roy/MT</url>
<lat>47.3526</lat>
<lon>-108.886</lon>
<active>1</active>
</city>
<city>
<id>413083</id>
<name>Rudyard</name>
<state>MT</state>
<rating>5</rating>
<url>http://www.greatschools.org/city/Rudyard/MT</url>
<lat>48.5621</lat>
<lon>-110.555</lon>
<active>1</active>
</city>
<city>
<id>413180</id>
<name>Ryegate</name>
<state>MT</state>
<rating/>
<url>http://www.greatschools.org/city/Ryegate/MT</url>
<lat>46.2991</lat>
<lon>-109.256</lon>
<active>1</active>
</city>
<city>
<id>413179</id>
<name>Saco</name>
<state>MT</state>
<rating/>
<url>http://www.greatschools.org/city/Saco/MT</url>
<lat>48.4575</lat>
<lon>-107.341</lon>
<active>1</active>
</city>
<city>
<id>413165</id>
<name>Sand Coulee</name>
<state>MT</state>
<rating>5</rating>
<url>http://www.greatschools.org/city/Sand_Coulee/MT</url>
<lat>47.4091</lat>
<lon>-111.167</lon>
<active>1</active>
</city>
<city>
<id>413257</id>
<name>Sand Springs</name>
<state>MT</state>
<rating/>
<url>http://www.greatschools.org/city/Sand_Springs/MT</url>
<lat>47.0665</lat>
<lon>-107.337</lon>
<active>1</active>
</city>
<city>
<id>413178</id>
<name>Savage</name>
<state>MT</state>
<rating>7</rating>
<url>http://www.greatschools.org/city/Savage/MT</url>
<lat>47.5206</lat>
<lon>-104.293</lon>
<active>1</active>
</city>
<city>
<id>413177</id>
<name>Scobey</name>
<state>MT</state>
<rating>5</rating>
<url>http://www.greatschools.org/city/Scobey/MT</url>
<lat>48.7894</lat>
<lon>-105.42</lon>
<active>1</active>
</city>
<city>
<id>413176</id>
<name>Seeley Lake</name>
<state>MT</state>
<rating>7</rating>
<url>http://www.greatschools.org/city/Seeley_Lake/MT</url>
<lat>47.1689</lat>
<lon>-113.465</lon>
<active>1</active>
</city>
<city>
<id>413175</id>
<name>Shawmut</name>
<state>MT</state>
<rating/>
<url>http://www.greatschools.org/city/Shawmut/MT</url>
<lat>46.3968</lat>
<lon>-109.617</lon>
<active>1</active>
</city>
<city>
<id>413094</id>
<name>Shelby</name>
<state>MT</state>
<rating>4</rating>
<url>http://www.greatschools.org/city/Shelby/MT</url>
<lat>48.5069</lat>
<lon>-111.862</lon>
<active>1</active>
</city>
<city>
<id>413174</id>
<name>Shepherd</name>
<state>MT</state>
<rating>5</rating>
<url>http://www.greatschools.org/city/Shepherd/MT</url>
<lat>45.9444</lat>
<lon>-108.345</lon>
<active>1</active>
</city>
<city>
<id>413173</id>
<name>Sheridan</name>
<state>MT</state>
<rating>5</rating>
<url>http://www.greatschools.org/city/Sheridan/MT</url>
<lat>45.4564</lat>
<lon>-112.194</lon>
<active>1</active>
</city>
<city>
<id>413121</id>
<name>Sidney</name>
<state>MT</state>
<rating>6</rating>
<url>http://www.greatschools.org/city/Sidney/MT</url>
<lat>47.712</lat>
<lon>-104.164</lon>
<active>1</active>
</city>
<city>
<id>413170</id>
<name>Simms</name>
<state>MT</state>
<rating>5</rating>
<url>http://www.greatschools.org/city/Simms/MT</url>
<lat>47.4922</lat>
<lon>-111.933</lon>
<active>1</active>
</city>
<city>
<id>413333</id>
<name>Somers</name>
<state>MT</state>
<rating>6</rating>
<url>http://www.greatschools.org/city/Somers/MT</url>
<lat>48.085</lat>
<lon>-114.227</lon>
<active>1</active>
</city>
<city>
<id>413168</id>
<name>Springdale</name>
<state>MT</state>
<rating/>
<url>http://www.greatschools.org/city/Springdale/MT</url>
<lat>45.5843</lat>
<lon>-110.058</lon>
<active>1</active>
</city>
<city>
<id>446168</id>
<name>St Ignatius</name>
<state>MT</state>
<rating/>
<url>http://www.greatschools.org/city/St_Ignatius/MT</url>
<lat>47.319</lat>
<lon>-114.092</lon>
<active>1</active>
</city>
<city>
<id>446169</id>
<name>St Regis</name>
<state>MT</state>
<rating/>
<url>http://www.greatschools.org/city/St_Regis/MT</url>
<lat>47.3001</lat>
<lon>-115.101</lon>
<active>1</active>
</city>
<city>
<id>413116</id>
<name>St. Ignatius</name>
<state>MT</state>
<rating>5</rating>
<url>http://www.greatschools.org/city/St._Ignatius/MT</url>
<lat>47.3189</lat>
<lon>-114.096</lon>
<active>1</active>
</city>
<city>
<id>413120</id>
<name>St. Xavier</name>
<state>MT</state>
<rating/>
<url>http://www.greatschools.org/city/St._Xavier/MT</url>
<lat>45.4599</lat>
<lon>-107.724</lon>
<active>1</active>
</city>
<city>
<id>413166</id>
<name>Stanford</name>
<state>MT</state>
<rating/>
<url>http://www.greatschools.org/city/Stanford/MT</url>
<lat>47.1523</lat>
<lon>-110.22</lon>
<active>1</active>
</city>
<city>
<id>413104</id>
<name>Stevensville</name>
<state>MT</state>
<rating>6</rating>
<url>http://www.greatschools.org/city/Stevensville/MT</url>
<lat>46.5074</lat>
<lon>-114.092</lon>
<active>1</active>
</city>
<city>
<id>413172</id>
<name>Sun River</name>
<state>MT</state>
<rating>4</rating>
<url>http://www.greatschools.org/city/Sun_River/MT</url>
<lat>47.5319</lat>
<lon>-111.721</lon>
<active>1</active>
</city>
<city>
<id>413164</id>
<name>Sunburst</name>
<state>MT</state>
<rating>6</rating>
<url>http://www.greatschools.org/city/Sunburst/MT</url>
<lat>48.8818</lat>
<lon>-111.912</lon>
<active>1</active>
</city>
<city>
<id>413162</id>
<name>Superior</name>
<state>MT</state>
<rating>6</rating>
<url>http://www.greatschools.org/city/Superior/MT</url>
<lat>47.1925</lat>
<lon>-114.887</lon>
<active>1</active>
</city>
<city>
<id>413227</id>
<name>Swan Lake</name>
<state>MT</state>
<rating/>
<url>http://www.greatschools.org/city/Swan_Lake/MT</url>
<lat>47.6254</lat>
<lon>-113.785</lon>
<active>1</active>
</city>
<city>
<id>413159</id>
<name>Terry</name>
<state>MT</state>
<rating>5</rating>
<url>http://www.greatschools.org/city/Terry/MT</url>
<lat>46.7899</lat>
<lon>-105.314</lon>
<active>1</active>
</city>
<city>
<id>413158</id>
<name>Thompson Falls</name>
<state>MT</state>
<rating>5</rating>
<url>http://www.greatschools.org/city/Thompson_Falls/MT</url>
<lat>47.5977</lat>
<lon>-115.342</lon>
<active>1</active>
</city>
<city>
<id>413157</id>
<name>Three Forks</name>
<state>MT</state>
<rating>6</rating>
<url>http://www.greatschools.org/city/Three_Forks/MT</url>
<lat>45.8916</lat>
<lon>-111.551</lon>
<active>1</active>
</city>
<city>
<id>413307</id>
<name>Townsend</name>
<state>MT</state>
<rating>6</rating>
<url>http://www.greatschools.org/city/Townsend/MT</url>
<lat>46.3203</lat>
<lon>-111.515</lon>
<active>1</active>
</city>
<city>
<id>413156</id>
<name>Trego</name>
<state>MT</state>
<rating/>
<url>http://www.greatschools.org/city/Trego/MT</url>
<lat>48.8492</lat>
<lon>-115.004</lon>
<active>1</active>
</city>
<city>
<id>413154</id>
<name>Trout Creek</name>
<state>MT</state>
<rating/>
<url>http://www.greatschools.org/city/Trout_Creek/MT</url>
<lat>47.8338</lat>
<lon>-115.588</lon>
<active>1</active>
</city>
<city>
<id>413132</id>
<name>Troy</name>
<state>MT</state>
<rating>3</rating>
<url>http://www.greatschools.org/city/Troy/MT</url>
<lat>48.4601</lat>
<lon>-115.892</lon>
<active>1</active>
</city>
<city>
<id>413153</id>
<name>Turner</name>
<state>MT</state>
<rating/>
<url>http://www.greatschools.org/city/Turner/MT</url>
<lat>48.8214</lat>
<lon>-108.399</lon>
<active>1</active>
</city>
<city>
<id>413152</id>
<name>Twin Bridges</name>
<state>MT</state>
<rating>8</rating>
<url>http://www.greatschools.org/city/Twin_Bridges/MT</url>
<lat>45.5441</lat>
<lon>-112.331</lon>
<active>1</active>
</city>
<city>
<id>413151</id>
<name>Ulm</name>
<state>MT</state>
<rating/>
<url>http://www.greatschools.org/city/Ulm/MT</url>
<lat>47.4201</lat>
<lon>-111.536</lon>
<active>1</active>
</city>
<city>
<id>413112</id>
<name>Valier</name>
<state>MT</state>
<rating>7</rating>
<url>http://www.greatschools.org/city/Valier/MT</url>
<lat>48.3053</lat>
<lon>-112.253</lon>
<active>1</active>
</city>
<city>
<id>413301</id>
<name>Vaughn</name>
<state>MT</state>
<rating>4</rating>
<url>http://www.greatschools.org/city/Vaughn/MT</url>
<lat>47.5551</lat>
<lon>-111.557</lon>
<active>1</active>
</city>
<city>
<id>413148</id>
<name>Victor</name>
<state>MT</state>
<rating>2</rating>
<url>http://www.greatschools.org/city/Victor/MT</url>
<lat>46.417</lat>
<lon>-114.152</lon>
<active>1</active>
</city>
<city>
<id>413147</id>
<name>Vida</name>
<state>MT</state>
<rating/>
<url>http://www.greatschools.org/city/Vida/MT</url>
<lat>47.8137</lat>
<lon>-105.443</lon>
<active>1</active>
</city>
<city>
<id>413332</id>
<name>Volborg</name>
<state>MT</state>
<rating/>
<url>http://www.greatschools.org/city/Volborg/MT</url>
<lat>46.0469</lat>
<lon>-105.744</lon>
<active>1</active>
</city>
<city>
<id>413330</id>
<name>West Glacier</name>
<state>MT</state>
<rating/>
<url>http://www.greatschools.org/city/West_Glacier/MT</url>
<lat>48.5187</lat>
<lon>-113.915</lon>
<active>1</active>
</city>
<city>
<id>413145</id>
<name>West Yellowstone</name>
<state>MT</state>
<rating>6</rating>
<url>http://www.greatschools.org/city/West_Yellowstone/MT</url>
<lat>44.664</lat>
<lon>-111.107</lon>
<active>1</active>
</city>
<city>
<id>413099</id>
<name>Westby</name>
<state>MT</state>
<rating/>
<url>http://www.greatschools.org/city/Westby/MT</url>
<lat>48.8702</lat>
<lon>-104.054</lon>
<active>1</active>
</city>
<city>
<id>413133</id>
<name>White Sulphur Springs</name>
<state>MT</state>
<rating>5</rating>
<url>http://www.greatschools.org/city/White_Sulphur_Springs/MT</url>
<lat>46.5466</lat>
<lon>-110.901</lon>
<active>1</active>
</city>
<city>
<id>413084</id>
<name>Whitefish</name>
<state>MT</state>
<rating>7</rating>
<url>http://www.greatschools.org/city/Whitefish/MT</url>
<lat>48.4131</lat>
<lon>-114.339</lon>
<active>1</active>
</city>
<city>
<id>413144</id>
<name>Whitehall</name>
<state>MT</state>
<rating>5</rating>
<url>http://www.greatschools.org/city/Whitehall/MT</url>
<lat>45.8711</lat>
<lon>-112.098</lon>
<active>1</active>
</city>
<city>
<id>413143</id>
<name>Whitewater</name>
<state>MT</state>
<rating/>
<url>http://www.greatschools.org/city/Whitewater/MT</url>
<lat>48.8116</lat>
<lon>-107.437</lon>
<active>1</active>
</city>
<city>
<id>413142</id>
<name>Whitlash</name>
<state>MT</state>
<rating/>
<url>http://www.greatschools.org/city/Whitlash/MT</url>
<lat>48.8455</lat>
<lon>-111.099</lon>
<active>1</active>
</city>
<city>
<id>413141</id>
<name>Wibaux</name>
<state>MT</state>
<rating>7</rating>
<url>http://www.greatschools.org/city/Wibaux/MT</url>
<lat>46.9861</lat>
<lon>-104.189</lon>
<active>1</active>
</city>
<city>
<id>413140</id>
<name>Willow Creek</name>
<state>MT</state>
<rating/>
<url>http://www.greatschools.org/city/Willow_Creek/MT</url>
<lat>45.8258</lat>
<lon>-111.643</lon>
<active>1</active>
</city>
<city>
<id>413329</id>
<name>Wilsall</name>
<state>MT</state>
<rating>10</rating>
<url>http://www.greatschools.org/city/Wilsall/MT</url>
<lat>45.9921</lat>
<lon>-110.661</lon>
<active>1</active>
</city>
<city>
<id>413139</id>
<name>Winifred</name>
<state>MT</state>
<rating/>
<url>http://www.greatschools.org/city/Winifred/MT</url>
<lat>47.559</lat>
<lon>-109.379</lon>
<active>1</active>
</city>
<city>
<id>413138</id>
<name>Winnett</name>
<state>MT</state>
<rating>8</rating>
<url>http://www.greatschools.org/city/Winnett/MT</url>
<lat>47.0031</lat>
<lon>-108.351</lon>
<active>1</active>
</city>
<city>
<id>423367</id>
<name>Wisdom</name>
<state>MT</state>
<rating/>
<url>http://www.greatschools.org/city/Wisdom/MT</url>
<lat>45.6155</lat>
<lon>-113.45</lon>
<active>1</active>
</city>
<city>
<id>413268</id>
<name>Wise River</name>
<state>MT</state>
<rating/>
<url>http://www.greatschools.org/city/Wise_River/MT</url>
<lat>45.812</lat>
<lon>-113.023</lon>
<active>1</active>
</city>
<city>
<id>413136</id>
<name>Wolf Creek</name>
<state>MT</state>
<rating/>
<url>http://www.greatschools.org/city/Wolf_Creek/MT</url>
<lat>46.9699</lat>
<lon>-111.964</lon>
<active>1</active>
</city>
<city>
<id>413135</id>
<name>Wolf Point</name>
<state>MT</state>
<rating>2</rating>
<url>http://www.greatschools.org/city/Wolf_Point/MT</url>
<lat>48.092</lat>
<lon>-105.642</lon>
<active>1</active>
</city>
<city>
<id>413237</id>
<name>Worden</name>
<state>MT</state>
<rating>5</rating>
<url>http://www.greatschools.org/city/Worden/MT</url>
<lat>45.9643</lat>
<lon>-108.163</lon>
<active>1</active>
</city>
<city>
<id>413078</id>
<name>Wyola</name>
<state>MT</state>
<rating>1</rating>
<url>http://www.greatschools.org/city/Wyola/MT</url>
<lat>45.1271</lat>
<lon>-107.392</lon>
<active>1</active>
</city>
<city>
<id>413131</id>
<name>Zurich</name>
<state>MT</state>
<rating/>
<url>http://www.greatschools.org/city/Zurich/MT</url>
<lat>48.5894</lat>
<lon>-109.232</lon>
<active>1</active>
</city>
</greatschools-city-feed>
