<?xml version="1.0" encoding="utf-8"?><greatschools-city-feed xmlns:xsi="http://www.w3.org/2001/XMLSchema-instance" xsi:noNamespaceSchemaLocation="http://www.greatschools.org/feeds/greatschools-city2.xsd">
<city>
<id>414415</id>
<name>Adams</name>
<state>NE</state>
<rating/>
<url>http://www.greatschools.org/city/Adams/NE</url>
<lat>40.4597</lat>
<lon>-96.5111</lon>
<active>1</active>
</city>
<city>
<id>414371</id>
<name>Ainsworth</name>
<state>NE</state>
<rating>8</rating>
<url>http://www.greatschools.org/city/Ainsworth/NE</url>
<lat>42.5484</lat>
<lon>-99.8583</lon>
<active>1</active>
</city>
<city>
<id>414228</id>
<name>Albion</name>
<state>NE</state>
<rating>8</rating>
<url>http://www.greatschools.org/city/Albion/NE</url>
<lat>41.6877</lat>
<lon>-98.0037</lon>
<active>1</active>
</city>
<city>
<id>414375</id>
<name>Alda</name>
<state>NE</state>
<rating/>
<url>http://www.greatschools.org/city/Alda/NE</url>
<lat>40.8705</lat>
<lon>-98.4692</lon>
<active>1</active>
</city>
<city>
<id>414409</id>
<name>Allen</name>
<state>NE</state>
<rating/>
<url>http://www.greatschools.org/city/Allen/NE</url>
<lat>42.4142</lat>
<lon>-96.8431</lon>
<active>1</active>
</city>
<city>
<id>414219</id>
<name>Alliance</name>
<state>NE</state>
<rating>2</rating>
<url>http://www.greatschools.org/city/Alliance/NE</url>
<lat>42.1044</lat>
<lon>-102.872</lon>
<active>1</active>
</city>
<city>
<id>414430</id>
<name>Alma</name>
<state>NE</state>
<rating/>
<url>http://www.greatschools.org/city/Alma/NE</url>
<lat>40.1009</lat>
<lon>-99.3624</lon>
<active>1</active>
</city>
<city>
<id>414440</id>
<name>Amherst</name>
<state>NE</state>
<rating/>
<url>http://www.greatschools.org/city/Amherst/NE</url>
<lat>40.8386</lat>
<lon>-99.2687</lon>
<active>1</active>
</city>
<city>
<id>414408</id>
<name>Ansley</name>
<state>NE</state>
<rating/>
<url>http://www.greatschools.org/city/Ansley/NE</url>
<lat>41.2889</lat>
<lon>-99.3817</lon>
<active>1</active>
</city>
<city>
<id>414407</id>
<name>Arapahoe</name>
<state>NE</state>
<rating/>
<url>http://www.greatschools.org/city/Arapahoe/NE</url>
<lat>40.3057</lat>
<lon>-99.8987</lon>
<active>1</active>
</city>
<city>
<id>414406</id>
<name>Arcadia</name>
<state>NE</state>
<rating/>
<url>http://www.greatschools.org/city/Arcadia/NE</url>
<lat>41.4237</lat>
<lon>-99.1248</lon>
<active>1</active>
</city>
<city>
<id>414202</id>
<name>Arlington</name>
<state>NE</state>
<rating>5</rating>
<url>http://www.greatschools.org/city/Arlington/NE</url>
<lat>41.4549</lat>
<lon>-96.3569</lon>
<active>1</active>
</city>
<city>
<id>414435</id>
<name>Arnold</name>
<state>NE</state>
<rating/>
<url>http://www.greatschools.org/city/Arnold/NE</url>
<lat>41.4248</lat>
<lon>-100.194</lon>
<active>1</active>
</city>
<city>
<id>414143</id>
<name>Arthur</name>
<state>NE</state>
<rating/>
<url>http://www.greatschools.org/city/Arthur/NE</url>
<lat>41.5713</lat>
<lon>-101.692</lon>
<active>1</active>
</city>
<city>
<id>414378</id>
<name>Ashby</name>
<state>NE</state>
<rating/>
<url>http://www.greatschools.org/city/Ashby/NE</url>
<lat>42.0043</lat>
<lon>-101.981</lon>
<active>1</active>
</city>
<city>
<id>414382</id>
<name>Ashland</name>
<state>NE</state>
<rating>7</rating>
<url>http://www.greatschools.org/city/Ashland/NE</url>
<lat>41.0416</lat>
<lon>-96.374</lon>
<active>1</active>
</city>
<city>
<id>414224</id>
<name>Atkinson</name>
<state>NE</state>
<rating/>
<url>http://www.greatschools.org/city/Atkinson/NE</url>
<lat>42.532</lat>
<lon>-98.9772</lon>
<active>1</active>
</city>
<city>
<id>442776</id>
<name>Atlanta</name>
<state>NE</state>
<rating/>
<url>http://www.greatschools.org/city/Atlanta/NE</url>
<lat>40.3686</lat>
<lon>-99.4738</lon>
<active>1</active>
</city>
<city>
<id>414134</id>
<name>Auburn</name>
<state>NE</state>
<rating/>
<url>http://www.greatschools.org/city/Auburn/NE</url>
<lat>40.3877</lat>
<lon>-95.8419</lon>
<active>1</active>
</city>
<city>
<id>414405</id>
<name>Aurora</name>
<state>NE</state>
<rating>7</rating>
<url>http://www.greatschools.org/city/Aurora/NE</url>
<lat>40.8661</lat>
<lon>-98.0033</lon>
<active>1</active>
</city>
<city>
<id>414404</id>
<name>Axtell</name>
<state>NE</state>
<rating/>
<url>http://www.greatschools.org/city/Axtell/NE</url>
<lat>40.4802</lat>
<lon>-99.1271</lon>
<active>1</active>
</city>
<city>
<id>414351</id>
<name>Ayr</name>
<state>NE</state>
<rating/>
<url>http://www.greatschools.org/city/Ayr/NE</url>
<lat>40.4376</lat>
<lon>-98.4399</lon>
<active>1</active>
</city>
<city>
<id>414175</id>
<name>Bancroft</name>
<state>NE</state>
<rating/>
<url>http://www.greatschools.org/city/Bancroft/NE</url>
<lat>42.0113</lat>
<lon>-96.5738</lon>
<active>1</active>
</city>
<city>
<id>414240</id>
<name>Bartlett</name>
<state>NE</state>
<rating/>
<url>http://www.greatschools.org/city/Bartlett/NE</url>
<lat>41.8842</lat>
<lon>-98.5526</lon>
<active>1</active>
</city>
<city>
<id>414108</id>
<name>Bartley</name>
<state>NE</state>
<rating/>
<url>http://www.greatschools.org/city/Bartley/NE</url>
<lat>40.2532</lat>
<lon>-100.308</lon>
<active>1</active>
</city>
<city>
<id>414264</id>
<name>Bassett</name>
<state>NE</state>
<rating/>
<url>http://www.greatschools.org/city/Bassett/NE</url>
<lat>42.5823</lat>
<lon>-99.5371</lon>
<active>1</active>
</city>
<city>
<id>414212</id>
<name>Battle Creek</name>
<state>NE</state>
<rating/>
<url>http://www.greatschools.org/city/Battle_Creek/NE</url>
<lat>41.9984</lat>
<lon>-97.5988</lon>
<active>1</active>
</city>
<city>
<id>414426</id>
<name>Bayard</name>
<state>NE</state>
<rating/>
<url>http://www.greatschools.org/city/Bayard/NE</url>
<lat>41.7591</lat>
<lon>-103.324</lon>
<active>1</active>
</city>
<city>
<id>414204</id>
<name>Beatrice</name>
<state>NE</state>
<rating/>
<url>http://www.greatschools.org/city/Beatrice/NE</url>
<lat>40.2691</lat>
<lon>-96.7403</lon>
<active>1</active>
</city>
<city>
<id>414422</id>
<name>Beaver City</name>
<state>NE</state>
<rating/>
<url>http://www.greatschools.org/city/Beaver_City/NE</url>
<lat>40.1361</lat>
<lon>-99.8294</lon>
<active>1</active>
</city>
<city>
<id>414403</id>
<name>Beemer</name>
<state>NE</state>
<rating/>
<url>http://www.greatschools.org/city/Beemer/NE</url>
<lat>41.9312</lat>
<lon>-96.8081</lon>
<active>1</active>
</city>
<city>
<id>414124</id>
<name>Bellevue</name>
<state>NE</state>
<rating>6</rating>
<url>http://www.greatschools.org/city/Bellevue/NE</url>
<lat>41.1531</lat>
<lon>-95.9076</lon>
<active>1</active>
</city>
<city>
<id>414160</id>
<name>Bellwood</name>
<state>NE</state>
<rating/>
<url>http://www.greatschools.org/city/Bellwood/NE</url>
<lat>41.3418</lat>
<lon>-97.24</lon>
<active>1</active>
</city>
<city>
<id>414432</id>
<name>Benkelman</name>
<state>NE</state>
<rating/>
<url>http://www.greatschools.org/city/Benkelman/NE</url>
<lat>40.051</lat>
<lon>-101.535</lon>
<active>1</active>
</city>
<city>
<id>414278</id>
<name>Bennet</name>
<state>NE</state>
<rating>3</rating>
<url>http://www.greatschools.org/city/Bennet/NE</url>
<lat>40.6815</lat>
<lon>-96.5059</lon>
<active>1</active>
</city>
<city>
<id>414402</id>
<name>Bennington</name>
<state>NE</state>
<rating>7</rating>
<url>http://www.greatschools.org/city/Bennington/NE</url>
<lat>41.3674</lat>
<lon>-96.1575</lon>
<active>1</active>
</city>
<city>
<id>414401</id>
<name>Bertrand</name>
<state>NE</state>
<rating/>
<url>http://www.greatschools.org/city/Bertrand/NE</url>
<lat>40.5244</lat>
<lon>-99.6329</lon>
<active>1</active>
</city>
<city>
<id>414419</id>
<name>Big Springs</name>
<state>NE</state>
<rating/>
<url>http://www.greatschools.org/city/Big_Springs/NE</url>
<lat>41.0635</lat>
<lon>-102.077</lon>
<active>1</active>
</city>
<city>
<id>414443</id>
<name>Bladen</name>
<state>NE</state>
<rating/>
<url>http://www.greatschools.org/city/Bladen/NE</url>
<lat>40.3238</lat>
<lon>-98.5965</lon>
<active>1</active>
</city>
<city>
<id>414400</id>
<name>Blair</name>
<state>NE</state>
<rating/>
<url>http://www.greatschools.org/city/Blair/NE</url>
<lat>41.5465</lat>
<lon>-96.1395</lon>
<active>1</active>
</city>
<city>
<id>414399</id>
<name>Bloomfield</name>
<state>NE</state>
<rating/>
<url>http://www.greatschools.org/city/Bloomfield/NE</url>
<lat>42.5971</lat>
<lon>-97.6471</lon>
<active>1</active>
</city>
<city>
<id>414398</id>
<name>Blue Hill</name>
<state>NE</state>
<rating/>
<url>http://www.greatschools.org/city/Blue_Hill/NE</url>
<lat>40.3321</lat>
<lon>-98.4494</lon>
<active>1</active>
</city>
<city>
<id>414251</id>
<name>Blue Springs</name>
<state>NE</state>
<rating/>
<url>http://www.greatschools.org/city/Blue_Springs/NE</url>
<lat>40.1389</lat>
<lon>-96.6635</lon>
<active>1</active>
</city>
<city>
<id>414122</id>
<name>Boys Town</name>
<state>NE</state>
<rating/>
<url>http://www.greatschools.org/city/Boys_Town/NE</url>
<lat>41.2594</lat>
<lon>-96.1305</lon>
<active>1</active>
</city>
<city>
<id>414397</id>
<name>Brady</name>
<state>NE</state>
<rating/>
<url>http://www.greatschools.org/city/Brady/NE</url>
<lat>41.0225</lat>
<lon>-100.367</lon>
<active>1</active>
</city>
<city>
<id>414459</id>
<name>Brainard</name>
<state>NE</state>
<rating/>
<url>http://www.greatschools.org/city/Brainard/NE</url>
<lat>41.183</lat>
<lon>-97.0028</lon>
<active>1</active>
</city>
<city>
<id>414181</id>
<name>Brewster</name>
<state>NE</state>
<rating/>
<url>http://www.greatschools.org/city/Brewster/NE</url>
<lat>41.9382</lat>
<lon>-99.8645</lon>
<active>1</active>
</city>
<city>
<id>414423</id>
<name>Bridgeport</name>
<state>NE</state>
<rating>6</rating>
<url>http://www.greatschools.org/city/Bridgeport/NE</url>
<lat>41.6674</lat>
<lon>-103.099</lon>
<active>1</active>
</city>
<city>
<id>414333</id>
<name>Broken Bow</name>
<state>NE</state>
<rating>7</rating>
<url>http://www.greatschools.org/city/Broken_Bow/NE</url>
<lat>41.4046</lat>
<lon>-99.6403</lon>
<active>1</active>
</city>
<city>
<id>414352</id>
<name>Brownlee</name>
<state>NE</state>
<rating/>
<url>http://www.greatschools.org/city/Brownlee/NE</url>
<lat>41.9812</lat>
<lon>-100.579</lon>
<active>1</active>
</city>
<city>
<id>442775</id>
<name>Brule</name>
<state>NE</state>
<rating/>
<url>http://www.greatschools.org/city/Brule/NE</url>
<lat>41.0962</lat>
<lon>-101.888</lon>
<active>1</active>
</city>
<city>
<id>414166</id>
<name>Bruning</name>
<state>NE</state>
<rating/>
<url>http://www.greatschools.org/city/Bruning/NE</url>
<lat>40.3357</lat>
<lon>-97.5636</lon>
<active>1</active>
</city>
<city>
<id>414347</id>
<name>Burwell</name>
<state>NE</state>
<rating/>
<url>http://www.greatschools.org/city/Burwell/NE</url>
<lat>41.7817</lat>
<lon>-99.134</lon>
<active>1</active>
</city>
<city>
<id>414158</id>
<name>Butte</name>
<state>NE</state>
<rating/>
<url>http://www.greatschools.org/city/Butte/NE</url>
<lat>42.9123</lat>
<lon>-98.8473</lon>
<active>1</active>
</city>
<city>
<id>414189</id>
<name>Cairo</name>
<state>NE</state>
<rating>4</rating>
<url>http://www.greatschools.org/city/Cairo/NE</url>
<lat>41.0</lat>
<lon>-98.6079</lon>
<active>1</active>
</city>
<city>
<id>414455</id>
<name>Callaway</name>
<state>NE</state>
<rating/>
<url>http://www.greatschools.org/city/Callaway/NE</url>
<lat>41.2914</lat>
<lon>-99.9237</lon>
<active>1</active>
</city>
<city>
<id>414454</id>
<name>Cambridge</name>
<state>NE</state>
<rating>5</rating>
<url>http://www.greatschools.org/city/Cambridge/NE</url>
<lat>40.2834</lat>
<lon>-100.172</lon>
<active>1</active>
</city>
<city>
<id>442774</id>
<name>Carroll</name>
<state>NE</state>
<rating/>
<url>http://www.greatschools.org/city/Carroll/NE</url>
<lat>42.2755</lat>
<lon>-97.1906</lon>
<active>1</active>
</city>
<city>
<id>414396</id>
<name>Cedar Bluffs</name>
<state>NE</state>
<rating/>
<url>http://www.greatschools.org/city/Cedar_Bluffs/NE</url>
<lat>41.397</lat>
<lon>-96.6106</lon>
<active>1</active>
</city>
<city>
<id>414441</id>
<name>Cedar Rapids</name>
<state>NE</state>
<rating/>
<url>http://www.greatschools.org/city/Cedar_Rapids/NE</url>
<lat>41.5589</lat>
<lon>-98.1486</lon>
<active>1</active>
</city>
<city>
<id>414187</id>
<name>Central City</name>
<state>NE</state>
<rating>3</rating>
<url>http://www.greatschools.org/city/Central_City/NE</url>
<lat>41.1127</lat>
<lon>-98.0031</lon>
<active>1</active>
</city>
<city>
<id>414395</id>
<name>Ceresco</name>
<state>NE</state>
<rating/>
<url>http://www.greatschools.org/city/Ceresco/NE</url>
<lat>41.0584</lat>
<lon>-96.6485</lon>
<active>1</active>
</city>
<city>
<id>414136</id>
<name>Chadron</name>
<state>NE</state>
<rating/>
<url>http://www.greatschools.org/city/Chadron/NE</url>
<lat>42.8267</lat>
<lon>-103.002</lon>
<active>1</active>
</city>
<city>
<id>414393</id>
<name>Chambers</name>
<state>NE</state>
<rating/>
<url>http://www.greatschools.org/city/Chambers/NE</url>
<lat>42.2048</lat>
<lon>-98.7475</lon>
<active>1</active>
</city>
<city>
<id>414392</id>
<name>Chapman</name>
<state>NE</state>
<rating/>
<url>http://www.greatschools.org/city/Chapman/NE</url>
<lat>41.023</lat>
<lon>-98.1606</lon>
<active>1</active>
</city>
<city>
<id>414118</id>
<name>Chappell</name>
<state>NE</state>
<rating/>
<url>http://www.greatschools.org/city/Chappell/NE</url>
<lat>41.0943</lat>
<lon>-102.468</lon>
<active>1</active>
</city>
<city>
<id>414159</id>
<name>Clarks</name>
<state>NE</state>
<rating/>
<url>http://www.greatschools.org/city/Clarks/NE</url>
<lat>41.2167</lat>
<lon>-97.8399</lon>
<active>1</active>
</city>
<city>
<id>414225</id>
<name>Clarkson</name>
<state>NE</state>
<rating/>
<url>http://www.greatschools.org/city/Clarkson/NE</url>
<lat>41.724</lat>
<lon>-97.1233</lon>
<active>1</active>
</city>
<city>
<id>414195</id>
<name>Clatonia</name>
<state>NE</state>
<rating/>
<url>http://www.greatschools.org/city/Clatonia/NE</url>
<lat>40.4664</lat>
<lon>-96.8522</lon>
<active>1</active>
</city>
<city>
<id>414391</id>
<name>Clay Center</name>
<state>NE</state>
<rating/>
<url>http://www.greatschools.org/city/Clay_Center/NE</url>
<lat>40.5228</lat>
<lon>-98.0543</lon>
<active>1</active>
</city>
<city>
<id>414179</id>
<name>Clearwater</name>
<state>NE</state>
<rating/>
<url>http://www.greatschools.org/city/Clearwater/NE</url>
<lat>42.1706</lat>
<lon>-98.1898</lon>
<active>1</active>
</city>
<city>
<id>414331</id>
<name>Cody</name>
<state>NE</state>
<rating/>
<url>http://www.greatschools.org/city/Cody/NE</url>
<lat>42.9378</lat>
<lon>-101.246</lon>
<active>1</active>
</city>
<city>
<id>414389</id>
<name>Coleridge</name>
<state>NE</state>
<rating/>
<url>http://www.greatschools.org/city/Coleridge/NE</url>
<lat>42.5063</lat>
<lon>-97.205</lon>
<active>1</active>
</city>
<city>
<id>414103</id>
<name>Columbus</name>
<state>NE</state>
<rating>5</rating>
<url>http://www.greatschools.org/city/Columbus/NE</url>
<lat>41.4356</lat>
<lon>-97.3587</lon>
<active>1</active>
</city>
<city>
<id>442773</id>
<name>Concord</name>
<state>NE</state>
<rating/>
<url>http://www.greatschools.org/city/Concord/NE</url>
<lat>42.3843</lat>
<lon>-96.989</lon>
<active>1</active>
</city>
<city>
<id>414286</id>
<name>Cook</name>
<state>NE</state>
<rating>5</rating>
<url>http://www.greatschools.org/city/Cook/NE</url>
<lat>40.5111</lat>
<lon>-96.1608</lon>
<active>1</active>
</city>
<city>
<id>414365</id>
<name>Cozad</name>
<state>NE</state>
<rating>5</rating>
<url>http://www.greatschools.org/city/Cozad/NE</url>
<lat>40.8633</lat>
<lon>-99.9847</lon>
<active>1</active>
</city>
<city>
<id>442772</id>
<name>Craig</name>
<state>NE</state>
<rating/>
<url>http://www.greatschools.org/city/Craig/NE</url>
<lat>41.7851</lat>
<lon>-96.3618</lon>
<active>1</active>
</city>
<city>
<id>414353</id>
<name>Crawford</name>
<state>NE</state>
<rating/>
<url>http://www.greatschools.org/city/Crawford/NE</url>
<lat>42.6833</lat>
<lon>-103.411</lon>
<active>1</active>
</city>
<city>
<id>414226</id>
<name>Creighton</name>
<state>NE</state>
<rating/>
<url>http://www.greatschools.org/city/Creighton/NE</url>
<lat>42.4649</lat>
<lon>-97.908</lon>
<active>1</active>
</city>
<city>
<id>414106</id>
<name>Crete</name>
<state>NE</state>
<rating>5</rating>
<url>http://www.greatschools.org/city/Crete/NE</url>
<lat>40.6243</lat>
<lon>-96.9567</lon>
<active>1</active>
</city>
<city>
<id>414227</id>
<name>Crofton</name>
<state>NE</state>
<rating/>
<url>http://www.greatschools.org/city/Crofton/NE</url>
<lat>42.7312</lat>
<lon>-97.4984</lon>
<active>1</active>
</city>
<city>
<id>414355</id>
<name>Crookston</name>
<state>NE</state>
<rating/>
<url>http://www.greatschools.org/city/Crookston/NE</url>
<lat>42.9282</lat>
<lon>-100.752</lon>
<active>1</active>
</city>
<city>
<id>414176</id>
<name>Culbertson</name>
<state>NE</state>
<rating/>
<url>http://www.greatschools.org/city/Culbertson/NE</url>
<lat>40.2308</lat>
<lon>-100.836</lon>
<active>1</active>
</city>
<city>
<id>414295</id>
<name>Curtis</name>
<state>NE</state>
<rating/>
<url>http://www.greatschools.org/city/Curtis/NE</url>
<lat>40.6339</lat>
<lon>-100.515</lon>
<active>1</active>
</city>
<city>
<id>414255</id>
<name>Dakota City</name>
<state>NE</state>
<rating/>
<url>http://www.greatschools.org/city/Dakota_City/NE</url>
<lat>42.4143</lat>
<lon>-96.4191</lon>
<active>1</active>
</city>
<city>
<id>414437</id>
<name>Dalton</name>
<state>NE</state>
<rating/>
<url>http://www.greatschools.org/city/Dalton/NE</url>
<lat>41.4085</lat>
<lon>-102.971</lon>
<active>1</active>
</city>
<city>
<id>442771</id>
<name>Dannebrog</name>
<state>NE</state>
<rating/>
<url>http://www.greatschools.org/city/Dannebrog/NE</url>
<lat>41.1184</lat>
<lon>-98.546</lon>
<active>1</active>
</city>
<city>
<id>414165</id>
<name>Davenport</name>
<state>NE</state>
<rating/>
<url>http://www.greatschools.org/city/Davenport/NE</url>
<lat>40.3142</lat>
<lon>-97.8107</lon>
<active>1</active>
</city>
<city>
<id>414127</id>
<name>David City</name>
<state>NE</state>
<rating>4</rating>
<url>http://www.greatschools.org/city/David_City/NE</url>
<lat>41.2559</lat>
<lon>-97.1264</lon>
<active>1</active>
</city>
<city>
<id>414294</id>
<name>Daykin</name>
<state>NE</state>
<rating/>
<url>http://www.greatschools.org/city/Daykin/NE</url>
<lat>40.3214</lat>
<lon>-97.2989</lon>
<active>1</active>
</city>
<city>
<id>414387</id>
<name>De Witt</name>
<state>NE</state>
<rating/>
<url>http://www.greatschools.org/city/De_Witt/NE</url>
<lat>40.3955</lat>
<lon>-96.9226</lon>
<active>1</active>
</city>
<city>
<id>414302</id>
<name>Decatur</name>
<state>NE</state>
<rating/>
<url>http://www.greatschools.org/city/Decatur/NE</url>
<lat>42.0061</lat>
<lon>-96.2509</lon>
<active>1</active>
</city>
<city>
<id>442770</id>
<name>Denton</name>
<state>NE</state>
<rating/>
<url>http://www.greatschools.org/city/Denton/NE</url>
<lat>40.7395</lat>
<lon>-96.8461</lon>
<active>1</active>
</city>
<city>
<id>414205</id>
<name>Deshler</name>
<state>NE</state>
<rating/>
<url>http://www.greatschools.org/city/Deshler/NE</url>
<lat>40.1403</lat>
<lon>-97.7245</lon>
<active>1</active>
</city>
<city>
<id>446180</id>
<name>Dewitt</name>
<state>NE</state>
<rating/>
<url>http://www.greatschools.org/city/Dewitt/NE</url>
<lat>40.3402</lat>
<lon>-96.9161</lon>
<active>1</active>
</city>
<city>
<id>414163</id>
<name>Diller</name>
<state>NE</state>
<rating/>
<url>http://www.greatschools.org/city/Diller/NE</url>
<lat>40.1092</lat>
<lon>-96.9389</lon>
<active>1</active>
</city>
<city>
<id>414269</id>
<name>Dix</name>
<state>NE</state>
<rating/>
<url>http://www.greatschools.org/city/Dix/NE</url>
<lat>41.2333</lat>
<lon>-103.487</lon>
<active>1</active>
</city>
<city>
<id>414221</id>
<name>Dodge</name>
<state>NE</state>
<rating/>
<url>http://www.greatschools.org/city/Dodge/NE</url>
<lat>41.722</lat>
<lon>-96.88</lon>
<active>1</active>
</city>
<city>
<id>414172</id>
<name>Doniphan</name>
<state>NE</state>
<rating/>
<url>http://www.greatschools.org/city/Doniphan/NE</url>
<lat>40.7746</lat>
<lon>-98.3718</lon>
<active>1</active>
</city>
<city>
<id>414329</id>
<name>Dorchester</name>
<state>NE</state>
<rating/>
<url>http://www.greatschools.org/city/Dorchester/NE</url>
<lat>40.649</lat>
<lon>-97.115</lon>
<active>1</active>
</city>
<city>
<id>442769</id>
<name>Du Bois</name>
<state>NE</state>
<rating/>
<url>http://www.greatschools.org/city/Du_Bois/NE</url>
<lat>40.0345</lat>
<lon>-96.048</lon>
<active>1</active>
</city>
<city>
<id>445290</id>
<name>Dubach</name>
<state>NE</state>
<rating/>
<url>http://www.greatschools.org/city/Dubach/NE</url>
<lat>32.7348</lat>
<lon>-92.5748</lon>
<active>1</active>
</city>
<city>
<id>414377</id>
<name>Dunbar</name>
<state>NE</state>
<rating/>
<url>http://www.greatschools.org/city/Dunbar/NE</url>
<lat>40.6686</lat>
<lon>-96.0314</lon>
<active>1</active>
</city>
<city>
<id>414388</id>
<name>Duncan</name>
<state>NE</state>
<rating/>
<url>http://www.greatschools.org/city/Duncan/NE</url>
<lat>41.3898</lat>
<lon>-97.4948</lon>
<active>1</active>
</city>
<city>
<id>414262</id>
<name>Dunning</name>
<state>NE</state>
<rating/>
<url>http://www.greatschools.org/city/Dunning/NE</url>
<lat>41.8275</lat>
<lon>-100.104</lon>
<active>1</active>
</city>
<city>
<id>414460</id>
<name>Dwight</name>
<state>NE</state>
<rating/>
<url>http://www.greatschools.org/city/Dwight/NE</url>
<lat>41.0827</lat>
<lon>-97.0197</lon>
<active>1</active>
</city>
<city>
<id>414450</id>
<name>Eagle</name>
<state>NE</state>
<rating>6</rating>
<url>http://www.greatschools.org/city/Eagle/NE</url>
<lat>40.8164</lat>
<lon>-96.4335</lon>
<active>1</active>
</city>
<city>
<id>445291</id>
<name>East Winters Creek</name>
<state>NE</state>
<rating/>
<url>http://www.greatschools.org/city/East_Winters_Creek/NE</url>
<lat>41.8893</lat>
<lon>-103.633</lon>
<active>1</active>
</city>
<city>
<id>442768</id>
<name>Edgar</name>
<state>NE</state>
<rating/>
<url>http://www.greatschools.org/city/Edgar/NE</url>
<lat>40.3721</lat>
<lon>-97.97</lon>
<active>1</active>
</city>
<city>
<id>414328</id>
<name>Elba</name>
<state>NE</state>
<rating/>
<url>http://www.greatschools.org/city/Elba/NE</url>
<lat>41.2855</lat>
<lon>-98.5689</lon>
<active>1</active>
</city>
<city>
<id>414220</id>
<name>Elgin</name>
<state>NE</state>
<rating/>
<url>http://www.greatschools.org/city/Elgin/NE</url>
<lat>41.9835</lat>
<lon>-98.0819</lon>
<active>1</active>
</city>
<city>
<id>414095</id>
<name>Elkhorn</name>
<state>NE</state>
<rating>9</rating>
<url>http://www.greatschools.org/city/Elkhorn/NE</url>
<lat>41.2714</lat>
<lon>-96.2453</lon>
<active>1</active>
</city>
<city>
<id>414336</id>
<name>Ellsworth</name>
<state>NE</state>
<rating/>
<url>http://www.greatschools.org/city/Ellsworth/NE</url>
<lat>42.1353</lat>
<lon>-102.476</lon>
<active>1</active>
</city>
<city>
<id>414326</id>
<name>Elm Creek</name>
<state>NE</state>
<rating/>
<url>http://www.greatschools.org/city/Elm_Creek/NE</url>
<lat>40.72</lat>
<lon>-99.3744</lon>
<active>1</active>
</city>
<city>
<id>414411</id>
<name>Elmwood</name>
<state>NE</state>
<rating/>
<url>http://www.greatschools.org/city/Elmwood/NE</url>
<lat>40.8427</lat>
<lon>-96.2949</lon>
<active>1</active>
</city>
<city>
<id>414325</id>
<name>Elwood</name>
<state>NE</state>
<rating/>
<url>http://www.greatschools.org/city/Elwood/NE</url>
<lat>40.5884</lat>
<lon>-99.8602</lon>
<active>1</active>
</city>
<city>
<id>414348</id>
<name>Elyria</name>
<state>NE</state>
<rating/>
<url>http://www.greatschools.org/city/Elyria/NE</url>
<lat>41.6791</lat>
<lon>-99.0062</lon>
<active>1</active>
</city>
<city>
<id>442767</id>
<name>Emerald</name>
<state>NE</state>
<rating/>
<url>http://www.greatschools.org/city/Emerald/NE</url>
<lat>40.8139</lat>
<lon>-96.8349</lon>
<active>1</active>
</city>
<city>
<id>414117</id>
<name>Emerson</name>
<state>NE</state>
<rating/>
<url>http://www.greatschools.org/city/Emerson/NE</url>
<lat>42.2797</lat>
<lon>-96.7266</lon>
<active>1</active>
</city>
<city>
<id>414369</id>
<name>Emmet</name>
<state>NE</state>
<rating/>
<url>http://www.greatschools.org/city/Emmet/NE</url>
<lat>42.476</lat>
<lon>-98.8073</lon>
<active>1</active>
</city>
<city>
<id>414418</id>
<name>Eustis</name>
<state>NE</state>
<rating/>
<url>http://www.greatschools.org/city/Eustis/NE</url>
<lat>40.6647</lat>
<lon>-100.032</lon>
<active>1</active>
</city>
<city>
<id>414451</id>
<name>Ewing</name>
<state>NE</state>
<rating/>
<url>http://www.greatschools.org/city/Ewing/NE</url>
<lat>42.2595</lat>
<lon>-98.3436</lon>
<active>1</active>
</city>
<city>
<id>414147</id>
<name>Exeter</name>
<state>NE</state>
<rating/>
<url>http://www.greatschools.org/city/Exeter/NE</url>
<lat>40.644</lat>
<lon>-97.4495</lon>
<active>1</active>
</city>
<city>
<id>414094</id>
<name>Fairbury</name>
<state>NE</state>
<rating>4</rating>
<url>http://www.greatschools.org/city/Fairbury/NE</url>
<lat>40.1419</lat>
<lon>-97.1775</lon>
<active>1</active>
</city>
<city>
<id>414171</id>
<name>Fairfield</name>
<state>NE</state>
<rating/>
<url>http://www.greatschools.org/city/Fairfield/NE</url>
<lat>40.4329</lat>
<lon>-98.1049</lon>
<active>1</active>
</city>
<city>
<id>414173</id>
<name>Fairmont</name>
<state>NE</state>
<rating>5</rating>
<url>http://www.greatschools.org/city/Fairmont/NE</url>
<lat>40.6344</lat>
<lon>-97.5851</lon>
<active>1</active>
</city>
<city>
<id>414214</id>
<name>Falls City</name>
<state>NE</state>
<rating>6</rating>
<url>http://www.greatschools.org/city/Falls_City/NE</url>
<lat>40.0631</lat>
<lon>-95.6005</lon>
<active>1</active>
</city>
<city>
<id>442766</id>
<name>Farnam</name>
<state>NE</state>
<rating/>
<url>http://www.greatschools.org/city/Farnam/NE</url>
<lat>40.708</lat>
<lon>-100.216</lon>
<active>1</active>
</city>
<city>
<id>414428</id>
<name>Firth</name>
<state>NE</state>
<rating>9</rating>
<url>http://www.greatschools.org/city/Firth/NE</url>
<lat>40.536</lat>
<lon>-96.605</lon>
<active>1</active>
</city>
<city>
<id>414192</id>
<name>Fordyce</name>
<state>NE</state>
<rating/>
<url>http://www.greatschools.org/city/Fordyce/NE</url>
<lat>42.6979</lat>
<lon>-97.3621</lon>
<active>1</active>
</city>
<city>
<id>414323</id>
<name>Fort Calhoun</name>
<state>NE</state>
<rating>8</rating>
<url>http://www.greatschools.org/city/Fort_Calhoun/NE</url>
<lat>41.4565</lat>
<lon>-96.0251</lon>
<active>1</active>
</city>
<city>
<id>414445</id>
<name>Franklin</name>
<state>NE</state>
<rating/>
<url>http://www.greatschools.org/city/Franklin/NE</url>
<lat>40.0965</lat>
<lon>-98.9545</lon>
<active>1</active>
</city>
<city>
<id>414142</id>
<name>Fremont</name>
<state>NE</state>
<rating>4</rating>
<url>http://www.greatschools.org/city/Fremont/NE</url>
<lat>41.4399</lat>
<lon>-96.4903</lon>
<active>1</active>
</city>
<city>
<id>414424</id>
<name>Friend</name>
<state>NE</state>
<rating/>
<url>http://www.greatschools.org/city/Friend/NE</url>
<lat>40.6508</lat>
<lon>-97.2851</lon>
<active>1</active>
</city>
<city>
<id>414425</id>
<name>Fullerton</name>
<state>NE</state>
<rating/>
<url>http://www.greatschools.org/city/Fullerton/NE</url>
<lat>41.3623</lat>
<lon>-97.9715</lon>
<active>1</active>
</city>
<city>
<id>445292</id>
<name>Galahad</name>
<state>NE</state>
<rating/>
<url>http://www.greatschools.org/city/Galahad/NE</url>
<lat>52.4379</lat>
<lon>-111.792</lon>
<active>1</active>
</city>
<city>
<id>414180</id>
<name>Geneva</name>
<state>NE</state>
<rating/>
<url>http://www.greatschools.org/city/Geneva/NE</url>
<lat>40.5274</lat>
<lon>-97.5998</lon>
<active>1</active>
</city>
<city>
<id>414156</id>
<name>Genoa</name>
<state>NE</state>
<rating/>
<url>http://www.greatschools.org/city/Genoa/NE</url>
<lat>41.4491</lat>
<lon>-97.7304</lon>
<active>1</active>
</city>
<city>
<id>414350</id>
<name>Gering</name>
<state>NE</state>
<rating>4</rating>
<url>http://www.greatschools.org/city/Gering/NE</url>
<lat>41.8242</lat>
<lon>-103.666</lon>
<active>1</active>
</city>
<city>
<id>414322</id>
<name>Gibbon</name>
<state>NE</state>
<rating>5</rating>
<url>http://www.greatschools.org/city/Gibbon/NE</url>
<lat>40.7459</lat>
<lon>-98.8455</lon>
<active>1</active>
</city>
<city>
<id>414321</id>
<name>Giltner</name>
<state>NE</state>
<rating/>
<url>http://www.greatschools.org/city/Giltner/NE</url>
<lat>40.7741</lat>
<lon>-98.1554</lon>
<active>1</active>
</city>
<city>
<id>414090</id>
<name>Gordon</name>
<state>NE</state>
<rating/>
<url>http://www.greatschools.org/city/Gordon/NE</url>
<lat>42.8073</lat>
<lon>-102.204</lon>
<active>1</active>
</city>
<city>
<id>414135</id>
<name>Gothenburg</name>
<state>NE</state>
<rating>8</rating>
<url>http://www.greatschools.org/city/Gothenburg/NE</url>
<lat>40.9349</lat>
<lon>-100.158</lon>
<active>1</active>
</city>
<city>
<id>442765</id>
<name>Grainton</name>
<state>NE</state>
<rating/>
<url>http://www.greatschools.org/city/Grainton/NE</url>
<lat>40.8229</lat>
<lon>-101.288</lon>
<active>1</active>
</city>
<city>
<id>414125</id>
<name>Grand Island</name>
<state>NE</state>
<rating>4</rating>
<url>http://www.greatschools.org/city/Grand_Island/NE</url>
<lat>40.9237</lat>
<lon>-98.3594</lon>
<active>1</active>
</city>
<city>
<id>414086</id>
<name>Grant</name>
<state>NE</state>
<rating/>
<url>http://www.greatschools.org/city/Grant/NE</url>
<lat>40.8456</lat>
<lon>-101.726</lon>
<active>1</active>
</city>
<city>
<id>414116</id>
<name>Greeley</name>
<state>NE</state>
<rating/>
<url>http://www.greatschools.org/city/Greeley/NE</url>
<lat>41.5533</lat>
<lon>-98.5315</lon>
<active>1</active>
</city>
<city>
<id>442764</id>
<name>Greenwood</name>
<state>NE</state>
<rating/>
<url>http://www.greatschools.org/city/Greenwood/NE</url>
<lat>40.9613</lat>
<lon>-96.4424</lon>
<active>1</active>
</city>
<city>
<id>414088</id>
<name>Gretna</name>
<state>NE</state>
<rating>8</rating>
<url>http://www.greatschools.org/city/Gretna/NE</url>
<lat>41.1408</lat>
<lon>-96.2412</lon>
<active>1</active>
</city>
<city>
<id>414436</id>
<name>Gurley</name>
<state>NE</state>
<rating/>
<url>http://www.greatschools.org/city/Gurley/NE</url>
<lat>41.3217</lat>
<lon>-102.973</lon>
<active>1</active>
</city>
<city>
<id>414196</id>
<name>Hadar</name>
<state>NE</state>
<rating/>
<url>http://www.greatschools.org/city/Hadar/NE</url>
<lat>42.1044</lat>
<lon>-97.4507</lon>
<active>1</active>
</city>
<city>
<id>414431</id>
<name>Haigler</name>
<state>NE</state>
<rating/>
<url>http://www.greatschools.org/city/Haigler/NE</url>
<lat>40.0126</lat>
<lon>-101.94</lon>
<active>1</active>
</city>
<city>
<id>414263</id>
<name>Halsey</name>
<state>NE</state>
<rating/>
<url>http://www.greatschools.org/city/Halsey/NE</url>
<lat>41.9035</lat>
<lon>-100.27</lon>
<active>1</active>
</city>
<city>
<id>414198</id>
<name>Hampton</name>
<state>NE</state>
<rating/>
<url>http://www.greatschools.org/city/Hampton/NE</url>
<lat>40.8821</lat>
<lon>-97.8869</lon>
<active>1</active>
</city>
<city>
<id>414442</id>
<name>Harrisburg</name>
<state>NE</state>
<rating/>
<url>http://www.greatschools.org/city/Harrisburg/NE</url>
<lat>41.5556</lat>
<lon>-103.74</lon>
<active>1</active>
</city>
<city>
<id>414256</id>
<name>Harrison</name>
<state>NE</state>
<rating/>
<url>http://www.greatschools.org/city/Harrison/NE</url>
<lat>42.6885</lat>
<lon>-103.883</lon>
<active>1</active>
</city>
<city>
<id>414222</id>
<name>Hartington</name>
<state>NE</state>
<rating/>
<url>http://www.greatschools.org/city/Hartington/NE</url>
<lat>42.6198</lat>
<lon>-97.2647</lon>
<active>1</active>
</city>
<city>
<id>414320</id>
<name>Harvard</name>
<state>NE</state>
<rating/>
<url>http://www.greatschools.org/city/Harvard/NE</url>
<lat>40.6219</lat>
<lon>-98.0953</lon>
<active>1</active>
</city>
<city>
<id>414184</id>
<name>Hastings</name>
<state>NE</state>
<rating>5</rating>
<url>http://www.greatschools.org/city/Hastings/NE</url>
<lat>40.5891</lat>
<lon>-98.3923</lon>
<active>1</active>
</city>
<city>
<id>414129</id>
<name>Hay Springs</name>
<state>NE</state>
<rating/>
<url>http://www.greatschools.org/city/Hay_Springs/NE</url>
<lat>42.6835</lat>
<lon>-102.689</lon>
<active>1</active>
</city>
<city>
<id>414380</id>
<name>Hayes Center</name>
<state>NE</state>
<rating/>
<url>http://www.greatschools.org/city/Hayes_Center/NE</url>
<lat>40.5116</lat>
<lon>-101.02</lon>
<active>1</active>
</city>
<city>
<id>414362</id>
<name>Hazard</name>
<state>NE</state>
<rating/>
<url>http://www.greatschools.org/city/Hazard/NE</url>
<lat>41.0914</lat>
<lon>-99.0769</lon>
<active>1</active>
</city>
<city>
<id>414151</id>
<name>Hebron</name>
<state>NE</state>
<rating>5</rating>
<url>http://www.greatschools.org/city/Hebron/NE</url>
<lat>40.1684</lat>
<lon>-97.587</lon>
<active>1</active>
</city>
<city>
<id>414319</id>
<name>Hemingford</name>
<state>NE</state>
<rating/>
<url>http://www.greatschools.org/city/Hemingford/NE</url>
<lat>42.3193</lat>
<lon>-103.075</lon>
<active>1</active>
</city>
<city>
<id>414414</id>
<name>Henderson</name>
<state>NE</state>
<rating/>
<url>http://www.greatschools.org/city/Henderson/NE</url>
<lat>40.7806</lat>
<lon>-97.8112</lon>
<active>1</active>
</city>
<city>
<id>414439</id>
<name>Herman</name>
<state>NE</state>
<rating/>
<url>http://www.greatschools.org/city/Herman/NE</url>
<lat>41.6735</lat>
<lon>-96.217</lon>
<active>1</active>
</city>
<city>
<id>414318</id>
<name>Hershey</name>
<state>NE</state>
<rating>4</rating>
<url>http://www.greatschools.org/city/Hershey/NE</url>
<lat>41.1594</lat>
<lon>-101.002</lon>
<active>1</active>
</city>
<city>
<id>442763</id>
<name>Hickman</name>
<state>NE</state>
<rating/>
<url>http://www.greatschools.org/city/Hickman/NE</url>
<lat>40.6222</lat>
<lon>-96.6292</lon>
<active>1</active>
</city>
<city>
<id>414145</id>
<name>Hildreth</name>
<state>NE</state>
<rating/>
<url>http://www.greatschools.org/city/Hildreth/NE</url>
<lat>40.3366</lat>
<lon>-99.0445</lon>
<active>1</active>
</city>
<city>
<id>414109</id>
<name>Holdrege</name>
<state>NE</state>
<rating>8</rating>
<url>http://www.greatschools.org/city/Holdrege/NE</url>
<lat>40.4431</lat>
<lon>-99.3734</lon>
<active>1</active>
</city>
<city>
<id>414317</id>
<name>Homer</name>
<state>NE</state>
<rating/>
<url>http://www.greatschools.org/city/Homer/NE</url>
<lat>42.3223</lat>
<lon>-96.4921</lon>
<active>1</active>
</city>
<city>
<id>414203</id>
<name>Hooper</name>
<state>NE</state>
<rating/>
<url>http://www.greatschools.org/city/Hooper/NE</url>
<lat>41.6105</lat>
<lon>-96.5466</lon>
<active>1</active>
</city>
<city>
<id>414213</id>
<name>Hoskins</name>
<state>NE</state>
<rating/>
<url>http://www.greatschools.org/city/Hoskins/NE</url>
<lat>42.1118</lat>
<lon>-97.3054</lon>
<active>1</active>
</city>
<city>
<id>414223</id>
<name>Howells</name>
<state>NE</state>
<rating/>
<url>http://www.greatschools.org/city/Howells/NE</url>
<lat>41.7235</lat>
<lon>-97.0049</lon>
<active>1</active>
</city>
<city>
<id>414131</id>
<name>Humboldt</name>
<state>NE</state>
<rating/>
<url>http://www.greatschools.org/city/Humboldt/NE</url>
<lat>40.1665</lat>
<lon>-95.9456</lon>
<active>1</active>
</city>
<city>
<id>414138</id>
<name>Humphrey</name>
<state>NE</state>
<rating/>
<url>http://www.greatschools.org/city/Humphrey/NE</url>
<lat>41.6905</lat>
<lon>-97.4876</lon>
<active>1</active>
</city>
<city>
<id>414316</id>
<name>Hyannis</name>
<state>NE</state>
<rating/>
<url>http://www.greatschools.org/city/Hyannis/NE</url>
<lat>42.0006</lat>
<lon>-101.761</lon>
<active>1</active>
</city>
<city>
<id>414098</id>
<name>Imperial</name>
<state>NE</state>
<rating/>
<url>http://www.greatschools.org/city/Imperial/NE</url>
<lat>40.5206</lat>
<lon>-101.645</lon>
<active>1</active>
</city>
<city>
<id>414107</id>
<name>Indianola</name>
<state>NE</state>
<rating/>
<url>http://www.greatschools.org/city/Indianola/NE</url>
<lat>40.2361</lat>
<lon>-100.418</lon>
<active>1</active>
</city>
<city>
<id>414364</id>
<name>Inman</name>
<state>NE</state>
<rating/>
<url>http://www.greatschools.org/city/Inman/NE</url>
<lat>42.3809</lat>
<lon>-98.5313</lon>
<active>1</active>
</city>
<city>
<id>414315</id>
<name>Jackson</name>
<state>NE</state>
<rating/>
<url>http://www.greatschools.org/city/Jackson/NE</url>
<lat>42.4487</lat>
<lon>-96.566</lon>
<active>1</active>
</city>
<city>
<id>442762</id>
<name>Jansen</name>
<state>NE</state>
<rating/>
<url>http://www.greatschools.org/city/Jansen/NE</url>
<lat>40.1864</lat>
<lon>-97.0834</lon>
<active>1</active>
</city>
<city>
<id>414314</id>
<name>Johnson</name>
<state>NE</state>
<rating/>
<url>http://www.greatschools.org/city/Johnson/NE</url>
<lat>40.4107</lat>
<lon>-95.9995</lon>
<active>1</active>
</city>
<city>
<id>414200</id>
<name>Juniata</name>
<state>NE</state>
<rating/>
<url>http://www.greatschools.org/city/Juniata/NE</url>
<lat>40.5898</lat>
<lon>-98.507</lon>
<active>1</active>
</city>
<city>
<id>414102</id>
<name>Kearney</name>
<state>NE</state>
<rating>5</rating>
<url>http://www.greatschools.org/city/Kearney/NE</url>
<lat>40.7037</lat>
<lon>-99.0854</lon>
<active>1</active>
</city>
<city>
<id>414313</id>
<name>Kenesaw</name>
<state>NE</state>
<rating/>
<url>http://www.greatschools.org/city/Kenesaw/NE</url>
<lat>40.6224</lat>
<lon>-98.6569</lon>
<active>1</active>
</city>
<city>
<id>442761</id>
<name>Kennard</name>
<state>NE</state>
<rating/>
<url>http://www.greatschools.org/city/Kennard/NE</url>
<lat>41.4751</lat>
<lon>-96.2035</lon>
<active>1</active>
</city>
<city>
<id>414390</id>
<name>Kilgore</name>
<state>NE</state>
<rating/>
<url>http://www.greatschools.org/city/Kilgore/NE</url>
<lat>42.9391</lat>
<lon>-100.956</lon>
<active>1</active>
</city>
<city>
<id>414311</id>
<name>Kimball</name>
<state>NE</state>
<rating>5</rating>
<url>http://www.greatschools.org/city/Kimball/NE</url>
<lat>41.2332</lat>
<lon>-103.658</lon>
<active>1</active>
</city>
<city>
<id>445293</id>
<name>Kokomo</name>
<state>NE</state>
<rating/>
<url>http://www.greatschools.org/city/Kokomo/NE</url>
<lat>40.4711</lat>
<lon>-86.1629</lon>
<active>1</active>
</city>
<city>
<id>414128</id>
<name>La Vista</name>
<state>NE</state>
<rating>7</rating>
<url>http://www.greatschools.org/city/La_Vista/NE</url>
<lat>41.1839</lat>
<lon>-96.0362</lon>
<active>1</active>
</city>
<city>
<id>414335</id>
<name>Lakeside</name>
<state>NE</state>
<rating/>
<url>http://www.greatschools.org/city/Lakeside/NE</url>
<lat>42.0698</lat>
<lon>-102.405</lon>
<active>1</active>
</city>
<city>
<id>414458</id>
<name>Laurel</name>
<state>NE</state>
<rating/>
<url>http://www.greatschools.org/city/Laurel/NE</url>
<lat>42.4267</lat>
<lon>-97.0923</lon>
<active>1</active>
</city>
<city>
<id>414168</id>
<name>Lawrence</name>
<state>NE</state>
<rating/>
<url>http://www.greatschools.org/city/Lawrence/NE</url>
<lat>40.2915</lat>
<lon>-98.2601</lon>
<active>1</active>
</city>
<city>
<id>414310</id>
<name>Leigh</name>
<state>NE</state>
<rating/>
<url>http://www.greatschools.org/city/Leigh/NE</url>
<lat>41.7057</lat>
<lon>-97.2371</lon>
<active>1</active>
</city>
<city>
<id>414092</id>
<name>Lewellen</name>
<state>NE</state>
<rating/>
<url>http://www.greatschools.org/city/Lewellen/NE</url>
<lat>41.3305</lat>
<lon>-102.144</lon>
<active>1</active>
</city>
<city>
<id>414309</id>
<name>Lewiston</name>
<state>NE</state>
<rating/>
<url>http://www.greatschools.org/city/Lewiston/NE</url>
<lat>40.2434</lat>
<lon>-96.4058</lon>
<active>1</active>
</city>
<city>
<id>414308</id>
<name>Lexington</name>
<state>NE</state>
<rating/>
<url>http://www.greatschools.org/city/Lexington/NE</url>
<lat>40.7817</lat>
<lon>-99.7455</lon>
<active>1</active>
</city>
<city>
<id>414089</id>
<name>Lincoln</name>
<state>NE</state>
<rating>5</rating>
<url>http://www.greatschools.org/city/Lincoln/NE</url>
<lat>40.806</lat>
<lon>-96.6736</lon>
<active>1</active>
</city>
<city>
<id>414229</id>
<name>Lindsay</name>
<state>NE</state>
<rating/>
<url>http://www.greatschools.org/city/Lindsay/NE</url>
<lat>41.7012</lat>
<lon>-97.6943</lon>
<active>1</active>
</city>
<city>
<id>414307</id>
<name>Litchfield</name>
<state>NE</state>
<rating/>
<url>http://www.greatschools.org/city/Litchfield/NE</url>
<lat>41.1572</lat>
<lon>-99.1538</lon>
<active>1</active>
</city>
<city>
<id>414119</id>
<name>Lodgepole</name>
<state>NE</state>
<rating/>
<url>http://www.greatschools.org/city/Lodgepole/NE</url>
<lat>41.1496</lat>
<lon>-102.639</lon>
<active>1</active>
</city>
<city>
<id>414306</id>
<name>Loomis</name>
<state>NE</state>
<rating/>
<url>http://www.greatschools.org/city/Loomis/NE</url>
<lat>40.4769</lat>
<lon>-99.5087</lon>
<active>1</active>
</city>
<city>
<id>414161</id>
<name>Louisville</name>
<state>NE</state>
<rating>8</rating>
<url>http://www.greatschools.org/city/Louisville/NE</url>
<lat>40.9986</lat>
<lon>-96.1592</lon>
<active>1</active>
</city>
<city>
<id>414305</id>
<name>Loup City</name>
<state>NE</state>
<rating/>
<url>http://www.greatschools.org/city/Loup_City/NE</url>
<lat>41.2775</lat>
<lon>-98.9666</lon>
<active>1</active>
</city>
<city>
<id>414374</id>
<name>Lyman</name>
<state>NE</state>
<rating/>
<url>http://www.greatschools.org/city/Lyman/NE</url>
<lat>41.9163</lat>
<lon>-104.039</lon>
<active>1</active>
</city>
<city>
<id>414120</id>
<name>Lynch</name>
<state>NE</state>
<rating/>
<url>http://www.greatschools.org/city/Lynch/NE</url>
<lat>42.8306</lat>
<lon>-98.4674</lon>
<active>1</active>
</city>
<city>
<id>414303</id>
<name>Lyons</name>
<state>NE</state>
<rating/>
<url>http://www.greatschools.org/city/Lyons/NE</url>
<lat>41.9365</lat>
<lon>-96.473</lon>
<active>1</active>
</city>
<city>
<id>414130</id>
<name>Macy</name>
<state>NE</state>
<rating/>
<url>http://www.greatschools.org/city/Macy/NE</url>
<lat>42.1159</lat>
<lon>-96.3624</lon>
<active>1</active>
</city>
<city>
<id>414182</id>
<name>Madison</name>
<state>NE</state>
<rating/>
<url>http://www.greatschools.org/city/Madison/NE</url>
<lat>41.8284</lat>
<lon>-97.4555</lon>
<active>1</active>
</city>
<city>
<id>414087</id>
<name>Madrid</name>
<state>NE</state>
<rating/>
<url>http://www.greatschools.org/city/Madrid/NE</url>
<lat>40.849</lat>
<lon>-101.542</lon>
<active>1</active>
</city>
<city>
<id>414301</id>
<name>Malcolm</name>
<state>NE</state>
<rating>6</rating>
<url>http://www.greatschools.org/city/Malcolm/NE</url>
<lat>40.9098</lat>
<lon>-96.8671</lon>
<active>1</active>
</city>
<city>
<id>442760</id>
<name>Marquette</name>
<state>NE</state>
<rating/>
<url>http://www.greatschools.org/city/Marquette/NE</url>
<lat>41.0062</lat>
<lon>-98.0102</lon>
<active>1</active>
</city>
<city>
<id>414356</id>
<name>Marsland</name>
<state>NE</state>
<rating/>
<url>http://www.greatschools.org/city/Marsland/NE</url>
<lat>42.4821</lat>
<lon>-103.262</lon>
<active>1</active>
</city>
<city>
<id>414449</id>
<name>Maxwell</name>
<state>NE</state>
<rating/>
<url>http://www.greatschools.org/city/Maxwell/NE</url>
<lat>41.0779</lat>
<lon>-100.525</lon>
<active>1</active>
</city>
<city>
<id>414299</id>
<name>Maywood</name>
<state>NE</state>
<rating/>
<url>http://www.greatschools.org/city/Maywood/NE</url>
<lat>40.6582</lat>
<lon>-100.623</lon>
<active>1</active>
</city>
<city>
<id>414150</id>
<name>McCook</name>
<state>NE</state>
<rating>7</rating>
<url>http://www.greatschools.org/city/McCook/NE</url>
<lat>40.2063</lat>
<lon>-100.626</lon>
<active>1</active>
</city>
<city>
<id>414298</id>
<name>McCool Junction</name>
<state>NE</state>
<rating/>
<url>http://www.greatschools.org/city/McCool_Junction/NE</url>
<lat>40.7441</lat>
<lon>-97.5968</lon>
<active>1</active>
</city>
<city>
<id>414296</id>
<name>Mead</name>
<state>NE</state>
<rating/>
<url>http://www.greatschools.org/city/Mead/NE</url>
<lat>41.227</lat>
<lon>-96.4892</lon>
<active>1</active>
</city>
<city>
<id>414456</id>
<name>Merna</name>
<state>NE</state>
<rating/>
<url>http://www.greatschools.org/city/Merna/NE</url>
<lat>41.4848</lat>
<lon>-99.7623</lon>
<active>1</active>
</city>
<city>
<id>414293</id>
<name>Merriman</name>
<state>NE</state>
<rating/>
<url>http://www.greatschools.org/city/Merriman/NE</url>
<lat>42.9193</lat>
<lon>-101.703</lon>
<active>1</active>
</city>
<city>
<id>414292</id>
<name>Milford</name>
<state>NE</state>
<rating>8</rating>
<url>http://www.greatschools.org/city/Milford/NE</url>
<lat>40.7727</lat>
<lon>-97.0526</lon>
<active>1</active>
</city>
<city>
<id>414146</id>
<name>Milligan</name>
<state>NE</state>
<rating/>
<url>http://www.greatschools.org/city/Milligan/NE</url>
<lat>40.501</lat>
<lon>-97.3871</lon>
<active>1</active>
</city>
<city>
<id>414290</id>
<name>Minatare</name>
<state>NE</state>
<rating/>
<url>http://www.greatschools.org/city/Minatare/NE</url>
<lat>41.8113</lat>
<lon>-103.503</lon>
<active>1</active>
</city>
<city>
<id>414111</id>
<name>Minden</name>
<state>NE</state>
<rating/>
<url>http://www.greatschools.org/city/Minden/NE</url>
<lat>40.496</lat>
<lon>-98.9507</lon>
<active>1</active>
</city>
<city>
<id>414289</id>
<name>Mitchell</name>
<state>NE</state>
<rating>7</rating>
<url>http://www.greatschools.org/city/Mitchell/NE</url>
<lat>41.9429</lat>
<lon>-103.81</lon>
<active>1</active>
</city>
<city>
<id>414344</id>
<name>Morrill</name>
<state>NE</state>
<rating/>
<url>http://www.greatschools.org/city/Morrill/NE</url>
<lat>41.9651</lat>
<lon>-103.926</lon>
<active>1</active>
</city>
<city>
<id>442759</id>
<name>Morse Bluff</name>
<state>NE</state>
<rating/>
<url>http://www.greatschools.org/city/Morse_Bluff/NE</url>
<lat>41.4311</lat>
<lon>-96.7664</lon>
<active>1</active>
</city>
<city>
<id>414288</id>
<name>Mullen</name>
<state>NE</state>
<rating/>
<url>http://www.greatschools.org/city/Mullen/NE</url>
<lat>42.0424</lat>
<lon>-101.046</lon>
<active>1</active>
</city>
<city>
<id>414412</id>
<name>Murdock</name>
<state>NE</state>
<rating/>
<url>http://www.greatschools.org/city/Murdock/NE</url>
<lat>40.9261</lat>
<lon>-96.2811</lon>
<active>1</active>
</city>
<city>
<id>414287</id>
<name>Murray</name>
<state>NE</state>
<rating>6</rating>
<url>http://www.greatschools.org/city/Murray/NE</url>
<lat>40.9168</lat>
<lon>-95.9285</lon>
<active>1</active>
</city>
<city>
<id>414174</id>
<name>Nebraska City</name>
<state>NE</state>
<rating>4</rating>
<url>http://www.greatschools.org/city/Nebraska_City/NE</url>
<lat>40.6774</lat>
<lon>-95.8609</lon>
<active>1</active>
</city>
<city>
<id>414141</id>
<name>Nehawka</name>
<state>NE</state>
<rating/>
<url>http://www.greatschools.org/city/Nehawka/NE</url>
<lat>40.8305</lat>
<lon>-95.9899</lon>
<active>1</active>
</city>
<city>
<id>414235</id>
<name>Neligh</name>
<state>NE</state>
<rating/>
<url>http://www.greatschools.org/city/Neligh/NE</url>
<lat>42.1301</lat>
<lon>-98.0277</lon>
<active>1</active>
</city>
<city>
<id>414169</id>
<name>Nelson</name>
<state>NE</state>
<rating/>
<url>http://www.greatschools.org/city/Nelson/NE</url>
<lat>40.2016</lat>
<lon>-98.0683</lon>
<active>1</active>
</city>
<city>
<id>414342</id>
<name>Nenzel</name>
<state>NE</state>
<rating/>
<url>http://www.greatschools.org/city/Nenzel/NE</url>
<lat>42.9254</lat>
<lon>-101.101</lon>
<active>1</active>
</city>
<city>
<id>414285</id>
<name>Newcastle</name>
<state>NE</state>
<rating/>
<url>http://www.greatschools.org/city/Newcastle/NE</url>
<lat>42.6519</lat>
<lon>-96.8756</lon>
<active>1</active>
</city>
<city>
<id>414284</id>
<name>Newman Grove</name>
<state>NE</state>
<rating/>
<url>http://www.greatschools.org/city/Newman_Grove/NE</url>
<lat>41.7475</lat>
<lon>-97.7783</lon>
<active>1</active>
</city>
<city>
<id>414370</id>
<name>Newport</name>
<state>NE</state>
<rating/>
<url>http://www.greatschools.org/city/Newport/NE</url>
<lat>42.5999</lat>
<lon>-99.3283</lon>
<active>1</active>
</city>
<city>
<id>442758</id>
<name>Nickerson</name>
<state>NE</state>
<rating/>
<url>http://www.greatschools.org/city/Nickerson/NE</url>
<lat>41.5351</lat>
<lon>-96.4739</lon>
<active>1</active>
</city>
<city>
<id>414110</id>
<name>Niobrara</name>
<state>NE</state>
<rating/>
<url>http://www.greatschools.org/city/Niobrara/NE</url>
<lat>42.748</lat>
<lon>-98.0303</lon>
<active>1</active>
</city>
<city>
<id>414101</id>
<name>Norfolk</name>
<state>NE</state>
<rating>5</rating>
<url>http://www.greatschools.org/city/Norfolk/NE</url>
<lat>42.0351</lat>
<lon>-97.4216</lon>
<active>1</active>
</city>
<city>
<id>414416</id>
<name>North Bend</name>
<state>NE</state>
<rating>5</rating>
<url>http://www.greatschools.org/city/North_Bend/NE</url>
<lat>41.4653</lat>
<lon>-96.7818</lon>
<active>1</active>
</city>
<city>
<id>414283</id>
<name>North Loup</name>
<state>NE</state>
<rating/>
<url>http://www.greatschools.org/city/North_Loup/NE</url>
<lat>41.4951</lat>
<lon>-98.7728</lon>
<active>1</active>
</city>
<city>
<id>414100</id>
<name>North Platte</name>
<state>NE</state>
<rating/>
<url>http://www.greatschools.org/city/North_Platte/NE</url>
<lat>41.1344</lat>
<lon>-100.774</lon>
<active>1</active>
</city>
<city>
<id>414186</id>
<name>O'Neill</name>
<state>NE</state>
<rating>5</rating>
<url>http://www.greatschools.org/city/O'Neill/NE</url>
<lat>42.4616</lat>
<lon>-98.6478</lon>
<active>1</active>
</city>
<city>
<id>442757</id>
<name>Oakdale</name>
<state>NE</state>
<rating/>
<url>http://www.greatschools.org/city/Oakdale/NE</url>
<lat>42.0696</lat>
<lon>-97.9681</lon>
<active>1</active>
</city>
<city>
<id>414281</id>
<name>Oakland</name>
<state>NE</state>
<rating/>
<url>http://www.greatschools.org/city/Oakland/NE</url>
<lat>41.8357</lat>
<lon>-96.4649</lon>
<active>1</active>
</city>
<city>
<id>414280</id>
<name>Oconto</name>
<state>NE</state>
<rating/>
<url>http://www.greatschools.org/city/Oconto/NE</url>
<lat>41.1421</lat>
<lon>-99.7618</lon>
<active>1</active>
</city>
<city>
<id>414164</id>
<name>Odell</name>
<state>NE</state>
<rating/>
<url>http://www.greatschools.org/city/Odell/NE</url>
<lat>40.0501</lat>
<lon>-96.801</lon>
<active>1</active>
</city>
<city>
<id>445294</id>
<name>Offutt Air Force Base</name>
<state>NE</state>
<rating/>
<url>http://www.greatschools.org/city/Offutt_Air_Force_Base/NE</url>
<lat>41.1288</lat>
<lon>-95.9198</lon>
<active>1</active>
</city>
<city>
<id>414201</id>
<name>Ogallala</name>
<state>NE</state>
<rating>6</rating>
<url>http://www.greatschools.org/city/Ogallala/NE</url>
<lat>41.1315</lat>
<lon>-101.72</lon>
<active>1</active>
</city>
<city>
<id>414085</id>
<name>Omaha</name>
<state>NE</state>
<rating>5</rating>
<url>http://www.greatschools.org/city/Omaha/NE</url>
<lat>41.2578</lat>
<lon>-96.0283</lon>
<active>1</active>
</city>
<city>
<id>414178</id>
<name>Orchard</name>
<state>NE</state>
<rating/>
<url>http://www.greatschools.org/city/Orchard/NE</url>
<lat>42.3371</lat>
<lon>-98.2399</lon>
<active>1</active>
</city>
<city>
<id>414183</id>
<name>Ord</name>
<state>NE</state>
<rating/>
<url>http://www.greatschools.org/city/Ord/NE</url>
<lat>41.6021</lat>
<lon>-98.9323</lon>
<active>1</active>
</city>
<city>
<id>414421</id>
<name>Orleans</name>
<state>NE</state>
<rating/>
<url>http://www.greatschools.org/city/Orleans/NE</url>
<lat>40.1315</lat>
<lon>-99.4549</lon>
<active>1</active>
</city>
<city>
<id>414123</id>
<name>Osceola</name>
<state>NE</state>
<rating/>
<url>http://www.greatschools.org/city/Osceola/NE</url>
<lat>41.1776</lat>
<lon>-97.5485</lon>
<active>1</active>
</city>
<city>
<id>414093</id>
<name>Oshkosh</name>
<state>NE</state>
<rating/>
<url>http://www.greatschools.org/city/Oshkosh/NE</url>
<lat>41.4084</lat>
<lon>-102.347</lon>
<active>1</active>
</city>
<city>
<id>414139</id>
<name>Osmond</name>
<state>NE</state>
<rating/>
<url>http://www.greatschools.org/city/Osmond/NE</url>
<lat>42.361</lat>
<lon>-97.598</lon>
<active>1</active>
</city>
<city>
<id>414279</id>
<name>Overton</name>
<state>NE</state>
<rating/>
<url>http://www.greatschools.org/city/Overton/NE</url>
<lat>40.7411</lat>
<lon>-99.5376</lon>
<active>1</active>
</city>
<city>
<id>414420</id>
<name>Oxford</name>
<state>NE</state>
<rating>7</rating>
<url>http://www.greatschools.org/city/Oxford/NE</url>
<lat>40.2529</lat>
<lon>-99.6336</lon>
<active>1</active>
</city>
<city>
<id>414383</id>
<name>Page</name>
<state>NE</state>
<rating/>
<url>http://www.greatschools.org/city/Page/NE</url>
<lat>42.4007</lat>
<lon>-98.4182</lon>
<active>1</active>
</city>
<city>
<id>414453</id>
<name>Palisade</name>
<state>NE</state>
<rating/>
<url>http://www.greatschools.org/city/Palisade/NE</url>
<lat>40.3488</lat>
<lon>-101.107</lon>
<active>1</active>
</city>
<city>
<id>414427</id>
<name>Palmer</name>
<state>NE</state>
<rating/>
<url>http://www.greatschools.org/city/Palmer/NE</url>
<lat>41.2222</lat>
<lon>-98.2575</lon>
<active>1</active>
</city>
<city>
<id>414277</id>
<name>Palmyra</name>
<state>NE</state>
<rating/>
<url>http://www.greatschools.org/city/Palmyra/NE</url>
<lat>40.706</lat>
<lon>-96.3914</lon>
<active>1</active>
</city>
<city>
<id>414105</id>
<name>Papillion</name>
<state>NE</state>
<rating>7</rating>
<url>http://www.greatschools.org/city/Papillion/NE</url>
<lat>41.1545</lat>
<lon>-96.0386</lon>
<active>1</active>
</city>
<city>
<id>414276</id>
<name>Pawnee City</name>
<state>NE</state>
<rating/>
<url>http://www.greatschools.org/city/Pawnee_City/NE</url>
<lat>40.1106</lat>
<lon>-96.1526</lon>
<active>1</active>
</city>
<city>
<id>414275</id>
<name>Paxton</name>
<state>NE</state>
<rating/>
<url>http://www.greatschools.org/city/Paxton/NE</url>
<lat>41.1257</lat>
<lon>-101.356</lon>
<active>1</active>
</city>
<city>
<id>414274</id>
<name>Pender</name>
<state>NE</state>
<rating/>
<url>http://www.greatschools.org/city/Pender/NE</url>
<lat>42.1113</lat>
<lon>-96.7103</lon>
<active>1</active>
</city>
<city>
<id>442755</id>
<name>Peru</name>
<state>NE</state>
<rating/>
<url>http://www.greatschools.org/city/Peru/NE</url>
<lat>40.4787</lat>
<lon>-95.7314</lon>
<active>1</active>
</city>
<city>
<id>414162</id>
<name>Petersburg</name>
<state>NE</state>
<rating>6</rating>
<url>http://www.greatschools.org/city/Petersburg/NE</url>
<lat>41.8531</lat>
<lon>-98.0793</lon>
<active>1</active>
</city>
<city>
<id>442754</id>
<name>Phillips</name>
<state>NE</state>
<rating/>
<url>http://www.greatschools.org/city/Phillips/NE</url>
<lat>40.8983</lat>
<lon>-98.214</lon>
<active>1</active>
</city>
<city>
<id>442753</id>
<name>Pickrell</name>
<state>NE</state>
<rating/>
<url>http://www.greatschools.org/city/Pickrell/NE</url>
<lat>40.3779</lat>
<lon>-96.7294</lon>
<active>1</active>
</city>
<city>
<id>414211</id>
<name>Pierce</name>
<state>NE</state>
<rating>5</rating>
<url>http://www.greatschools.org/city/Pierce/NE</url>
<lat>42.1984</lat>
<lon>-97.5296</lon>
<active>1</active>
</city>
<city>
<id>414457</id>
<name>Pilger</name>
<state>NE</state>
<rating/>
<url>http://www.greatschools.org/city/Pilger/NE</url>
<lat>42.0074</lat>
<lon>-97.0532</lon>
<active>1</active>
</city>
<city>
<id>414210</id>
<name>Plainview</name>
<state>NE</state>
<rating/>
<url>http://www.greatschools.org/city/Plainview/NE</url>
<lat>42.3525</lat>
<lon>-97.789</lon>
<active>1</active>
</city>
<city>
<id>414417</id>
<name>Platte Center</name>
<state>NE</state>
<rating/>
<url>http://www.greatschools.org/city/Platte_Center/NE</url>
<lat>41.5387</lat>
<lon>-97.4879</lon>
<active>1</active>
</city>
<city>
<id>414215</id>
<name>Plattsmouth</name>
<state>NE</state>
<rating>4</rating>
<url>http://www.greatschools.org/city/Plattsmouth/NE</url>
<lat>41.0067</lat>
<lon>-95.8923</lon>
<active>1</active>
</city>
<city>
<id>414291</id>
<name>Pleasant Dale</name>
<state>NE</state>
<rating/>
<url>http://www.greatschools.org/city/Pleasant_Dale/NE</url>
<lat>40.7917</lat>
<lon>-96.9327</lon>
<active>1</active>
</city>
<city>
<id>414272</id>
<name>Pleasanton</name>
<state>NE</state>
<rating/>
<url>http://www.greatschools.org/city/Pleasanton/NE</url>
<lat>40.9697</lat>
<lon>-99.0876</lon>
<active>1</active>
</city>
<city>
<id>414194</id>
<name>Plymouth</name>
<state>NE</state>
<rating/>
<url>http://www.greatschools.org/city/Plymouth/NE</url>
<lat>40.3035</lat>
<lon>-96.9894</lon>
<active>1</active>
</city>
<city>
<id>414167</id>
<name>Polk</name>
<state>NE</state>
<rating/>
<url>http://www.greatschools.org/city/Polk/NE</url>
<lat>41.0752</lat>
<lon>-97.7856</lon>
<active>1</active>
</city>
<city>
<id>414271</id>
<name>Ponca</name>
<state>NE</state>
<rating/>
<url>http://www.greatschools.org/city/Ponca/NE</url>
<lat>42.5647</lat>
<lon>-96.7096</lon>
<active>1</active>
</city>
<city>
<id>414270</id>
<name>Potter</name>
<state>NE</state>
<rating/>
<url>http://www.greatschools.org/city/Potter/NE</url>
<lat>41.2182</lat>
<lon>-103.315</lon>
<active>1</active>
</city>
<city>
<id>414446</id>
<name>Prague</name>
<state>NE</state>
<rating/>
<url>http://www.greatschools.org/city/Prague/NE</url>
<lat>41.3099</lat>
<lon>-96.8074</lon>
<active>1</active>
</city>
<city>
<id>414233</id>
<name>Ralston</name>
<state>NE</state>
<rating>3</rating>
<url>http://www.greatschools.org/city/Ralston/NE</url>
<lat>41.1993</lat>
<lon>-96.0359</lon>
<active>1</active>
</city>
<city>
<id>414268</id>
<name>Randolph</name>
<state>NE</state>
<rating/>
<url>http://www.greatschools.org/city/Randolph/NE</url>
<lat>42.3775</lat>
<lon>-97.3564</lon>
<active>1</active>
</city>
<city>
<id>414267</id>
<name>Ravenna</name>
<state>NE</state>
<rating/>
<url>http://www.greatschools.org/city/Ravenna/NE</url>
<lat>41.0282</lat>
<lon>-98.914</lon>
<active>1</active>
</city>
<city>
<id>414394</id>
<name>Raymond</name>
<state>NE</state>
<rating>7</rating>
<url>http://www.greatschools.org/city/Raymond/NE</url>
<lat>40.9568</lat>
<lon>-96.7816</lon>
<active>1</active>
</city>
<city>
<id>414266</id>
<name>Red Cloud</name>
<state>NE</state>
<rating/>
<url>http://www.greatschools.org/city/Red_Cloud/NE</url>
<lat>40.0896</lat>
<lon>-98.5226</lon>
<active>1</active>
</city>
<city>
<id>414385</id>
<name>Richland</name>
<state>NE</state>
<rating/>
<url>http://www.greatschools.org/city/Richland/NE</url>
<lat>41.4366</lat>
<lon>-97.2136</lon>
<active>1</active>
</city>
<city>
<id>414265</id>
<name>Rising City</name>
<state>NE</state>
<rating/>
<url>http://www.greatschools.org/city/Rising_City/NE</url>
<lat>41.1976</lat>
<lon>-97.2966</lon>
<active>1</active>
</city>
<city>
<id>414372</id>
<name>Riverdale</name>
<state>NE</state>
<rating/>
<url>http://www.greatschools.org/city/Riverdale/NE</url>
<lat>40.7845</lat>
<lon>-99.1617</lon>
<active>1</active>
</city>
<city>
<id>414185</id>
<name>Roca</name>
<state>NE</state>
<rating/>
<url>http://www.greatschools.org/city/Roca/NE</url>
<lat>40.6583</lat>
<lon>-96.6612</lon>
<active>1</active>
</city>
<city>
<id>414345</id>
<name>Rose</name>
<state>NE</state>
<rating/>
<url>http://www.greatschools.org/city/Rose/NE</url>
<lat>42.1799</lat>
<lon>-99.5296</lon>
<active>1</active>
</city>
<city>
<id>414444</id>
<name>Roseland</name>
<state>NE</state>
<rating/>
<url>http://www.greatschools.org/city/Roseland/NE</url>
<lat>40.4711</lat>
<lon>-98.558</lon>
<active>1</active>
</city>
<city>
<id>442752</id>
<name>Rulo</name>
<state>NE</state>
<rating/>
<url>http://www.greatschools.org/city/Rulo/NE</url>
<lat>40.0514</lat>
<lon>-95.4295</lon>
<active>1</active>
</city>
<city>
<id>414091</id>
<name>Rushville</name>
<state>NE</state>
<rating/>
<url>http://www.greatschools.org/city/Rushville/NE</url>
<lat>42.715</lat>
<lon>-102.461</lon>
<active>1</active>
</city>
<city>
<id>446181</id>
<name>Saint Libory</name>
<state>NE</state>
<rating/>
<url>http://www.greatschools.org/city/Saint_Libory/NE</url>
<lat>41.0979</lat>
<lon>-98.2691</lon>
<active>1</active>
</city>
<city>
<id>414261</id>
<name>Sargent</name>
<state>NE</state>
<rating/>
<url>http://www.greatschools.org/city/Sargent/NE</url>
<lat>41.6416</lat>
<lon>-99.3722</lon>
<active>1</active>
</city>
<city>
<id>414260</id>
<name>Schuyler</name>
<state>NE</state>
<rating/>
<url>http://www.greatschools.org/city/Schuyler/NE</url>
<lat>41.4495</lat>
<lon>-97.0597</lon>
<active>1</active>
</city>
<city>
<id>414282</id>
<name>Scotia</name>
<state>NE</state>
<rating/>
<url>http://www.greatschools.org/city/Scotia/NE</url>
<lat>41.4674</lat>
<lon>-98.7027</lon>
<active>1</active>
</city>
<city>
<id>414133</id>
<name>Scottsbluff</name>
<state>NE</state>
<rating>5</rating>
<url>http://www.greatschools.org/city/Scottsbluff/NE</url>
<lat>41.8671</lat>
<lon>-103.661</lon>
<active>1</active>
</city>
<city>
<id>414434</id>
<name>Scribner</name>
<state>NE</state>
<rating/>
<url>http://www.greatschools.org/city/Scribner/NE</url>
<lat>41.6653</lat>
<lon>-96.6626</lon>
<active>1</active>
</city>
<city>
<id>414137</id>
<name>Seward</name>
<state>NE</state>
<rating>8</rating>
<url>http://www.greatschools.org/city/Seward/NE</url>
<lat>40.9144</lat>
<lon>-97.0935</lon>
<active>1</active>
</city>
<city>
<id>414259</id>
<name>Shelby</name>
<state>NE</state>
<rating/>
<url>http://www.greatschools.org/city/Shelby/NE</url>
<lat>41.194</lat>
<lon>-97.427</lon>
<active>1</active>
</city>
<city>
<id>414193</id>
<name>Shelton</name>
<state>NE</state>
<rating/>
<url>http://www.greatschools.org/city/Shelton/NE</url>
<lat>40.7769</lat>
<lon>-98.732</lon>
<active>1</active>
</city>
<city>
<id>414258</id>
<name>Shickley</name>
<state>NE</state>
<rating/>
<url>http://www.greatschools.org/city/Shickley/NE</url>
<lat>40.4163</lat>
<lon>-97.7235</lon>
<active>1</active>
</city>
<city>
<id>414257</id>
<name>Sidney</name>
<state>NE</state>
<rating>6</rating>
<url>http://www.greatschools.org/city/Sidney/NE</url>
<lat>41.139</lat>
<lon>-102.981</lon>
<active>1</active>
</city>
<city>
<id>414155</id>
<name>Silver Creek</name>
<state>NE</state>
<rating/>
<url>http://www.greatschools.org/city/Silver_Creek/NE</url>
<lat>41.316</lat>
<lon>-97.6655</lon>
<active>1</active>
</city>
<city>
<id>446182</id>
<name>So Sioux City</name>
<state>NE</state>
<rating/>
<url>http://www.greatschools.org/city/So_Sioux_City/NE</url>
<lat>42.4619</lat>
<lon>-96.4025</lon>
<active>1</active>
</city>
<city>
<id>414099</id>
<name>South Sioux City</name>
<state>NE</state>
<rating>3</rating>
<url>http://www.greatschools.org/city/South_Sioux_City/NE</url>
<lat>42.4686</lat>
<lon>-96.4112</lon>
<active>1</active>
</city>
<city>
<id>414218</id>
<name>Spalding</name>
<state>NE</state>
<rating/>
<url>http://www.greatschools.org/city/Spalding/NE</url>
<lat>41.6894</lat>
<lon>-98.3638</lon>
<active>1</active>
</city>
<city>
<id>414157</id>
<name>Spencer</name>
<state>NE</state>
<rating/>
<url>http://www.greatschools.org/city/Spencer/NE</url>
<lat>42.8744</lat>
<lon>-98.7013</lon>
<active>1</active>
</city>
<city>
<id>445296</id>
<name>Spokane</name>
<state>NE</state>
<rating/>
<url>http://www.greatschools.org/city/Spokane/NE</url>
<lat>47.7059</lat>
<lon>-117.424</lon>
<active>1</active>
</city>
<city>
<id>414273</id>
<name>Springfield</name>
<state>NE</state>
<rating>7</rating>
<url>http://www.greatschools.org/city/Springfield/NE</url>
<lat>41.0842</lat>
<lon>-96.131</lon>
<active>1</active>
</city>
<city>
<id>414312</id>
<name>Springview</name>
<state>NE</state>
<rating/>
<url>http://www.greatschools.org/city/Springview/NE</url>
<lat>42.824</lat>
<lon>-99.7485</lon>
<active>1</active>
</city>
<city>
<id>446183</id>
<name>St Edward</name>
<state>NE</state>
<rating/>
<url>http://www.greatschools.org/city/St_Edward/NE</url>
<lat>41.5718</lat>
<lon>-97.861</lon>
<active>1</active>
</city>
<city>
<id>446184</id>
<name>St Libory</name>
<state>NE</state>
<rating/>
<url>http://www.greatschools.org/city/St_Libory/NE</url>
<lat>41.0949</lat>
<lon>-98.3625</lon>
<active>1</active>
</city>
<city>
<id>446185</id>
<name>St Paul</name>
<state>NE</state>
<rating/>
<url>http://www.greatschools.org/city/St_Paul/NE</url>
<lat>41.2131</lat>
<lon>-98.4653</lon>
<active>1</active>
</city>
<city>
<id>414254</id>
<name>St. Edward</name>
<state>NE</state>
<rating/>
<url>http://www.greatschools.org/city/St._Edward/NE</url>
<lat>41.5717</lat>
<lon>-97.8606</lon>
<active>1</active>
</city>
<city>
<id>414429</id>
<name>St. Paul</name>
<state>NE</state>
<rating>5</rating>
<url>http://www.greatschools.org/city/St._Paul/NE</url>
<lat>41.2133</lat>
<lon>-98.4609</lon>
<active>1</active>
</city>
<city>
<id>442751</id>
<name>Stamford</name>
<state>NE</state>
<rating/>
<url>http://www.greatschools.org/city/Stamford/NE</url>
<lat>40.1326</lat>
<lon>-99.5945</lon>
<active>1</active>
</city>
<city>
<id>414197</id>
<name>Stanton</name>
<state>NE</state>
<rating>9</rating>
<url>http://www.greatschools.org/city/Stanton/NE</url>
<lat>41.9492</lat>
<lon>-97.2245</lon>
<active>1</active>
</city>
<city>
<id>414206</id>
<name>Staplehurst</name>
<state>NE</state>
<rating/>
<url>http://www.greatschools.org/city/Staplehurst/NE</url>
<lat>40.9745</lat>
<lon>-97.1734</lon>
<active>1</active>
</city>
<city>
<id>414253</id>
<name>Stapleton</name>
<state>NE</state>
<rating/>
<url>http://www.greatschools.org/city/Stapleton/NE</url>
<lat>41.4786</lat>
<lon>-100.513</lon>
<active>1</active>
</city>
<city>
<id>414252</id>
<name>Stella</name>
<state>NE</state>
<rating/>
<url>http://www.greatschools.org/city/Stella/NE</url>
<lat>40.2326</lat>
<lon>-95.7734</lon>
<active>1</active>
</city>
<city>
<id>414249</id>
<name>Sterling</name>
<state>NE</state>
<rating/>
<url>http://www.greatschools.org/city/Sterling/NE</url>
<lat>40.4625</lat>
<lon>-96.3779</lon>
<active>1</active>
</city>
<city>
<id>414113</id>
<name>Stratton</name>
<state>NE</state>
<rating/>
<url>http://www.greatschools.org/city/Stratton/NE</url>
<lat>40.1502</lat>
<lon>-101.228</lon>
<active>1</active>
</city>
<city>
<id>414152</id>
<name>Stromsburg</name>
<state>NE</state>
<rating/>
<url>http://www.greatschools.org/city/Stromsburg/NE</url>
<lat>41.1163</lat>
<lon>-97.593</lon>
<active>1</active>
</city>
<city>
<id>414232</id>
<name>Stuart</name>
<state>NE</state>
<rating/>
<url>http://www.greatschools.org/city/Stuart/NE</url>
<lat>42.6006</lat>
<lon>-99.14</lon>
<active>1</active>
</city>
<city>
<id>414248</id>
<name>Sumner</name>
<state>NE</state>
<rating/>
<url>http://www.greatschools.org/city/Sumner/NE</url>
<lat>40.9491</lat>
<lon>-99.5079</lon>
<active>1</active>
</city>
<city>
<id>414170</id>
<name>Superior</name>
<state>NE</state>
<rating/>
<url>http://www.greatschools.org/city/Superior/NE</url>
<lat>40.0231</lat>
<lon>-98.0666</lon>
<active>1</active>
</city>
<city>
<id>414448</id>
<name>Sutherland</name>
<state>NE</state>
<rating/>
<url>http://www.greatschools.org/city/Sutherland/NE</url>
<lat>41.1593</lat>
<lon>-101.127</lon>
<active>1</active>
</city>
<city>
<id>414190</id>
<name>Sutton</name>
<state>NE</state>
<rating/>
<url>http://www.greatschools.org/city/Sutton/NE</url>
<lat>40.6071</lat>
<lon>-97.8587</lon>
<active>1</active>
</city>
<city>
<id>414247</id>
<name>Syracuse</name>
<state>NE</state>
<rating>6</rating>
<url>http://www.greatschools.org/city/Syracuse/NE</url>
<lat>40.6611</lat>
<lon>-96.1834</lon>
<active>1</active>
</city>
<city>
<id>414132</id>
<name>Table Rock</name>
<state>NE</state>
<rating>3</rating>
<url>http://www.greatschools.org/city/Table_Rock/NE</url>
<lat>40.1788</lat>
<lon>-96.097</lon>
<active>1</active>
</city>
<city>
<id>414304</id>
<name>Taylor</name>
<state>NE</state>
<rating/>
<url>http://www.greatschools.org/city/Taylor/NE</url>
<lat>41.7696</lat>
<lon>-99.3808</lon>
<active>1</active>
</city>
<city>
<id>414191</id>
<name>Tecumseh</name>
<state>NE</state>
<rating/>
<url>http://www.greatschools.org/city/Tecumseh/NE</url>
<lat>40.3716</lat>
<lon>-96.1914</lon>
<active>1</active>
</city>
<city>
<id>414438</id>
<name>Tekamah</name>
<state>NE</state>
<rating>7</rating>
<url>http://www.greatschools.org/city/Tekamah/NE</url>
<lat>41.7777</lat>
<lon>-96.2213</lon>
<active>1</active>
</city>
<city>
<id>414246</id>
<name>Thedford</name>
<state>NE</state>
<rating/>
<url>http://www.greatschools.org/city/Thedford/NE</url>
<lat>41.979</lat>
<lon>-100.575</lon>
<active>1</active>
</city>
<city>
<id>414447</id>
<name>Tilden</name>
<state>NE</state>
<rating/>
<url>http://www.greatschools.org/city/Tilden/NE</url>
<lat>42.0442</lat>
<lon>-97.8322</lon>
<active>1</active>
</city>
<city>
<id>414207</id>
<name>Tobias</name>
<state>NE</state>
<rating/>
<url>http://www.greatschools.org/city/Tobias/NE</url>
<lat>40.419</lat>
<lon>-97.3367</lon>
<active>1</active>
</city>
<city>
<id>414112</id>
<name>Trenton</name>
<state>NE</state>
<rating/>
<url>http://www.greatschools.org/city/Trenton/NE</url>
<lat>40.1749</lat>
<lon>-101.014</lon>
<active>1</active>
</city>
<city>
<id>414297</id>
<name>Tryon</name>
<state>NE</state>
<rating/>
<url>http://www.greatschools.org/city/Tryon/NE</url>
<lat>41.5678</lat>
<lon>-101.005</lon>
<active>1</active>
</city>
<city>
<id>414368</id>
<name>Unadilla</name>
<state>NE</state>
<rating/>
<url>http://www.greatschools.org/city/Unadilla/NE</url>
<lat>40.684</lat>
<lon>-96.2714</lon>
<active>1</active>
</city>
<city>
<id>414208</id>
<name>Utica</name>
<state>NE</state>
<rating>5</rating>
<url>http://www.greatschools.org/city/Utica/NE</url>
<lat>40.8952</lat>
<lon>-97.3452</lon>
<active>1</active>
</city>
<city>
<id>414126</id>
<name>Valentine</name>
<state>NE</state>
<rating/>
<url>http://www.greatschools.org/city/Valentine/NE</url>
<lat>42.8756</lat>
<lon>-100.552</lon>
<active>1</active>
</city>
<city>
<id>414097</id>
<name>Valley</name>
<state>NE</state>
<rating>8</rating>
<url>http://www.greatschools.org/city/Valley/NE</url>
<lat>41.3101</lat>
<lon>-96.3478</lon>
<active>1</active>
</city>
<city>
<id>414338</id>
<name>Valparaiso</name>
<state>NE</state>
<rating>4</rating>
<url>http://www.greatschools.org/city/Valparaiso/NE</url>
<lat>41.0795</lat>
<lon>-96.831</lon>
<active>1</active>
</city>
<city>
<id>414177</id>
<name>Verdigre</name>
<state>NE</state>
<rating/>
<url>http://www.greatschools.org/city/Verdigre/NE</url>
<lat>42.5968</lat>
<lon>-98.0379</lon>
<active>1</active>
</city>
<city>
<id>414121</id>
<name>Waco</name>
<state>NE</state>
<rating/>
<url>http://www.greatschools.org/city/Waco/NE</url>
<lat>40.8974</lat>
<lon>-97.4621</lon>
<active>1</active>
</city>
<city>
<id>414216</id>
<name>Wahoo</name>
<state>NE</state>
<rating>5</rating>
<url>http://www.greatschools.org/city/Wahoo/NE</url>
<lat>41.2148</lat>
<lon>-96.6226</lon>
<active>1</active>
</city>
<city>
<id>414245</id>
<name>Wakefield</name>
<state>NE</state>
<rating/>
<url>http://www.greatschools.org/city/Wakefield/NE</url>
<lat>42.2671</lat>
<lon>-96.8682</lon>
<active>1</active>
</city>
<city>
<id>414244</id>
<name>Wallace</name>
<state>NE</state>
<rating/>
<url>http://www.greatschools.org/city/Wallace/NE</url>
<lat>40.8395</lat>
<lon>-101.166</lon>
<active>1</active>
</city>
<city>
<id>414243</id>
<name>Walthill</name>
<state>NE</state>
<rating/>
<url>http://www.greatschools.org/city/Walthill/NE</url>
<lat>42.1493</lat>
<lon>-96.4929</lon>
<active>1</active>
</city>
<city>
<id>414096</id>
<name>Waterloo</name>
<state>NE</state>
<rating>6</rating>
<url>http://www.greatschools.org/city/Waterloo/NE</url>
<lat>41.287</lat>
<lon>-96.2865</lon>
<active>1</active>
</city>
<city>
<id>414452</id>
<name>Wauneta</name>
<state>NE</state>
<rating/>
<url>http://www.greatschools.org/city/Wauneta/NE</url>
<lat>40.4167</lat>
<lon>-101.373</lon>
<active>1</active>
</city>
<city>
<id>414242</id>
<name>Wausa</name>
<state>NE</state>
<rating/>
<url>http://www.greatschools.org/city/Wausa/NE</url>
<lat>42.4969</lat>
<lon>-97.5397</lon>
<active>1</active>
</city>
<city>
<id>414140</id>
<name>Waverly</name>
<state>NE</state>
<rating>6</rating>
<url>http://www.greatschools.org/city/Waverly/NE</url>
<lat>40.9141</lat>
<lon>-96.5296</lon>
<active>1</active>
</city>
<city>
<id>414231</id>
<name>Wayne</name>
<state>NE</state>
<rating>4</rating>
<url>http://www.greatschools.org/city/Wayne/NE</url>
<lat>42.2365</lat>
<lon>-97.0171</lon>
<active>1</active>
</city>
<city>
<id>414241</id>
<name>Weeping Water</name>
<state>NE</state>
<rating/>
<url>http://www.greatschools.org/city/Weeping_Water/NE</url>
<lat>40.8686</lat>
<lon>-96.1395</lon>
<active>1</active>
</city>
<city>
<id>414188</id>
<name>West Point</name>
<state>NE</state>
<rating>3</rating>
<url>http://www.greatschools.org/city/West_Point/NE</url>
<lat>41.84</lat>
<lon>-96.7087</lon>
<active>1</active>
</city>
<city>
<id>414217</id>
<name>Weston</name>
<state>NE</state>
<rating/>
<url>http://www.greatschools.org/city/Weston/NE</url>
<lat>41.1924</lat>
<lon>-96.7421</lon>
<active>1</active>
</city>
<city>
<id>414349</id>
<name>Whitney</name>
<state>NE</state>
<rating/>
<url>http://www.greatschools.org/city/Whitney/NE</url>
<lat>42.7842</lat>
<lon>-103.256</lon>
<active>1</active>
</city>
<city>
<id>414239</id>
<name>Wilber</name>
<state>NE</state>
<rating/>
<url>http://www.greatschools.org/city/Wilber/NE</url>
<lat>40.4829</lat>
<lon>-96.9636</lon>
<active>1</active>
</city>
<city>
<id>414144</id>
<name>Wilcox</name>
<state>NE</state>
<rating/>
<url>http://www.greatschools.org/city/Wilcox/NE</url>
<lat>40.3647</lat>
<lon>-99.1687</lon>
<active>1</active>
</city>
<city>
<id>414230</id>
<name>Winnebago</name>
<state>NE</state>
<rating/>
<url>http://www.greatschools.org/city/Winnebago/NE</url>
<lat>42.2359</lat>
<lon>-96.4706</lon>
<active>1</active>
</city>
<city>
<id>414238</id>
<name>Winside</name>
<state>NE</state>
<rating/>
<url>http://www.greatschools.org/city/Winside/NE</url>
<lat>42.1778</lat>
<lon>-97.1758</lon>
<active>1</active>
</city>
<city>
<id>414209</id>
<name>Wisner</name>
<state>NE</state>
<rating/>
<url>http://www.greatschools.org/city/Wisner/NE</url>
<lat>41.9905</lat>
<lon>-96.9142</lon>
<active>1</active>
</city>
<city>
<id>414115</id>
<name>Wolbach</name>
<state>NE</state>
<rating/>
<url>http://www.greatschools.org/city/Wolbach/NE</url>
<lat>41.3983</lat>
<lon>-98.3927</lon>
<active>1</active>
</city>
<city>
<id>414379</id>
<name>Wood Lake</name>
<state>NE</state>
<rating/>
<url>http://www.greatschools.org/city/Wood_Lake/NE</url>
<lat>42.6386</lat>
<lon>-100.238</lon>
<active>1</active>
</city>
<city>
<id>414114</id>
<name>Wood River</name>
<state>NE</state>
<rating/>
<url>http://www.greatschools.org/city/Wood_River/NE</url>
<lat>40.8228</lat>
<lon>-98.6012</lon>
<active>1</active>
</city>
<city>
<id>414250</id>
<name>Wymore</name>
<state>NE</state>
<rating/>
<url>http://www.greatschools.org/city/Wymore/NE</url>
<lat>40.1225</lat>
<lon>-96.6663</lon>
<active>1</active>
</city>
<city>
<id>414237</id>
<name>Wynot</name>
<state>NE</state>
<rating/>
<url>http://www.greatschools.org/city/Wynot/NE</url>
<lat>42.7406</lat>
<lon>-97.1696</lon>
<active>1</active>
</city>
<city>
<id>414104</id>
<name>York</name>
<state>NE</state>
<rating>8</rating>
<url>http://www.greatschools.org/city/York/NE</url>
<lat>40.8694</lat>
<lon>-97.5875</lon>
<active>1</active>
</city>
<city>
<id>414236</id>
<name>Yutan</name>
<state>NE</state>
<rating>7</rating>
<url>http://www.greatschools.org/city/Yutan/NE</url>
<lat>41.2429</lat>
<lon>-96.3952</lon>
<active>1</active>
</city>
</greatschools-city-feed>
