<?xml version="1.0" encoding="utf-8"?><greatschools-city-feed xmlns:xsi="http://www.w3.org/2001/XMLSchema-instance" xsi:noNamespaceSchemaLocation="http://www.greatschools.org/feeds/greatschools-city2.xsd">
<city>
<id>407212</id>
<name>Aberdeen</name>
<state>ID</state>
<rating>3</rating>
<url>http://www.greatschools.org/city/Aberdeen/ID</url>
<lat>42.9438</lat>
<lon>-112.84</lon>
<active>1</active>
</city>
<city>
<id>407354</id>
<name>Albion</name>
<state>ID</state>
<rating/>
<url>http://www.greatschools.org/city/Albion/ID</url>
<lat>42.4106</lat>
<lon>-113.58</lon>
<active>1</active>
</city>
<city>
<id>407353</id>
<name>Almo</name>
<state>ID</state>
<rating/>
<url>http://www.greatschools.org/city/Almo/ID</url>
<lat>42.3295</lat>
<lon>-113.45</lon>
<active>1</active>
</city>
<city>
<id>407233</id>
<name>American Falls</name>
<state>ID</state>
<rating>4</rating>
<url>http://www.greatschools.org/city/American_Falls/ID</url>
<lat>42.7824</lat>
<lon>-112.853</lon>
<active>1</active>
</city>
<city>
<id>443571</id>
<name>Ammon</name>
<state>ID</state>
<rating>8</rating>
<url>http://www.greatschools.org/city/Ammon/ID</url>
<lat>43.4761</lat>
<lon>-111.969</lon>
<active>1</active>
</city>
<city>
<id>407370</id>
<name>Arbon</name>
<state>ID</state>
<rating/>
<url>http://www.greatschools.org/city/Arbon/ID</url>
<lat>42.5099</lat>
<lon>-112.552</lon>
<active>1</active>
</city>
<city>
<id>407218</id>
<name>Arco</name>
<state>ID</state>
<rating>5</rating>
<url>http://www.greatschools.org/city/Arco/ID</url>
<lat>43.6349</lat>
<lon>-113.302</lon>
<active>1</active>
</city>
<city>
<id>407224</id>
<name>Arimo</name>
<state>ID</state>
<rating>7</rating>
<url>http://www.greatschools.org/city/Arimo/ID</url>
<lat>42.5606</lat>
<lon>-112.173</lon>
<active>1</active>
</city>
<city>
<id>407333</id>
<name>Ashton</name>
<state>ID</state>
<rating>6</rating>
<url>http://www.greatschools.org/city/Ashton/ID</url>
<lat>44.0723</lat>
<lon>-111.448</lon>
<active>1</active>
</city>
<city>
<id>407312</id>
<name>Athol</name>
<state>ID</state>
<rating>7</rating>
<url>http://www.greatschools.org/city/Athol/ID</url>
<lat>47.9465</lat>
<lon>-116.707</lon>
<active>1</active>
</city>
<city>
<id>407369</id>
<name>Avery</name>
<state>ID</state>
<rating/>
<url>http://www.greatschools.org/city/Avery/ID</url>
<lat>47.2783</lat>
<lon>-115.86</lon>
<active>1</active>
</city>
<city>
<id>407295</id>
<name>Bancroft</name>
<state>ID</state>
<rating>8</rating>
<url>http://www.greatschools.org/city/Bancroft/ID</url>
<lat>42.7196</lat>
<lon>-111.887</lon>
<active>1</active>
</city>
<city>
<id>407363</id>
<name>Bellevue</name>
<state>ID</state>
<rating>6</rating>
<url>http://www.greatschools.org/city/Bellevue/ID</url>
<lat>43.4662</lat>
<lon>-114.259</lon>
<active>1</active>
</city>
<city>
<id>407187</id>
<name>Blackfoot</name>
<state>ID</state>
<rating>4</rating>
<url>http://www.greatschools.org/city/Blackfoot/ID</url>
<lat>43.1884</lat>
<lon>-112.347</lon>
<active>1</active>
</city>
<city>
<id>407362</id>
<name>Bliss</name>
<state>ID</state>
<rating>5</rating>
<url>http://www.greatschools.org/city/Bliss/ID</url>
<lat>42.9259</lat>
<lon>-114.95</lon>
<active>1</active>
</city>
<city>
<id>407209</id>
<name>Boise</name>
<state>ID</state>
<rating>6</rating>
<url>http://www.greatschools.org/city/Boise/ID</url>
<lat>43.6161</lat>
<lon>-116.247</lon>
<active>1</active>
</city>
<city>
<id>407228</id>
<name>Bonners Ferry</name>
<state>ID</state>
<rating>5</rating>
<url>http://www.greatschools.org/city/Bonners_Ferry/ID</url>
<lat>48.6919</lat>
<lon>-116.319</lon>
<active>1</active>
</city>
<city>
<id>407239</id>
<name>Bovill</name>
<state>ID</state>
<rating>8</rating>
<url>http://www.greatschools.org/city/Bovill/ID</url>
<lat>46.859</lat>
<lon>-116.394</lon>
<active>1</active>
</city>
<city>
<id>407358</id>
<name>Bruneau</name>
<state>ID</state>
<rating>2</rating>
<url>http://www.greatschools.org/city/Bruneau/ID</url>
<lat>42.7893</lat>
<lon>-115.689</lon>
<active>1</active>
</city>
<city>
<id>407257</id>
<name>Buhl</name>
<state>ID</state>
<rating>4</rating>
<url>http://www.greatschools.org/city/Buhl/ID</url>
<lat>42.5998</lat>
<lon>-114.762</lon>
<active>1</active>
</city>
<city>
<id>407226</id>
<name>Burley</name>
<state>ID</state>
<rating>4</rating>
<url>http://www.greatschools.org/city/Burley/ID</url>
<lat>42.5327</lat>
<lon>-113.793</lon>
<active>1</active>
</city>
<city>
<id>443573</id>
<name>Calder</name>
<state>ID</state>
<rating/>
<url>http://www.greatschools.org/city/Calder/ID</url>
<lat>47.2574</lat>
<lon>-116.211</lon>
<active>1</active>
</city>
<city>
<id>407208</id>
<name>Caldwell</name>
<state>ID</state>
<rating>4</rating>
<url>http://www.greatschools.org/city/Caldwell/ID</url>
<lat>43.6553</lat>
<lon>-116.681</lon>
<active>1</active>
</city>
<city>
<id>407220</id>
<name>Cambridge</name>
<state>ID</state>
<rating>7</rating>
<url>http://www.greatschools.org/city/Cambridge/ID</url>
<lat>44.5733</lat>
<lon>-116.678</lon>
<active>1</active>
</city>
<city>
<id>407365</id>
<name>Carey</name>
<state>ID</state>
<rating>6</rating>
<url>http://www.greatschools.org/city/Carey/ID</url>
<lat>43.3092</lat>
<lon>-113.945</lon>
<active>1</active>
</city>
<city>
<id>407198</id>
<name>Carmen</name>
<state>ID</state>
<rating>8</rating>
<url>http://www.greatschools.org/city/Carmen/ID</url>
<lat>45.2588</lat>
<lon>-113.867</lon>
<active>1</active>
</city>
<city>
<id>407355</id>
<name>Cascade</name>
<state>ID</state>
<rating>5</rating>
<url>http://www.greatschools.org/city/Cascade/ID</url>
<lat>44.5129</lat>
<lon>-116.044</lon>
<active>1</active>
</city>
<city>
<id>444947</id>
<name>Cassia County</name>
<state>ID</state>
<rating/>
<url>http://www.greatschools.org/city/Cassia_County/ID</url>
<lat>42.6008</lat>
<lon>-113.239</lon>
<active>1</active>
</city>
<city>
<id>407349</id>
<name>Castleford</name>
<state>ID</state>
<rating>6</rating>
<url>http://www.greatschools.org/city/Castleford/ID</url>
<lat>42.5209</lat>
<lon>-114.871</lon>
<active>1</active>
</city>
<city>
<id>407317</id>
<name>Cataldo</name>
<state>ID</state>
<rating>3</rating>
<url>http://www.greatschools.org/city/Cataldo/ID</url>
<lat>47.5524</lat>
<lon>-116.416</lon>
<active>1</active>
</city>
<city>
<id>407348</id>
<name>Challis</name>
<state>ID</state>
<rating>6</rating>
<url>http://www.greatschools.org/city/Challis/ID</url>
<lat>44.5024</lat>
<lon>-114.228</lon>
<active>1</active>
</city>
<city>
<id>407286</id>
<name>Chubbuck</name>
<state>ID</state>
<rating>7</rating>
<url>http://www.greatschools.org/city/Chubbuck/ID</url>
<lat>42.9244</lat>
<lon>-112.471</lon>
<active>1</active>
</city>
<city>
<id>407229</id>
<name>Clark Fork</name>
<state>ID</state>
<rating>7</rating>
<url>http://www.greatschools.org/city/Clark_Fork/ID</url>
<lat>48.148</lat>
<lon>-116.179</lon>
<active>1</active>
</city>
<city>
<id>407347</id>
<name>Clayton</name>
<state>ID</state>
<rating/>
<url>http://www.greatschools.org/city/Clayton/ID</url>
<lat>44.2591</lat>
<lon>-114.401</lon>
<active>1</active>
</city>
<city>
<id>407245</id>
<name>Cocolalla</name>
<state>ID</state>
<rating>9</rating>
<url>http://www.greatschools.org/city/Cocolalla/ID</url>
<lat>48.1108</lat>
<lon>-116.644</lon>
<active>1</active>
</city>
<city>
<id>446027</id>
<name>Coeur D Alene</name>
<state>ID</state>
<rating/>
<url>http://www.greatschools.org/city/Coeur_D_Alene/ID</url>
<lat>47.6986</lat>
<lon>-116.776</lon>
<active>1</active>
</city>
<city>
<id>407203</id>
<name>Coeur d'Alene</name>
<state>ID</state>
<rating>7</rating>
<url>http://www.greatschools.org/city/Coeur_d'Alene/ID</url>
<lat>47.6999</lat>
<lon>-116.787</lon>
<active>1</active>
</city>
<city>
<id>444942</id>
<name>Corral</name>
<state>ID</state>
<rating/>
<url>http://www.greatschools.org/city/Corral/ID</url>
<lat>43.3572</lat>
<lon>-114.999</lon>
<active>1</active>
</city>
<city>
<id>407204</id>
<name>Cottonwood</name>
<state>ID</state>
<rating>8</rating>
<url>http://www.greatschools.org/city/Cottonwood/ID</url>
<lat>46.0528</lat>
<lon>-116.351</lon>
<active>1</active>
</city>
<city>
<id>407341</id>
<name>Council</name>
<state>ID</state>
<rating>6</rating>
<url>http://www.greatschools.org/city/Council/ID</url>
<lat>44.7304</lat>
<lon>-116.436</lon>
<active>1</active>
</city>
<city>
<id>407197</id>
<name>Craigmont</name>
<state>ID</state>
<rating>4</rating>
<url>http://www.greatschools.org/city/Craigmont/ID</url>
<lat>46.2419</lat>
<lon>-116.471</lon>
<active>1</active>
</city>
<city>
<id>407340</id>
<name>Culdesac</name>
<state>ID</state>
<rating>3</rating>
<url>http://www.greatschools.org/city/Culdesac/ID</url>
<lat>46.3756</lat>
<lon>-116.669</lon>
<active>1</active>
</city>
<city>
<id>407344</id>
<name>Dalton Gardens</name>
<state>ID</state>
<rating>9</rating>
<url>http://www.greatschools.org/city/Dalton_Gardens/ID</url>
<lat>47.733</lat>
<lon>-116.771</lon>
<active>1</active>
</city>
<city>
<id>407263</id>
<name>Dayton</name>
<state>ID</state>
<rating>7</rating>
<url>http://www.greatschools.org/city/Dayton/ID</url>
<lat>42.1118</lat>
<lon>-111.989</lon>
<active>1</active>
</city>
<city>
<id>444091</id>
<name>De Smet</name>
<state>ID</state>
<rating/>
<url>http://www.greatschools.org/city/De_Smet/ID</url>
<lat>47.0857</lat>
<lon>-116.862</lon>
<active>1</active>
</city>
<city>
<id>407200</id>
<name>Deary</name>
<state>ID</state>
<rating>8</rating>
<url>http://www.greatschools.org/city/Deary/ID</url>
<lat>46.8006</lat>
<lon>-116.557</lon>
<active>1</active>
</city>
<city>
<id>407350</id>
<name>Declo</name>
<state>ID</state>
<rating>5</rating>
<url>http://www.greatschools.org/city/Declo/ID</url>
<lat>42.5189</lat>
<lon>-113.629</lon>
<active>1</active>
</city>
<city>
<id>444093</id>
<name>Desmet</name>
<state>ID</state>
<rating/>
<url>http://www.greatschools.org/city/Desmet/ID</url>
<lat>47.1151</lat>
<lon>-116.9</lon>
<active>1</active>
</city>
<city>
<id>407339</id>
<name>Dietrich</name>
<state>ID</state>
<rating>8</rating>
<url>http://www.greatschools.org/city/Dietrich/ID</url>
<lat>42.913</lat>
<lon>-114.265</lon>
<active>1</active>
</city>
<city>
<id>407304</id>
<name>Donnelly</name>
<state>ID</state>
<rating>9</rating>
<url>http://www.greatschools.org/city/Donnelly/ID</url>
<lat>44.7318</lat>
<lon>-116.077</lon>
<active>1</active>
</city>
<city>
<id>407309</id>
<name>Downey</name>
<state>ID</state>
<rating>6</rating>
<url>http://www.greatschools.org/city/Downey/ID</url>
<lat>42.4295</lat>
<lon>-112.121</lon>
<active>1</active>
</city>
<city>
<id>407183</id>
<name>Driggs</name>
<state>ID</state>
<rating>3</rating>
<url>http://www.greatschools.org/city/Driggs/ID</url>
<lat>43.7252</lat>
<lon>-111.106</lon>
<active>1</active>
</city>
<city>
<id>407237</id>
<name>Dubois</name>
<state>ID</state>
<rating>5</rating>
<url>http://www.greatschools.org/city/Dubois/ID</url>
<lat>44.1752</lat>
<lon>-112.232</lon>
<active>1</active>
</city>
<city>
<id>407216</id>
<name>Eagle</name>
<state>ID</state>
<rating>8</rating>
<url>http://www.greatschools.org/city/Eagle/ID</url>
<lat>43.6976</lat>
<lon>-116.342</lon>
<active>1</active>
</city>
<city>
<id>407230</id>
<name>Eden</name>
<state>ID</state>
<rating/>
<url>http://www.greatschools.org/city/Eden/ID</url>
<lat>42.6052</lat>
<lon>-114.209</lon>
<active>1</active>
</city>
<city>
<id>407325</id>
<name>Elk City</name>
<state>ID</state>
<rating/>
<url>http://www.greatschools.org/city/Elk_City/ID</url>
<lat>45.8813</lat>
<lon>-115.364</lon>
<active>1</active>
</city>
<city>
<id>407217</id>
<name>Emmett</name>
<state>ID</state>
<rating>4</rating>
<url>http://www.greatschools.org/city/Emmett/ID</url>
<lat>43.8727</lat>
<lon>-116.494</lon>
<active>1</active>
</city>
<city>
<id>407356</id>
<name>Fairfield</name>
<state>ID</state>
<rating>6</rating>
<url>http://www.greatschools.org/city/Fairfield/ID</url>
<lat>43.3473</lat>
<lon>-114.793</lon>
<active>1</active>
</city>
<city>
<id>407275</id>
<name>Fernwood</name>
<state>ID</state>
<rating>5</rating>
<url>http://www.greatschools.org/city/Fernwood/ID</url>
<lat>47.1162</lat>
<lon>-116.382</lon>
<active>1</active>
</city>
<city>
<id>407335</id>
<name>Filer</name>
<state>ID</state>
<rating>5</rating>
<url>http://www.greatschools.org/city/Filer/ID</url>
<lat>42.569</lat>
<lon>-114.612</lon>
<active>1</active>
</city>
<city>
<id>407334</id>
<name>Firth</name>
<state>ID</state>
<rating>5</rating>
<url>http://www.greatschools.org/city/Firth/ID</url>
<lat>43.3057</lat>
<lon>-112.185</lon>
<active>1</active>
</city>
<city>
<id>442278</id>
<name>Fort Hall</name>
<state>ID</state>
<rating/>
<url>http://www.greatschools.org/city/Fort_Hall/ID</url>
<lat>43.0101</lat>
<lon>-112.45</lon>
<active>1</active>
</city>
<city>
<id>444943</id>
<name>Franklin</name>
<state>ID</state>
<rating/>
<url>http://www.greatschools.org/city/Franklin/ID</url>
<lat>42.0131</lat>
<lon>-111.787</lon>
<active>1</active>
</city>
<city>
<id>407330</id>
<name>Fruitland</name>
<state>ID</state>
<rating>7</rating>
<url>http://www.greatschools.org/city/Fruitland/ID</url>
<lat>44.0174</lat>
<lon>-116.921</lon>
<active>1</active>
</city>
<city>
<id>443570</id>
<name>Garden City</name>
<state>ID</state>
<rating>8</rating>
<url>http://www.greatschools.org/city/Garden_City/ID</url>
<lat>43.6547</lat>
<lon>-116.263</lon>
<active>1</active>
</city>
<city>
<id>407211</id>
<name>Garden Valley</name>
<state>ID</state>
<rating>6</rating>
<url>http://www.greatschools.org/city/Garden_Valley/ID</url>
<lat>44.1369</lat>
<lon>-115.945</lon>
<active>1</active>
</city>
<city>
<id>444944</id>
<name>Gardena</name>
<state>ID</state>
<rating/>
<url>http://www.greatschools.org/city/Gardena/ID</url>
<lat>43.8443</lat>
<lon>-116.173</lon>
<active>1</active>
</city>
<city>
<id>407199</id>
<name>Genesee</name>
<state>ID</state>
<rating>8</rating>
<url>http://www.greatschools.org/city/Genesee/ID</url>
<lat>46.5526</lat>
<lon>-116.927</lon>
<active>1</active>
</city>
<city>
<id>407366</id>
<name>Georgetown</name>
<state>ID</state>
<rating>6</rating>
<url>http://www.greatschools.org/city/Georgetown/ID</url>
<lat>42.4782</lat>
<lon>-111.364</lon>
<active>1</active>
</city>
<city>
<id>407328</id>
<name>Glenns Ferry</name>
<state>ID</state>
<rating>3</rating>
<url>http://www.greatschools.org/city/Glenns_Ferry/ID</url>
<lat>42.9531</lat>
<lon>-115.3</lon>
<active>1</active>
</city>
<city>
<id>407261</id>
<name>Gooding</name>
<state>ID</state>
<rating>4</rating>
<url>http://www.greatschools.org/city/Gooding/ID</url>
<lat>42.9369</lat>
<lon>-114.713</lon>
<active>1</active>
</city>
<city>
<id>407326</id>
<name>Grace</name>
<state>ID</state>
<rating>8</rating>
<url>http://www.greatschools.org/city/Grace/ID</url>
<lat>42.5755</lat>
<lon>-111.729</lon>
<active>1</active>
</city>
<city>
<id>407359</id>
<name>Grand View</name>
<state>ID</state>
<rating>4</rating>
<url>http://www.greatschools.org/city/Grand_View/ID</url>
<lat>42.9848</lat>
<lon>-116.093</lon>
<active>1</active>
</city>
<city>
<id>407260</id>
<name>Grangeville</name>
<state>ID</state>
<rating>6</rating>
<url>http://www.greatschools.org/city/Grangeville/ID</url>
<lat>45.925</lat>
<lon>-116.122</lon>
<active>1</active>
</city>
<city>
<id>444945</id>
<name>Greencreek</name>
<state>ID</state>
<rating/>
<url>http://www.greatschools.org/city/Greencreek/ID</url>
<lat>46.1071</lat>
<lon>-116.264</lon>
<active>1</active>
</city>
<city>
<id>407236</id>
<name>Greenleaf</name>
<state>ID</state>
<rating/>
<url>http://www.greatschools.org/city/Greenleaf/ID</url>
<lat>43.6724</lat>
<lon>-116.819</lon>
<active>1</active>
</city>
<city>
<id>407205</id>
<name>Hagerman</name>
<state>ID</state>
<rating>4</rating>
<url>http://www.greatschools.org/city/Hagerman/ID</url>
<lat>42.8166</lat>
<lon>-114.897</lon>
<active>1</active>
</city>
<city>
<id>407254</id>
<name>Hailey</name>
<state>ID</state>
<rating>7</rating>
<url>http://www.greatschools.org/city/Hailey/ID</url>
<lat>43.5133</lat>
<lon>-114.303</lon>
<active>1</active>
</city>
<city>
<id>407265</id>
<name>Hamer</name>
<state>ID</state>
<rating/>
<url>http://www.greatschools.org/city/Hamer/ID</url>
<lat>43.9268</lat>
<lon>-112.207</lon>
<active>1</active>
</city>
<city>
<id>444946</id>
<name>Hammett</name>
<state>ID</state>
<rating/>
<url>http://www.greatschools.org/city/Hammett/ID</url>
<lat>42.9449</lat>
<lon>-115.429</lon>
<active>1</active>
</city>
<city>
<id>407321</id>
<name>Hansen</name>
<state>ID</state>
<rating>5</rating>
<url>http://www.greatschools.org/city/Hansen/ID</url>
<lat>42.5321</lat>
<lon>-114.301</lon>
<active>1</active>
</city>
<city>
<id>407313</id>
<name>Harrison</name>
<state>ID</state>
<rating>7</rating>
<url>http://www.greatschools.org/city/Harrison/ID</url>
<lat>47.4532</lat>
<lon>-116.78</lon>
<active>1</active>
</city>
<city>
<id>442277</id>
<name>Hayden</name>
<state>ID</state>
<rating/>
<url>http://www.greatschools.org/city/Hayden/ID</url>
<lat>47.758</lat>
<lon>-116.79</lon>
<active>1</active>
</city>
<city>
<id>407255</id>
<name>Hayden Lake</name>
<state>ID</state>
<rating>8</rating>
<url>http://www.greatschools.org/city/Hayden_Lake/ID</url>
<lat>47.7655</lat>
<lon>-116.754</lon>
<active>1</active>
</city>
<city>
<id>407270</id>
<name>Hazelton</name>
<state>ID</state>
<rating>3</rating>
<url>http://www.greatschools.org/city/Hazelton/ID</url>
<lat>42.5949</lat>
<lon>-114.138</lon>
<active>1</active>
</city>
<city>
<id>407302</id>
<name>Heyburn</name>
<state>ID</state>
<rating>3</rating>
<url>http://www.greatschools.org/city/Heyburn/ID</url>
<lat>42.5573</lat>
<lon>-113.764</lon>
<active>1</active>
</city>
<city>
<id>407238</id>
<name>Hidden Springs</name>
<state>ID</state>
<rating>9</rating>
<url>http://www.greatschools.org/city/Hidden_Springs/ID</url>
<lat>43.7247</lat>
<lon>-116.257</lon>
<active>1</active>
</city>
<city>
<id>407242</id>
<name>Homedale</name>
<state>ID</state>
<rating>6</rating>
<url>http://www.greatschools.org/city/Homedale/ID</url>
<lat>43.6187</lat>
<lon>-116.939</lon>
<active>1</active>
</city>
<city>
<id>407246</id>
<name>Hope</name>
<state>ID</state>
<rating>5</rating>
<url>http://www.greatschools.org/city/Hope/ID</url>
<lat>48.2495</lat>
<lon>-116.305</lon>
<active>1</active>
</city>
<city>
<id>407210</id>
<name>Horseshoe Bend</name>
<state>ID</state>
<rating>6</rating>
<url>http://www.greatschools.org/city/Horseshoe_Bend/ID</url>
<lat>43.9103</lat>
<lon>-116.197</lon>
<active>1</active>
</city>
<city>
<id>407357</id>
<name>Howe</name>
<state>ID</state>
<rating/>
<url>http://www.greatschools.org/city/Howe/ID</url>
<lat>43.8127</lat>
<lon>-112.994</lon>
<active>1</active>
</city>
<city>
<id>407368</id>
<name>Idaho City</name>
<state>ID</state>
<rating>5</rating>
<url>http://www.greatschools.org/city/Idaho_City/ID</url>
<lat>43.8274</lat>
<lon>-115.835</lon>
<active>1</active>
</city>
<city>
<id>407219</id>
<name>Idaho Falls</name>
<state>ID</state>
<rating>5</rating>
<url>http://www.greatschools.org/city/Idaho_Falls/ID</url>
<lat>43.4905</lat>
<lon>-112.029</lon>
<active>1</active>
</city>
<city>
<id>407308</id>
<name>Inkom</name>
<state>ID</state>
<rating>8</rating>
<url>http://www.greatschools.org/city/Inkom/ID</url>
<lat>42.7968</lat>
<lon>-112.248</lon>
<active>1</active>
</city>
<city>
<id>407338</id>
<name>Iona</name>
<state>ID</state>
<rating>7</rating>
<url>http://www.greatschools.org/city/Iona/ID</url>
<lat>43.5263</lat>
<lon>-111.93</lon>
<active>1</active>
</city>
<city>
<id>407274</id>
<name>Irwin</name>
<state>ID</state>
<rating>1</rating>
<url>http://www.greatschools.org/city/Irwin/ID</url>
<lat>43.3995</lat>
<lon>-111.28</lon>
<active>1</active>
</city>
<city>
<id>407250</id>
<name>Jerome</name>
<state>ID</state>
<rating>3</rating>
<url>http://www.greatschools.org/city/Jerome/ID</url>
<lat>42.7262</lat>
<lon>-114.515</lon>
<active>1</active>
</city>
<city>
<id>444467</id>
<name>Jordan Valley</name>
<state>ID</state>
<rating/>
<url>http://www.greatschools.org/city/Jordan_Valley/ID</url>
<lat>42.8986</lat>
<lon>-117.004</lon>
<active>1</active>
</city>
<city>
<id>407315</id>
<name>Juliaetta</name>
<state>ID</state>
<rating>5</rating>
<url>http://www.greatschools.org/city/Juliaetta/ID</url>
<lat>46.5782</lat>
<lon>-116.709</lon>
<active>1</active>
</city>
<city>
<id>407318</id>
<name>Kamiah</name>
<state>ID</state>
<rating>5</rating>
<url>http://www.greatschools.org/city/Kamiah/ID</url>
<lat>46.2259</lat>
<lon>-116.03</lon>
<active>1</active>
</city>
<city>
<id>407225</id>
<name>Kellogg</name>
<state>ID</state>
<rating>4</rating>
<url>http://www.greatschools.org/city/Kellogg/ID</url>
<lat>47.5385</lat>
<lon>-116.123</lon>
<active>1</active>
</city>
<city>
<id>407314</id>
<name>Kendrick</name>
<state>ID</state>
<rating>5</rating>
<url>http://www.greatschools.org/city/Kendrick/ID</url>
<lat>46.6146</lat>
<lon>-116.651</lon>
<active>1</active>
</city>
<city>
<id>407364</id>
<name>Ketchum</name>
<state>ID</state>
<rating>6</rating>
<url>http://www.greatschools.org/city/Ketchum/ID</url>
<lat>43.6825</lat>
<lon>-114.376</lon>
<active>1</active>
</city>
<city>
<id>407252</id>
<name>Kimberly</name>
<state>ID</state>
<rating>8</rating>
<url>http://www.greatschools.org/city/Kimberly/ID</url>
<lat>42.5329</lat>
<lon>-114.365</lon>
<active>1</active>
</city>
<city>
<id>407324</id>
<name>Kooskia</name>
<state>ID</state>
<rating>4</rating>
<url>http://www.greatschools.org/city/Kooskia/ID</url>
<lat>46.1431</lat>
<lon>-115.974</lon>
<active>1</active>
</city>
<city>
<id>407247</id>
<name>Kootenai</name>
<state>ID</state>
<rating>8</rating>
<url>http://www.greatschools.org/city/Kootenai/ID</url>
<lat>48.3113</lat>
<lon>-116.516</lon>
<active>1</active>
</city>
<city>
<id>407215</id>
<name>Kuna</name>
<state>ID</state>
<rating>3</rating>
<url>http://www.greatschools.org/city/Kuna/ID</url>
<lat>43.4942</lat>
<lon>-116.422</lon>
<active>1</active>
</city>
<city>
<id>407192</id>
<name>Lapwai</name>
<state>ID</state>
<rating>1</rating>
<url>http://www.greatschools.org/city/Lapwai/ID</url>
<lat>46.4018</lat>
<lon>-116.805</lon>
<active>1</active>
</city>
<city>
<id>407307</id>
<name>Lava Hot Springs</name>
<state>ID</state>
<rating>7</rating>
<url>http://www.greatschools.org/city/Lava_Hot_Springs/ID</url>
<lat>42.6194</lat>
<lon>-112.015</lon>
<active>1</active>
</city>
<city>
<id>407278</id>
<name>Leadore</name>
<state>ID</state>
<rating/>
<url>http://www.greatschools.org/city/Leadore/ID</url>
<lat>44.6802</lat>
<lon>-113.359</lon>
<active>1</active>
</city>
<city>
<id>407292</id>
<name>Lenore</name>
<state>ID</state>
<rating/>
<url>http://www.greatschools.org/city/Lenore/ID</url>
<lat>46.5162</lat>
<lon>-116.473</lon>
<active>1</active>
</city>
<city>
<id>407186</id>
<name>Lewiston</name>
<state>ID</state>
<rating>6</rating>
<url>http://www.greatschools.org/city/Lewiston/ID</url>
<lat>46.3896</lat>
<lon>-116.991</lon>
<active>1</active>
</city>
<city>
<id>407310</id>
<name>Mackay</name>
<state>ID</state>
<rating>7</rating>
<url>http://www.greatschools.org/city/Mackay/ID</url>
<lat>43.9127</lat>
<lon>-113.615</lon>
<active>1</active>
</city>
<city>
<id>446028</id>
<name>Malad</name>
<state>ID</state>
<rating/>
<url>http://www.greatschools.org/city/Malad/ID</url>
<lat>42.1797</lat>
<lon>-112.242</lon>
<active>1</active>
</city>
<city>
<id>407191</id>
<name>Malad City</name>
<state>ID</state>
<rating>6</rating>
<url>http://www.greatschools.org/city/Malad_City/ID</url>
<lat>42.1912</lat>
<lon>-112.25</lon>
<active>1</active>
</city>
<city>
<id>407351</id>
<name>Malta</name>
<state>ID</state>
<rating>5</rating>
<url>http://www.greatschools.org/city/Malta/ID</url>
<lat>42.3095</lat>
<lon>-113.37</lon>
<active>1</active>
</city>
<city>
<id>407305</id>
<name>Marsing</name>
<state>ID</state>
<rating>3</rating>
<url>http://www.greatschools.org/city/Marsing/ID</url>
<lat>43.5463</lat>
<lon>-116.809</lon>
<active>1</active>
</city>
<city>
<id>407346</id>
<name>May</name>
<state>ID</state>
<rating/>
<url>http://www.greatschools.org/city/May/ID</url>
<lat>44.7297</lat>
<lon>-113.898</lon>
<active>1</active>
</city>
<city>
<id>407227</id>
<name>McCall</name>
<state>ID</state>
<rating>8</rating>
<url>http://www.greatschools.org/city/McCall/ID</url>
<lat>44.9091</lat>
<lon>-116.102</lon>
<active>1</active>
</city>
<city>
<id>407306</id>
<name>McCammon</name>
<state>ID</state>
<rating>4</rating>
<url>http://www.greatschools.org/city/McCammon/ID</url>
<lat>42.6497</lat>
<lon>-112.195</lon>
<active>1</active>
</city>
<city>
<id>407207</id>
<name>Melba</name>
<state>ID</state>
<rating>4</rating>
<url>http://www.greatschools.org/city/Melba/ID</url>
<lat>43.3733</lat>
<lon>-116.529</lon>
<active>1</active>
</city>
<city>
<id>407232</id>
<name>Menan</name>
<state>ID</state>
<rating>6</rating>
<url>http://www.greatschools.org/city/Menan/ID</url>
<lat>43.7215</lat>
<lon>-111.993</lon>
<active>1</active>
</city>
<city>
<id>407185</id>
<name>Meridian</name>
<state>ID</state>
<rating>6</rating>
<url>http://www.greatschools.org/city/Meridian/ID</url>
<lat>43.6161</lat>
<lon>-116.401</lon>
<active>1</active>
</city>
<city>
<id>407235</id>
<name>Middleton</name>
<state>ID</state>
<rating>6</rating>
<url>http://www.greatschools.org/city/Middleton/ID</url>
<lat>43.7075</lat>
<lon>-116.619</lon>
<active>1</active>
</city>
<city>
<id>407189</id>
<name>Midvale</name>
<state>ID</state>
<rating>8</rating>
<url>http://www.greatschools.org/city/Midvale/ID</url>
<lat>44.4707</lat>
<lon>-116.733</lon>
<active>1</active>
</city>
<city>
<id>407213</id>
<name>Montpelier</name>
<state>ID</state>
<rating>7</rating>
<url>http://www.greatschools.org/city/Montpelier/ID</url>
<lat>42.3202</lat>
<lon>-111.304</lon>
<active>1</active>
</city>
<city>
<id>407280</id>
<name>Moreland</name>
<state>ID</state>
<rating/>
<url>http://www.greatschools.org/city/Moreland/ID</url>
<lat>43.2064</lat>
<lon>-112.381</lon>
<active>1</active>
</city>
<city>
<id>407188</id>
<name>Moscow</name>
<state>ID</state>
<rating>7</rating>
<url>http://www.greatschools.org/city/Moscow/ID</url>
<lat>46.7301</lat>
<lon>-116.995</lon>
<active>1</active>
</city>
<city>
<id>407206</id>
<name>Mountain Home</name>
<state>ID</state>
<rating>4</rating>
<url>http://www.greatschools.org/city/Mountain_Home/ID</url>
<lat>43.1359</lat>
<lon>-115.694</lon>
<active>1</active>
</city>
<city>
<id>407299</id>
<name>Mountain Home AFB</name>
<state>ID</state>
<rating>6</rating>
<url>http://www.greatschools.org/city/Mountain_Home_AFB/ID</url>
<lat>43.0499</lat>
<lon>-115.866</lon>
<active>1</active>
</city>
<city>
<id>407361</id>
<name>Moyie Springs</name>
<state>ID</state>
<rating/>
<url>http://www.greatschools.org/city/Moyie_Springs/ID</url>
<lat>48.7233</lat>
<lon>-116.199</lon>
<active>1</active>
</city>
<city>
<id>407298</id>
<name>Mullan</name>
<state>ID</state>
<rating>4</rating>
<url>http://www.greatschools.org/city/Mullan/ID</url>
<lat>47.4697</lat>
<lon>-115.798</lon>
<active>1</active>
</city>
<city>
<id>407297</id>
<name>Murtaugh</name>
<state>ID</state>
<rating/>
<url>http://www.greatschools.org/city/Murtaugh/ID</url>
<lat>42.492</lat>
<lon>-114.161</lon>
<active>1</active>
</city>
<city>
<id>407184</id>
<name>Nampa</name>
<state>ID</state>
<rating>5</rating>
<url>http://www.greatschools.org/city/Nampa/ID</url>
<lat>43.5736</lat>
<lon>-116.567</lon>
<active>1</active>
</city>
<city>
<id>407360</id>
<name>Naples</name>
<state>ID</state>
<rating>7</rating>
<url>http://www.greatschools.org/city/Naples/ID</url>
<lat>48.5922</lat>
<lon>-116.361</lon>
<active>1</active>
</city>
<city>
<id>407214</id>
<name>New Meadows</name>
<state>ID</state>
<rating>5</rating>
<url>http://www.greatschools.org/city/New_Meadows/ID</url>
<lat>44.9702</lat>
<lon>-116.285</lon>
<active>1</active>
</city>
<city>
<id>407296</id>
<name>New Plymouth</name>
<state>ID</state>
<rating>8</rating>
<url>http://www.greatschools.org/city/New_Plymouth/ID</url>
<lat>43.9703</lat>
<lon>-116.82</lon>
<active>1</active>
</city>
<city>
<id>407196</id>
<name>Nezperce</name>
<state>ID</state>
<rating>7</rating>
<url>http://www.greatschools.org/city/Nezperce/ID</url>
<lat>46.2345</lat>
<lon>-116.241</lon>
<active>1</active>
</city>
<city>
<id>407294</id>
<name>Notus</name>
<state>ID</state>
<rating>6</rating>
<url>http://www.greatschools.org/city/Notus/ID</url>
<lat>43.7271</lat>
<lon>-116.799</lon>
<active>1</active>
</city>
<city>
<id>407352</id>
<name>Oakley</name>
<state>ID</state>
<rating>6</rating>
<url>http://www.greatschools.org/city/Oakley/ID</url>
<lat>42.2424</lat>
<lon>-113.883</lon>
<active>1</active>
</city>
<city>
<id>407337</id>
<name>Ola</name>
<state>ID</state>
<rating/>
<url>http://www.greatschools.org/city/Ola/ID</url>
<lat>44.2157</lat>
<lon>-116.295</lon>
<active>1</active>
</city>
<city>
<id>407249</id>
<name>Oldtown</name>
<state>ID</state>
<rating>5</rating>
<url>http://www.greatschools.org/city/Oldtown/ID</url>
<lat>48.1824</lat>
<lon>-117.037</lon>
<active>1</active>
</city>
<city>
<id>407291</id>
<name>Orofino</name>
<state>ID</state>
<rating>5</rating>
<url>http://www.greatschools.org/city/Orofino/ID</url>
<lat>46.4889</lat>
<lon>-116.27</lon>
<active>1</active>
</city>
<city>
<id>407269</id>
<name>Osburn</name>
<state>ID</state>
<rating>6</rating>
<url>http://www.greatschools.org/city/Osburn/ID</url>
<lat>47.505</lat>
<lon>-116.002</lon>
<active>1</active>
</city>
<city>
<id>407367</id>
<name>Paris</name>
<state>ID</state>
<rating>5</rating>
<url>http://www.greatschools.org/city/Paris/ID</url>
<lat>42.2269</lat>
<lon>-111.401</lon>
<active>1</active>
</city>
<city>
<id>407287</id>
<name>Parma</name>
<state>ID</state>
<rating>6</rating>
<url>http://www.greatschools.org/city/Parma/ID</url>
<lat>43.7861</lat>
<lon>-116.941</lon>
<active>1</active>
</city>
<city>
<id>407301</id>
<name>Paul</name>
<state>ID</state>
<rating>3</rating>
<url>http://www.greatschools.org/city/Paul/ID</url>
<lat>42.6055</lat>
<lon>-113.785</lon>
<active>1</active>
</city>
<city>
<id>407256</id>
<name>Payette</name>
<state>ID</state>
<rating>2</rating>
<url>http://www.greatschools.org/city/Payette/ID</url>
<lat>44.0771</lat>
<lon>-116.929</lon>
<active>1</active>
</city>
<city>
<id>407290</id>
<name>Peck</name>
<state>ID</state>
<rating/>
<url>http://www.greatschools.org/city/Peck/ID</url>
<lat>46.4743</lat>
<lon>-116.425</lon>
<active>1</active>
</city>
<city>
<id>407316</id>
<name>Pinehurst</name>
<state>ID</state>
<rating>4</rating>
<url>http://www.greatschools.org/city/Pinehurst/ID</url>
<lat>47.5353</lat>
<lon>-116.237</lon>
<active>1</active>
</city>
<city>
<id>407231</id>
<name>Pingree</name>
<state>ID</state>
<rating/>
<url>http://www.greatschools.org/city/Pingree/ID</url>
<lat>43.1247</lat>
<lon>-112.582</lon>
<active>1</active>
</city>
<city>
<id>407342</id>
<name>Plummer</name>
<state>ID</state>
<rating>1</rating>
<url>http://www.greatschools.org/city/Plummer/ID</url>
<lat>47.3314</lat>
<lon>-116.885</lon>
<active>1</active>
</city>
<city>
<id>407221</id>
<name>Pocatello</name>
<state>ID</state>
<rating>6</rating>
<url>http://www.greatschools.org/city/Pocatello/ID</url>
<lat>42.8785</lat>
<lon>-112.443</lon>
<active>1</active>
</city>
<city>
<id>407251</id>
<name>Ponderay</name>
<state>ID</state>
<rating/>
<url>http://www.greatschools.org/city/Ponderay/ID</url>
<lat>48.3091</lat>
<lon>-116.536</lon>
<active>1</active>
</city>
<city>
<id>407202</id>
<name>Post Falls</name>
<state>ID</state>
<rating>7</rating>
<url>http://www.greatschools.org/city/Post_Falls/ID</url>
<lat>47.7161</lat>
<lon>-116.934</lon>
<active>1</active>
</city>
<city>
<id>407285</id>
<name>Potlatch</name>
<state>ID</state>
<rating>4</rating>
<url>http://www.greatschools.org/city/Potlatch/ID</url>
<lat>46.923</lat>
<lon>-116.898</lon>
<active>1</active>
</city>
<city>
<id>423348</id>
<name>Prairie</name>
<state>ID</state>
<rating/>
<url>http://www.greatschools.org/city/Prairie/ID</url>
<lat>43.5141</lat>
<lon>-115.566</lon>
<active>1</active>
</city>
<city>
<id>407243</id>
<name>Preston</name>
<state>ID</state>
<rating>5</rating>
<url>http://www.greatschools.org/city/Preston/ID</url>
<lat>42.0962</lat>
<lon>-111.876</lon>
<active>1</active>
</city>
<city>
<id>407248</id>
<name>Priest Lake</name>
<state>ID</state>
<rating/>
<url>http://www.greatschools.org/city/Priest_Lake/ID</url>
<lat>48.513</lat>
<lon>-116.923</lon>
<active>1</active>
</city>
<city>
<id>407241</id>
<name>Priest River</name>
<state>ID</state>
<rating>4</rating>
<url>http://www.greatschools.org/city/Priest_River/ID</url>
<lat>48.1848</lat>
<lon>-116.911</lon>
<active>1</active>
</city>
<city>
<id>407311</id>
<name>Rathdrum</name>
<state>ID</state>
<rating>7</rating>
<url>http://www.greatschools.org/city/Rathdrum/ID</url>
<lat>47.8083</lat>
<lon>-116.889</lon>
<active>1</active>
</city>
<city>
<id>407194</id>
<name>Rexburg</name>
<state>ID</state>
<rating>8</rating>
<url>http://www.greatschools.org/city/Rexburg/ID</url>
<lat>43.8216</lat>
<lon>-111.785</lon>
<active>1</active>
</city>
<city>
<id>407284</id>
<name>Richfield</name>
<state>ID</state>
<rating>3</rating>
<url>http://www.greatschools.org/city/Richfield/ID</url>
<lat>43.0523</lat>
<lon>-114.154</lon>
<active>1</active>
</city>
<city>
<id>407319</id>
<name>Rigby</name>
<state>ID</state>
<rating>6</rating>
<url>http://www.greatschools.org/city/Rigby/ID</url>
<lat>43.6746</lat>
<lon>-111.918</lon>
<active>1</active>
</city>
<city>
<id>407323</id>
<name>Riggins</name>
<state>ID</state>
<rating>3</rating>
<url>http://www.greatschools.org/city/Riggins/ID</url>
<lat>45.4241</lat>
<lon>-116.315</lon>
<active>1</active>
</city>
<city>
<id>407283</id>
<name>Ririe</name>
<state>ID</state>
<rating>6</rating>
<url>http://www.greatschools.org/city/Ririe/ID</url>
<lat>43.6314</lat>
<lon>-111.773</lon>
<active>1</active>
</city>
<city>
<id>407320</id>
<name>Roberts</name>
<state>ID</state>
<rating>6</rating>
<url>http://www.greatschools.org/city/Roberts/ID</url>
<lat>43.7208</lat>
<lon>-112.129</lon>
<active>1</active>
</city>
<city>
<id>407282</id>
<name>Rockland</name>
<state>ID</state>
<rating>8</rating>
<url>http://www.greatschools.org/city/Rockland/ID</url>
<lat>42.5728</lat>
<lon>-112.875</lon>
<active>1</active>
</city>
<city>
<id>407271</id>
<name>Rogerson</name>
<state>ID</state>
<rating/>
<url>http://www.greatschools.org/city/Rogerson/ID</url>
<lat>42.1963</lat>
<lon>-114.638</lon>
<active>1</active>
</city>
<city>
<id>407259</id>
<name>Rupert</name>
<state>ID</state>
<rating>5</rating>
<url>http://www.greatschools.org/city/Rupert/ID</url>
<lat>42.6185</lat>
<lon>-113.673</lon>
<active>1</active>
</city>
<city>
<id>407244</id>
<name>Sagle</name>
<state>ID</state>
<rating>7</rating>
<url>http://www.greatschools.org/city/Sagle/ID</url>
<lat>48.1994</lat>
<lon>-116.552</lon>
<active>1</active>
</city>
<city>
<id>407253</id>
<name>Salmon</name>
<state>ID</state>
<rating>6</rating>
<url>http://www.greatschools.org/city/Salmon/ID</url>
<lat>45.1781</lat>
<lon>-113.901</lon>
<active>1</active>
</city>
<city>
<id>407222</id>
<name>Sandpoint</name>
<state>ID</state>
<rating>8</rating>
<url>http://www.greatschools.org/city/Sandpoint/ID</url>
<lat>48.2758</lat>
<lon>-116.563</lon>
<active>1</active>
</city>
<city>
<id>407281</id>
<name>Shelley</name>
<state>ID</state>
<rating>6</rating>
<url>http://www.greatschools.org/city/Shelley/ID</url>
<lat>43.3803</lat>
<lon>-112.126</lon>
<active>1</active>
</city>
<city>
<id>407195</id>
<name>Shoshone</name>
<state>ID</state>
<rating>3</rating>
<url>http://www.greatschools.org/city/Shoshone/ID</url>
<lat>42.9368</lat>
<lon>-114.407</lon>
<active>1</active>
</city>
<city>
<id>407234</id>
<name>Soda Springs</name>
<state>ID</state>
<rating>6</rating>
<url>http://www.greatschools.org/city/Soda_Springs/ID</url>
<lat>42.6586</lat>
<lon>-111.596</lon>
<active>1</active>
</city>
<city>
<id>407201</id>
<name>Spirit Lake</name>
<state>ID</state>
<rating>8</rating>
<url>http://www.greatschools.org/city/Spirit_Lake/ID</url>
<lat>47.9669</lat>
<lon>-116.868</lon>
<active>1</active>
</city>
<city>
<id>446029</id>
<name>St Anthony</name>
<state>ID</state>
<rating/>
<url>http://www.greatschools.org/city/St_Anthony/ID</url>
<lat>43.9608</lat>
<lon>-111.759</lon>
<active>1</active>
</city>
<city>
<id>446030</id>
<name>St Maries</name>
<state>ID</state>
<rating/>
<url>http://www.greatschools.org/city/St_Maries/ID</url>
<lat>47.3157</lat>
<lon>-116.575</lon>
<active>1</active>
</city>
<city>
<id>407331</id>
<name>St. Anthony</name>
<state>ID</state>
<rating>5</rating>
<url>http://www.greatschools.org/city/St._Anthony/ID</url>
<lat>43.9664</lat>
<lon>-111.685</lon>
<active>1</active>
</city>
<city>
<id>407276</id>
<name>St. Maries</name>
<state>ID</state>
<rating>7</rating>
<url>http://www.greatschools.org/city/St._Maries/ID</url>
<lat>47.313</lat>
<lon>-116.571</lon>
<active>1</active>
</city>
<city>
<id>407345</id>
<name>Stanley</name>
<state>ID</state>
<rating/>
<url>http://www.greatschools.org/city/Stanley/ID</url>
<lat>44.2153</lat>
<lon>-114.938</lon>
<active>1</active>
</city>
<city>
<id>407303</id>
<name>Star</name>
<state>ID</state>
<rating>3</rating>
<url>http://www.greatschools.org/city/Star/ID</url>
<lat>43.6928</lat>
<lon>-116.49</lon>
<active>1</active>
</city>
<city>
<id>407293</id>
<name>Stone</name>
<state>ID</state>
<rating/>
<url>http://www.greatschools.org/city/Stone/ID</url>
<lat>42.0186</lat>
<lon>-112.695</lon>
<active>1</active>
</city>
<city>
<id>407193</id>
<name>Sugar City</name>
<state>ID</state>
<rating>8</rating>
<url>http://www.greatschools.org/city/Sugar_City/ID</url>
<lat>43.8723</lat>
<lon>-111.747</lon>
<active>1</active>
</city>
<city>
<id>407258</id>
<name>Sun Valley</name>
<state>ID</state>
<rating/>
<url>http://www.greatschools.org/city/Sun_Valley/ID</url>
<lat>43.683</lat>
<lon>-114.333</lon>
<active>1</active>
</city>
<city>
<id>407336</id>
<name>Sweet</name>
<state>ID</state>
<rating/>
<url>http://www.greatschools.org/city/Sweet/ID</url>
<lat>43.9879</lat>
<lon>-116.319</lon>
<active>1</active>
</city>
<city>
<id>407277</id>
<name>Tendoy</name>
<state>ID</state>
<rating/>
<url>http://www.greatschools.org/city/Tendoy/ID</url>
<lat>45.1536</lat>
<lon>-113.878</lon>
<active>1</active>
</city>
<city>
<id>407264</id>
<name>Terreton</name>
<state>ID</state>
<rating>4</rating>
<url>http://www.greatschools.org/city/Terreton/ID</url>
<lat>43.8487</lat>
<lon>-112.437</lon>
<active>1</active>
</city>
<city>
<id>407273</id>
<name>Tetonia</name>
<state>ID</state>
<rating>6</rating>
<url>http://www.greatschools.org/city/Tetonia/ID</url>
<lat>43.8149</lat>
<lon>-111.161</lon>
<active>1</active>
</city>
<city>
<id>407327</id>
<name>Thatcher</name>
<state>ID</state>
<rating>9</rating>
<url>http://www.greatschools.org/city/Thatcher/ID</url>
<lat>42.3669</lat>
<lon>-111.728</lon>
<active>1</active>
</city>
<city>
<id>407240</id>
<name>Troy</name>
<state>ID</state>
<rating>6</rating>
<url>http://www.greatschools.org/city/Troy/ID</url>
<lat>46.7385</lat>
<lon>-116.769</lon>
<active>1</active>
</city>
<city>
<id>407190</id>
<name>Twin Falls</name>
<state>ID</state>
<rating>6</rating>
<url>http://www.greatschools.org/city/Twin_Falls/ID</url>
<lat>42.5641</lat>
<lon>-114.464</lon>
<active>1</active>
</city>
<city>
<id>444949</id>
<name>Ucon</name>
<state>ID</state>
<rating/>
<url>http://www.greatschools.org/city/Ucon/ID</url>
<lat>43.5916</lat>
<lon>-111.949</lon>
<active>1</active>
</city>
<city>
<id>407272</id>
<name>Victor</name>
<state>ID</state>
<rating>2</rating>
<url>http://www.greatschools.org/city/Victor/ID</url>
<lat>43.6038</lat>
<lon>-111.113</lon>
<active>1</active>
</city>
<city>
<id>407268</id>
<name>Wallace</name>
<state>ID</state>
<rating>5</rating>
<url>http://www.greatschools.org/city/Wallace/ID</url>
<lat>47.4722</lat>
<lon>-115.927</lon>
<active>1</active>
</city>
<city>
<id>407279</id>
<name>Wayan</name>
<state>ID</state>
<rating/>
<url>http://www.greatschools.org/city/Wayan/ID</url>
<lat>43.0261</lat>
<lon>-111.24</lon>
<active>1</active>
</city>
<city>
<id>407288</id>
<name>Weippe</name>
<state>ID</state>
<rating>5</rating>
<url>http://www.greatschools.org/city/Weippe/ID</url>
<lat>46.3785</lat>
<lon>-115.939</lon>
<active>1</active>
</city>
<city>
<id>407267</id>
<name>Weiser</name>
<state>ID</state>
<rating>6</rating>
<url>http://www.greatschools.org/city/Weiser/ID</url>
<lat>44.2508</lat>
<lon>-116.97</lon>
<active>1</active>
</city>
<city>
<id>407266</id>
<name>Wendell</name>
<state>ID</state>
<rating>3</rating>
<url>http://www.greatschools.org/city/Wendell/ID</url>
<lat>42.7763</lat>
<lon>-114.702</lon>
<active>1</active>
</city>
<city>
<id>444950</id>
<name>Weston</name>
<state>ID</state>
<rating/>
<url>http://www.greatschools.org/city/Weston/ID</url>
<lat>42.0975</lat>
<lon>-111.947</lon>
<active>1</active>
</city>
<city>
<id>407322</id>
<name>White Bird</name>
<state>ID</state>
<rating/>
<url>http://www.greatschools.org/city/White_Bird/ID</url>
<lat>45.7619</lat>
<lon>-116.301</lon>
<active>1</active>
</city>
<city>
<id>407262</id>
<name>Wilder</name>
<state>ID</state>
<rating>4</rating>
<url>http://www.greatschools.org/city/Wilder/ID</url>
<lat>43.675</lat>
<lon>-116.911</lon>
<active>1</active>
</city>
</greatschools-city-feed>
