<?xml version="1.0" encoding="utf-8"?><greatschools-city-feed xmlns:xsi="http://www.w3.org/2001/XMLSchema-instance" xsi:noNamespaceSchemaLocation="http://www.greatschools.org/feeds/greatschools-city2.xsd">
<city>
<id>435349</id>
<name>Abbeville</name>
<state>SC</state>
<rating>8</rating>
<url>http://www.greatschools.org/city/Abbeville/SC</url>
<lat>34.1793</lat>
<lon>-82.3774</lon>
<active>1</active>
</city>
<city>
<id>443214</id>
<name>Adams Run</name>
<state>SC</state>
<rating/>
<url>http://www.greatschools.org/city/Adams_Run/SC</url>
<lat>32.7623</lat>
<lon>-80.3696</lon>
<active>1</active>
</city>
<city>
<id>435240</id>
<name>Aiken</name>
<state>SC</state>
<rating>5</rating>
<url>http://www.greatschools.org/city/Aiken/SC</url>
<lat>33.5413</lat>
<lon>-81.7248</lon>
<active>1</active>
</city>
<city>
<id>435320</id>
<name>Alcolu</name>
<state>SC</state>
<rating>1</rating>
<url>http://www.greatschools.org/city/Alcolu/SC</url>
<lat>33.7712</lat>
<lon>-80.1789</lon>
<active>1</active>
</city>
<city>
<id>435459</id>
<name>Allendale</name>
<state>SC</state>
<rating>2</rating>
<url>http://www.greatschools.org/city/Allendale/SC</url>
<lat>33.006</lat>
<lon>-81.3081</lon>
<active>1</active>
</city>
<city>
<id>435229</id>
<name>Anderson</name>
<state>SC</state>
<rating>7</rating>
<url>http://www.greatschools.org/city/Anderson/SC</url>
<lat>34.5175</lat>
<lon>-82.6474</lon>
<active>1</active>
</city>
<city>
<id>435352</id>
<name>Andrews</name>
<state>SC</state>
<rating>4</rating>
<url>http://www.greatschools.org/city/Andrews/SC</url>
<lat>33.4498</lat>
<lon>-79.5666</lon>
<active>1</active>
</city>
<city>
<id>443212</id>
<name>Awendaw</name>
<state>SC</state>
<rating/>
<url>http://www.greatschools.org/city/Awendaw/SC</url>
<lat>32.9886</lat>
<lon>-79.6488</lon>
<active>1</active>
</city>
<city>
<id>435410</id>
<name>Aynor</name>
<state>SC</state>
<rating>8</rating>
<url>http://www.greatschools.org/city/Aynor/SC</url>
<lat>33.9983</lat>
<lon>-79.2002</lon>
<active>1</active>
</city>
<city>
<id>445642</id>
<name>Ballentine</name>
<state>SC</state>
<rating/>
<url>http://www.greatschools.org/city/Ballentine/SC</url>
<lat>34.1259</lat>
<lon>-81.2314</lon>
<active>1</active>
</city>
<city>
<id>435451</id>
<name>Bamberg</name>
<state>SC</state>
<rating>7</rating>
<url>http://www.greatschools.org/city/Bamberg/SC</url>
<lat>33.2991</lat>
<lon>-81.0331</lon>
<active>1</active>
</city>
<city>
<id>435269</id>
<name>Barnwell</name>
<state>SC</state>
<rating>2</rating>
<url>http://www.greatschools.org/city/Barnwell/SC</url>
<lat>33.2433</lat>
<lon>-81.3658</lon>
<active>1</active>
</city>
<city>
<id>435327</id>
<name>Batesburg</name>
<state>SC</state>
<rating/>
<url>http://www.greatschools.org/city/Batesburg/SC</url>
<lat>33.9232</lat>
<lon>-81.5458</lon>
<active>1</active>
</city>
<city>
<id>435404</id>
<name>Batesburg-Leesville</name>
<state>SC</state>
<rating>6</rating>
<url>http://www.greatschools.org/city/Batesburg-Leesville/SC</url>
<lat>33.9098</lat>
<lon>-81.534</lon>
<active>1</active>
</city>
<city>
<id>435463</id>
<name>Bath</name>
<state>SC</state>
<rating/>
<url>http://www.greatschools.org/city/Bath/SC</url>
<lat>33.5231</lat>
<lon>-81.8293</lon>
<active>1</active>
</city>
<city>
<id>435253</id>
<name>Beaufort</name>
<state>SC</state>
<rating>5</rating>
<url>http://www.greatschools.org/city/Beaufort/SC</url>
<lat>32.4285</lat>
<lon>-80.6949</lon>
<active>1</active>
</city>
<city>
<id>443211</id>
<name>Beech Island</name>
<state>SC</state>
<rating/>
<url>http://www.greatschools.org/city/Beech_Island/SC</url>
<lat>33.4523</lat>
<lon>-81.8704</lon>
<active>1</active>
</city>
<city>
<id>435347</id>
<name>Belton</name>
<state>SC</state>
<rating>8</rating>
<url>http://www.greatschools.org/city/Belton/SC</url>
<lat>34.5251</lat>
<lon>-82.4954</lon>
<active>1</active>
</city>
<city>
<id>435469</id>
<name>Belvedere</name>
<state>SC</state>
<rating>7</rating>
<url>http://www.greatschools.org/city/Belvedere/SC</url>
<lat>33.5338</lat>
<lon>-81.9413</lon>
<active>1</active>
</city>
<city>
<id>435208</id>
<name>Bennettsville</name>
<state>SC</state>
<rating/>
<url>http://www.greatschools.org/city/Bennettsville/SC</url>
<lat>34.6262</lat>
<lon>-79.691</lon>
<active>1</active>
</city>
<city>
<id>435409</id>
<name>Bethune</name>
<state>SC</state>
<rating>8</rating>
<url>http://www.greatschools.org/city/Bethune/SC</url>
<lat>34.4156</lat>
<lon>-80.3482</lon>
<active>1</active>
</city>
<city>
<id>435230</id>
<name>Bishopville</name>
<state>SC</state>
<rating/>
<url>http://www.greatschools.org/city/Bishopville/SC</url>
<lat>34.2195</lat>
<lon>-80.2486</lon>
<active>1</active>
</city>
<city>
<id>435299</id>
<name>Blacksburg</name>
<state>SC</state>
<rating>4</rating>
<url>http://www.greatschools.org/city/Blacksburg/SC</url>
<lat>35.1203</lat>
<lon>-81.5185</lon>
<active>1</active>
</city>
<city>
<id>435343</id>
<name>Blackville</name>
<state>SC</state>
<rating>2</rating>
<url>http://www.greatschools.org/city/Blackville/SC</url>
<lat>33.3618</lat>
<lon>-81.2722</lon>
<active>1</active>
</city>
<city>
<id>435425</id>
<name>Blair</name>
<state>SC</state>
<rating>4</rating>
<url>http://www.greatschools.org/city/Blair/SC</url>
<lat>34.4207</lat>
<lon>-81.3306</lon>
<active>1</active>
</city>
<city>
<id>435401</id>
<name>Blenheim</name>
<state>SC</state>
<rating>1</rating>
<url>http://www.greatschools.org/city/Blenheim/SC</url>
<lat>34.5093</lat>
<lon>-79.6527</lon>
<active>1</active>
</city>
<city>
<id>435263</id>
<name>Bluffton</name>
<state>SC</state>
<rating>6</rating>
<url>http://www.greatschools.org/city/Bluffton/SC</url>
<lat>32.1921</lat>
<lon>-80.9278</lon>
<active>1</active>
</city>
<city>
<id>435264</id>
<name>Blythewood</name>
<state>SC</state>
<rating>8</rating>
<url>http://www.greatschools.org/city/Blythewood/SC</url>
<lat>34.2164</lat>
<lon>-80.9753</lon>
<active>1</active>
</city>
<city>
<id>435290</id>
<name>Boiling Springs</name>
<state>SC</state>
<rating>7</rating>
<url>http://www.greatschools.org/city/Boiling_Springs/SC</url>
<lat>35.0448</lat>
<lon>-81.9756</lon>
<active>1</active>
</city>
<city>
<id>435276</id>
<name>Bowman</name>
<state>SC</state>
<rating/>
<url>http://www.greatschools.org/city/Bowman/SC</url>
<lat>33.3486</lat>
<lon>-80.685</lon>
<active>1</active>
</city>
<city>
<id>435389</id>
<name>Branchville</name>
<state>SC</state>
<rating>4</rating>
<url>http://www.greatschools.org/city/Branchville/SC</url>
<lat>33.252</lat>
<lon>-80.8174</lon>
<active>1</active>
</city>
<city>
<id>435415</id>
<name>Brunson</name>
<state>SC</state>
<rating>8</rating>
<url>http://www.greatschools.org/city/Brunson/SC</url>
<lat>32.9264</lat>
<lon>-81.188</lon>
<active>1</active>
</city>
<city>
<id>435369</id>
<name>Buffalo</name>
<state>SC</state>
<rating>5</rating>
<url>http://www.greatschools.org/city/Buffalo/SC</url>
<lat>34.7235</lat>
<lon>-81.6791</lon>
<active>1</active>
</city>
<city>
<id>435449</id>
<name>Burton</name>
<state>SC</state>
<rating/>
<url>http://www.greatschools.org/city/Burton/SC</url>
<lat>32.4243</lat>
<lon>-80.7442</lon>
<active>1</active>
</city>
<city>
<id>435365</id>
<name>Cades</name>
<state>SC</state>
<rating/>
<url>http://www.greatschools.org/city/Cades/SC</url>
<lat>33.7912</lat>
<lon>-79.8201</lon>
<active>1</active>
</city>
<city>
<id>435471</id>
<name>Calhoun Falls</name>
<state>SC</state>
<rating>8</rating>
<url>http://www.greatschools.org/city/Calhoun_Falls/SC</url>
<lat>34.0922</lat>
<lon>-82.5892</lon>
<active>1</active>
</city>
<city>
<id>435218</id>
<name>Camden</name>
<state>SC</state>
<rating>5</rating>
<url>http://www.greatschools.org/city/Camden/SC</url>
<lat>34.2591</lat>
<lon>-80.6077</lon>
<active>1</active>
</city>
<city>
<id>435383</id>
<name>Campobello</name>
<state>SC</state>
<rating>9</rating>
<url>http://www.greatschools.org/city/Campobello/SC</url>
<lat>35.1157</lat>
<lon>-82.1516</lon>
<active>1</active>
</city>
<city>
<id>435270</id>
<name>Cassatt</name>
<state>SC</state>
<rating>4</rating>
<url>http://www.greatschools.org/city/Cassatt/SC</url>
<lat>34.3432</lat>
<lon>-80.4931</lon>
<active>1</active>
</city>
<city>
<id>443208</id>
<name>Catawba</name>
<state>SC</state>
<rating/>
<url>http://www.greatschools.org/city/Catawba/SC</url>
<lat>34.8423</lat>
<lon>-80.9323</lon>
<active>1</active>
</city>
<city>
<id>435257</id>
<name>Cayce</name>
<state>SC</state>
<rating>4</rating>
<url>http://www.greatschools.org/city/Cayce/SC</url>
<lat>33.9637</lat>
<lon>-81.0663</lon>
<active>1</active>
</city>
<city>
<id>435387</id>
<name>Central</name>
<state>SC</state>
<rating>9</rating>
<url>http://www.greatschools.org/city/Central/SC</url>
<lat>34.7187</lat>
<lon>-82.7819</lon>
<active>1</active>
</city>
<city>
<id>435402</id>
<name>Chapin</name>
<state>SC</state>
<rating>9</rating>
<url>http://www.greatschools.org/city/Chapin/SC</url>
<lat>34.1618</lat>
<lon>-81.3479</lon>
<active>1</active>
</city>
<city>
<id>435212</id>
<name>Charleston</name>
<state>SC</state>
<rating>7</rating>
<url>http://www.greatschools.org/city/Charleston/SC</url>
<lat>32.7926</lat>
<lon>-79.9855</lon>
<active>1</active>
</city>
<city>
<id>435292</id>
<name>Cheraw</name>
<state>SC</state>
<rating>4</rating>
<url>http://www.greatschools.org/city/Cheraw/SC</url>
<lat>34.6952</lat>
<lon>-79.8977</lon>
<active>1</active>
</city>
<city>
<id>435381</id>
<name>Chesnee</name>
<state>SC</state>
<rating>7</rating>
<url>http://www.greatschools.org/city/Chesnee/SC</url>
<lat>35.1487</lat>
<lon>-81.8632</lon>
<active>1</active>
</city>
<city>
<id>435227</id>
<name>Chester</name>
<state>SC</state>
<rating>3</rating>
<url>http://www.greatschools.org/city/Chester/SC</url>
<lat>34.707</lat>
<lon>-81.2127</lon>
<active>1</active>
</city>
<city>
<id>435267</id>
<name>Chesterfield</name>
<state>SC</state>
<rating>6</rating>
<url>http://www.greatschools.org/city/Chesterfield/SC</url>
<lat>34.7347</lat>
<lon>-80.0849</lon>
<active>1</active>
</city>
<city>
<id>435251</id>
<name>Clearwater</name>
<state>SC</state>
<rating>3</rating>
<url>http://www.greatschools.org/city/Clearwater/SC</url>
<lat>33.5057</lat>
<lon>-81.9095</lon>
<active>1</active>
</city>
<city>
<id>435289</id>
<name>Clemson</name>
<state>SC</state>
<rating>9</rating>
<url>http://www.greatschools.org/city/Clemson/SC</url>
<lat>34.6866</lat>
<lon>-82.8154</lon>
<active>1</active>
</city>
<city>
<id>435285</id>
<name>Clinton</name>
<state>SC</state>
<rating>5</rating>
<url>http://www.greatschools.org/city/Clinton/SC</url>
<lat>34.4724</lat>
<lon>-81.8794</lon>
<active>1</active>
</city>
<city>
<id>435309</id>
<name>Clio</name>
<state>SC</state>
<rating>4</rating>
<url>http://www.greatschools.org/city/Clio/SC</url>
<lat>34.5804</lat>
<lon>-79.545</lon>
<active>1</active>
</city>
<city>
<id>435235</id>
<name>Clover</name>
<state>SC</state>
<rating>9</rating>
<url>http://www.greatschools.org/city/Clover/SC</url>
<lat>35.1107</lat>
<lon>-81.2266</lon>
<active>1</active>
</city>
<city>
<id>435232</id>
<name>Columbia</name>
<state>SC</state>
<rating>5</rating>
<url>http://www.greatschools.org/city/Columbia/SC</url>
<lat>34.0181</lat>
<lon>-81.0099</lon>
<active>1</active>
</city>
<city>
<id>435331</id>
<name>Conestee</name>
<state>SC</state>
<rating/>
<url>http://www.greatschools.org/city/Conestee/SC</url>
<lat>34.7768</lat>
<lon>-82.3054</lon>
<active>1</active>
</city>
<city>
<id>435226</id>
<name>Conway</name>
<state>SC</state>
<rating>5</rating>
<url>http://www.greatschools.org/city/Conway/SC</url>
<lat>33.8358</lat>
<lon>-79.0582</lon>
<active>1</active>
</city>
<city>
<id>435473</id>
<name>Cope</name>
<state>SC</state>
<rating/>
<url>http://www.greatschools.org/city/Cope/SC</url>
<lat>33.3776</lat>
<lon>-81.008</lon>
<active>1</active>
</city>
<city>
<id>435390</id>
<name>Cordova</name>
<state>SC</state>
<rating>4</rating>
<url>http://www.greatschools.org/city/Cordova/SC</url>
<lat>33.4357</lat>
<lon>-80.9213</lon>
<active>1</active>
</city>
<city>
<id>435432</id>
<name>Cottageville</name>
<state>SC</state>
<rating>5</rating>
<url>http://www.greatschools.org/city/Cottageville/SC</url>
<lat>32.9341</lat>
<lon>-80.4795</lon>
<active>1</active>
</city>
<city>
<id>435423</id>
<name>Coward</name>
<state>SC</state>
<rating>3</rating>
<url>http://www.greatschools.org/city/Coward/SC</url>
<lat>33.9717</lat>
<lon>-79.7471</lon>
<active>1</active>
</city>
<city>
<id>435329</id>
<name>Cowpens</name>
<state>SC</state>
<rating>7</rating>
<url>http://www.greatschools.org/city/Cowpens/SC</url>
<lat>35.0174</lat>
<lon>-81.8053</lon>
<active>1</active>
</city>
<city>
<id>435445</id>
<name>Cross</name>
<state>SC</state>
<rating>4</rating>
<url>http://www.greatschools.org/city/Cross/SC</url>
<lat>33.3299</lat>
<lon>-80.2014</lon>
<active>1</active>
</city>
<city>
<id>435354</id>
<name>Dalzell</name>
<state>SC</state>
<rating/>
<url>http://www.greatschools.org/city/Dalzell/SC</url>
<lat>34.0176</lat>
<lon>-80.4299</lon>
<active>1</active>
</city>
<city>
<id>435231</id>
<name>Darlington</name>
<state>SC</state>
<rating>5</rating>
<url>http://www.greatschools.org/city/Darlington/SC</url>
<lat>34.3004</lat>
<lon>-79.8689</lon>
<active>1</active>
</city>
<city>
<id>444384</id>
<name>Daufuskie</name>
<state>SC</state>
<rating/>
<url>http://www.greatschools.org/city/Daufuskie/SC</url>
<lat>32.1256</lat>
<lon>-80.8622</lon>
<active>1</active>
</city>
<city>
<id>435450</id>
<name>Denmark</name>
<state>SC</state>
<rating>2</rating>
<url>http://www.greatschools.org/city/Denmark/SC</url>
<lat>33.3199</lat>
<lon>-81.1397</lon>
<active>1</active>
</city>
<city>
<id>435337</id>
<name>Dillon</name>
<state>SC</state>
<rating/>
<url>http://www.greatschools.org/city/Dillon/SC</url>
<lat>34.4187</lat>
<lon>-79.3686</lon>
<active>1</active>
</city>
<city>
<id>435470</id>
<name>Donalds</name>
<state>SC</state>
<rating>8</rating>
<url>http://www.greatschools.org/city/Donalds/SC</url>
<lat>34.376</lat>
<lon>-82.3477</lon>
<active>1</active>
</city>
<city>
<id>435323</id>
<name>Dorchester</name>
<state>SC</state>
<rating>4</rating>
<url>http://www.greatschools.org/city/Dorchester/SC</url>
<lat>33.1532</lat>
<lon>-80.4137</lon>
<active>1</active>
</city>
<city>
<id>445643</id>
<name>Drayton</name>
<state>SC</state>
<rating/>
<url>http://www.greatschools.org/city/Drayton/SC</url>
<lat>34.9692</lat>
<lon>-81.913</lon>
<active>1</active>
</city>
<city>
<id>435472</id>
<name>Due West</name>
<state>SC</state>
<rating>8</rating>
<url>http://www.greatschools.org/city/Due_West/SC</url>
<lat>34.3325</lat>
<lon>-82.3878</lon>
<active>1</active>
</city>
<city>
<id>435219</id>
<name>Duncan</name>
<state>SC</state>
<rating>7</rating>
<url>http://www.greatschools.org/city/Duncan/SC</url>
<lat>34.9322</lat>
<lon>-82.1327</lon>
<active>1</active>
</city>
<city>
<id>435261</id>
<name>Easley</name>
<state>SC</state>
<rating>7</rating>
<url>http://www.greatschools.org/city/Easley/SC</url>
<lat>34.8252</lat>
<lon>-82.5899</lon>
<active>1</active>
</city>
<city>
<id>435384</id>
<name>Eastover</name>
<state>SC</state>
<rating>4</rating>
<url>http://www.greatschools.org/city/Eastover/SC</url>
<lat>33.8781</lat>
<lon>-80.6926</lon>
<active>1</active>
</city>
<city>
<id>435426</id>
<name>Edgefield</name>
<state>SC</state>
<rating>4</rating>
<url>http://www.greatschools.org/city/Edgefield/SC</url>
<lat>33.7793</lat>
<lon>-81.9242</lon>
<active>1</active>
</city>
<city>
<id>443206</id>
<name>Edgemoor</name>
<state>SC</state>
<rating/>
<url>http://www.greatschools.org/city/Edgemoor/SC</url>
<lat>34.7961</lat>
<lon>-80.987</lon>
<active>1</active>
</city>
<city>
<id>435430</id>
<name>Edisto Beach</name>
<state>SC</state>
<rating/>
<url>http://www.greatschools.org/city/Edisto_Beach/SC</url>
<lat>32.4903</lat>
<lon>-80.3259</lon>
<active>1</active>
</city>
<city>
<id>435444</id>
<name>Edisto Island</name>
<state>SC</state>
<rating>7</rating>
<url>http://www.greatschools.org/city/Edisto_Island/SC</url>
<lat>32.5424</lat>
<lon>-80.3092</lon>
<active>1</active>
</city>
<city>
<id>435424</id>
<name>Effingham</name>
<state>SC</state>
<rating>4</rating>
<url>http://www.greatschools.org/city/Effingham/SC</url>
<lat>34.0908</lat>
<lon>-79.7656</lon>
<active>1</active>
</city>
<city>
<id>435275</id>
<name>Elgin</name>
<state>SC</state>
<rating>6</rating>
<url>http://www.greatschools.org/city/Elgin/SC</url>
<lat>34.1676</lat>
<lon>-80.7919</lon>
<active>1</active>
</city>
<city>
<id>435405</id>
<name>Elliott</name>
<state>SC</state>
<rating/>
<url>http://www.greatschools.org/city/Elliott/SC</url>
<lat>34.106</lat>
<lon>-80.1608</lon>
<active>1</active>
</city>
<city>
<id>435392</id>
<name>Elloree</name>
<state>SC</state>
<rating>2</rating>
<url>http://www.greatschools.org/city/Elloree/SC</url>
<lat>33.5312</lat>
<lon>-80.5724</lon>
<active>1</active>
</city>
<city>
<id>441873</id>
<name>Enoree</name>
<state>SC</state>
<rating/>
<url>http://www.greatschools.org/city/Enoree/SC</url>
<lat>34.6766</lat>
<lon>-81.9018</lon>
<active>1</active>
</city>
<city>
<id>435356</id>
<name>Estill</name>
<state>SC</state>
<rating>1</rating>
<url>http://www.greatschools.org/city/Estill/SC</url>
<lat>32.7527</lat>
<lon>-81.2388</lon>
<active>1</active>
</city>
<city>
<id>435391</id>
<name>Eutawville</name>
<state>SC</state>
<rating>3</rating>
<url>http://www.greatschools.org/city/Eutawville/SC</url>
<lat>33.3969</lat>
<lon>-80.3432</lon>
<active>1</active>
</city>
<city>
<id>435341</id>
<name>Fair Play</name>
<state>SC</state>
<rating/>
<url>http://www.greatschools.org/city/Fair_Play/SC</url>
<lat>34.5141</lat>
<lon>-83.0026</lon>
<active>1</active>
</city>
<city>
<id>435458</id>
<name>Fairfax</name>
<state>SC</state>
<rating>1</rating>
<url>http://www.greatschools.org/city/Fairfax/SC</url>
<lat>32.9609</lat>
<lon>-81.2329</lon>
<active>1</active>
</city>
<city>
<id>444593</id>
<name>FIXIT</name>
<state>SC</state>
<rating/>
<url>http://www.greatschools.org/city/FIXIT/SC</url>
<lat>35.6088</lat>
<lon>-82.5689</lon>
<active>1</active>
</city>
<city>
<id>435228</id>
<name>Florence</name>
<state>SC</state>
<rating>6</rating>
<url>http://www.greatschools.org/city/Florence/SC</url>
<lat>34.1826</lat>
<lon>-79.7762</lon>
<active>1</active>
</city>
<city>
<id>443205</id>
<name>Folly Beach</name>
<state>SC</state>
<rating/>
<url>http://www.greatschools.org/city/Folly_Beach/SC</url>
<lat>32.6612</lat>
<lon>-79.935</lon>
<active>1</active>
</city>
<city>
<id>435215</id>
<name>Fort Mill</name>
<state>SC</state>
<rating>9</rating>
<url>http://www.greatschools.org/city/Fort_Mill/SC</url>
<lat>35.0049</lat>
<lon>-80.9443</lon>
<active>1</active>
</city>
<city>
<id>435241</id>
<name>Fountain Inn</name>
<state>SC</state>
<rating>6</rating>
<url>http://www.greatschools.org/city/Fountain_Inn/SC</url>
<lat>34.6983</lat>
<lon>-82.1997</lon>
<active>1</active>
</city>
<city>
<id>435385</id>
<name>Gadsden</name>
<state>SC</state>
<rating>7</rating>
<url>http://www.greatschools.org/city/Gadsden/SC</url>
<lat>33.8467</lat>
<lon>-80.7535</lon>
<active>1</active>
</city>
<city>
<id>435287</id>
<name>Gaffney</name>
<state>SC</state>
<rating>4</rating>
<url>http://www.greatschools.org/city/Gaffney/SC</url>
<lat>35.0722</lat>
<lon>-81.6529</lon>
<active>1</active>
</city>
<city>
<id>435297</id>
<name>Galivants Ferry</name>
<state>SC</state>
<rating>7</rating>
<url>http://www.greatschools.org/city/Galivants_Ferry/SC</url>
<lat>34.0015</lat>
<lon>-79.211</lon>
<active>1</active>
</city>
<city>
<id>435278</id>
<name>Garden City</name>
<state>SC</state>
<rating>8</rating>
<url>http://www.greatschools.org/city/Garden_City/SC</url>
<lat>33.5928</lat>
<lon>-79.007</lon>
<active>1</active>
</city>
<city>
<id>443203</id>
<name>Garnett</name>
<state>SC</state>
<rating/>
<url>http://www.greatschools.org/city/Garnett/SC</url>
<lat>32.5968</lat>
<lon>-81.2398</lon>
<active>1</active>
</city>
<city>
<id>435403</id>
<name>Gaston</name>
<state>SC</state>
<rating>3</rating>
<url>http://www.greatschools.org/city/Gaston/SC</url>
<lat>33.8191</lat>
<lon>-81.1012</lon>
<active>1</active>
</city>
<city>
<id>435284</id>
<name>Georgetown</name>
<state>SC</state>
<rating>4</rating>
<url>http://www.greatschools.org/city/Georgetown/SC</url>
<lat>33.3644</lat>
<lon>-79.2942</lon>
<active>1</active>
</city>
<city>
<id>443202</id>
<name>Gifford</name>
<state>SC</state>
<rating/>
<url>http://www.greatschools.org/city/Gifford/SC</url>
<lat>32.8618</lat>
<lon>-81.24</lon>
<active>1</active>
</city>
<city>
<id>435279</id>
<name>Gilbert</name>
<state>SC</state>
<rating>7</rating>
<url>http://www.greatschools.org/city/Gilbert/SC</url>
<lat>33.9209</lat>
<lon>-81.3949</lon>
<active>1</active>
</city>
<city>
<id>435468</id>
<name>Gloverville</name>
<state>SC</state>
<rating>3</rating>
<url>http://www.greatschools.org/city/Gloverville/SC</url>
<lat>33.5257</lat>
<lon>-81.8203</lon>
<active>1</active>
</city>
<city>
<id>435252</id>
<name>Goose Creek</name>
<state>SC</state>
<rating>7</rating>
<url>http://www.greatschools.org/city/Goose_Creek/SC</url>
<lat>32.9813</lat>
<lon>-79.9911</lon>
<active>1</active>
</city>
<city>
<id>435306</id>
<name>Graniteville</name>
<state>SC</state>
<rating>4</rating>
<url>http://www.greatschools.org/city/Graniteville/SC</url>
<lat>33.5651</lat>
<lon>-81.842</lon>
<active>1</active>
</city>
<city>
<id>435312</id>
<name>Gray Court</name>
<state>SC</state>
<rating>6</rating>
<url>http://www.greatschools.org/city/Gray_Court/SC</url>
<lat>34.6073</lat>
<lon>-82.1171</lon>
<active>1</active>
</city>
<city>
<id>435317</id>
<name>Great Falls</name>
<state>SC</state>
<rating>3</rating>
<url>http://www.greatschools.org/city/Great_Falls/SC</url>
<lat>34.5725</lat>
<lon>-80.9015</lon>
<active>1</active>
</city>
<city>
<id>435364</id>
<name>Greeleyville</name>
<state>SC</state>
<rating>3</rating>
<url>http://www.greatschools.org/city/Greeleyville/SC</url>
<lat>33.5789</lat>
<lon>-79.9904</lon>
<active>1</active>
</city>
<city>
<id>435411</id>
<name>Green Sea</name>
<state>SC</state>
<rating>6</rating>
<url>http://www.greatschools.org/city/Green_Sea/SC</url>
<lat>34.1576</lat>
<lon>-78.9606</lon>
<active>1</active>
</city>
<city>
<id>435225</id>
<name>Greenville</name>
<state>SC</state>
<rating>6</rating>
<url>http://www.greatschools.org/city/Greenville/SC</url>
<lat>34.8447</lat>
<lon>-82.378</lon>
<active>1</active>
</city>
<city>
<id>435272</id>
<name>Greenwood</name>
<state>SC</state>
<rating>5</rating>
<url>http://www.greatschools.org/city/Greenwood/SC</url>
<lat>34.1922</lat>
<lon>-82.1523</lon>
<active>1</active>
</city>
<city>
<id>435286</id>
<name>Greer</name>
<state>SC</state>
<rating>8</rating>
<url>http://www.greatschools.org/city/Greer/SC</url>
<lat>34.9324</lat>
<lon>-82.2313</lon>
<active>1</active>
</city>
<city>
<id>435307</id>
<name>Gresham</name>
<state>SC</state>
<rating/>
<url>http://www.greatschools.org/city/Gresham/SC</url>
<lat>33.9068</lat>
<lon>-79.3597</lon>
<active>1</active>
</city>
<city>
<id>435412</id>
<name>Hampton</name>
<state>SC</state>
<rating>3</rating>
<url>http://www.greatschools.org/city/Hampton/SC</url>
<lat>32.8689</lat>
<lon>-81.1114</lon>
<active>1</active>
</city>
<city>
<id>435321</id>
<name>Hanahan</name>
<state>SC</state>
<rating>8</rating>
<url>http://www.greatschools.org/city/Hanahan/SC</url>
<lat>32.9216</lat>
<lon>-80.0091</lon>
<active>1</active>
</city>
<city>
<id>435214</id>
<name>Hardeeville</name>
<state>SC</state>
<rating>1</rating>
<url>http://www.greatschools.org/city/Hardeeville/SC</url>
<lat>32.2822</lat>
<lon>-81.0736</lon>
<active>1</active>
</city>
<city>
<id>435239</id>
<name>Hartsville</name>
<state>SC</state>
<rating>6</rating>
<url>http://www.greatschools.org/city/Hartsville/SC</url>
<lat>34.368</lat>
<lon>-80.0804</lon>
<active>1</active>
</city>
<city>
<id>435408</id>
<name>Heath Springs</name>
<state>SC</state>
<rating>6</rating>
<url>http://www.greatschools.org/city/Heath_Springs/SC</url>
<lat>34.591</lat>
<lon>-80.6742</lon>
<active>1</active>
</city>
<city>
<id>435315</id>
<name>Hemingway</name>
<state>SC</state>
<rating>3</rating>
<url>http://www.greatschools.org/city/Hemingway/SC</url>
<lat>33.7544</lat>
<lon>-79.4439</lon>
<active>1</active>
</city>
<city>
<id>435362</id>
<name>Hickory Grove</name>
<state>SC</state>
<rating>5</rating>
<url>http://www.greatschools.org/city/Hickory_Grove/SC</url>
<lat>34.9822</lat>
<lon>-81.4159</lon>
<active>1</active>
</city>
<city>
<id>435221</id>
<name>Hilton Head Island</name>
<state>SC</state>
<rating>6</rating>
<url>http://www.greatschools.org/city/Hilton_Head_Island/SC</url>
<lat>32.1954</lat>
<lon>-80.7403</lon>
<active>1</active>
</city>
<city>
<id>435417</id>
<name>Hodges</name>
<state>SC</state>
<rating>7</rating>
<url>http://www.greatschools.org/city/Hodges/SC</url>
<lat>34.2868</lat>
<lon>-82.2469</lon>
<active>1</active>
</city>
<city>
<id>435351</id>
<name>Holly Hill</name>
<state>SC</state>
<rating>2</rating>
<url>http://www.greatschools.org/city/Holly_Hill/SC</url>
<lat>33.3243</lat>
<lon>-80.4108</lon>
<active>1</active>
</city>
<city>
<id>435259</id>
<name>Hollywood</name>
<state>SC</state>
<rating>4</rating>
<url>http://www.greatschools.org/city/Hollywood/SC</url>
<lat>32.7427</lat>
<lon>-80.2236</lon>
<active>1</active>
</city>
<city>
<id>435332</id>
<name>Honea Path</name>
<state>SC</state>
<rating>7</rating>
<url>http://www.greatschools.org/city/Honea_Path/SC</url>
<lat>34.4465</lat>
<lon>-82.3943</lon>
<active>1</active>
</city>
<city>
<id>435319</id>
<name>Hopkins</name>
<state>SC</state>
<rating>3</rating>
<url>http://www.greatschools.org/city/Hopkins/SC</url>
<lat>33.9415</lat>
<lon>-80.8481</lon>
<active>1</active>
</city>
<city>
<id>435446</id>
<name>Huger</name>
<state>SC</state>
<rating>4</rating>
<url>http://www.greatschools.org/city/Huger/SC</url>
<lat>33.0305</lat>
<lon>-79.808</lon>
<active>1</active>
</city>
<city>
<id>444258</id>
<name>Indian Land</name>
<state>SC</state>
<rating>8</rating>
<url>http://www.greatschools.org/city/Indian_Land/SC</url>
<lat>34.9793</lat>
<lon>-80.8561</lon>
<active>1</active>
</city>
<city>
<id>435293</id>
<name>Inman</name>
<state>SC</state>
<rating>9</rating>
<url>http://www.greatschools.org/city/Inman/SC</url>
<lat>35.0496</lat>
<lon>-82.0914</lon>
<active>1</active>
</city>
<city>
<id>435234</id>
<name>Irmo</name>
<state>SC</state>
<rating>8</rating>
<url>http://www.greatschools.org/city/Irmo/SC</url>
<lat>34.0941</lat>
<lon>-81.1883</lon>
<active>1</active>
</city>
<city>
<id>435333</id>
<name>Islandton</name>
<state>SC</state>
<rating/>
<url>http://www.greatschools.org/city/Islandton/SC</url>
<lat>32.9366</lat>
<lon>-80.9304</lon>
<active>1</active>
</city>
<city>
<id>443199</id>
<name>Isle of Palms</name>
<state>SC</state>
<rating/>
<url>http://www.greatschools.org/city/Isle_of_Palms/SC</url>
<lat>32.7967</lat>
<lon>-79.7682</lon>
<active>1</active>
</city>
<city>
<id>435455</id>
<name>Iva</name>
<state>SC</state>
<rating>5</rating>
<url>http://www.greatschools.org/city/Iva/SC</url>
<lat>34.3079</lat>
<lon>-82.6633</lon>
<active>1</active>
</city>
<city>
<id>435460</id>
<name>Jackson</name>
<state>SC</state>
<rating>5</rating>
<url>http://www.greatschools.org/city/Jackson/SC</url>
<lat>33.3303</lat>
<lon>-81.791</lon>
<active>1</active>
</city>
<city>
<id>435262</id>
<name>Jefferson</name>
<state>SC</state>
<rating>5</rating>
<url>http://www.greatschools.org/city/Jefferson/SC</url>
<lat>34.652</lat>
<lon>-80.389</lon>
<active>1</active>
</city>
<city>
<id>435407</id>
<name>Joanna</name>
<state>SC</state>
<rating>3</rating>
<url>http://www.greatschools.org/city/Joanna/SC</url>
<lat>34.4145</lat>
<lon>-81.8141</lon>
<active>1</active>
</city>
<city>
<id>435204</id>
<name>Johns Island</name>
<state>SC</state>
<rating>5</rating>
<url>http://www.greatschools.org/city/Johns_Island/SC</url>
<lat>32.7995</lat>
<lon>-80.0058</lon>
<active>1</active>
</city>
<city>
<id>435420</id>
<name>Johnsonville</name>
<state>SC</state>
<rating>5</rating>
<url>http://www.greatschools.org/city/Johnsonville/SC</url>
<lat>33.8185</lat>
<lon>-79.4483</lon>
<active>1</active>
</city>
<city>
<id>435359</id>
<name>Johnston</name>
<state>SC</state>
<rating>4</rating>
<url>http://www.greatschools.org/city/Johnston/SC</url>
<lat>33.8322</lat>
<lon>-81.8037</lon>
<active>1</active>
</city>
<city>
<id>435368</id>
<name>Jonesville</name>
<state>SC</state>
<rating>6</rating>
<url>http://www.greatschools.org/city/Jonesville/SC</url>
<lat>34.8349</lat>
<lon>-81.6817</lon>
<active>1</active>
</city>
<city>
<id>435301</id>
<name>Kershaw</name>
<state>SC</state>
<rating>5</rating>
<url>http://www.greatschools.org/city/Kershaw/SC</url>
<lat>34.5476</lat>
<lon>-80.5841</lon>
<active>1</active>
</city>
<city>
<id>435258</id>
<name>Kingstree</name>
<state>SC</state>
<rating>2</rating>
<url>http://www.greatschools.org/city/Kingstree/SC</url>
<lat>33.6699</lat>
<lon>-79.8279</lon>
<active>1</active>
</city>
<city>
<id>435454</id>
<name>La France</name>
<state>SC</state>
<rating>8</rating>
<url>http://www.greatschools.org/city/La_France/SC</url>
<lat>34.6417</lat>
<lon>-82.7482</lon>
<active>1</active>
</city>
<city>
<id>435268</id>
<name>Ladson</name>
<state>SC</state>
<rating>6</rating>
<url>http://www.greatschools.org/city/Ladson/SC</url>
<lat>33.0172</lat>
<lon>-80.1073</lon>
<active>1</active>
</city>
<city>
<id>435355</id>
<name>Lake City</name>
<state>SC</state>
<rating>3</rating>
<url>http://www.greatschools.org/city/Lake_City/SC</url>
<lat>33.8671</lat>
<lon>-79.7586</lon>
<active>1</active>
</city>
<city>
<id>435428</id>
<name>Lake View</name>
<state>SC</state>
<rating/>
<url>http://www.greatschools.org/city/Lake_View/SC</url>
<lat>34.3403</lat>
<lon>-79.1679</lon>
<active>1</active>
</city>
<city>
<id>435255</id>
<name>Lamar</name>
<state>SC</state>
<rating>4</rating>
<url>http://www.greatschools.org/city/Lamar/SC</url>
<lat>34.1694</lat>
<lon>-80.0637</lon>
<active>1</active>
</city>
<city>
<id>435314</id>
<name>Lancaster</name>
<state>SC</state>
<rating>4</rating>
<url>http://www.greatschools.org/city/Lancaster/SC</url>
<lat>34.7226</lat>
<lon>-80.7753</lon>
<active>1</active>
</city>
<city>
<id>435358</id>
<name>Landrum</name>
<state>SC</state>
<rating>8</rating>
<url>http://www.greatschools.org/city/Landrum/SC</url>
<lat>35.1744</lat>
<lon>-82.1854</lon>
<active>1</active>
</city>
<city>
<id>443196</id>
<name>Lane</name>
<state>SC</state>
<rating/>
<url>http://www.greatschools.org/city/Lane/SC</url>
<lat>33.528</lat>
<lon>-79.8814</lon>
<active>1</active>
</city>
<city>
<id>435266</id>
<name>Latta</name>
<state>SC</state>
<rating>6</rating>
<url>http://www.greatschools.org/city/Latta/SC</url>
<lat>34.3384</lat>
<lon>-79.4337</lon>
<active>1</active>
</city>
<city>
<id>444163</id>
<name>Laurel Bay</name>
<state>SC</state>
<rating/>
<url>http://www.greatschools.org/city/Laurel_Bay/SC</url>
<lat>32.4615</lat>
<lon>-80.7898</lon>
<active>1</active>
</city>
<city>
<id>435330</id>
<name>Laurens</name>
<state>SC</state>
<rating>5</rating>
<url>http://www.greatschools.org/city/Laurens/SC</url>
<lat>34.4982</lat>
<lon>-82.0201</lon>
<active>1</active>
</city>
<city>
<id>435336</id>
<name>Leesville</name>
<state>SC</state>
<rating/>
<url>http://www.greatschools.org/city/Leesville/SC</url>
<lat>33.9007</lat>
<lon>-81.4471</lon>
<active>1</active>
</city>
<city>
<id>435209</id>
<name>Lexington</name>
<state>SC</state>
<rating>8</rating>
<url>http://www.greatschools.org/city/Lexington/SC</url>
<lat>33.9861</lat>
<lon>-81.2292</lon>
<active>1</active>
</city>
<city>
<id>435386</id>
<name>Liberty</name>
<state>SC</state>
<rating>7</rating>
<url>http://www.greatschools.org/city/Liberty/SC</url>
<lat>34.7865</lat>
<lon>-82.693</lon>
<active>1</active>
</city>
<city>
<id>445644</id>
<name>Lincolnville</name>
<state>SC</state>
<rating/>
<url>http://www.greatschools.org/city/Lincolnville/SC</url>
<lat>33.0088</lat>
<lon>-80.1583</lon>
<active>1</active>
</city>
<city>
<id>435399</id>
<name>Little Mountain</name>
<state>SC</state>
<rating>9</rating>
<url>http://www.greatschools.org/city/Little_Mountain/SC</url>
<lat>34.1947</lat>
<lon>-81.4134</lon>
<active>1</active>
</city>
<city>
<id>435295</id>
<name>Little River</name>
<state>SC</state>
<rating>7</rating>
<url>http://www.greatschools.org/city/Little_River/SC</url>
<lat>33.8747</lat>
<lon>-78.6325</lon>
<active>1</active>
</city>
<city>
<id>445645</id>
<name>Little Rock</name>
<state>SC</state>
<rating/>
<url>http://www.greatschools.org/city/Little_Rock/SC</url>
<lat>34.551</lat>
<lon>-79.4197</lon>
<active>1</active>
</city>
<city>
<id>435344</id>
<name>Lobeco</name>
<state>SC</state>
<rating/>
<url>http://www.greatschools.org/city/Lobeco/SC</url>
<lat>32.5565</lat>
<lon>-80.7371</lon>
<active>1</active>
</city>
<city>
<id>435367</id>
<name>Lockhart</name>
<state>SC</state>
<rating>5</rating>
<url>http://www.greatschools.org/city/Lockhart/SC</url>
<lat>34.7938</lat>
<lon>-81.4602</lon>
<active>1</active>
</city>
<city>
<id>435342</id>
<name>Lodge</name>
<state>SC</state>
<rating/>
<url>http://www.greatschools.org/city/Lodge/SC</url>
<lat>33.0657</lat>
<lon>-80.9586</lon>
<active>1</active>
</city>
<city>
<id>435328</id>
<name>Longs</name>
<state>SC</state>
<rating/>
<url>http://www.greatschools.org/city/Longs/SC</url>
<lat>33.8999</lat>
<lon>-78.7515</lon>
<active>1</active>
</city>
<city>
<id>435334</id>
<name>Loris</name>
<state>SC</state>
<rating>6</rating>
<url>http://www.greatschools.org/city/Loris/SC</url>
<lat>34.0592</lat>
<lon>-78.8909</lon>
<active>1</active>
</city>
<city>
<id>435302</id>
<name>Lugoff</name>
<state>SC</state>
<rating>7</rating>
<url>http://www.greatschools.org/city/Lugoff/SC</url>
<lat>34.2199</lat>
<lon>-80.6959</lon>
<active>1</active>
</city>
<city>
<id>435376</id>
<name>Lyman</name>
<state>SC</state>
<rating>7</rating>
<url>http://www.greatschools.org/city/Lyman/SC</url>
<lat>34.9565</lat>
<lon>-82.1241</lon>
<active>1</active>
</city>
<city>
<id>435361</id>
<name>Lynchburg</name>
<state>SC</state>
<rating/>
<url>http://www.greatschools.org/city/Lynchburg/SC</url>
<lat>34.0608</lat>
<lon>-80.0769</lon>
<active>1</active>
</city>
<city>
<id>435316</id>
<name>Manning</name>
<state>SC</state>
<rating>3</rating>
<url>http://www.greatschools.org/city/Manning/SC</url>
<lat>33.6926</lat>
<lon>-80.2171</lon>
<active>1</active>
</city>
<city>
<id>435419</id>
<name>Marietta</name>
<state>SC</state>
<rating>7</rating>
<url>http://www.greatschools.org/city/Marietta/SC</url>
<lat>35.1359</lat>
<lon>-82.5173</lon>
<active>1</active>
</city>
<city>
<id>435271</id>
<name>Marion</name>
<state>SC</state>
<rating/>
<url>http://www.greatschools.org/city/Marion/SC</url>
<lat>34.1775</lat>
<lon>-79.3978</lon>
<active>1</active>
</city>
<city>
<id>435250</id>
<name>Mauldin</name>
<state>SC</state>
<rating>8</rating>
<url>http://www.greatschools.org/city/Mauldin/SC</url>
<lat>34.7841</lat>
<lon>-82.303</lon>
<active>1</active>
</city>
<city>
<id>435406</id>
<name>Mayesville</name>
<state>SC</state>
<rating>1</rating>
<url>http://www.greatschools.org/city/Mayesville/SC</url>
<lat>33.9848</lat>
<lon>-80.2013</lon>
<active>1</active>
</city>
<city>
<id>435382</id>
<name>Mayo</name>
<state>SC</state>
<rating>7</rating>
<url>http://www.greatschools.org/city/Mayo/SC</url>
<lat>35.0854</lat>
<lon>-81.855</lon>
<active>1</active>
</city>
<city>
<id>446333</id>
<name>Mc Cormick</name>
<state>SC</state>
<rating/>
<url>http://www.greatschools.org/city/Mc_Cormick/SC</url>
<lat>33.9229</lat>
<lon>-82.2896</lon>
<active>1</active>
</city>
<city>
<id>435435</id>
<name>McBee</name>
<state>SC</state>
<rating>4</rating>
<url>http://www.greatschools.org/city/McBee/SC</url>
<lat>34.4653</lat>
<lon>-80.2575</lon>
<active>1</active>
</city>
<city>
<id>435348</id>
<name>McClellanville</name>
<state>SC</state>
<rating>2</rating>
<url>http://www.greatschools.org/city/McClellanville/SC</url>
<lat>33.0879</lat>
<lon>-79.4681</lon>
<active>1</active>
</city>
<city>
<id>435400</id>
<name>McColl</name>
<state>SC</state>
<rating>3</rating>
<url>http://www.greatschools.org/city/McColl/SC</url>
<lat>34.6669</lat>
<lon>-79.5442</lon>
<active>1</active>
</city>
<city>
<id>435357</id>
<name>McCormick</name>
<state>SC</state>
<rating>2</rating>
<url>http://www.greatschools.org/city/McCormick/SC</url>
<lat>33.9112</lat>
<lon>-82.2923</lon>
<active>1</active>
</city>
<city>
<id>435248</id>
<name>Moncks Corner</name>
<state>SC</state>
<rating>5</rating>
<url>http://www.greatschools.org/city/Moncks_Corner/SC</url>
<lat>33.1939</lat>
<lon>-80.0077</lon>
<active>1</active>
</city>
<city>
<id>435466</id>
<name>Monetta</name>
<state>SC</state>
<rating>4</rating>
<url>http://www.greatschools.org/city/Monetta/SC</url>
<lat>33.8486</lat>
<lon>-81.6072</lon>
<active>1</active>
</city>
<city>
<id>435374</id>
<name>Moore</name>
<state>SC</state>
<rating>7</rating>
<url>http://www.greatschools.org/city/Moore/SC</url>
<lat>34.8853</lat>
<lon>-82.0173</lon>
<active>1</active>
</city>
<city>
<id>435220</id>
<name>Mount Pleasant</name>
<state>SC</state>
<rating>9</rating>
<url>http://www.greatschools.org/city/Mount_Pleasant/SC</url>
<lat>32.827</lat>
<lon>-79.8467</lon>
<active>1</active>
</city>
<city>
<id>446334</id>
<name>Mt. Pleasant</name>
<state>SC</state>
<rating/>
<url>http://www.greatschools.org/city/Mt._Pleasant/SC</url>
<lat>32.8503</lat>
<lon>-79.7959</lon>
<active>1</active>
</city>
<city>
<id>435223</id>
<name>Mullins</name>
<state>SC</state>
<rating/>
<url>http://www.greatschools.org/city/Mullins/SC</url>
<lat>34.2057</lat>
<lon>-79.254</lon>
<active>1</active>
</city>
<city>
<id>435296</id>
<name>Murrells Inlet</name>
<state>SC</state>
<rating>8</rating>
<url>http://www.greatschools.org/city/Murrells_Inlet/SC</url>
<lat>33.5521</lat>
<lon>-79.0532</lon>
<active>1</active>
</city>
<city>
<id>435206</id>
<name>Myrtle Beach</name>
<state>SC</state>
<rating>8</rating>
<url>http://www.greatschools.org/city/Myrtle_Beach/SC</url>
<lat>33.7094</lat>
<lon>-78.874</lon>
<active>1</active>
</city>
<city>
<id>435308</id>
<name>Neeses</name>
<state>SC</state>
<rating>2</rating>
<url>http://www.greatschools.org/city/Neeses/SC</url>
<lat>33.535</lat>
<lon>-81.1253</lon>
<active>1</active>
</city>
<city>
<id>435366</id>
<name>Nesmith</name>
<state>SC</state>
<rating/>
<url>http://www.greatschools.org/city/Nesmith/SC</url>
<lat>33.5936</lat>
<lon>-79.5567</lon>
<active>1</active>
</city>
<city>
<id>435461</id>
<name>New Ellenton</name>
<state>SC</state>
<rating>4</rating>
<url>http://www.greatschools.org/city/New_Ellenton/SC</url>
<lat>33.4174</lat>
<lon>-81.6882</lon>
<active>1</active>
</city>
<city>
<id>435434</id>
<name>New Zion</name>
<state>SC</state>
<rating>7</rating>
<url>http://www.greatschools.org/city/New_Zion/SC</url>
<lat>33.7904</lat>
<lon>-80.0152</lon>
<active>1</active>
</city>
<city>
<id>435281</id>
<name>Newberry</name>
<state>SC</state>
<rating>3</rating>
<url>http://www.greatschools.org/city/Newberry/SC</url>
<lat>34.2799</lat>
<lon>-81.6172</lon>
<active>1</active>
</city>
<city>
<id>435303</id>
<name>Ninety Six</name>
<state>SC</state>
<rating>7</rating>
<url>http://www.greatschools.org/city/Ninety_Six/SC</url>
<lat>34.1717</lat>
<lon>-82.0211</lon>
<active>1</active>
</city>
<city>
<id>435282</id>
<name>North</name>
<state>SC</state>
<rating>4</rating>
<url>http://www.greatschools.org/city/North/SC</url>
<lat>33.6169</lat>
<lon>-81.1036</lon>
<active>1</active>
</city>
<city>
<id>435233</id>
<name>North Augusta</name>
<state>SC</state>
<rating>6</rating>
<url>http://www.greatschools.org/city/North_Augusta/SC</url>
<lat>33.5144</lat>
<lon>-81.9663</lon>
<active>1</active>
</city>
<city>
<id>435207</id>
<name>North Charleston</name>
<state>SC</state>
<rating>5</rating>
<url>http://www.greatschools.org/city/North_Charleston/SC</url>
<lat>32.893</lat>
<lon>-80.0306</lon>
<active>1</active>
</city>
<city>
<id>435288</id>
<name>North Myrtle Beach</name>
<state>SC</state>
<rating/>
<url>http://www.greatschools.org/city/North_Myrtle_Beach/SC</url>
<lat>33.8236</lat>
<lon>-78.679</lon>
<active>1</active>
</city>
<city>
<id>444259</id>
<name>Okatie</name>
<state>SC</state>
<rating>9</rating>
<url>http://www.greatschools.org/city/Okatie/SC</url>
<lat>32.3099</lat>
<lon>-80.9227</lon>
<active>1</active>
</city>
<city>
<id>435422</id>
<name>Olanta</name>
<state>SC</state>
<rating>3</rating>
<url>http://www.greatschools.org/city/Olanta/SC</url>
<lat>33.9381</lat>
<lon>-79.9315</lon>
<active>1</active>
</city>
<city>
<id>445648</id>
<name>Olar</name>
<state>SC</state>
<rating/>
<url>http://www.greatschools.org/city/Olar/SC</url>
<lat>33.1804</lat>
<lon>-81.1854</lon>
<active>1</active>
</city>
<city>
<id>435254</id>
<name>Orangeburg</name>
<state>SC</state>
<rating>3</rating>
<url>http://www.greatschools.org/city/Orangeburg/SC</url>
<lat>33.4983</lat>
<lon>-80.8623</lon>
<active>1</active>
</city>
<city>
<id>435380</id>
<name>Pacolet</name>
<state>SC</state>
<rating>6</rating>
<url>http://www.greatschools.org/city/Pacolet/SC</url>
<lat>34.9047</lat>
<lon>-81.7576</lon>
<active>1</active>
</city>
<city>
<id>435298</id>
<name>Pageland</name>
<state>SC</state>
<rating>6</rating>
<url>http://www.greatschools.org/city/Pageland/SC</url>
<lat>34.7722</lat>
<lon>-80.3927</lon>
<active>1</active>
</city>
<city>
<id>435346</id>
<name>Pamplico</name>
<state>SC</state>
<rating>5</rating>
<url>http://www.greatschools.org/city/Pamplico/SC</url>
<lat>33.9953</lat>
<lon>-79.566</lon>
<active>1</active>
</city>
<city>
<id>435437</id>
<name>Patrick</name>
<state>SC</state>
<rating>7</rating>
<url>http://www.greatschools.org/city/Patrick/SC</url>
<lat>34.5761</lat>
<lon>-80.0428</lon>
<active>1</active>
</city>
<city>
<id>435375</id>
<name>Pauline</name>
<state>SC</state>
<rating>6</rating>
<url>http://www.greatschools.org/city/Pauline/SC</url>
<lat>34.7893</lat>
<lon>-81.8631</lon>
<active>1</active>
</city>
<city>
<id>435242</id>
<name>Pawleys Island</name>
<state>SC</state>
<rating>8</rating>
<url>http://www.greatschools.org/city/Pawleys_Island/SC</url>
<lat>33.4264</lat>
<lon>-79.1237</lon>
<active>1</active>
</city>
<city>
<id>435311</id>
<name>Pelion</name>
<state>SC</state>
<rating>4</rating>
<url>http://www.greatschools.org/city/Pelion/SC</url>
<lat>33.7739</lat>
<lon>-81.2498</lon>
<active>1</active>
</city>
<city>
<id>435418</id>
<name>Pelzer</name>
<state>SC</state>
<rating>6</rating>
<url>http://www.greatschools.org/city/Pelzer/SC</url>
<lat>34.6435</lat>
<lon>-82.4629</lon>
<active>1</active>
</city>
<city>
<id>446335</id>
<name>Pendelton</name>
<state>SC</state>
<rating/>
<url>http://www.greatschools.org/city/Pendelton/SC</url>
<lat>34.6045</lat>
<lon>-82.6987</lon>
<active>1</active>
</city>
<city>
<id>435452</id>
<name>Pendleton</name>
<state>SC</state>
<rating>8</rating>
<url>http://www.greatschools.org/city/Pendleton/SC</url>
<lat>34.6509</lat>
<lon>-82.7793</lon>
<active>1</active>
</city>
<city>
<id>435260</id>
<name>Pickens</name>
<state>SC</state>
<rating>6</rating>
<url>http://www.greatschools.org/city/Pickens/SC</url>
<lat>34.8832</lat>
<lon>-82.7079</lon>
<active>1</active>
</city>
<city>
<id>435326</id>
<name>Piedmont</name>
<state>SC</state>
<rating>7</rating>
<url>http://www.greatschools.org/city/Piedmont/SC</url>
<lat>34.7079</lat>
<lon>-82.4653</lon>
<active>1</active>
</city>
<city>
<id>444594</id>
<name>Pineland</name>
<state>SC</state>
<rating/>
<url>http://www.greatschools.org/city/Pineland/SC</url>
<lat>32.7676</lat>
<lon>-81.2403</lon>
<active>1</active>
</city>
<city>
<id>444168</id>
<name>Pineville</name>
<state>SC</state>
<rating>3</rating>
<url>http://www.greatschools.org/city/Pineville/SC</url>
<lat>33.423</lat>
<lon>-80.0641</lon>
<active>1</active>
</city>
<city>
<id>435372</id>
<name>Pinewood</name>
<state>SC</state>
<rating/>
<url>http://www.greatschools.org/city/Pinewood/SC</url>
<lat>33.7403</lat>
<lon>-80.4625</lon>
<active>1</active>
</city>
<city>
<id>443192</id>
<name>Plum Branch</name>
<state>SC</state>
<rating/>
<url>http://www.greatschools.org/city/Plum_Branch/SC</url>
<lat>33.8489</lat>
<lon>-82.259</lon>
<active>1</active>
</city>
<city>
<id>435397</id>
<name>Pomaria</name>
<state>SC</state>
<rating>8</rating>
<url>http://www.greatschools.org/city/Pomaria/SC</url>
<lat>34.2682</lat>
<lon>-81.4179</lon>
<active>1</active>
</city>
<city>
<id>435345</id>
<name>Port Royal</name>
<state>SC</state>
<rating>6</rating>
<url>http://www.greatschools.org/city/Port_Royal/SC</url>
<lat>32.3868</lat>
<lon>-80.6933</lon>
<active>1</active>
</city>
<city>
<id>435396</id>
<name>Prosperity</name>
<state>SC</state>
<rating>6</rating>
<url>http://www.greatschools.org/city/Prosperity/SC</url>
<lat>34.2106</lat>
<lon>-81.5307</lon>
<active>1</active>
</city>
<city>
<id>435442</id>
<name>Ravenel</name>
<state>SC</state>
<rating>5</rating>
<url>http://www.greatschools.org/city/Ravenel/SC</url>
<lat>32.7782</lat>
<lon>-80.2243</lon>
<active>1</active>
</city>
<city>
<id>435378</id>
<name>Reidville</name>
<state>SC</state>
<rating>6</rating>
<url>http://www.greatschools.org/city/Reidville/SC</url>
<lat>34.8646</lat>
<lon>-82.1033</lon>
<active>1</active>
</city>
<city>
<id>435371</id>
<name>Rembert</name>
<state>SC</state>
<rating/>
<url>http://www.greatschools.org/city/Rembert/SC</url>
<lat>34.1008</lat>
<lon>-80.5335</lon>
<active>1</active>
</city>
<city>
<id>435438</id>
<name>Richburg</name>
<state>SC</state>
<rating>7</rating>
<url>http://www.greatschools.org/city/Richburg/SC</url>
<lat>34.7153</lat>
<lon>-81.0208</lon>
<active>1</active>
</city>
<city>
<id>435467</id>
<name>Ridge Spring</name>
<state>SC</state>
<rating>2</rating>
<url>http://www.greatschools.org/city/Ridge_Spring/SC</url>
<lat>33.8487</lat>
<lon>-81.6627</lon>
<active>1</active>
</city>
<city>
<id>435211</id>
<name>Ridgeland</name>
<state>SC</state>
<rating>1</rating>
<url>http://www.greatschools.org/city/Ridgeland/SC</url>
<lat>32.4979</lat>
<lon>-80.9742</lon>
<active>1</active>
</city>
<city>
<id>435236</id>
<name>Ridgeville</name>
<state>SC</state>
<rating/>
<url>http://www.greatschools.org/city/Ridgeville/SC</url>
<lat>33.0878</lat>
<lon>-80.3002</lon>
<active>1</active>
</city>
<city>
<id>435280</id>
<name>Ridgeway</name>
<state>SC</state>
<rating>3</rating>
<url>http://www.greatschools.org/city/Ridgeway/SC</url>
<lat>34.3062</lat>
<lon>-80.9603</lon>
<active>1</active>
</city>
<city>
<id>435205</id>
<name>Rock Hill</name>
<state>SC</state>
<rating>6</rating>
<url>http://www.greatschools.org/city/Rock_Hill/SC</url>
<lat>34.9405</lat>
<lon>-81.0259</lon>
<active>1</active>
</city>
<city>
<id>435300</id>
<name>Roebuck</name>
<state>SC</state>
<rating>7</rating>
<url>http://www.greatschools.org/city/Roebuck/SC</url>
<lat>34.8802</lat>
<lon>-81.9604</lon>
<active>1</active>
</city>
<city>
<id>435388</id>
<name>Rowesville</name>
<state>SC</state>
<rating>4</rating>
<url>http://www.greatschools.org/city/Rowesville/SC</url>
<lat>33.3705</lat>
<lon>-80.8367</lon>
<active>1</active>
</city>
<city>
<id>446336</id>
<name>Roweville</name>
<state>SC</state>
<rating/>
<url>http://www.greatschools.org/city/Roweville/SC</url>
<lat>33.4058</lat>
<lon>-80.7413</lon>
<active>1</active>
</city>
<city>
<id>435436</id>
<name>Ruby</name>
<state>SC</state>
<rating>8</rating>
<url>http://www.greatschools.org/city/Ruby/SC</url>
<lat>34.7432</lat>
<lon>-80.1785</lon>
<active>1</active>
</city>
<city>
<id>435431</id>
<name>Ruffin</name>
<state>SC</state>
<rating>3</rating>
<url>http://www.greatschools.org/city/Ruffin/SC</url>
<lat>32.9674</lat>
<lon>-80.8224</lon>
<active>1</active>
</city>
<city>
<id>445649</id>
<name>Saint Helena Island</name>
<state>SC</state>
<rating/>
<url>http://www.greatschools.org/city/Saint_Helena_Island/SC</url>
<lat>32.4042</lat>
<lon>-80.4994</lon>
<active>1</active>
</city>
<city>
<id>435394</id>
<name>Salem</name>
<state>SC</state>
<rating>5</rating>
<url>http://www.greatschools.org/city/Salem/SC</url>
<lat>34.8881</lat>
<lon>-82.9751</lon>
<active>1</active>
</city>
<city>
<id>443189</id>
<name>Salley</name>
<state>SC</state>
<rating/>
<url>http://www.greatschools.org/city/Salley/SC</url>
<lat>33.5655</lat>
<lon>-81.3038</lon>
<active>1</active>
</city>
<city>
<id>435363</id>
<name>Salters</name>
<state>SC</state>
<rating>5</rating>
<url>http://www.greatschools.org/city/Salters/SC</url>
<lat>33.5532</lat>
<lon>-79.817</lon>
<active>1</active>
</city>
<city>
<id>435294</id>
<name>Saluda</name>
<state>SC</state>
<rating>6</rating>
<url>http://www.greatschools.org/city/Saluda/SC</url>
<lat>34.0041</lat>
<lon>-81.7692</lon>
<active>1</active>
</city>
<city>
<id>446337</id>
<name>Saluda County</name>
<state>SC</state>
<rating/>
<url>http://www.greatschools.org/city/Saluda_County/SC</url>
<lat>34.0194</lat>
<lon>-81.5023</lon>
<active>1</active>
</city>
<city>
<id>443188</id>
<name>Sandy Springs</name>
<state>SC</state>
<rating/>
<url>http://www.greatschools.org/city/Sandy_Springs/SC</url>
<lat>34.534</lat>
<lon>-82.7167</lon>
<active>1</active>
</city>
<city>
<id>435265</id>
<name>Santee</name>
<state>SC</state>
<rating>2</rating>
<url>http://www.greatschools.org/city/Santee/SC</url>
<lat>33.4784</lat>
<lon>-80.487</lon>
<active>1</active>
</city>
<city>
<id>435421</id>
<name>Scranton</name>
<state>SC</state>
<rating>3</rating>
<url>http://www.greatschools.org/city/Scranton/SC</url>
<lat>33.9185</lat>
<lon>-79.7454</lon>
<active>1</active>
</city>
<city>
<id>435322</id>
<name>Seabrook</name>
<state>SC</state>
<rating>3</rating>
<url>http://www.greatschools.org/city/Seabrook/SC</url>
<lat>32.5565</lat>
<lon>-80.7371</lon>
<active>1</active>
</city>
<city>
<id>445650</id>
<name>Seabrook Island</name>
<state>SC</state>
<rating/>
<url>http://www.greatschools.org/city/Seabrook_Island/SC</url>
<lat>32.7039</lat>
<lon>-80.0311</lon>
<active>1</active>
</city>
<city>
<id>435243</id>
<name>Seneca</name>
<state>SC</state>
<rating>5</rating>
<url>http://www.greatschools.org/city/Seneca/SC</url>
<lat>34.683</lat>
<lon>-82.9543</lon>
<active>1</active>
</city>
<city>
<id>435247</id>
<name>Sharon</name>
<state>SC</state>
<rating/>
<url>http://www.greatschools.org/city/Sharon/SC</url>
<lat>34.9528</lat>
<lon>-81.342</lon>
<active>1</active>
</city>
<city>
<id>435370</id>
<name>Shaw AFB</name>
<state>SC</state>
<rating/>
<url>http://www.greatschools.org/city/Shaw_AFB/SC</url>
<lat>33.9823</lat>
<lon>-80.4806</lon>
<active>1</active>
</city>
<city>
<id>446338</id>
<name>Shaw Air Force Base</name>
<state>SC</state>
<rating/>
<url>http://www.greatschools.org/city/Shaw_Air_Force_Base/SC</url>
<lat>33.9838</lat>
<lon>-80.4889</lon>
<active>1</active>
</city>
<city>
<id>435338</id>
<name>Sheldon</name>
<state>SC</state>
<rating/>
<url>http://www.greatschools.org/city/Sheldon/SC</url>
<lat>32.5602</lat>
<lon>-80.8062</lon>
<active>1</active>
</city>
<city>
<id>435237</id>
<name>Simpsonville</name>
<state>SC</state>
<rating>8</rating>
<url>http://www.greatschools.org/city/Simpsonville/SC</url>
<lat>34.7294</lat>
<lon>-82.2605</lon>
<active>1</active>
</city>
<city>
<id>435245</id>
<name>Six Mile</name>
<state>SC</state>
<rating>9</rating>
<url>http://www.greatschools.org/city/Six_Mile/SC</url>
<lat>34.808</lat>
<lon>-82.819</lon>
<active>1</active>
</city>
<city>
<id>435429</id>
<name>Society Hill</name>
<state>SC</state>
<rating>5</rating>
<url>http://www.greatschools.org/city/Society_Hill/SC</url>
<lat>34.5087</lat>
<lon>-79.8518</lon>
<active>1</active>
</city>
<city>
<id>435222</id>
<name>Spartanburg</name>
<state>SC</state>
<rating>6</rating>
<url>http://www.greatschools.org/city/Spartanburg/SC</url>
<lat>34.9446</lat>
<lon>-81.9301</lon>
<active>1</active>
</city>
<city>
<id>445651</id>
<name>Springfield</name>
<state>SC</state>
<rating/>
<url>http://www.greatschools.org/city/Springfield/SC</url>
<lat>33.4968</lat>
<lon>-81.2793</lon>
<active>1</active>
</city>
<city>
<id>445652</id>
<name>St Helenas Is</name>
<state>SC</state>
<rating/>
<url>http://www.greatschools.org/city/St_Helenas_Is/SC</url>
<lat>32.4042</lat>
<lon>-80.4994</lon>
<active>1</active>
</city>
<city>
<id>435324</id>
<name>St. George</name>
<state>SC</state>
<rating>6</rating>
<url>http://www.greatschools.org/city/St._George/SC</url>
<lat>33.1861</lat>
<lon>-80.5776</lon>
<active>1</active>
</city>
<city>
<id>435447</id>
<name>St. Helena Island</name>
<state>SC</state>
<rating>2</rating>
<url>http://www.greatschools.org/city/St._Helena_Island/SC</url>
<lat>32.3865</lat>
<lon>-80.5533</lon>
<active>1</active>
</city>
<city>
<id>435340</id>
<name>St. Matthews</name>
<state>SC</state>
<rating>5</rating>
<url>http://www.greatschools.org/city/St._Matthews/SC</url>
<lat>33.6644</lat>
<lon>-80.7783</lon>
<active>1</active>
</city>
<city>
<id>435335</id>
<name>St. Stephen</name>
<state>SC</state>
<rating>4</rating>
<url>http://www.greatschools.org/city/St._Stephen/SC</url>
<lat>33.4038</lat>
<lon>-79.9254</lon>
<active>1</active>
</city>
<city>
<id>435456</id>
<name>Starr</name>
<state>SC</state>
<rating>8</rating>
<url>http://www.greatschools.org/city/Starr/SC</url>
<lat>34.3755</lat>
<lon>-82.6931</lon>
<active>1</active>
</city>
<city>
<id>443186</id>
<name>Startex</name>
<state>SC</state>
<rating/>
<url>http://www.greatschools.org/city/Startex/SC</url>
<lat>34.9294</lat>
<lon>-82.0988</lon>
<active>1</active>
</city>
<city>
<id>435440</id>
<name>Sullivan's Island</name>
<state>SC</state>
<rating>10</rating>
<url>http://www.greatschools.org/city/Sullivan's_Island/SC</url>
<lat>32.7643</lat>
<lon>-79.8383</lon>
<active>1</active>
</city>
<city>
<id>443185</id>
<name>Sullivans Island</name>
<state>SC</state>
<rating/>
<url>http://www.greatschools.org/city/Sullivans_Island/SC</url>
<lat>32.7643</lat>
<lon>-79.8383</lon>
<active>1</active>
</city>
<city>
<id>435360</id>
<name>Summerton</name>
<state>SC</state>
<rating>6</rating>
<url>http://www.greatschools.org/city/Summerton/SC</url>
<lat>33.6063</lat>
<lon>-80.3524</lon>
<active>1</active>
</city>
<city>
<id>435217</id>
<name>Summerville</name>
<state>SC</state>
<rating>8</rating>
<url>http://www.greatschools.org/city/Summerville/SC</url>
<lat>33.0012</lat>
<lon>-80.186</lon>
<active>1</active>
</city>
<city>
<id>435216</id>
<name>Sumter</name>
<state>SC</state>
<rating/>
<url>http://www.greatschools.org/city/Sumter/SC</url>
<lat>33.9352</lat>
<lon>-80.3789</lon>
<active>1</active>
</city>
<city>
<id>435291</id>
<name>Surfside Beach</name>
<state>SC</state>
<rating/>
<url>http://www.greatschools.org/city/Surfside_Beach/SC</url>
<lat>33.6078</lat>
<lon>-78.9784</lon>
<active>1</active>
</city>
<city>
<id>435310</id>
<name>Swansea</name>
<state>SC</state>
<rating>4</rating>
<url>http://www.greatschools.org/city/Swansea/SC</url>
<lat>33.7373</lat>
<lon>-81.1003</lon>
<active>1</active>
</city>
<city>
<id>435395</id>
<name>Tamassee</name>
<state>SC</state>
<rating>8</rating>
<url>http://www.greatschools.org/city/Tamassee/SC</url>
<lat>34.891</lat>
<lon>-83.0329</lon>
<active>1</active>
</city>
<city>
<id>435274</id>
<name>Taylors</name>
<state>SC</state>
<rating>8</rating>
<url>http://www.greatschools.org/city/Taylors/SC</url>
<lat>34.9124</lat>
<lon>-82.3127</lon>
<active>1</active>
</city>
<city>
<id>435277</id>
<name>Tega Cay</name>
<state>SC</state>
<rating/>
<url>http://www.greatschools.org/city/Tega_Cay/SC</url>
<lat>35.0342</lat>
<lon>-81.0258</lon>
<active>1</active>
</city>
<city>
<id>435304</id>
<name>Timmonsville</name>
<state>SC</state>
<rating>1</rating>
<url>http://www.greatschools.org/city/Timmonsville/SC</url>
<lat>34.1362</lat>
<lon>-79.9428</lon>
<active>1</active>
</city>
<city>
<id>435453</id>
<name>Townville</name>
<state>SC</state>
<rating>8</rating>
<url>http://www.greatschools.org/city/Townville/SC</url>
<lat>34.5344</lat>
<lon>-82.871</lon>
<active>1</active>
</city>
<city>
<id>435249</id>
<name>Travelers Rest</name>
<state>SC</state>
<rating>6</rating>
<url>http://www.greatschools.org/city/Travelers_Rest/SC</url>
<lat>34.9667</lat>
<lon>-82.4414</lon>
<active>1</active>
</city>
<city>
<id>435427</id>
<name>Trenton</name>
<state>SC</state>
<rating>2</rating>
<url>http://www.greatschools.org/city/Trenton/SC</url>
<lat>33.7406</lat>
<lon>-81.8406</lon>
<active>1</active>
</city>
<city>
<id>435433</id>
<name>Turbeville</name>
<state>SC</state>
<rating/>
<url>http://www.greatschools.org/city/Turbeville/SC</url>
<lat>33.8876</lat>
<lon>-80.0149</lon>
<active>1</active>
</city>
<city>
<id>435224</id>
<name>Union</name>
<state>SC</state>
<rating>4</rating>
<url>http://www.greatschools.org/city/Union/SC</url>
<lat>34.7182</lat>
<lon>-81.6229</lon>
<active>1</active>
</city>
<city>
<id>435393</id>
<name>Vance</name>
<state>SC</state>
<rating>2</rating>
<url>http://www.greatschools.org/city/Vance/SC</url>
<lat>33.4369</lat>
<lon>-80.4192</lon>
<active>1</active>
</city>
<city>
<id>435413</id>
<name>Varnville</name>
<state>SC</state>
<rating>4</rating>
<url>http://www.greatschools.org/city/Varnville/SC</url>
<lat>32.8538</lat>
<lon>-81.0778</lon>
<active>1</active>
</city>
<city>
<id>435441</id>
<name>Wadmalaw Island</name>
<state>SC</state>
<rating>3</rating>
<url>http://www.greatschools.org/city/Wadmalaw_Island/SC</url>
<lat>32.6559</lat>
<lon>-80.178</lon>
<active>1</active>
</city>
<city>
<id>435465</id>
<name>Wagener</name>
<state>SC</state>
<rating>2</rating>
<url>http://www.greatschools.org/city/Wagener/SC</url>
<lat>33.6549</lat>
<lon>-81.3641</lon>
<active>1</active>
</city>
<city>
<id>435246</id>
<name>Walhalla</name>
<state>SC</state>
<rating>6</rating>
<url>http://www.greatschools.org/city/Walhalla/SC</url>
<lat>34.7699</lat>
<lon>-83.065</lon>
<active>1</active>
</city>
<city>
<id>435339</id>
<name>Wallace</name>
<state>SC</state>
<rating>3</rating>
<url>http://www.greatschools.org/city/Wallace/SC</url>
<lat>34.7327</lat>
<lon>-79.824</lon>
<active>1</active>
</city>
<city>
<id>435273</id>
<name>Walterboro</name>
<state>SC</state>
<rating>4</rating>
<url>http://www.greatschools.org/city/Walterboro/SC</url>
<lat>32.9035</lat>
<lon>-80.6662</lon>
<active>1</active>
</city>
<city>
<id>435416</id>
<name>Ware Shoals</name>
<state>SC</state>
<rating>7</rating>
<url>http://www.greatschools.org/city/Ware_Shoals/SC</url>
<lat>34.3975</lat>
<lon>-82.2475</lon>
<active>1</active>
</city>
<city>
<id>435464</id>
<name>Warrenville</name>
<state>SC</state>
<rating>5</rating>
<url>http://www.greatschools.org/city/Warrenville/SC</url>
<lat>33.5175</lat>
<lon>-81.8254</lon>
<active>1</active>
</city>
<city>
<id>435313</id>
<name>Waterloo</name>
<state>SC</state>
<rating>9</rating>
<url>http://www.greatschools.org/city/Waterloo/SC</url>
<lat>34.3527</lat>
<lon>-82.0625</lon>
<active>1</active>
</city>
<city>
<id>435373</id>
<name>Wedgefield</name>
<state>SC</state>
<rating/>
<url>http://www.greatschools.org/city/Wedgefield/SC</url>
<lat>33.9012</lat>
<lon>-80.5033</lon>
<active>1</active>
</city>
<city>
<id>435377</id>
<name>Wellford</name>
<state>SC</state>
<rating>7</rating>
<url>http://www.greatschools.org/city/Wellford/SC</url>
<lat>34.9524</lat>
<lon>-82.1001</lon>
<active>1</active>
</city>
<city>
<id>435238</id>
<name>West Columbia</name>
<state>SC</state>
<rating>5</rating>
<url>http://www.greatschools.org/city/West_Columbia/SC</url>
<lat>33.992</lat>
<lon>-81.0814</lon>
<active>1</active>
</city>
<city>
<id>435457</id>
<name>West Pelzer</name>
<state>SC</state>
<rating>8</rating>
<url>http://www.greatschools.org/city/West_Pelzer/SC</url>
<lat>34.6452</lat>
<lon>-82.4735</lon>
<active>1</active>
</city>
<city>
<id>443184</id>
<name>West Union</name>
<state>SC</state>
<rating/>
<url>http://www.greatschools.org/city/West_Union/SC</url>
<lat>34.7596</lat>
<lon>-83.0421</lon>
<active>1</active>
</city>
<city>
<id>435213</id>
<name>Westminster</name>
<state>SC</state>
<rating>5</rating>
<url>http://www.greatschools.org/city/Westminster/SC</url>
<lat>34.6648</lat>
<lon>-83.0921</lon>
<active>1</active>
</city>
<city>
<id>443183</id>
<name>Westville</name>
<state>SC</state>
<rating/>
<url>http://www.greatschools.org/city/Westville/SC</url>
<lat>34.4453</lat>
<lon>-80.5885</lon>
<active>1</active>
</city>
<city>
<id>445653</id>
<name>White Rock</name>
<state>SC</state>
<rating/>
<url>http://www.greatschools.org/city/White_Rock/SC</url>
<lat>34.1442</lat>
<lon>-81.2751</lon>
<active>1</active>
</city>
<city>
<id>435398</id>
<name>Whitmire</name>
<state>SC</state>
<rating>3</rating>
<url>http://www.greatschools.org/city/Whitmire/SC</url>
<lat>34.5016</lat>
<lon>-81.6154</lon>
<active>1</active>
</city>
<city>
<id>435244</id>
<name>Williamston</name>
<state>SC</state>
<rating>8</rating>
<url>http://www.greatschools.org/city/Williamston/SC</url>
<lat>34.6169</lat>
<lon>-82.4801</lon>
<active>1</active>
</city>
<city>
<id>435283</id>
<name>Williston</name>
<state>SC</state>
<rating>5</rating>
<url>http://www.greatschools.org/city/Williston/SC</url>
<lat>33.4009</lat>
<lon>-81.4236</lon>
<active>1</active>
</city>
<city>
<id>445654</id>
<name>Wilmington Island</name>
<state>SC</state>
<rating/>
<url>http://www.greatschools.org/city/Wilmington_Island/SC</url>
<lat>32.0137</lat>
<lon>-80.968</lon>
<active>1</active>
</city>
<city>
<id>445655</id>
<name>Windy Hill Be</name>
<state>SC</state>
<rating/>
<url>http://www.greatschools.org/city/Windy_Hill_Be/SC</url>
<lat>33.8564</lat>
<lon>-78.6002</lon>
<active>1</active>
</city>
<city>
<id>435256</id>
<name>Winnsboro</name>
<state>SC</state>
<rating>4</rating>
<url>http://www.greatschools.org/city/Winnsboro/SC</url>
<lat>34.3762</lat>
<lon>-81.0901</lon>
<active>1</active>
</city>
<city>
<id>435379</id>
<name>Woodruff</name>
<state>SC</state>
<rating>7</rating>
<url>http://www.greatschools.org/city/Woodruff/SC</url>
<lat>34.74</lat>
<lon>-82.0345</lon>
<active>1</active>
</city>
<city>
<id>435414</id>
<name>Yemassee</name>
<state>SC</state>
<rating>4</rating>
<url>http://www.greatschools.org/city/Yemassee/SC</url>
<lat>32.6926</lat>
<lon>-80.8521</lon>
<active>1</active>
</city>
<city>
<id>444260</id>
<name>Yonges Island</name>
<state>SC</state>
<rating>6</rating>
<url>http://www.greatschools.org/city/Yonges_Island/SC</url>
<lat>32.7011</lat>
<lon>-80.3741</lon>
<active>1</active>
</city>
<city>
<id>435353</id>
<name>York</name>
<state>SC</state>
<rating>6</rating>
<url>http://www.greatschools.org/city/York/SC</url>
<lat>34.994</lat>
<lon>-81.237</lon>
<active>1</active>
</city>
</greatschools-city-feed>
