<?xml version="1.0" encoding="utf-8"?><greatschools-city-feed xmlns:xsi="http://www.w3.org/2001/XMLSchema-instance" xsi:noNamespaceSchemaLocation="http://www.greatschools.org/feeds/greatschools-city2.xsd">
<city>
<id>414664</id>
<name>Acworth</name>
<state>NH</state>
<rating/>
<url>http://www.greatschools.org/city/Acworth/NH</url>
<lat>43.2562</lat>
<lon>-72.4052</lon>
<active>1</active>
</city>
<city>
<id>442791</id>
<name>Alexandria</name>
<state>NH</state>
<rating/>
<url>http://www.greatschools.org/city/Alexandria/NH</url>
<lat>43.5784</lat>
<lon>-71.7704</lon>
<active>1</active>
</city>
<city>
<id>414681</id>
<name>Allenstown</name>
<state>NH</state>
<rating/>
<url>http://www.greatschools.org/city/Allenstown/NH</url>
<lat>43.123</lat>
<lon>-71.4503</lon>
<active>1</active>
</city>
<city>
<id>414661</id>
<name>Alstead</name>
<state>NH</state>
<rating/>
<url>http://www.greatschools.org/city/Alstead/NH</url>
<lat>43.1354</lat>
<lon>-72.342</lon>
<active>1</active>
</city>
<city>
<id>414496</id>
<name>Alton</name>
<state>NH</state>
<rating/>
<url>http://www.greatschools.org/city/Alton/NH</url>
<lat>43.4676</lat>
<lon>-71.2303</lon>
<active>1</active>
</city>
<city>
<id>414471</id>
<name>Amherst</name>
<state>NH</state>
<rating/>
<url>http://www.greatschools.org/city/Amherst/NH</url>
<lat>42.8579</lat>
<lon>-71.6055</lon>
<active>1</active>
</city>
<city>
<id>414582</id>
<name>Andover</name>
<state>NH</state>
<rating/>
<url>http://www.greatschools.org/city/Andover/NH</url>
<lat>43.4413</lat>
<lon>-71.7885</lon>
<active>1</active>
</city>
<city>
<id>414488</id>
<name>Antrim</name>
<state>NH</state>
<rating/>
<url>http://www.greatschools.org/city/Antrim/NH</url>
<lat>43.0331</lat>
<lon>-71.9438</lon>
<active>1</active>
</city>
<city>
<id>414680</id>
<name>Ashland</name>
<state>NH</state>
<rating/>
<url>http://www.greatschools.org/city/Ashland/NH</url>
<lat>43.7078</lat>
<lon>-71.6257</lon>
<active>1</active>
</city>
<city>
<id>442790</id>
<name>Ashuelot</name>
<state>NH</state>
<rating/>
<url>http://www.greatschools.org/city/Ashuelot/NH</url>
<lat>42.7827</lat>
<lon>-72.4312</lon>
<active>1</active>
</city>
<city>
<id>414524</id>
<name>Atkinson</name>
<state>NH</state>
<rating/>
<url>http://www.greatschools.org/city/Atkinson/NH</url>
<lat>42.8362</lat>
<lon>-71.1565</lon>
<active>1</active>
</city>
<city>
<id>414480</id>
<name>Auburn</name>
<state>NH</state>
<rating/>
<url>http://www.greatschools.org/city/Auburn/NH</url>
<lat>42.9953</lat>
<lon>-71.3431</lon>
<active>1</active>
</city>
<city>
<id>414545</id>
<name>Barrington</name>
<state>NH</state>
<rating/>
<url>http://www.greatschools.org/city/Barrington/NH</url>
<lat>43.2035</lat>
<lon>-71.0375</lon>
<active>1</active>
</city>
<city>
<id>414678</id>
<name>Bartlett</name>
<state>NH</state>
<rating/>
<url>http://www.greatschools.org/city/Bartlett/NH</url>
<lat>44.0886</lat>
<lon>-71.2404</lon>
<active>1</active>
</city>
<city>
<id>414677</id>
<name>Bath</name>
<state>NH</state>
<rating/>
<url>http://www.greatschools.org/city/Bath/NH</url>
<lat>44.1633</lat>
<lon>-71.9744</lon>
<active>1</active>
</city>
<city>
<id>414472</id>
<name>Bedford</name>
<state>NH</state>
<rating/>
<url>http://www.greatschools.org/city/Bedford/NH</url>
<lat>42.9417</lat>
<lon>-71.5232</lon>
<active>1</active>
</city>
<city>
<id>414486</id>
<name>Belmont</name>
<state>NH</state>
<rating/>
<url>http://www.greatschools.org/city/Belmont/NH</url>
<lat>43.4698</lat>
<lon>-71.4772</lon>
<active>1</active>
</city>
<city>
<id>414528</id>
<name>Bennington</name>
<state>NH</state>
<rating/>
<url>http://www.greatschools.org/city/Bennington/NH</url>
<lat>43.0105</lat>
<lon>-71.9129</lon>
<active>1</active>
</city>
<city>
<id>414558</id>
<name>Berlin</name>
<state>NH</state>
<rating/>
<url>http://www.greatschools.org/city/Berlin/NH</url>
<lat>44.4764</lat>
<lon>-71.1797</lon>
<active>1</active>
</city>
<city>
<id>414548</id>
<name>Bethlehem</name>
<state>NH</state>
<rating/>
<url>http://www.greatschools.org/city/Bethlehem/NH</url>
<lat>44.2814</lat>
<lon>-71.6868</lon>
<active>1</active>
</city>
<city>
<id>414573</id>
<name>Boscawen</name>
<state>NH</state>
<rating/>
<url>http://www.greatschools.org/city/Boscawen/NH</url>
<lat>43.28</lat>
<lon>-71.5986</lon>
<active>1</active>
</city>
<city>
<id>414676</id>
<name>Bow</name>
<state>NH</state>
<rating/>
<url>http://www.greatschools.org/city/Bow/NH</url>
<lat>43.1374</lat>
<lon>-71.5446</lon>
<active>1</active>
</city>
<city>
<id>414636</id>
<name>Bradford</name>
<state>NH</state>
<rating/>
<url>http://www.greatschools.org/city/Bradford/NH</url>
<lat>43.2541</lat>
<lon>-71.9623</lon>
<active>1</active>
</city>
<city>
<id>414560</id>
<name>Brentwood</name>
<state>NH</state>
<rating/>
<url>http://www.greatschools.org/city/Brentwood/NH</url>
<lat>42.9826</lat>
<lon>-70.9557</lon>
<active>1</active>
</city>
<city>
<id>414559</id>
<name>Bristol</name>
<state>NH</state>
<rating/>
<url>http://www.greatschools.org/city/Bristol/NH</url>
<lat>43.5949</lat>
<lon>-71.7423</lon>
<active>1</active>
</city>
<city>
<id>414549</id>
<name>Brookline</name>
<state>NH</state>
<rating/>
<url>http://www.greatschools.org/city/Brookline/NH</url>
<lat>42.7407</lat>
<lon>-71.6666</lon>
<active>1</active>
</city>
<city>
<id>414675</id>
<name>Campton</name>
<state>NH</state>
<rating/>
<url>http://www.greatschools.org/city/Campton/NH</url>
<lat>43.8719</lat>
<lon>-71.6438</lon>
<active>1</active>
</city>
<city>
<id>414579</id>
<name>Canaan</name>
<state>NH</state>
<rating/>
<url>http://www.greatschools.org/city/Canaan/NH</url>
<lat>43.6646</lat>
<lon>-72.0363</lon>
<active>1</active>
</city>
<city>
<id>414523</id>
<name>Candia</name>
<state>NH</state>
<rating/>
<url>http://www.greatschools.org/city/Candia/NH</url>
<lat>43.0597</lat>
<lon>-71.306</lon>
<active>1</active>
</city>
<city>
<id>414495</id>
<name>Canterbury</name>
<state>NH</state>
<rating/>
<url>http://www.greatschools.org/city/Canterbury/NH</url>
<lat>43.3448</lat>
<lon>-71.5549</lon>
<active>1</active>
</city>
<city>
<id>414679</id>
<name>Center Barnstead</name>
<state>NH</state>
<rating/>
<url>http://www.greatschools.org/city/Center_Barnstead/NH</url>
<lat>43.367</lat>
<lon>-71.2396</lon>
<active>1</active>
</city>
<city>
<id>414670</id>
<name>Center Conway</name>
<state>NH</state>
<rating/>
<url>http://www.greatschools.org/city/Center_Conway/NH</url>
<lat>43.9926</lat>
<lon>-71.0602</lon>
<active>1</active>
</city>
<city>
<id>414572</id>
<name>Center Harbor</name>
<state>NH</state>
<rating/>
<url>http://www.greatschools.org/city/Center_Harbor/NH</url>
<lat>43.7029</lat>
<lon>-71.48</lon>
<active>1</active>
</city>
<city>
<id>414651</id>
<name>Center Ossipee</name>
<state>NH</state>
<rating/>
<url>http://www.greatschools.org/city/Center_Ossipee/NH</url>
<lat>43.7688</lat>
<lon>-71.1325</lon>
<active>1</active>
</city>
<city>
<id>414638</id>
<name>Center Sandwich</name>
<state>NH</state>
<rating/>
<url>http://www.greatschools.org/city/Center_Sandwich/NH</url>
<lat>43.813</lat>
<lon>-71.4339</lon>
<active>1</active>
</city>
<city>
<id>414650</id>
<name>Center Tuftonboro</name>
<state>NH</state>
<rating/>
<url>http://www.greatschools.org/city/Center_Tuftonboro/NH</url>
<lat>43.6812</lat>
<lon>-71.2556</lon>
<active>1</active>
</city>
<city>
<id>414561</id>
<name>Charlestown</name>
<state>NH</state>
<rating/>
<url>http://www.greatschools.org/city/Charlestown/NH</url>
<lat>43.2365</lat>
<lon>-72.4238</lon>
<active>1</active>
</city>
<city>
<id>414485</id>
<name>Chester</name>
<state>NH</state>
<rating/>
<url>http://www.greatschools.org/city/Chester/NH</url>
<lat>42.971</lat>
<lon>-71.2382</lon>
<active>1</active>
</city>
<city>
<id>414674</id>
<name>Chesterfield</name>
<state>NH</state>
<rating/>
<url>http://www.greatschools.org/city/Chesterfield/NH</url>
<lat>42.8929</lat>
<lon>-72.4579</lon>
<active>1</active>
</city>
<city>
<id>414673</id>
<name>Chichester</name>
<state>NH</state>
<rating/>
<url>http://www.greatschools.org/city/Chichester/NH</url>
<lat>43.2533</lat>
<lon>-71.4022</lon>
<active>1</active>
</city>
<city>
<id>414505</id>
<name>Claremont</name>
<state>NH</state>
<rating/>
<url>http://www.greatschools.org/city/Claremont/NH</url>
<lat>43.3727</lat>
<lon>-72.3441</lon>
<active>1</active>
</city>
<city>
<id>414565</id>
<name>Colebrook</name>
<state>NH</state>
<rating/>
<url>http://www.greatschools.org/city/Colebrook/NH</url>
<lat>44.9062</lat>
<lon>-71.4679</lon>
<active>1</active>
</city>
<city>
<id>414463</id>
<name>Concord</name>
<state>NH</state>
<rating/>
<url>http://www.greatschools.org/city/Concord/NH</url>
<lat>43.2241</lat>
<lon>-71.5474</lon>
<active>1</active>
</city>
<city>
<id>414639</id>
<name>Contoocook</name>
<state>NH</state>
<rating/>
<url>http://www.greatschools.org/city/Contoocook/NH</url>
<lat>43.2236</lat>
<lon>-71.7135</lon>
<active>1</active>
</city>
<city>
<id>414542</id>
<name>Conway</name>
<state>NH</state>
<rating/>
<url>http://www.greatschools.org/city/Conway/NH</url>
<lat>43.9796</lat>
<lon>-71.1252</lon>
<active>1</active>
</city>
<city>
<id>414669</id>
<name>Cornish</name>
<state>NH</state>
<rating/>
<url>http://www.greatschools.org/city/Cornish/NH</url>
<lat>43.4715</lat>
<lon>-72.3306</lon>
<active>1</active>
</city>
<city>
<id>414668</id>
<name>Croydon</name>
<state>NH</state>
<rating/>
<url>http://www.greatschools.org/city/Croydon/NH</url>
<lat>43.4162</lat>
<lon>-72.18</lon>
<active>1</active>
</city>
<city>
<id>446186</id>
<name>Ctr. Barnstead</name>
<state>NH</state>
<rating/>
<url>http://www.greatschools.org/city/Ctr._Barnstead/NH</url>
<lat>43.3485</lat>
<lon>-71.2633</lon>
<active>1</active>
</city>
<city>
<id>446187</id>
<name>Ctr. Conway</name>
<state>NH</state>
<rating/>
<url>http://www.greatschools.org/city/Ctr._Conway/NH</url>
<lat>43.9918</lat>
<lon>-71.0571</lon>
<active>1</active>
</city>
<city>
<id>446188</id>
<name>Ctr. Ossipee</name>
<state>NH</state>
<rating/>
<url>http://www.greatschools.org/city/Ctr._Ossipee/NH</url>
<lat>43.7541</lat>
<lon>-71.1507</lon>
<active>1</active>
</city>
<city>
<id>446189</id>
<name>Ctr. Tuftonboro</name>
<state>NH</state>
<rating/>
<url>http://www.greatschools.org/city/Ctr._Tuftonboro/NH</url>
<lat>43.663</lat>
<lon>-71.2539</lon>
<active>1</active>
</city>
<city>
<id>442789</id>
<name>Dalton</name>
<state>NH</state>
<rating/>
<url>http://www.greatschools.org/city/Dalton/NH</url>
<lat>44.4196</lat>
<lon>-71.6571</lon>
<active>1</active>
</city>
<city>
<id>414608</id>
<name>Danbury</name>
<state>NH</state>
<rating/>
<url>http://www.greatschools.org/city/Danbury/NH</url>
<lat>43.5201</lat>
<lon>-71.8663</lon>
<active>1</active>
</city>
<city>
<id>414591</id>
<name>Danville</name>
<state>NH</state>
<rating/>
<url>http://www.greatschools.org/city/Danville/NH</url>
<lat>42.925</lat>
<lon>-71.1208</lon>
<active>1</active>
</city>
<city>
<id>414491</id>
<name>Deerfield</name>
<state>NH</state>
<rating/>
<url>http://www.greatschools.org/city/Deerfield/NH</url>
<lat>43.1388</lat>
<lon>-71.2513</lon>
<active>1</active>
</city>
<city>
<id>445297</id>
<name>Deering</name>
<state>NH</state>
<rating/>
<url>http://www.greatschools.org/city/Deering/NH</url>
<lat>43.06</lat>
<lon>-71.8002</lon>
<active>1</active>
</city>
<city>
<id>414465</id>
<name>Derry</name>
<state>NH</state>
<rating/>
<url>http://www.greatschools.org/city/Derry/NH</url>
<lat>42.8874</lat>
<lon>-71.3051</lon>
<active>1</active>
</city>
<city>
<id>414466</id>
<name>Dover</name>
<state>NH</state>
<rating/>
<url>http://www.greatschools.org/city/Dover/NH</url>
<lat>43.1906</lat>
<lon>-70.8801</lon>
<active>1</active>
</city>
<city>
<id>445298</id>
<name>Drewsville</name>
<state>NH</state>
<rating/>
<url>http://www.greatschools.org/city/Drewsville/NH</url>
<lat>43.1285</lat>
<lon>-72.3919</lon>
<active>1</active>
</city>
<city>
<id>414500</id>
<name>Dublin</name>
<state>NH</state>
<rating/>
<url>http://www.greatschools.org/city/Dublin/NH</url>
<lat>42.8979</lat>
<lon>-72.0462</lon>
<active>1</active>
</city>
<city>
<id>414667</id>
<name>Dunbarton</name>
<state>NH</state>
<rating/>
<url>http://www.greatschools.org/city/Dunbarton/NH</url>
<lat>43.1032</lat>
<lon>-71.6048</lon>
<active>1</active>
</city>
<city>
<id>414507</id>
<name>Durham</name>
<state>NH</state>
<rating/>
<url>http://www.greatschools.org/city/Durham/NH</url>
<lat>43.1367</lat>
<lon>-70.9291</lon>
<active>1</active>
</city>
<city>
<id>446190</id>
<name>E. Rochester</name>
<state>NH</state>
<rating/>
<url>http://www.greatschools.org/city/E._Rochester/NH</url>
<lat>43.3221</lat>
<lon>-70.9487</lon>
<active>1</active>
</city>
<city>
<id>446191</id>
<name>E. Swanzey</name>
<state>NH</state>
<rating/>
<url>http://www.greatschools.org/city/E._Swanzey/NH</url>
<lat>42.8751</lat>
<lon>-72.2796</lon>
<active>1</active>
</city>
<city>
<id>414503</id>
<name>East Derry</name>
<state>NH</state>
<rating/>
<url>http://www.greatschools.org/city/East_Derry/NH</url>
<lat>42.8876</lat>
<lon>-71.2991</lon>
<active>1</active>
</city>
<city>
<id>414484</id>
<name>East Hampstead</name>
<state>NH</state>
<rating/>
<url>http://www.greatschools.org/city/East_Hampstead/NH</url>
<lat>42.8888</lat>
<lon>-71.126</lon>
<active>1</active>
</city>
<city>
<id>414666</id>
<name>East Kingston</name>
<state>NH</state>
<rating/>
<url>http://www.greatschools.org/city/East_Kingston/NH</url>
<lat>42.9117</lat>
<lon>-70.9944</lon>
<active>1</active>
</city>
<city>
<id>414653</id>
<name>Effingham</name>
<state>NH</state>
<rating/>
<url>http://www.greatschools.org/city/Effingham/NH</url>
<lat>43.7207</lat>
<lon>-70.9998</lon>
<active>1</active>
</city>
<city>
<id>414624</id>
<name>Enfield</name>
<state>NH</state>
<rating/>
<url>http://www.greatschools.org/city/Enfield/NH</url>
<lat>43.6432</lat>
<lon>-72.1446</lon>
<active>1</active>
</city>
<city>
<id>414483</id>
<name>Epping</name>
<state>NH</state>
<rating/>
<url>http://www.greatschools.org/city/Epping/NH</url>
<lat>43.0379</lat>
<lon>-71.0801</lon>
<active>1</active>
</city>
<city>
<id>414490</id>
<name>Epsom</name>
<state>NH</state>
<rating/>
<url>http://www.greatschools.org/city/Epsom/NH</url>
<lat>43.2156</lat>
<lon>-71.3502</lon>
<active>1</active>
</city>
<city>
<id>414665</id>
<name>Errol</name>
<state>NH</state>
<rating/>
<url>http://www.greatschools.org/city/Errol/NH</url>
<lat>44.7955</lat>
<lon>-71.1464</lon>
<active>1</active>
</city>
<city>
<id>414464</id>
<name>Exeter</name>
<state>NH</state>
<rating/>
<url>http://www.greatschools.org/city/Exeter/NH</url>
<lat>42.9776</lat>
<lon>-70.9534</lon>
<active>1</active>
</city>
<city>
<id>414557</id>
<name>Farmington</name>
<state>NH</state>
<rating/>
<url>http://www.greatschools.org/city/Farmington/NH</url>
<lat>43.3934</lat>
<lon>-71.0681</lon>
<active>1</active>
</city>
<city>
<id>414617</id>
<name>Fitzwilliam</name>
<state>NH</state>
<rating/>
<url>http://www.greatschools.org/city/Fitzwilliam/NH</url>
<lat>42.7611</lat>
<lon>-72.1425</lon>
<active>1</active>
</city>
<city>
<id>414672</id>
<name>Francestown</name>
<state>NH</state>
<rating/>
<url>http://www.greatschools.org/city/Francestown/NH</url>
<lat>42.9926</lat>
<lon>-71.8156</lon>
<active>1</active>
</city>
<city>
<id>414631</id>
<name>Franconia</name>
<state>NH</state>
<rating/>
<url>http://www.greatschools.org/city/Franconia/NH</url>
<lat>44.2023</lat>
<lon>-71.7477</lon>
<active>1</active>
</city>
<city>
<id>414659</id>
<name>Franklin</name>
<state>NH</state>
<rating/>
<url>http://www.greatschools.org/city/Franklin/NH</url>
<lat>43.4469</lat>
<lon>-71.6498</lon>
<active>1</active>
</city>
<city>
<id>414658</id>
<name>Freedom</name>
<state>NH</state>
<rating/>
<url>http://www.greatschools.org/city/Freedom/NH</url>
<lat>43.8163</lat>
<lon>-71.0714</lon>
<active>1</active>
</city>
<city>
<id>414511</id>
<name>Fremont</name>
<state>NH</state>
<rating/>
<url>http://www.greatschools.org/city/Fremont/NH</url>
<lat>42.9858</lat>
<lon>-71.1232</lon>
<active>1</active>
</city>
<city>
<id>445299</id>
<name>Georges Mills</name>
<state>NH</state>
<rating/>
<url>http://www.greatschools.org/city/Georges_Mills/NH</url>
<lat>43.4276</lat>
<lon>-72.0601</lon>
<active>1</active>
</city>
<city>
<id>414657</id>
<name>Gilford</name>
<state>NH</state>
<rating/>
<url>http://www.greatschools.org/city/Gilford/NH</url>
<lat>43.5538</lat>
<lon>-71.3979</lon>
<active>1</active>
</city>
<city>
<id>423371</id>
<name>Gilmanton</name>
<state>NH</state>
<rating/>
<url>http://www.greatschools.org/city/Gilmanton/NH</url>
<lat>43.4235</lat>
<lon>-71.3982</lon>
<active>1</active>
</city>
<city>
<id>446192</id>
<name>Gilmanton Iw</name>
<state>NH</state>
<rating/>
<url>http://www.greatschools.org/city/Gilmanton_Iw/NH</url>
<lat>43.4234</lat>
<lon>-71.3323</lon>
<active>1</active>
</city>
<city>
<id>414462</id>
<name>Gilsum</name>
<state>NH</state>
<rating/>
<url>http://www.greatschools.org/city/Gilsum/NH</url>
<lat>43.0429</lat>
<lon>-72.2614</lon>
<active>1</active>
</city>
<city>
<id>445300</id>
<name>Glen</name>
<state>NH</state>
<rating/>
<url>http://www.greatschools.org/city/Glen/NH</url>
<lat>44.1171</lat>
<lon>-71.2157</lon>
<active>1</active>
</city>
<city>
<id>442787</id>
<name>Glencliff</name>
<state>NH</state>
<rating/>
<url>http://www.greatschools.org/city/Glencliff/NH</url>
<lat>43.9388</lat>
<lon>-71.8882</lon>
<active>1</active>
</city>
<city>
<id>445301</id>
<name>Glmtn Ironwor</name>
<state>NH</state>
<rating/>
<url>http://www.greatschools.org/city/Glmtn_Ironwor/NH</url>
<lat>43.423</lat>
<lon>-71.3231</lon>
<active>1</active>
</city>
<city>
<id>414482</id>
<name>Goffstown</name>
<state>NH</state>
<rating/>
<url>http://www.greatschools.org/city/Goffstown/NH</url>
<lat>43.017</lat>
<lon>-71.5594</lon>
<active>1</active>
</city>
<city>
<id>442786</id>
<name>Gonic</name>
<state>NH</state>
<rating/>
<url>http://www.greatschools.org/city/Gonic/NH</url>
<lat>43.2774</lat>
<lon>-70.98</lon>
<active>1</active>
</city>
<city>
<id>414655</id>
<name>Gorham</name>
<state>NH</state>
<rating/>
<url>http://www.greatschools.org/city/Gorham/NH</url>
<lat>44.392</lat>
<lon>-71.1844</lon>
<active>1</active>
</city>
<city>
<id>445302</id>
<name>Grafton</name>
<state>NH</state>
<rating/>
<url>http://www.greatschools.org/city/Grafton/NH</url>
<lat>43.5611</lat>
<lon>-71.9473</lon>
<active>1</active>
</city>
<city>
<id>414649</id>
<name>Grantham</name>
<state>NH</state>
<rating/>
<url>http://www.greatschools.org/city/Grantham/NH</url>
<lat>43.5112</lat>
<lon>-72.1296</lon>
<active>1</active>
</city>
<city>
<id>414522</id>
<name>Greenfield</name>
<state>NH</state>
<rating/>
<url>http://www.greatschools.org/city/Greenfield/NH</url>
<lat>42.9457</lat>
<lon>-71.8704</lon>
<active>1</active>
</city>
<city>
<id>414648</id>
<name>Greenland</name>
<state>NH</state>
<rating/>
<url>http://www.greatschools.org/city/Greenland/NH</url>
<lat>43.0379</lat>
<lon>-70.8456</lon>
<active>1</active>
</city>
<city>
<id>414519</id>
<name>Greenville</name>
<state>NH</state>
<rating/>
<url>http://www.greatschools.org/city/Greenville/NH</url>
<lat>42.7693</lat>
<lon>-71.8083</lon>
<active>1</active>
</city>
<city>
<id>414604</id>
<name>Groveton</name>
<state>NH</state>
<rating/>
<url>http://www.greatschools.org/city/Groveton/NH</url>
<lat>44.6028</lat>
<lon>-71.517</lon>
<active>1</active>
</city>
<city>
<id>414478</id>
<name>Hampstead</name>
<state>NH</state>
<rating/>
<url>http://www.greatschools.org/city/Hampstead/NH</url>
<lat>42.8832</lat>
<lon>-71.1756</lon>
<active>1</active>
</city>
<city>
<id>414530</id>
<name>Hampton</name>
<state>NH</state>
<rating/>
<url>http://www.greatschools.org/city/Hampton/NH</url>
<lat>42.9415</lat>
<lon>-70.8263</lon>
<active>1</active>
</city>
<city>
<id>414553</id>
<name>Hampton Falls</name>
<state>NH</state>
<rating/>
<url>http://www.greatschools.org/city/Hampton_Falls/NH</url>
<lat>42.9263</lat>
<lon>-70.8876</lon>
<active>1</active>
</city>
<city>
<id>414554</id>
<name>Hancock</name>
<state>NH</state>
<rating/>
<url>http://www.greatschools.org/city/Hancock/NH</url>
<lat>42.9756</lat>
<lon>-71.9798</lon>
<active>1</active>
</city>
<city>
<id>414552</id>
<name>Hanover</name>
<state>NH</state>
<rating/>
<url>http://www.greatschools.org/city/Hanover/NH</url>
<lat>43.7061</lat>
<lon>-72.2816</lon>
<active>1</active>
</city>
<city>
<id>414647</id>
<name>Harrisville</name>
<state>NH</state>
<rating/>
<url>http://www.greatschools.org/city/Harrisville/NH</url>
<lat>42.9401</lat>
<lon>-72.0987</lon>
<active>1</active>
</city>
<city>
<id>414547</id>
<name>Haverhill</name>
<state>NH</state>
<rating/>
<url>http://www.greatschools.org/city/Haverhill/NH</url>
<lat>44.0349</lat>
<lon>-72.0555</lon>
<active>1</active>
</city>
<city>
<id>414644</id>
<name>Henniker</name>
<state>NH</state>
<rating/>
<url>http://www.greatschools.org/city/Henniker/NH</url>
<lat>43.181</lat>
<lon>-71.8236</lon>
<active>1</active>
</city>
<city>
<id>414643</id>
<name>Hill</name>
<state>NH</state>
<rating/>
<url>http://www.greatschools.org/city/Hill/NH</url>
<lat>43.5277</lat>
<lon>-71.7333</lon>
<active>1</active>
</city>
<city>
<id>414642</id>
<name>Hillsboro</name>
<state>NH</state>
<rating/>
<url>http://www.greatschools.org/city/Hillsboro/NH</url>
<lat>43.1152</lat>
<lon>-71.9037</lon>
<active>1</active>
</city>
<city>
<id>441861</id>
<name>Hillsborough</name>
<state>NH</state>
<rating/>
<url>http://www.greatschools.org/city/Hillsborough/NH</url>
<lat>43.1147</lat>
<lon>-71.8978</lon>
<active>1</active>
</city>
<city>
<id>414641</id>
<name>Hinsdale</name>
<state>NH</state>
<rating/>
<url>http://www.greatschools.org/city/Hinsdale/NH</url>
<lat>42.7879</lat>
<lon>-72.4888</lon>
<active>1</active>
</city>
<city>
<id>414640</id>
<name>Holderness</name>
<state>NH</state>
<rating/>
<url>http://www.greatschools.org/city/Holderness/NH</url>
<lat>43.7381</lat>
<lon>-71.5843</lon>
<active>1</active>
</city>
<city>
<id>414468</id>
<name>Hollis</name>
<state>NH</state>
<rating/>
<url>http://www.greatschools.org/city/Hollis/NH</url>
<lat>42.7481</lat>
<lon>-71.5764</lon>
<active>1</active>
</city>
<city>
<id>414497</id>
<name>Hooksett</name>
<state>NH</state>
<rating/>
<url>http://www.greatschools.org/city/Hooksett/NH</url>
<lat>43.0903</lat>
<lon>-71.4579</lon>
<active>1</active>
</city>
<city>
<id>414569</id>
<name>Hopkinton</name>
<state>NH</state>
<rating/>
<url>http://www.greatschools.org/city/Hopkinton/NH</url>
<lat>43.214</lat>
<lon>-71.644</lon>
<active>1</active>
</city>
<city>
<id>414499</id>
<name>Hudson</name>
<state>NH</state>
<rating/>
<url>http://www.greatschools.org/city/Hudson/NH</url>
<lat>42.7628</lat>
<lon>-71.4334</lon>
<active>1</active>
</city>
<city>
<id>414637</id>
<name>Jackson</name>
<state>NH</state>
<rating>10</rating>
<url>http://www.greatschools.org/city/Jackson/NH</url>
<lat>44.1664</lat>
<lon>-71.1834</lon>
<active>1</active>
</city>
<city>
<id>414570</id>
<name>Jaffrey</name>
<state>NH</state>
<rating/>
<url>http://www.greatschools.org/city/Jaffrey/NH</url>
<lat>42.8125</lat>
<lon>-72.0219</lon>
<active>1</active>
</city>
<city>
<id>414487</id>
<name>Jefferson</name>
<state>NH</state>
<rating/>
<url>http://www.greatschools.org/city/Jefferson/NH</url>
<lat>44.4061</lat>
<lon>-71.4615</lon>
<active>1</active>
</city>
<city>
<id>414529</id>
<name>Keene</name>
<state>NH</state>
<rating/>
<url>http://www.greatschools.org/city/Keene/NH</url>
<lat>42.9402</lat>
<lon>-72.2904</lon>
<active>1</active>
</city>
<city>
<id>414526</id>
<name>Kingston</name>
<state>NH</state>
<rating/>
<url>http://www.greatschools.org/city/Kingston/NH</url>
<lat>42.9166</lat>
<lon>-71.0635</lon>
<active>1</active>
</city>
<city>
<id>414574</id>
<name>Laconia</name>
<state>NH</state>
<rating/>
<url>http://www.greatschools.org/city/Laconia/NH</url>
<lat>43.5424</lat>
<lon>-71.4689</lon>
<active>1</active>
</city>
<city>
<id>414531</id>
<name>Lancaster</name>
<state>NH</state>
<rating/>
<url>http://www.greatschools.org/city/Lancaster/NH</url>
<lat>44.4899</lat>
<lon>-71.5716</lon>
<active>1</active>
</city>
<city>
<id>414630</id>
<name>Landaff</name>
<state>NH</state>
<rating/>
<url>http://www.greatschools.org/city/Landaff/NH</url>
<lat>44.1883</lat>
<lon>-71.9198</lon>
<active>1</active>
</city>
<city>
<id>414662</id>
<name>Langdon</name>
<state>NH</state>
<rating/>
<url>http://www.greatschools.org/city/Langdon/NH</url>
<lat>43.1069</lat>
<lon>-72.3074</lon>
<active>1</active>
</city>
<city>
<id>414543</id>
<name>Lebanon</name>
<state>NH</state>
<rating/>
<url>http://www.greatschools.org/city/Lebanon/NH</url>
<lat>43.6446</lat>
<lon>-72.2622</lon>
<active>1</active>
</city>
<city>
<id>414518</id>
<name>Lee</name>
<state>NH</state>
<rating/>
<url>http://www.greatschools.org/city/Lee/NH</url>
<lat>43.1216</lat>
<lon>-71.0076</lon>
<active>1</active>
</city>
<city>
<id>414654</id>
<name>Lempster</name>
<state>NH</state>
<rating/>
<url>http://www.greatschools.org/city/Lempster/NH</url>
<lat>43.2374</lat>
<lon>-72.2158</lon>
<active>1</active>
</city>
<city>
<id>414629</id>
<name>Lincoln</name>
<state>NH</state>
<rating/>
<url>http://www.greatschools.org/city/Lincoln/NH</url>
<lat>44.0598</lat>
<lon>-71.6661</lon>
<active>1</active>
</city>
<city>
<id>414628</id>
<name>Lisbon</name>
<state>NH</state>
<rating/>
<url>http://www.greatschools.org/city/Lisbon/NH</url>
<lat>44.2128</lat>
<lon>-71.9126</lon>
<active>1</active>
</city>
<city>
<id>414475</id>
<name>Litchfield</name>
<state>NH</state>
<rating/>
<url>http://www.greatschools.org/city/Litchfield/NH</url>
<lat>42.8446</lat>
<lon>-71.453</lon>
<active>1</active>
</city>
<city>
<id>414461</id>
<name>Littleton</name>
<state>NH</state>
<rating/>
<url>http://www.greatschools.org/city/Littleton/NH</url>
<lat>44.3104</lat>
<lon>-71.7632</lon>
<active>1</active>
</city>
<city>
<id>414473</id>
<name>Londonderry</name>
<state>NH</state>
<rating/>
<url>http://www.greatschools.org/city/Londonderry/NH</url>
<lat>42.8508</lat>
<lon>-71.362</lon>
<active>1</active>
</city>
<city>
<id>414623</id>
<name>Loudon</name>
<state>NH</state>
<rating/>
<url>http://www.greatschools.org/city/Loudon/NH</url>
<lat>43.3089</lat>
<lon>-71.459</lon>
<active>1</active>
</city>
<city>
<id>445303</id>
<name>Lowell</name>
<state>NH</state>
<rating/>
<url>http://www.greatschools.org/city/Lowell/NH</url>
<lat>42.6523</lat>
<lon>-71.3274</lon>
<active>1</active>
</city>
<city>
<id>414567</id>
<name>Lyme</name>
<state>NH</state>
<rating/>
<url>http://www.greatschools.org/city/Lyme/NH</url>
<lat>43.8176</lat>
<lon>-72.1459</lon>
<active>1</active>
</city>
<city>
<id>414533</id>
<name>Lyndeborough</name>
<state>NH</state>
<rating/>
<url>http://www.greatschools.org/city/Lyndeborough/NH</url>
<lat>42.8953</lat>
<lon>-71.7731</lon>
<active>1</active>
</city>
<city>
<id>414602</id>
<name>Madbury</name>
<state>NH</state>
<rating/>
<url>http://www.greatschools.org/city/Madbury/NH</url>
<lat>43.1718</lat>
<lon>-70.9375</lon>
<active>1</active>
</city>
<city>
<id>414627</id>
<name>Madison</name>
<state>NH</state>
<rating/>
<url>http://www.greatschools.org/city/Madison/NH</url>
<lat>43.9126</lat>
<lon>-71.1279</lon>
<active>1</active>
</city>
<city>
<id>414474</id>
<name>Manchester</name>
<state>NH</state>
<rating/>
<url>http://www.greatschools.org/city/Manchester/NH</url>
<lat>42.9874</lat>
<lon>-71.4534</lon>
<active>1</active>
</city>
<city>
<id>414626</id>
<name>Marlborough</name>
<state>NH</state>
<rating/>
<url>http://www.greatschools.org/city/Marlborough/NH</url>
<lat>42.9044</lat>
<lon>-72.2109</lon>
<active>1</active>
</city>
<city>
<id>414625</id>
<name>Marlow</name>
<state>NH</state>
<rating/>
<url>http://www.greatschools.org/city/Marlow/NH</url>
<lat>43.1335</lat>
<lon>-72.2092</lon>
<active>1</active>
</city>
<city>
<id>414510</id>
<name>Mason</name>
<state>NH</state>
<rating/>
<url>http://www.greatschools.org/city/Mason/NH</url>
<lat>42.746</lat>
<lon>-71.7966</lon>
<active>1</active>
</city>
<city>
<id>414571</id>
<name>Meredith</name>
<state>NH</state>
<rating/>
<url>http://www.greatschools.org/city/Meredith/NH</url>
<lat>43.6569</lat>
<lon>-71.5018</lon>
<active>1</active>
</city>
<city>
<id>414581</id>
<name>Meriden</name>
<state>NH</state>
<rating/>
<url>http://www.greatschools.org/city/Meriden/NH</url>
<lat>43.5269</lat>
<lon>-72.2733</lon>
<active>1</active>
</city>
<city>
<id>414470</id>
<name>Merrimack</name>
<state>NH</state>
<rating/>
<url>http://www.greatschools.org/city/Merrimack/NH</url>
<lat>42.8635</lat>
<lon>-71.5128</lon>
<active>1</active>
</city>
<city>
<id>445304</id>
<name>Middleton</name>
<state>NH</state>
<rating/>
<url>http://www.greatschools.org/city/Middleton/NH</url>
<lat>43.4591</lat>
<lon>-71.0913</lon>
<active>1</active>
</city>
<city>
<id>414619</id>
<name>Milan</name>
<state>NH</state>
<rating/>
<url>http://www.greatschools.org/city/Milan/NH</url>
<lat>44.5818</lat>
<lon>-71.2195</lon>
<active>1</active>
</city>
<city>
<id>414502</id>
<name>Milford</name>
<state>NH</state>
<rating/>
<url>http://www.greatschools.org/city/Milford/NH</url>
<lat>42.8333</lat>
<lon>-71.6548</lon>
<active>1</active>
</city>
<city>
<id>414517</id>
<name>Milton</name>
<state>NH</state>
<rating/>
<url>http://www.greatschools.org/city/Milton/NH</url>
<lat>43.4252</lat>
<lon>-71.0002</lon>
<active>1</active>
</city>
<city>
<id>445305</id>
<name>Mirror Lake</name>
<state>NH</state>
<rating/>
<url>http://www.greatschools.org/city/Mirror_Lake/NH</url>
<lat>43.6274</lat>
<lon>-71.2931</lon>
<active>1</active>
</city>
<city>
<id>414613</id>
<name>Monroe</name>
<state>NH</state>
<rating/>
<url>http://www.greatschools.org/city/Monroe/NH</url>
<lat>44.2712</lat>
<lon>-72.0273</lon>
<active>1</active>
</city>
<city>
<id>414612</id>
<name>Mont Vernon</name>
<state>NH</state>
<rating/>
<url>http://www.greatschools.org/city/Mont_Vernon/NH</url>
<lat>42.8975</lat>
<lon>-71.6746</lon>
<active>1</active>
</city>
<city>
<id>446193</id>
<name>Moultonboro</name>
<state>NH</state>
<rating/>
<url>http://www.greatschools.org/city/Moultonboro/NH</url>
<lat>43.7488</lat>
<lon>-71.4028</lon>
<active>1</active>
</city>
<city>
<id>414611</id>
<name>Moultonborough</name>
<state>NH</state>
<rating/>
<url>http://www.greatschools.org/city/Moultonborough/NH</url>
<lat>43.7188</lat>
<lon>-71.3853</lon>
<active>1</active>
</city>
<city>
<id>414469</id>
<name>Nashua</name>
<state>NH</state>
<rating/>
<url>http://www.greatschools.org/city/Nashua/NH</url>
<lat>42.7493</lat>
<lon>-71.4816</lon>
<active>1</active>
</city>
<city>
<id>443599</id>
<name>Nelson</name>
<state>NH</state>
<rating/>
<url>http://www.greatschools.org/city/Nelson/NH</url>
<lat>43.0082</lat>
<lon>-72.1463</lon>
<active>1</active>
</city>
<city>
<id>414477</id>
<name>New Boston</name>
<state>NH</state>
<rating/>
<url>http://www.greatschools.org/city/New_Boston/NH</url>
<lat>42.9798</lat>
<lon>-71.6839</lon>
<active>1</active>
</city>
<city>
<id>414609</id>
<name>New Castle</name>
<state>NH</state>
<rating/>
<url>http://www.greatschools.org/city/New_Castle/NH</url>
<lat>43.0674</lat>
<lon>-70.7206</lon>
<active>1</active>
</city>
<city>
<id>414652</id>
<name>New Durham</name>
<state>NH</state>
<rating/>
<url>http://www.greatschools.org/city/New_Durham/NH</url>
<lat>43.4414</lat>
<lon>-71.1421</lon>
<active>1</active>
</city>
<city>
<id>414578</id>
<name>New Hampton</name>
<state>NH</state>
<rating/>
<url>http://www.greatschools.org/city/New_Hampton/NH</url>
<lat>43.6315</lat>
<lon>-71.6227</lon>
<active>1</active>
</city>
<city>
<id>414540</id>
<name>New Ipswich</name>
<state>NH</state>
<rating/>
<url>http://www.greatschools.org/city/New_Ipswich/NH</url>
<lat>42.7523</lat>
<lon>-71.8698</lon>
<active>1</active>
</city>
<city>
<id>414527</id>
<name>New London</name>
<state>NH</state>
<rating/>
<url>http://www.greatschools.org/city/New_London/NH</url>
<lat>43.414</lat>
<lon>-71.9839</lon>
<active>1</active>
</city>
<city>
<id>442783</id>
<name>Newbury</name>
<state>NH</state>
<rating/>
<url>http://www.greatschools.org/city/Newbury/NH</url>
<lat>43.3216</lat>
<lon>-72.0007</lon>
<active>1</active>
</city>
<city>
<id>414538</id>
<name>Newfields</name>
<state>NH</state>
<rating/>
<url>http://www.greatschools.org/city/Newfields/NH</url>
<lat>43.0388</lat>
<lon>-70.9597</lon>
<active>1</active>
</city>
<city>
<id>414607</id>
<name>Newington</name>
<state>NH</state>
<rating/>
<url>http://www.greatschools.org/city/Newington/NH</url>
<lat>43.1078</lat>
<lon>-70.8281</lon>
<active>1</active>
</city>
<city>
<id>414509</id>
<name>Newmarket</name>
<state>NH</state>
<rating/>
<url>http://www.greatschools.org/city/Newmarket/NH</url>
<lat>43.0772</lat>
<lon>-70.9399</lon>
<active>1</active>
</city>
<city>
<id>414606</id>
<name>Newport</name>
<state>NH</state>
<rating/>
<url>http://www.greatschools.org/city/Newport/NH</url>
<lat>43.3678</lat>
<lon>-72.1709</lon>
<active>1</active>
</city>
<city>
<id>414508</id>
<name>Newton</name>
<state>NH</state>
<rating/>
<url>http://www.greatschools.org/city/Newton/NH</url>
<lat>42.8678</lat>
<lon>-71.0436</lon>
<active>1</active>
</city>
<city>
<id>414546</id>
<name>North Conway</name>
<state>NH</state>
<rating/>
<url>http://www.greatschools.org/city/North_Conway/NH</url>
<lat>44.0537</lat>
<lon>-71.124</lon>
<active>1</active>
</city>
<city>
<id>414605</id>
<name>North Hampton</name>
<state>NH</state>
<rating>8</rating>
<url>http://www.greatschools.org/city/North_Hampton/NH</url>
<lat>42.978</lat>
<lon>-70.827</lon>
<active>1</active>
</city>
<city>
<id>414646</id>
<name>North Haverhill</name>
<state>NH</state>
<rating/>
<url>http://www.greatschools.org/city/North_Haverhill/NH</url>
<lat>44.0918</lat>
<lon>-72.0188</lon>
<active>1</active>
</city>
<city>
<id>442784</id>
<name>North Stratford</name>
<state>NH</state>
<rating/>
<url>http://www.greatschools.org/city/North_Stratford/NH</url>
<lat>44.7181</lat>
<lon>-71.559</lon>
<active>1</active>
</city>
<city>
<id>414635</id>
<name>North Sutton</name>
<state>NH</state>
<rating/>
<url>http://www.greatschools.org/city/North_Sutton/NH</url>
<lat>43.414</lat>
<lon>-71.9839</lon>
<active>1</active>
</city>
<city>
<id>414663</id>
<name>North Walpole</name>
<state>NH</state>
<rating/>
<url>http://www.greatschools.org/city/North_Walpole/NH</url>
<lat>43.1426</lat>
<lon>-72.4491</lon>
<active>1</active>
</city>
<city>
<id>414512</id>
<name>Northfield</name>
<state>NH</state>
<rating/>
<url>http://www.greatschools.org/city/Northfield/NH</url>
<lat>43.3917</lat>
<lon>-71.6062</lon>
<active>1</active>
</city>
<city>
<id>445306</id>
<name>Northumberland</name>
<state>NH</state>
<rating/>
<url>http://www.greatschools.org/city/Northumberland/NH</url>
<lat>44.5655</lat>
<lon>-71.5529</lon>
<active>1</active>
</city>
<city>
<id>414576</id>
<name>Northwood</name>
<state>NH</state>
<rating/>
<url>http://www.greatschools.org/city/Northwood/NH</url>
<lat>43.211</lat>
<lon>-71.205</lon>
<active>1</active>
</city>
<city>
<id>414603</id>
<name>Nottingham</name>
<state>NH</state>
<rating/>
<url>http://www.greatschools.org/city/Nottingham/NH</url>
<lat>43.1262</lat>
<lon>-71.1029</lon>
<active>1</active>
</city>
<city>
<id>421764</id>
<name>Orford</name>
<state>NH</state>
<rating/>
<url>http://www.greatschools.org/city/Orford/NH</url>
<lat>43.9002</lat>
<lon>-72.0881</lon>
<active>1</active>
</city>
<city>
<id>414564</id>
<name>Ossipee</name>
<state>NH</state>
<rating/>
<url>http://www.greatschools.org/city/Ossipee/NH</url>
<lat>43.6917</lat>
<lon>-71.1149</lon>
<active>1</active>
</city>
<city>
<id>414467</id>
<name>Pelham</name>
<state>NH</state>
<rating/>
<url>http://www.greatschools.org/city/Pelham/NH</url>
<lat>42.7332</lat>
<lon>-71.3215</lon>
<active>1</active>
</city>
<city>
<id>414513</id>
<name>Pembroke</name>
<state>NH</state>
<rating/>
<url>http://www.greatschools.org/city/Pembroke/NH</url>
<lat>43.1944</lat>
<lon>-71.4818</lon>
<active>1</active>
</city>
<city>
<id>414620</id>
<name>Penacook</name>
<state>NH</state>
<rating/>
<url>http://www.greatschools.org/city/Penacook/NH</url>
<lat>43.2786</lat>
<lon>-71.6014</lon>
<active>1</active>
</city>
<city>
<id>414516</id>
<name>Peterborough</name>
<state>NH</state>
<rating/>
<url>http://www.greatschools.org/city/Peterborough/NH</url>
<lat>42.8789</lat>
<lon>-71.9562</lon>
<active>1</active>
</city>
<city>
<id>414601</id>
<name>Piermont</name>
<state>NH</state>
<rating/>
<url>http://www.greatschools.org/city/Piermont/NH</url>
<lat>43.9864</lat>
<lon>-72.0684</lon>
<active>1</active>
</city>
<city>
<id>441862</id>
<name>Pike</name>
<state>NH</state>
<rating/>
<url>http://www.greatschools.org/city/Pike/NH</url>
<lat>44.0387</lat>
<lon>-72.0032</lon>
<active>1</active>
</city>
<city>
<id>442782</id>
<name>Pinardville</name>
<state>NH</state>
<rating/>
<url>http://www.greatschools.org/city/Pinardville/NH</url>
<lat>42.996</lat>
<lon>-71.5127</lon>
<active>1</active>
</city>
<city>
<id>414600</id>
<name>Pittsburg</name>
<state>NH</state>
<rating/>
<url>http://www.greatschools.org/city/Pittsburg/NH</url>
<lat>45.0786</lat>
<lon>-71.3647</lon>
<active>1</active>
</city>
<city>
<id>414599</id>
<name>Pittsfield</name>
<state>NH</state>
<rating/>
<url>http://www.greatschools.org/city/Pittsfield/NH</url>
<lat>43.3041</lat>
<lon>-71.3271</lon>
<active>1</active>
</city>
<city>
<id>442781</id>
<name>Plainfield</name>
<state>NH</state>
<rating/>
<url>http://www.greatschools.org/city/Plainfield/NH</url>
<lat>43.5503</lat>
<lon>-72.3004</lon>
<active>1</active>
</city>
<city>
<id>414525</id>
<name>Plaistow</name>
<state>NH</state>
<rating/>
<url>http://www.greatschools.org/city/Plaistow/NH</url>
<lat>42.8373</lat>
<lon>-71.0941</lon>
<active>1</active>
</city>
<city>
<id>414551</id>
<name>Plymouth</name>
<state>NH</state>
<rating/>
<url>http://www.greatschools.org/city/Plymouth/NH</url>
<lat>43.757</lat>
<lon>-71.6912</lon>
<active>1</active>
</city>
<city>
<id>414555</id>
<name>Portsmouth</name>
<state>NH</state>
<rating/>
<url>http://www.greatschools.org/city/Portsmouth/NH</url>
<lat>43.0622</lat>
<lon>-70.7735</lon>
<active>1</active>
</city>
<city>
<id>414479</id>
<name>Raymond</name>
<state>NH</state>
<rating/>
<url>http://www.greatschools.org/city/Raymond/NH</url>
<lat>43.0349</lat>
<lon>-71.1755</lon>
<active>1</active>
</city>
<city>
<id>414489</id>
<name>Richmond</name>
<state>NH</state>
<rating/>
<url>http://www.greatschools.org/city/Richmond/NH</url>
<lat>42.744</lat>
<lon>-72.2181</lon>
<active>1</active>
</city>
<city>
<id>414493</id>
<name>Rindge</name>
<state>NH</state>
<rating/>
<url>http://www.greatschools.org/city/Rindge/NH</url>
<lat>42.7534</lat>
<lon>-72.0128</lon>
<active>1</active>
</city>
<city>
<id>414504</id>
<name>Rochester</name>
<state>NH</state>
<rating/>
<url>http://www.greatschools.org/city/Rochester/NH</url>
<lat>43.3033</lat>
<lon>-70.9725</lon>
<active>1</active>
</city>
<city>
<id>446194</id>
<name>Rockingham County</name>
<state>NH</state>
<rating/>
<url>http://www.greatschools.org/city/Rockingham_County/NH</url>
<lat>42.8889</lat>
<lon>-71.127</lon>
<active>1</active>
</city>
<city>
<id>414598</id>
<name>Rollinsford</name>
<state>NH</state>
<rating/>
<url>http://www.greatschools.org/city/Rollinsford/NH</url>
<lat>43.2262</lat>
<lon>-70.8337</lon>
<active>1</active>
</city>
<city>
<id>414506</id>
<name>Rumney</name>
<state>NH</state>
<rating/>
<url>http://www.greatschools.org/city/Rumney/NH</url>
<lat>43.8054</lat>
<lon>-71.8478</lon>
<active>1</active>
</city>
<city>
<id>414534</id>
<name>Rye</name>
<state>NH</state>
<rating/>
<url>http://www.greatschools.org/city/Rye/NH</url>
<lat>43.012</lat>
<lon>-70.7625</lon>
<active>1</active>
</city>
<city>
<id>414494</id>
<name>Salem</name>
<state>NH</state>
<rating/>
<url>http://www.greatschools.org/city/Salem/NH</url>
<lat>42.7863</lat>
<lon>-71.2168</lon>
<active>1</active>
</city>
<city>
<id>414622</id>
<name>Salisbury</name>
<state>NH</state>
<rating/>
<url>http://www.greatschools.org/city/Salisbury/NH</url>
<lat>43.3831</lat>
<lon>-71.7313</lon>
<active>1</active>
</city>
<city>
<id>414498</id>
<name>Sanbornton</name>
<state>NH</state>
<rating/>
<url>http://www.greatschools.org/city/Sanbornton/NH</url>
<lat>43.5232</lat>
<lon>-71.5868</lon>
<active>1</active>
</city>
<city>
<id>414589</id>
<name>Sanbornville</name>
<state>NH</state>
<rating/>
<url>http://www.greatschools.org/city/Sanbornville/NH</url>
<lat>43.5704</lat>
<lon>-71.0297</lon>
<active>1</active>
</city>
<city>
<id>414520</id>
<name>Sandown</name>
<state>NH</state>
<rating/>
<url>http://www.greatschools.org/city/Sandown/NH</url>
<lat>42.9311</lat>
<lon>-71.1845</lon>
<active>1</active>
</city>
<city>
<id>414556</id>
<name>Seabrook</name>
<state>NH</state>
<rating/>
<url>http://www.greatschools.org/city/Seabrook/NH</url>
<lat>42.8855</lat>
<lon>-70.8643</lon>
<active>1</active>
</city>
<city>
<id>414544</id>
<name>Somersworth</name>
<state>NH</state>
<rating/>
<url>http://www.greatschools.org/city/Somersworth/NH</url>
<lat>43.2525</lat>
<lon>-70.8757</lon>
<active>1</active>
</city>
<city>
<id>414537</id>
<name>South Hampton</name>
<state>NH</state>
<rating/>
<url>http://www.greatschools.org/city/South_Hampton/NH</url>
<lat>42.8797</lat>
<lon>-70.9566</lon>
<active>1</active>
</city>
<city>
<id>442780</id>
<name>South Sutton</name>
<state>NH</state>
<rating/>
<url>http://www.greatschools.org/city/South_Sutton/NH</url>
<lat>43.2541</lat>
<lon>-71.9623</lon>
<active>1</active>
</city>
<city>
<id>442779</id>
<name>Spofford</name>
<state>NH</state>
<rating/>
<url>http://www.greatschools.org/city/Spofford/NH</url>
<lat>42.9136</lat>
<lon>-72.4131</lon>
<active>1</active>
</city>
<city>
<id>442778</id>
<name>Springfield</name>
<state>NH</state>
<rating/>
<url>http://www.greatschools.org/city/Springfield/NH</url>
<lat>43.492</lat>
<lon>-72.0522</lon>
<active>1</active>
</city>
<city>
<id>414597</id>
<name>Stark</name>
<state>NH</state>
<rating/>
<url>http://www.greatschools.org/city/Stark/NH</url>
<lat>44.5999</lat>
<lon>-71.4305</lon>
<active>1</active>
</city>
<city>
<id>414596</id>
<name>Stewartstown</name>
<state>NH</state>
<rating/>
<url>http://www.greatschools.org/city/Stewartstown/NH</url>
<lat>44.8936</lat>
<lon>-71.4969</lon>
<active>1</active>
</city>
<city>
<id>414595</id>
<name>Stoddard</name>
<state>NH</state>
<rating/>
<url>http://www.greatschools.org/city/Stoddard/NH</url>
<lat>43.0766</lat>
<lon>-72.1046</lon>
<active>1</active>
</city>
<city>
<id>414594</id>
<name>Strafford</name>
<state>NH</state>
<rating>8</rating>
<url>http://www.greatschools.org/city/Strafford/NH</url>
<lat>43.2504</lat>
<lon>-71.1591</lon>
<active>1</active>
</city>
<city>
<id>414536</id>
<name>Stratham</name>
<state>NH</state>
<rating/>
<url>http://www.greatschools.org/city/Stratham/NH</url>
<lat>43.0195</lat>
<lon>-70.8975</lon>
<active>1</active>
</city>
<city>
<id>445307</id>
<name>Sugar Hill</name>
<state>NH</state>
<rating/>
<url>http://www.greatschools.org/city/Sugar_Hill/NH</url>
<lat>44.2524</lat>
<lon>-71.7851</lon>
<active>1</active>
</city>
<city>
<id>414615</id>
<name>Sullivan</name>
<state>NH</state>
<rating/>
<url>http://www.greatschools.org/city/Sullivan/NH</url>
<lat>43.0096</lat>
<lon>-72.2169</lon>
<active>1</active>
</city>
<city>
<id>414550</id>
<name>Sunapee</name>
<state>NH</state>
<rating/>
<url>http://www.greatschools.org/city/Sunapee/NH</url>
<lat>43.3874</lat>
<lon>-72.0938</lon>
<active>1</active>
</city>
<city>
<id>414535</id>
<name>Suncook</name>
<state>NH</state>
<rating/>
<url>http://www.greatschools.org/city/Suncook/NH</url>
<lat>43.1335</lat>
<lon>-71.4518</lon>
<active>1</active>
</city>
<city>
<id>443598</id>
<name>Surry</name>
<state>NH</state>
<rating/>
<url>http://www.greatschools.org/city/Surry/NH</url>
<lat>43.0109</lat>
<lon>-72.3212</lon>
<active>1</active>
</city>
<city>
<id>444245</id>
<name>Sutton Mills</name>
<state>NH</state>
<rating/>
<url>http://www.greatschools.org/city/Sutton_Mills/NH</url>
<lat>43.3259</lat>
<lon>-71.954</lon>
<active>1</active>
</city>
<city>
<id>414577</id>
<name>Swanzey</name>
<state>NH</state>
<rating/>
<url>http://www.greatschools.org/city/Swanzey/NH</url>
<lat>42.865</lat>
<lon>-72.2946</lon>
<active>1</active>
</city>
<city>
<id>414492</id>
<name>Tamworth</name>
<state>NH</state>
<rating/>
<url>http://www.greatschools.org/city/Tamworth/NH</url>
<lat>43.8545</lat>
<lon>-71.2584</lon>
<active>1</active>
</city>
<city>
<id>414671</id>
<name>Temple</name>
<state>NH</state>
<rating/>
<url>http://www.greatschools.org/city/Temple/NH</url>
<lat>42.8182</lat>
<lon>-71.852</lon>
<active>1</active>
</city>
<city>
<id>414592</id>
<name>Thornton</name>
<state>NH</state>
<rating/>
<url>http://www.greatschools.org/city/Thornton/NH</url>
<lat>43.9056</lat>
<lon>-71.6399</lon>
<active>1</active>
</city>
<city>
<id>414541</id>
<name>Tilton</name>
<state>NH</state>
<rating/>
<url>http://www.greatschools.org/city/Tilton/NH</url>
<lat>43.4399</lat>
<lon>-71.5831</lon>
<active>1</active>
</city>
<city>
<id>414614</id>
<name>Troy</name>
<state>NH</state>
<rating/>
<url>http://www.greatschools.org/city/Troy/NH</url>
<lat>42.829</lat>
<lon>-72.187</lon>
<active>1</active>
</city>
<city>
<id>445308</id>
<name>Tuftonboro</name>
<state>NH</state>
<rating/>
<url>http://www.greatschools.org/city/Tuftonboro/NH</url>
<lat>43.7793</lat>
<lon>-71.1667</lon>
<active>1</active>
</city>
<city>
<id>414568</id>
<name>Twin Mountain</name>
<state>NH</state>
<rating/>
<url>http://www.greatschools.org/city/Twin_Mountain/NH</url>
<lat>44.2855</lat>
<lon>-71.2977</lon>
<active>1</active>
</city>
<city>
<id>423369</id>
<name>Union</name>
<state>NH</state>
<rating/>
<url>http://www.greatschools.org/city/Union/NH</url>
<lat>43.4753</lat>
<lon>-71.0607</lon>
<active>1</active>
</city>
<city>
<id>446195</id>
<name>W. Franklin</name>
<state>NH</state>
<rating/>
<url>http://www.greatschools.org/city/W._Franklin/NH</url>
<lat>43.4518</lat>
<lon>-71.6629</lon>
<active>1</active>
</city>
<city>
<id>446196</id>
<name>W. Lebanon</name>
<state>NH</state>
<rating/>
<url>http://www.greatschools.org/city/W._Lebanon/NH</url>
<lat>43.6495</lat>
<lon>-72.3045</lon>
<active>1</active>
</city>
<city>
<id>446197</id>
<name>W. Stewartstown</name>
<state>NH</state>
<rating/>
<url>http://www.greatschools.org/city/W._Stewartstown/NH</url>
<lat>44.9988</lat>
<lon>-71.5226</lon>
<active>1</active>
</city>
<city>
<id>446198</id>
<name>W. Swanzey</name>
<state>NH</state>
<rating/>
<url>http://www.greatschools.org/city/W._Swanzey/NH</url>
<lat>42.8717</lat>
<lon>-72.329</lon>
<active>1</active>
</city>
<city>
<id>414660</id>
<name>Walpole</name>
<state>NH</state>
<rating/>
<url>http://www.greatschools.org/city/Walpole/NH</url>
<lat>43.0833</lat>
<lon>-72.4196</lon>
<active>1</active>
</city>
<city>
<id>414634</id>
<name>Warner</name>
<state>NH</state>
<rating/>
<url>http://www.greatschools.org/city/Warner/NH</url>
<lat>43.2978</lat>
<lon>-71.8363</lon>
<active>1</active>
</city>
<city>
<id>414588</id>
<name>Warren</name>
<state>NH</state>
<rating/>
<url>http://www.greatschools.org/city/Warren/NH</url>
<lat>43.9388</lat>
<lon>-71.8882</lon>
<active>1</active>
</city>
<city>
<id>414587</id>
<name>Washington</name>
<state>NH</state>
<rating/>
<url>http://www.greatschools.org/city/Washington/NH</url>
<lat>43.1702</lat>
<lon>-72.0896</lon>
<active>1</active>
</city>
<city>
<id>414586</id>
<name>Waterville Valley</name>
<state>NH</state>
<rating/>
<url>http://www.greatschools.org/city/Waterville_Valley/NH</url>
<lat>43.8719</lat>
<lon>-71.6438</lon>
<active>1</active>
</city>
<city>
<id>414476</id>
<name>Weare</name>
<state>NH</state>
<rating/>
<url>http://www.greatschools.org/city/Weare/NH</url>
<lat>43.0815</lat>
<lon>-71.7187</lon>
<active>1</active>
</city>
<city>
<id>414621</id>
<name>Webster</name>
<state>NH</state>
<rating/>
<url>http://www.greatschools.org/city/Webster/NH</url>
<lat>43.3472</lat>
<lon>-71.7288</lon>
<active>1</active>
</city>
<city>
<id>414585</id>
<name>Wentworth</name>
<state>NH</state>
<rating/>
<url>http://www.greatschools.org/city/Wentworth/NH</url>
<lat>43.8765</lat>
<lon>-71.9128</lon>
<active>1</active>
</city>
<city>
<id>414514</id>
<name>West Lebanon</name>
<state>NH</state>
<rating/>
<url>http://www.greatschools.org/city/West_Lebanon/NH</url>
<lat>43.6523</lat>
<lon>-72.3013</lon>
<active>1</active>
</city>
<city>
<id>414539</id>
<name>West Stewartstown</name>
<state>NH</state>
<rating/>
<url>http://www.greatschools.org/city/West_Stewartstown/NH</url>
<lat>44.995</lat>
<lon>-71.5312</lon>
<active>1</active>
</city>
<city>
<id>414575</id>
<name>Westmoreland</name>
<state>NH</state>
<rating/>
<url>http://www.greatschools.org/city/Westmoreland/NH</url>
<lat>42.9677</lat>
<lon>-72.4355</lon>
<active>1</active>
</city>
<city>
<id>414584</id>
<name>Whitefield</name>
<state>NH</state>
<rating/>
<url>http://www.greatschools.org/city/Whitefield/NH</url>
<lat>44.3742</lat>
<lon>-71.6126</lon>
<active>1</active>
</city>
<city>
<id>414521</id>
<name>Wilton</name>
<state>NH</state>
<rating/>
<url>http://www.greatschools.org/city/Wilton/NH</url>
<lat>42.8443</lat>
<lon>-71.7379</lon>
<active>1</active>
</city>
<city>
<id>414583</id>
<name>Winchester</name>
<state>NH</state>
<rating/>
<url>http://www.greatschools.org/city/Winchester/NH</url>
<lat>42.7767</lat>
<lon>-72.3834</lon>
<active>1</active>
</city>
<city>
<id>414515</id>
<name>Windham</name>
<state>NH</state>
<rating/>
<url>http://www.greatschools.org/city/Windham/NH</url>
<lat>42.8062</lat>
<lon>-71.3084</lon>
<active>1</active>
</city>
<city>
<id>414580</id>
<name>Wolfeboro</name>
<state>NH</state>
<rating/>
<url>http://www.greatschools.org/city/Wolfeboro/NH</url>
<lat>43.5881</lat>
<lon>-71.2094</lon>
<active>1</active>
</city>
<city>
<id>414645</id>
<name>Woodsville</name>
<state>NH</state>
<rating/>
<url>http://www.greatschools.org/city/Woodsville/NH</url>
<lat>44.1471</lat>
<lon>-72.032</lon>
<active>1</active>
</city>
</greatschools-city-feed>
