<?xml version="1.0" encoding="utf-8"?><greatschools-city-feed xmlns:xsi="http://www.w3.org/2001/XMLSchema-instance" xsi:noNamespaceSchemaLocation="http://www.greatschools.org/feeds/greatschools-city2.xsd">
<city>
<id>439844</id>
<name>Aguila</name>
<state>AZ</state>
<rating>8</rating>
<url>http://www.greatschools.org/city/Aguila/AZ</url>
<lat>33.9375</lat>
<lon>-113.166</lon>
<active>1</active>
</city>
<city>
<id>439819</id>
<name>Ajo</name>
<state>AZ</state>
<rating>3</rating>
<url>http://www.greatschools.org/city/Ajo/AZ</url>
<lat>32.3923</lat>
<lon>-112.884</lon>
<active>1</active>
</city>
<city>
<id>439880</id>
<name>Alpine</name>
<state>AZ</state>
<rating/>
<url>http://www.greatschools.org/city/Alpine/AZ</url>
<lat>33.8455</lat>
<lon>-109.144</lon>
<active>1</active>
</city>
<city>
<id>439815</id>
<name>Amado</name>
<state>AZ</state>
<rating>2</rating>
<url>http://www.greatschools.org/city/Amado/AZ</url>
<lat>31.6974</lat>
<lon>-111.061</lon>
<active>1</active>
</city>
<city>
<id>439722</id>
<name>Anthem</name>
<state>AZ</state>
<rating>9</rating>
<url>http://www.greatschools.org/city/Anthem/AZ</url>
<lat>33.8497</lat>
<lon>-112.123</lon>
<active>1</active>
</city>
<city>
<id>439758</id>
<name>Apache Junction</name>
<state>AZ</state>
<rating>6</rating>
<url>http://www.greatschools.org/city/Apache_Junction/AZ</url>
<lat>33.3983</lat>
<lon>-111.535</lon>
<active>1</active>
</city>
<city>
<id>439762</id>
<name>Arizona City</name>
<state>AZ</state>
<rating>2</rating>
<url>http://www.greatschools.org/city/Arizona_City/AZ</url>
<lat>32.7508</lat>
<lon>-111.67</lon>
<active>1</active>
</city>
<city>
<id>439843</id>
<name>Arlington</name>
<state>AZ</state>
<rating>5</rating>
<url>http://www.greatschools.org/city/Arlington/AZ</url>
<lat>33.335</lat>
<lon>-112.775</lon>
<active>1</active>
</city>
<city>
<id>439761</id>
<name>Ash Fork</name>
<state>AZ</state>
<rating>6</rating>
<url>http://www.greatschools.org/city/Ash_Fork/AZ</url>
<lat>35.2172</lat>
<lon>-112.491</lon>
<active>1</active>
</city>
<city>
<id>439684</id>
<name>Avondale</name>
<state>AZ</state>
<rating>5</rating>
<url>http://www.greatschools.org/city/Avondale/AZ</url>
<lat>33.313</lat>
<lon>-112.329</lon>
<active>1</active>
</city>
<city>
<id>439799</id>
<name>Bagdad</name>
<state>AZ</state>
<rating>4</rating>
<url>http://www.greatschools.org/city/Bagdad/AZ</url>
<lat>34.5771</lat>
<lon>-113.177</lon>
<active>1</active>
</city>
<city>
<id>439740</id>
<name>Bapchule</name>
<state>AZ</state>
<rating>2</rating>
<url>http://www.greatschools.org/city/Bapchule/AZ</url>
<lat>33.14</lat>
<lon>-111.875</lon>
<active>1</active>
</city>
<city>
<id>439834</id>
<name>Beaver Dam</name>
<state>AZ</state>
<rating>3</rating>
<url>http://www.greatschools.org/city/Beaver_Dam/AZ</url>
<lat>36.9073</lat>
<lon>-113.939</lon>
<active>1</active>
</city>
<city>
<id>442076</id>
<name>Bellemont</name>
<state>AZ</state>
<rating/>
<url>http://www.greatschools.org/city/Bellemont/AZ</url>
<lat>35.2323</lat>
<lon>-111.823</lon>
<active>1</active>
</city>
<city>
<id>439697</id>
<name>Benson</name>
<state>AZ</state>
<rating/>
<url>http://www.greatschools.org/city/Benson/AZ</url>
<lat>31.9145</lat>
<lon>-110.329</lon>
<active>1</active>
</city>
<city>
<id>439817</id>
<name>Bisbee</name>
<state>AZ</state>
<rating>5</rating>
<url>http://www.greatschools.org/city/Bisbee/AZ</url>
<lat>31.398</lat>
<lon>-109.932</lon>
<active>1</active>
</city>
<city>
<id>439803</id>
<name>Black Canyon City</name>
<state>AZ</state>
<rating>3</rating>
<url>http://www.greatschools.org/city/Black_Canyon_City/AZ</url>
<lat>34.0709</lat>
<lon>-112.122</lon>
<active>1</active>
</city>
<city>
<id>439853</id>
<name>Blue</name>
<state>AZ</state>
<rating/>
<url>http://www.greatschools.org/city/Blue/AZ</url>
<lat>33.5227</lat>
<lon>-109.212</lon>
<active>1</active>
</city>
<city>
<id>439849</id>
<name>Bouse</name>
<state>AZ</state>
<rating/>
<url>http://www.greatschools.org/city/Bouse/AZ</url>
<lat>33.8984</lat>
<lon>-113.996</lon>
<active>1</active>
</city>
<city>
<id>439720</id>
<name>Bowie</name>
<state>AZ</state>
<rating/>
<url>http://www.greatschools.org/city/Bowie/AZ</url>
<lat>32.3248</lat>
<lon>-109.484</lon>
<active>1</active>
</city>
<city>
<id>439673</id>
<name>Buckeye</name>
<state>AZ</state>
<rating>6</rating>
<url>http://www.greatschools.org/city/Buckeye/AZ</url>
<lat>33.4301</lat>
<lon>-112.647</lon>
<active>1</active>
</city>
<city>
<id>439746</id>
<name>Bullhead City</name>
<state>AZ</state>
<rating>6</rating>
<url>http://www.greatschools.org/city/Bullhead_City/AZ</url>
<lat>35.1298</lat>
<lon>-114.561</lon>
<active>1</active>
</city>
<city>
<id>439781</id>
<name>Bylas</name>
<state>AZ</state>
<rating/>
<url>http://www.greatschools.org/city/Bylas/AZ</url>
<lat>33.1277</lat>
<lon>-110.115</lon>
<active>1</active>
</city>
<city>
<id>439724</id>
<name>Camp Verde</name>
<state>AZ</state>
<rating/>
<url>http://www.greatschools.org/city/Camp_Verde/AZ</url>
<lat>34.5694</lat>
<lon>-111.857</lon>
<active>1</active>
</city>
<city>
<id>445958</id>
<name>Carefree</name>
<state>AZ</state>
<rating/>
<url>http://www.greatschools.org/city/Carefree/AZ</url>
<lat>33.8233</lat>
<lon>-111.915</lon>
<active>1</active>
</city>
<city>
<id>439685</id>
<name>Casa Grande</name>
<state>AZ</state>
<rating>5</rating>
<url>http://www.greatschools.org/city/Casa_Grande/AZ</url>
<lat>32.9071</lat>
<lon>-111.762</lon>
<active>1</active>
</city>
<city>
<id>442075</id>
<name>Cashion</name>
<state>AZ</state>
<rating/>
<url>http://www.greatschools.org/city/Cashion/AZ</url>
<lat>33.4337</lat>
<lon>-112.298</lon>
<active>1</active>
</city>
<city>
<id>439750</id>
<name>Cave Creek</name>
<state>AZ</state>
<rating>9</rating>
<url>http://www.greatschools.org/city/Cave_Creek/AZ</url>
<lat>33.8362</lat>
<lon>-111.982</lon>
<active>1</active>
</city>
<city>
<id>439710</id>
<name>Chandler</name>
<state>AZ</state>
<rating>8</rating>
<url>http://www.greatschools.org/city/Chandler/AZ</url>
<lat>33.2829</lat>
<lon>-111.855</lon>
<active>1</active>
</city>
<city>
<id>439743</id>
<name>Chinle</name>
<state>AZ</state>
<rating>2</rating>
<url>http://www.greatschools.org/city/Chinle/AZ</url>
<lat>36.1508</lat>
<lon>-109.576</lon>
<active>1</active>
</city>
<city>
<id>439794</id>
<name>Chino Valley</name>
<state>AZ</state>
<rating>6</rating>
<url>http://www.greatschools.org/city/Chino_Valley/AZ</url>
<lat>34.7399</lat>
<lon>-112.406</lon>
<active>1</active>
</city>
<city>
<id>442073</id>
<name>Cibecue</name>
<state>AZ</state>
<rating/>
<url>http://www.greatschools.org/city/Cibecue/AZ</url>
<lat>34.0304</lat>
<lon>-110.492</lon>
<active>1</active>
</city>
<city>
<id>439802</id>
<name>Clarkdale</name>
<state>AZ</state>
<rating>7</rating>
<url>http://www.greatschools.org/city/Clarkdale/AZ</url>
<lat>34.7482</lat>
<lon>-112.059</lon>
<active>1</active>
</city>
<city>
<id>439861</id>
<name>Claypool</name>
<state>AZ</state>
<rating/>
<url>http://www.greatschools.org/city/Claypool/AZ</url>
<lat>33.4061</lat>
<lon>-110.842</lon>
<active>1</active>
</city>
<city>
<id>439851</id>
<name>Clifton</name>
<state>AZ</state>
<rating/>
<url>http://www.greatschools.org/city/Clifton/AZ</url>
<lat>33.0295</lat>
<lon>-109.284</lon>
<active>1</active>
</city>
<city>
<id>439870</id>
<name>Cochise</name>
<state>AZ</state>
<rating>6</rating>
<url>http://www.greatschools.org/city/Cochise/AZ</url>
<lat>32.0511</lat>
<lon>-109.894</lon>
<active>1</active>
</city>
<city>
<id>439832</id>
<name>Colorado City</name>
<state>AZ</state>
<rating>7</rating>
<url>http://www.greatschools.org/city/Colorado_City/AZ</url>
<lat>36.9701</lat>
<lon>-112.985</lon>
<active>1</active>
</city>
<city>
<id>439879</id>
<name>Concho</name>
<state>AZ</state>
<rating>6</rating>
<url>http://www.greatschools.org/city/Concho/AZ</url>
<lat>34.4716</lat>
<lon>-109.614</lon>
<active>1</active>
</city>
<city>
<id>439801</id>
<name>Congress</name>
<state>AZ</state>
<rating>9</rating>
<url>http://www.greatschools.org/city/Congress/AZ</url>
<lat>34.1532</lat>
<lon>-112.866</lon>
<active>1</active>
</city>
<city>
<id>439712</id>
<name>Coolidge</name>
<state>AZ</state>
<rating>3</rating>
<url>http://www.greatschools.org/city/Coolidge/AZ</url>
<lat>32.9596</lat>
<lon>-111.528</lon>
<active>1</active>
</city>
<city>
<id>439796</id>
<name>Cornville</name>
<state>AZ</state>
<rating>5</rating>
<url>http://www.greatschools.org/city/Cornville/AZ</url>
<lat>34.7391</lat>
<lon>-111.909</lon>
<active>1</active>
</city>
<city>
<id>439732</id>
<name>Corona de Tucson</name>
<state>AZ</state>
<rating>9</rating>
<url>http://www.greatschools.org/city/Corona_de_Tucson/AZ</url>
<lat>31.9495</lat>
<lon>-110.784</lon>
<active>1</active>
</city>
<city>
<id>439688</id>
<name>Cottonwood</name>
<state>AZ</state>
<rating>5</rating>
<url>http://www.greatschools.org/city/Cottonwood/AZ</url>
<lat>34.7179</lat>
<lon>-112.045</lon>
<active>1</active>
</city>
<city>
<id>439800</id>
<name>Crown King</name>
<state>AZ</state>
<rating/>
<url>http://www.greatschools.org/city/Crown_King/AZ</url>
<lat>34.2067</lat>
<lon>-112.343</lon>
<active>1</active>
</city>
<city>
<id>439792</id>
<name>Dateland</name>
<state>AZ</state>
<rating>8</rating>
<url>http://www.greatschools.org/city/Dateland/AZ</url>
<lat>32.8209</lat>
<lon>-113.542</lon>
<active>1</active>
</city>
<city>
<id>445938</id>
<name>Deer Valley</name>
<state>AZ</state>
<rating/>
<url>http://www.greatschools.org/city/Deer_Valley/AZ</url>
<lat>33.7011</lat>
<lon>-112.108</lon>
<active>1</active>
</city>
<city>
<id>439842</id>
<name>Desert Hills</name>
<state>AZ</state>
<rating>7</rating>
<url>http://www.greatschools.org/city/Desert_Hills/AZ</url>
<lat>34.5465</lat>
<lon>-114.378</lon>
<active>1</active>
</city>
<city>
<id>439804</id>
<name>Dewey</name>
<state>AZ</state>
<rating>7</rating>
<url>http://www.greatschools.org/city/Dewey/AZ</url>
<lat>34.5432</lat>
<lon>-112.156</lon>
<active>1</active>
</city>
<city>
<id>445959</id>
<name>Dewey-Humboldt</name>
<state>AZ</state>
<rating/>
<url>http://www.greatschools.org/city/Dewey-Humboldt/AZ</url>
<lat>34.5011</lat>
<lon>-112.25</lon>
<active>1</active>
</city>
<city>
<id>439831</id>
<name>Dolan Springs</name>
<state>AZ</state>
<rating>3</rating>
<url>http://www.greatschools.org/city/Dolan_Springs/AZ</url>
<lat>35.5905</lat>
<lon>-114.285</lon>
<active>1</active>
</city>
<city>
<id>439715</id>
<name>Douglas</name>
<state>AZ</state>
<rating>4</rating>
<url>http://www.greatschools.org/city/Douglas/AZ</url>
<lat>31.3993</lat>
<lon>-109.541</lon>
<active>1</active>
</city>
<city>
<id>439852</id>
<name>Duncan</name>
<state>AZ</state>
<rating>5</rating>
<url>http://www.greatschools.org/city/Duncan/AZ</url>
<lat>32.75</lat>
<lon>-109.088</lon>
<active>1</active>
</city>
<city>
<id>439873</id>
<name>Eagar</name>
<state>AZ</state>
<rating>5</rating>
<url>http://www.greatschools.org/city/Eagar/AZ</url>
<lat>34.1049</lat>
<lon>-109.295</lon>
<active>1</active>
</city>
<city>
<id>439848</id>
<name>Ehrenberg</name>
<state>AZ</state>
<rating>4</rating>
<url>http://www.greatschools.org/city/Ehrenberg/AZ</url>
<lat>33.6142</lat>
<lon>-114.483</lon>
<active>1</active>
</city>
<city>
<id>439683</id>
<name>El Mirage</name>
<state>AZ</state>
<rating>5</rating>
<url>http://www.greatschools.org/city/El_Mirage/AZ</url>
<lat>33.5902</lat>
<lon>-112.327</lon>
<active>1</active>
</city>
<city>
<id>439686</id>
<name>Elfrida</name>
<state>AZ</state>
<rating/>
<url>http://www.greatschools.org/city/Elfrida/AZ</url>
<lat>31.6876</lat>
<lon>-109.692</lon>
<active>1</active>
</city>
<city>
<id>439805</id>
<name>Elgin</name>
<state>AZ</state>
<rating>7</rating>
<url>http://www.greatschools.org/city/Elgin/AZ</url>
<lat>31.6679</lat>
<lon>-110.536</lon>
<active>1</active>
</city>
<city>
<id>439806</id>
<name>Eloy</name>
<state>AZ</state>
<rating>2</rating>
<url>http://www.greatschools.org/city/Eloy/AZ</url>
<lat>32.7431</lat>
<lon>-111.598</lon>
<active>1</active>
</city>
<city>
<id>439739</id>
<name>Flagstaff</name>
<state>AZ</state>
<rating>6</rating>
<url>http://www.greatschools.org/city/Flagstaff/AZ</url>
<lat>35.1852</lat>
<lon>-111.621</lon>
<active>1</active>
</city>
<city>
<id>439726</id>
<name>Florence</name>
<state>AZ</state>
<rating>5</rating>
<url>http://www.greatschools.org/city/Florence/AZ</url>
<lat>33.0515</lat>
<lon>-111.413</lon>
<active>1</active>
</city>
<city>
<id>439690</id>
<name>Fort Defiance</name>
<state>AZ</state>
<rating/>
<url>http://www.greatschools.org/city/Fort_Defiance/AZ</url>
<lat>35.7468</lat>
<lon>-109.069</lon>
<active>1</active>
</city>
<city>
<id>439868</id>
<name>Fort Huachuca</name>
<state>AZ</state>
<rating>7</rating>
<url>http://www.greatschools.org/city/Fort_Huachuca/AZ</url>
<lat>31.4982</lat>
<lon>-110.389</lon>
<active>1</active>
</city>
<city>
<id>439744</id>
<name>Fort Mohave</name>
<state>AZ</state>
<rating>6</rating>
<url>http://www.greatschools.org/city/Fort_Mohave/AZ</url>
<lat>35.0004</lat>
<lon>-114.575</lon>
<active>1</active>
</city>
<city>
<id>439855</id>
<name>Fort Thomas</name>
<state>AZ</state>
<rating>2</rating>
<url>http://www.greatschools.org/city/Fort_Thomas/AZ</url>
<lat>33.0304</lat>
<lon>-109.961</lon>
<active>1</active>
</city>
<city>
<id>439839</id>
<name>Fountain Hills</name>
<state>AZ</state>
<rating>8</rating>
<url>http://www.greatschools.org/city/Fountain_Hills/AZ</url>
<lat>33.6067</lat>
<lon>-111.737</lon>
<active>1</active>
</city>
<city>
<id>439719</id>
<name>Fredonia</name>
<state>AZ</state>
<rating>4</rating>
<url>http://www.greatschools.org/city/Fredonia/AZ</url>
<lat>36.9667</lat>
<lon>-112.522</lon>
<active>1</active>
</city>
<city>
<id>439791</id>
<name>Gadsden</name>
<state>AZ</state>
<rating>4</rating>
<url>http://www.greatschools.org/city/Gadsden/AZ</url>
<lat>32.5564</lat>
<lon>-114.781</lon>
<active>1</active>
</city>
<city>
<id>439878</id>
<name>Ganado</name>
<state>AZ</state>
<rating>3</rating>
<url>http://www.greatschools.org/city/Ganado/AZ</url>
<lat>35.6918</lat>
<lon>-109.556</lon>
<active>1</active>
</city>
<city>
<id>439840</id>
<name>Gila Bend</name>
<state>AZ</state>
<rating>2</rating>
<url>http://www.greatschools.org/city/Gila_Bend/AZ</url>
<lat>32.9486</lat>
<lon>-112.706</lon>
<active>1</active>
</city>
<city>
<id>439699</id>
<name>Gilbert</name>
<state>AZ</state>
<rating>9</rating>
<url>http://www.greatschools.org/city/Gilbert/AZ</url>
<lat>33.3102</lat>
<lon>-111.742</lon>
<active>1</active>
</city>
<city>
<id>439680</id>
<name>Glendale</name>
<state>AZ</state>
<rating>6</rating>
<url>http://www.greatschools.org/city/Glendale/AZ</url>
<lat>33.5331</lat>
<lon>-112.19</lon>
<active>1</active>
</city>
<city>
<id>439738</id>
<name>Globe</name>
<state>AZ</state>
<rating>4</rating>
<url>http://www.greatschools.org/city/Globe/AZ</url>
<lat>33.3909</lat>
<lon>-110.748</lon>
<active>1</active>
</city>
<city>
<id>442069</id>
<name>Gold Canyon</name>
<state>AZ</state>
<rating>5</rating>
<url>http://www.greatschools.org/city/Gold_Canyon/AZ</url>
<lat>33.3715</lat>
<lon>-111.437</lon>
<active>1</active>
</city>
<city>
<id>439833</id>
<name>Golden Valley</name>
<state>AZ</state>
<rating>5</rating>
<url>http://www.greatschools.org/city/Golden_Valley/AZ</url>
<lat>35.2061</lat>
<lon>-114.233</lon>
<active>1</active>
</city>
<city>
<id>439681</id>
<name>Goodyear</name>
<state>AZ</state>
<rating>7</rating>
<url>http://www.greatschools.org/city/Goodyear/AZ</url>
<lat>33.254</lat>
<lon>-112.366</lon>
<active>1</active>
</city>
<city>
<id>439718</id>
<name>Grand Canyon</name>
<state>AZ</state>
<rating>5</rating>
<url>http://www.greatschools.org/city/Grand_Canyon/AZ</url>
<lat>35.8989</lat>
<lon>-112.277</lon>
<active>1</active>
</city>
<city>
<id>444714</id>
<name>Grand Canyon Village</name>
<state>AZ</state>
<rating/>
<url>http://www.greatschools.org/city/Grand_Canyon_Village/AZ</url>
<lat>36.049</lat>
<lon>-112.138</lon>
<active>1</active>
</city>
<city>
<id>439818</id>
<name>Green Valley</name>
<state>AZ</state>
<rating>6</rating>
<url>http://www.greatschools.org/city/Green_Valley/AZ</url>
<lat>31.8318</lat>
<lon>-111.025</lon>
<active>1</active>
</city>
<city>
<id>444715</id>
<name>Groom Creek</name>
<state>AZ</state>
<rating/>
<url>http://www.greatschools.org/city/Groom_Creek/AZ</url>
<lat>34.4525</lat>
<lon>-112.453</lon>
<active>1</active>
</city>
<city>
<id>439841</id>
<name>Guadalupe</name>
<state>AZ</state>
<rating>3</rating>
<url>http://www.greatschools.org/city/Guadalupe/AZ</url>
<lat>33.3664</lat>
<lon>-111.963</lon>
<active>1</active>
</city>
<city>
<id>439824</id>
<name>Heber</name>
<state>AZ</state>
<rating>7</rating>
<url>http://www.greatschools.org/city/Heber/AZ</url>
<lat>34.5372</lat>
<lon>-110.44</lon>
<active>1</active>
</city>
<city>
<id>439767</id>
<name>Hereford</name>
<state>AZ</state>
<rating>7</rating>
<url>http://www.greatschools.org/city/Hereford/AZ</url>
<lat>31.4377</lat>
<lon>-110.232</lon>
<active>1</active>
</city>
<city>
<id>439675</id>
<name>Higley</name>
<state>AZ</state>
<rating>8</rating>
<url>http://www.greatschools.org/city/Higley/AZ</url>
<lat>33.3184</lat>
<lon>-111.717</lon>
<active>1</active>
</city>
<city>
<id>439711</id>
<name>Holbrook</name>
<state>AZ</state>
<rating>6</rating>
<url>http://www.greatschools.org/city/Holbrook/AZ</url>
<lat>34.9046</lat>
<lon>-110.167</lon>
<active>1</active>
</city>
<city>
<id>439867</id>
<name>Huachuca City</name>
<state>AZ</state>
<rating>6</rating>
<url>http://www.greatschools.org/city/Huachuca_City/AZ</url>
<lat>31.6308</lat>
<lon>-110.342</lon>
<active>1</active>
</city>
<city>
<id>439764</id>
<name>Indian Wells</name>
<state>AZ</state>
<rating>2</rating>
<url>http://www.greatschools.org/city/Indian_Wells/AZ</url>
<lat>35.4093</lat>
<lon>-110.114</lon>
<active>1</active>
</city>
<city>
<id>439825</id>
<name>Jeddito</name>
<state>AZ</state>
<rating>1</rating>
<url>http://www.greatschools.org/city/Jeddito/AZ</url>
<lat>35.7682</lat>
<lon>-110.128</lon>
<active>1</active>
</city>
<city>
<id>439709</id>
<name>Joseph City</name>
<state>AZ</state>
<rating>7</rating>
<url>http://www.greatschools.org/city/Joseph_City/AZ</url>
<lat>34.9637</lat>
<lon>-110.329</lon>
<active>1</active>
</city>
<city>
<id>439823</id>
<name>Kayenta</name>
<state>AZ</state>
<rating>3</rating>
<url>http://www.greatschools.org/city/Kayenta/AZ</url>
<lat>36.7171</lat>
<lon>-110.26</lon>
<active>1</active>
</city>
<city>
<id>439811</id>
<name>Kearny</name>
<state>AZ</state>
<rating>5</rating>
<url>http://www.greatschools.org/city/Kearny/AZ</url>
<lat>33.056</lat>
<lon>-110.908</lon>
<active>1</active>
</city>
<city>
<id>439742</id>
<name>Kingman</name>
<state>AZ</state>
<rating>5</rating>
<url>http://www.greatschools.org/city/Kingman/AZ</url>
<lat>35.2168</lat>
<lon>-114.017</lon>
<active>1</active>
</city>
<city>
<id>439797</id>
<name>Kirkland</name>
<state>AZ</state>
<rating/>
<url>http://www.greatschools.org/city/Kirkland/AZ</url>
<lat>34.2977</lat>
<lon>-112.668</lon>
<active>1</active>
</city>
<city>
<id>439771</id>
<name>Kykotsmovi Village</name>
<state>AZ</state>
<rating/>
<url>http://www.greatschools.org/city/Kykotsmovi_Village/AZ</url>
<lat>35.8102</lat>
<lon>-110.657</lon>
<active>1</active>
</city>
<city>
<id>439753</id>
<name>Lake Havasu City</name>
<state>AZ</state>
<rating>8</rating>
<url>http://www.greatschools.org/city/Lake_Havasu_City/AZ</url>
<lat>34.5016</lat>
<lon>-114.315</lon>
<active>1</active>
</city>
<city>
<id>439827</id>
<name>Lakeside</name>
<state>AZ</state>
<rating>7</rating>
<url>http://www.greatschools.org/city/Lakeside/AZ</url>
<lat>34.1138</lat>
<lon>-110.077</lon>
<active>1</active>
</city>
<city>
<id>439721</id>
<name>Laveen</name>
<state>AZ</state>
<rating>5</rating>
<url>http://www.greatschools.org/city/Laveen/AZ</url>
<lat>33.3055</lat>
<lon>-112.226</lon>
<active>1</active>
</city>
<city>
<id>444716</id>
<name>Laveen Village</name>
<state>AZ</state>
<rating/>
<url>http://www.greatschools.org/city/Laveen_Village/AZ</url>
<lat>33.3819</lat>
<lon>-112.154</lon>
<active>1</active>
</city>
<city>
<id>442067</id>
<name>Leupp</name>
<state>AZ</state>
<rating/>
<url>http://www.greatschools.org/city/Leupp/AZ</url>
<lat>35.2966</lat>
<lon>-111.003</lon>
<active>1</active>
</city>
<city>
<id>439736</id>
<name>Litchfield Park</name>
<state>AZ</state>
<rating>8</rating>
<url>http://www.greatschools.org/city/Litchfield_Park/AZ</url>
<lat>33.5018</lat>
<lon>-112.359</lon>
<active>1</active>
</city>
<city>
<id>445900</id>
<name>Luke Air Force Base</name>
<state>AZ</state>
<rating/>
<url>http://www.greatschools.org/city/Luke_Air_Force_Base/AZ</url>
<lat>33.5426</lat>
<lon>-112.355</lon>
<active>1</active>
</city>
<city>
<id>444717</id>
<name>Lupton</name>
<state>AZ</state>
<rating/>
<url>http://www.greatschools.org/city/Lupton/AZ</url>
<lat>35.3539</lat>
<lon>-109.054</lon>
<active>1</active>
</city>
<city>
<id>439813</id>
<name>Mammoth</name>
<state>AZ</state>
<rating>8</rating>
<url>http://www.greatschools.org/city/Mammoth/AZ</url>
<lat>32.7234</lat>
<lon>-110.645</lon>
<active>1</active>
</city>
<city>
<id>439877</id>
<name>Many Farms</name>
<state>AZ</state>
<rating>2</rating>
<url>http://www.greatschools.org/city/Many_Farms/AZ</url>
<lat>36.3429</lat>
<lon>-109.638</lon>
<active>1</active>
</city>
<city>
<id>439770</id>
<name>Marana</name>
<state>AZ</state>
<rating/>
<url>http://www.greatschools.org/city/Marana/AZ</url>
<lat>32.4654</lat>
<lon>-111.139</lon>
<active>1</active>
</city>
<city>
<id>439725</id>
<name>Maricopa</name>
<state>AZ</state>
<rating>5</rating>
<url>http://www.greatschools.org/city/Maricopa/AZ</url>
<lat>33.0455</lat>
<lon>-112.015</lon>
<active>1</active>
</city>
<city>
<id>444718</id>
<name>Marine Corps Air Station Yuma</name>
<state>AZ</state>
<rating/>
<url>http://www.greatschools.org/city/Marine_Corps_Air_Station_Yuma/AZ</url>
<lat>32.6562</lat>
<lon>-114.581</lon>
<active>1</active>
</city>
<city>
<id>439765</id>
<name>Mayer</name>
<state>AZ</state>
<rating>4</rating>
<url>http://www.greatschools.org/city/Mayer/AZ</url>
<lat>34.4234</lat>
<lon>-112.241</lon>
<active>1</active>
</city>
<city>
<id>439876</id>
<name>McNary</name>
<state>AZ</state>
<rating>3</rating>
<url>http://www.greatschools.org/city/McNary/AZ</url>
<lat>34.0923</lat>
<lon>-109.851</lon>
<active>1</active>
</city>
<city>
<id>439866</id>
<name>McNeal</name>
<state>AZ</state>
<rating/>
<url>http://www.greatschools.org/city/McNeal/AZ</url>
<lat>31.6101</lat>
<lon>-109.658</lon>
<active>1</active>
</city>
<city>
<id>439707</id>
<name>Mesa</name>
<state>AZ</state>
<rating>7</rating>
<url>http://www.greatschools.org/city/Mesa/AZ</url>
<lat>33.4019</lat>
<lon>-111.717</lon>
<active>1</active>
</city>
<city>
<id>439860</id>
<name>Miami</name>
<state>AZ</state>
<rating>4</rating>
<url>http://www.greatschools.org/city/Miami/AZ</url>
<lat>33.395</lat>
<lon>-110.872</lon>
<active>1</active>
</city>
<city>
<id>439838</id>
<name>Mobile</name>
<state>AZ</state>
<rating/>
<url>http://www.greatschools.org/city/Mobile/AZ</url>
<lat>32.9821</lat>
<lon>-112.104</lon>
<active>1</active>
</city>
<city>
<id>439735</id>
<name>Mohave Valley</name>
<state>AZ</state>
<rating>6</rating>
<url>http://www.greatschools.org/city/Mohave_Valley/AZ</url>
<lat>34.9024</lat>
<lon>-114.576</lon>
<active>1</active>
</city>
<city>
<id>439850</id>
<name>Morenci</name>
<state>AZ</state>
<rating>7</rating>
<url>http://www.greatschools.org/city/Morenci/AZ</url>
<lat>33.0522</lat>
<lon>-109.326</lon>
<active>1</active>
</city>
<city>
<id>443696</id>
<name>Morristown</name>
<state>AZ</state>
<rating>5</rating>
<url>http://www.greatschools.org/city/Morristown/AZ</url>
<lat>33.8559</lat>
<lon>-112.613</lon>
<active>1</active>
</city>
<city>
<id>439865</id>
<name>Naco</name>
<state>AZ</state>
<rating>2</rating>
<url>http://www.greatschools.org/city/Naco/AZ</url>
<lat>31.346</lat>
<lon>-109.927</lon>
<active>1</active>
</city>
<city>
<id>439875</id>
<name>Nazlini</name>
<state>AZ</state>
<rating/>
<url>http://www.greatschools.org/city/Nazlini/AZ</url>
<lat>35.9129</lat>
<lon>-109.476</lon>
<active>1</active>
</city>
<city>
<id>445960</id>
<name>New River</name>
<state>AZ</state>
<rating/>
<url>http://www.greatschools.org/city/New_River/AZ</url>
<lat>33.8456</lat>
<lon>-112.137</lon>
<active>1</active>
</city>
<city>
<id>439769</id>
<name>Nogales</name>
<state>AZ</state>
<rating>6</rating>
<url>http://www.greatschools.org/city/Nogales/AZ</url>
<lat>31.3625</lat>
<lon>-110.934</lon>
<active>1</active>
</city>
<city>
<id>439763</id>
<name>Oracle</name>
<state>AZ</state>
<rating>4</rating>
<url>http://www.greatschools.org/city/Oracle/AZ</url>
<lat>32.6092</lat>
<lon>-110.782</lon>
<active>1</active>
</city>
<city>
<id>439755</id>
<name>Oro Valley</name>
<state>AZ</state>
<rating>9</rating>
<url>http://www.greatschools.org/city/Oro_Valley/AZ</url>
<lat>32.4221</lat>
<lon>-110.976</lon>
<active>1</active>
</city>
<city>
<id>439822</id>
<name>Overgaard</name>
<state>AZ</state>
<rating>6</rating>
<url>http://www.greatschools.org/city/Overgaard/AZ</url>
<lat>34.3773</lat>
<lon>-110.486</lon>
<active>1</active>
</city>
<city>
<id>439717</id>
<name>Page</name>
<state>AZ</state>
<rating/>
<url>http://www.greatschools.org/city/Page/AZ</url>
<lat>36.9028</lat>
<lon>-111.461</lon>
<active>1</active>
</city>
<city>
<id>439836</id>
<name>Palo Verde</name>
<state>AZ</state>
<rating>7</rating>
<url>http://www.greatschools.org/city/Palo_Verde/AZ</url>
<lat>33.3491</lat>
<lon>-112.677</lon>
<active>1</active>
</city>
<city>
<id>439751</id>
<name>Paradise Valley</name>
<state>AZ</state>
<rating>9</rating>
<url>http://www.greatschools.org/city/Paradise_Valley/AZ</url>
<lat>33.5522</lat>
<lon>-111.961</lon>
<active>1</active>
</city>
<city>
<id>439766</id>
<name>Parker</name>
<state>AZ</state>
<rating>4</rating>
<url>http://www.greatschools.org/city/Parker/AZ</url>
<lat>34.0423</lat>
<lon>-114.226</lon>
<active>1</active>
</city>
<city>
<id>439862</id>
<name>Parks</name>
<state>AZ</state>
<rating>7</rating>
<url>http://www.greatschools.org/city/Parks/AZ</url>
<lat>35.2853</lat>
<lon>-111.967</lon>
<active>1</active>
</city>
<city>
<id>439779</id>
<name>Patagonia</name>
<state>AZ</state>
<rating>6</rating>
<url>http://www.greatschools.org/city/Patagonia/AZ</url>
<lat>31.5447</lat>
<lon>-110.745</lon>
<active>1</active>
</city>
<city>
<id>442063</id>
<name>Paulden</name>
<state>AZ</state>
<rating/>
<url>http://www.greatschools.org/city/Paulden/AZ</url>
<lat>34.8899</lat>
<lon>-112.494</lon>
<active>1</active>
</city>
<city>
<id>439737</id>
<name>Payson</name>
<state>AZ</state>
<rating>6</rating>
<url>http://www.greatschools.org/city/Payson/AZ</url>
<lat>34.2439</lat>
<lon>-111.319</lon>
<active>1</active>
</city>
<city>
<id>439776</id>
<name>Peach Springs</name>
<state>AZ</state>
<rating>1</rating>
<url>http://www.greatschools.org/city/Peach_Springs/AZ</url>
<lat>35.5314</lat>
<lon>-113.432</lon>
<active>1</active>
</city>
<city>
<id>439864</id>
<name>Pearce</name>
<state>AZ</state>
<rating>3</rating>
<url>http://www.greatschools.org/city/Pearce/AZ</url>
<lat>31.8663</lat>
<lon>-109.702</lon>
<active>1</active>
</city>
<city>
<id>439793</id>
<name>Peeples Valley</name>
<state>AZ</state>
<rating/>
<url>http://www.greatschools.org/city/Peeples_Valley/AZ</url>
<lat>34.2772</lat>
<lon>-112.765</lon>
<active>1</active>
</city>
<city>
<id>439679</id>
<name>Peoria</name>
<state>AZ</state>
<rating>7</rating>
<url>http://www.greatschools.org/city/Peoria/AZ</url>
<lat>33.7877</lat>
<lon>-112.311</lon>
<active>1</active>
</city>
<city>
<id>439783</id>
<name>Peridot</name>
<state>AZ</state>
<rating/>
<url>http://www.greatschools.org/city/Peridot/AZ</url>
<lat>33.301</lat>
<lon>-110.452</lon>
<active>1</active>
</city>
<city>
<id>439678</id>
<name>Phoenix</name>
<state>AZ</state>
<rating>5</rating>
<url>http://www.greatschools.org/city/Phoenix/AZ</url>
<lat>33.5722</lat>
<lon>-112.088</lon>
<active>1</active>
</city>
<city>
<id>439812</id>
<name>Picacho</name>
<state>AZ</state>
<rating>3</rating>
<url>http://www.greatschools.org/city/Picacho/AZ</url>
<lat>32.7102</lat>
<lon>-111.494</lon>
<active>1</active>
</city>
<city>
<id>439757</id>
<name>Pima</name>
<state>AZ</state>
<rating>6</rating>
<url>http://www.greatschools.org/city/Pima/AZ</url>
<lat>32.8931</lat>
<lon>-109.843</lon>
<active>1</active>
</city>
<city>
<id>439859</id>
<name>Pine</name>
<state>AZ</state>
<rating/>
<url>http://www.greatschools.org/city/Pine/AZ</url>
<lat>34.3817</lat>
<lon>-111.462</lon>
<active>1</active>
</city>
<city>
<id>439752</id>
<name>Pinetop</name>
<state>AZ</state>
<rating/>
<url>http://www.greatschools.org/city/Pinetop/AZ</url>
<lat>34.0938</lat>
<lon>-109.876</lon>
<active>1</active>
</city>
<city>
<id>445961</id>
<name>Pinetop-Lakeside</name>
<state>AZ</state>
<rating/>
<url>http://www.greatschools.org/city/Pinetop-Lakeside/AZ</url>
<lat>34.1498</lat>
<lon>-109.968</lon>
<active>1</active>
</city>
<city>
<id>439756</id>
<name>Pinon</name>
<state>AZ</state>
<rating>2</rating>
<url>http://www.greatschools.org/city/Pinon/AZ</url>
<lat>36.0989</lat>
<lon>-110.219</lon>
<active>1</active>
</city>
<city>
<id>439869</id>
<name>Pirtleville</name>
<state>AZ</state>
<rating>3</rating>
<url>http://www.greatschools.org/city/Pirtleville/AZ</url>
<lat>31.3609</lat>
<lon>-109.566</lon>
<active>1</active>
</city>
<city>
<id>439863</id>
<name>Pomerene</name>
<state>AZ</state>
<rating>7</rating>
<url>http://www.greatschools.org/city/Pomerene/AZ</url>
<lat>32.1172</lat>
<lon>-110.233</lon>
<active>1</active>
</city>
<city>
<id>439847</id>
<name>Poston</name>
<state>AZ</state>
<rating>3</rating>
<url>http://www.greatschools.org/city/Poston/AZ</url>
<lat>33.9921</lat>
<lon>-114.405</lon>
<active>1</active>
</city>
<city>
<id>439723</id>
<name>Prescott</name>
<state>AZ</state>
<rating>7</rating>
<url>http://www.greatschools.org/city/Prescott/AZ</url>
<lat>34.5794</lat>
<lon>-112.448</lon>
<active>1</active>
</city>
<city>
<id>439730</id>
<name>Prescott Valley</name>
<state>AZ</state>
<rating>8</rating>
<url>http://www.greatschools.org/city/Prescott_Valley/AZ</url>
<lat>34.5977</lat>
<lon>-112.316</lon>
<active>1</active>
</city>
<city>
<id>439845</id>
<name>Quartzsite</name>
<state>AZ</state>
<rating>2</rating>
<url>http://www.greatschools.org/city/Quartzsite/AZ</url>
<lat>33.667</lat>
<lon>-114.218</lon>
<active>1</active>
</city>
<city>
<id>439714</id>
<name>Queen Creek</name>
<state>AZ</state>
<rating>7</rating>
<url>http://www.greatschools.org/city/Queen_Creek/AZ</url>
<lat>33.2412</lat>
<lon>-111.64</lon>
<active>1</active>
</city>
<city>
<id>439810</id>
<name>Red Rock</name>
<state>AZ</state>
<rating>5</rating>
<url>http://www.greatschools.org/city/Red_Rock/AZ</url>
<lat>32.5859</lat>
<lon>-111.363</lon>
<active>1</active>
</city>
<city>
<id>439754</id>
<name>Rimrock</name>
<state>AZ</state>
<rating>4</rating>
<url>http://www.greatschools.org/city/Rimrock/AZ</url>
<lat>34.6805</lat>
<lon>-111.722</lon>
<active>1</active>
</city>
<city>
<id>439760</id>
<name>Rio Rico</name>
<state>AZ</state>
<rating>5</rating>
<url>http://www.greatschools.org/city/Rio_Rico/AZ</url>
<lat>31.4982</lat>
<lon>-110.988</lon>
<active>1</active>
</city>
<city>
<id>439786</id>
<name>Rock Point</name>
<state>AZ</state>
<rating/>
<url>http://www.greatschools.org/city/Rock_Point/AZ</url>
<lat>36.6957</lat>
<lon>-109.62</lon>
<active>1</active>
</city>
<city>
<id>439790</id>
<name>Roll</name>
<state>AZ</state>
<rating>4</rating>
<url>http://www.greatschools.org/city/Roll/AZ</url>
<lat>32.7698</lat>
<lon>-113.831</lon>
<active>1</active>
</city>
<city>
<id>439874</id>
<name>Round Rock</name>
<state>AZ</state>
<rating>2</rating>
<url>http://www.greatschools.org/city/Round_Rock/AZ</url>
<lat>36.5043</lat>
<lon>-109.463</lon>
<active>1</active>
</city>
<city>
<id>439780</id>
<name>Sacaton</name>
<state>AZ</state>
<rating>3</rating>
<url>http://www.greatschools.org/city/Sacaton/AZ</url>
<lat>33.0793</lat>
<lon>-111.768</lon>
<active>1</active>
</city>
<city>
<id>439703</id>
<name>Safford</name>
<state>AZ</state>
<rating>6</rating>
<url>http://www.greatschools.org/city/Safford/AZ</url>
<lat>32.8321</lat>
<lon>-109.701</lon>
<active>1</active>
</city>
<city>
<id>439727</id>
<name>Sahuarita</name>
<state>AZ</state>
<rating>7</rating>
<url>http://www.greatschools.org/city/Sahuarita/AZ</url>
<lat>31.9319</lat>
<lon>-110.965</lon>
<active>1</active>
</city>
<city>
<id>439846</id>
<name>Salome</name>
<state>AZ</state>
<rating>1</rating>
<url>http://www.greatschools.org/city/Salome/AZ</url>
<lat>33.7778</lat>
<lon>-113.606</lon>
<active>1</active>
</city>
<city>
<id>439788</id>
<name>San Carlos</name>
<state>AZ</state>
<rating/>
<url>http://www.greatschools.org/city/San_Carlos/AZ</url>
<lat>33.3496</lat>
<lon>-110.468</lon>
<active>1</active>
</city>
<city>
<id>439745</id>
<name>San Luis</name>
<state>AZ</state>
<rating>4</rating>
<url>http://www.greatschools.org/city/San_Luis/AZ</url>
<lat>32.4864</lat>
<lon>-114.724</lon>
<active>1</active>
</city>
<city>
<id>439809</id>
<name>San Manuel</name>
<state>AZ</state>
<rating>5</rating>
<url>http://www.greatschools.org/city/San_Manuel/AZ</url>
<lat>32.606</lat>
<lon>-110.647</lon>
<active>1</active>
</city>
<city>
<id>439696</id>
<name>San Simon</name>
<state>AZ</state>
<rating>7</rating>
<url>http://www.greatschools.org/city/San_Simon/AZ</url>
<lat>32.268</lat>
<lon>-109.231</lon>
<active>1</active>
</city>
<city>
<id>444223</id>
<name>San Tan Valley</name>
<state>AZ</state>
<rating>7</rating>
<url>http://www.greatschools.org/city/San_Tan_Valley/AZ</url>
<lat>33.1895</lat>
<lon>-111.547</lon>
<active>1</active>
</city>
<city>
<id>439695</id>
<name>Sanders</name>
<state>AZ</state>
<rating>2</rating>
<url>http://www.greatschools.org/city/Sanders/AZ</url>
<lat>35.2096</lat>
<lon>-109.322</lon>
<active>1</active>
</city>
<city>
<id>439816</id>
<name>Sasabe</name>
<state>AZ</state>
<rating/>
<url>http://www.greatschools.org/city/Sasabe/AZ</url>
<lat>31.6076</lat>
<lon>-111.509</lon>
<active>1</active>
</city>
<city>
<id>439747</id>
<name>Sawmill</name>
<state>AZ</state>
<rating/>
<url>http://www.greatschools.org/city/Sawmill/AZ</url>
<lat>35.8941</lat>
<lon>-109.157</lon>
<active>1</active>
</city>
<city>
<id>439682</id>
<name>Scottsdale</name>
<state>AZ</state>
<rating>8</rating>
<url>http://www.greatschools.org/city/Scottsdale/AZ</url>
<lat>33.6687</lat>
<lon>-111.824</lon>
<active>1</active>
</city>
<city>
<id>439741</id>
<name>Sedona</name>
<state>AZ</state>
<rating>6</rating>
<url>http://www.greatschools.org/city/Sedona/AZ</url>
<lat>34.8573</lat>
<lon>-111.795</lon>
<active>1</active>
</city>
<city>
<id>439795</id>
<name>Seligman</name>
<state>AZ</state>
<rating>5</rating>
<url>http://www.greatschools.org/city/Seligman/AZ</url>
<lat>35.3256</lat>
<lon>-112.857</lon>
<active>1</active>
</city>
<city>
<id>439814</id>
<name>Sells</name>
<state>AZ</state>
<rating>1</rating>
<url>http://www.greatschools.org/city/Sells/AZ</url>
<lat>31.9209</lat>
<lon>-111.871</lon>
<active>1</active>
</city>
<city>
<id>439821</id>
<name>Shonto</name>
<state>AZ</state>
<rating>3</rating>
<url>http://www.greatschools.org/city/Shonto/AZ</url>
<lat>36.5875</lat>
<lon>-110.66</lon>
<active>1</active>
</city>
<city>
<id>439694</id>
<name>Show Low</name>
<state>AZ</state>
<rating>6</rating>
<url>http://www.greatschools.org/city/Show_Low/AZ</url>
<lat>34.2368</lat>
<lon>-110.031</lon>
<active>1</active>
</city>
<city>
<id>439748</id>
<name>Sierra Vista</name>
<state>AZ</state>
<rating>6</rating>
<url>http://www.greatschools.org/city/Sierra_Vista/AZ</url>
<lat>31.5654</lat>
<lon>-110.315</lon>
<active>1</active>
</city>
<city>
<id>443694</id>
<name>Skull Valley</name>
<state>AZ</state>
<rating/>
<url>http://www.greatschools.org/city/Skull_Valley/AZ</url>
<lat>34.5759</lat>
<lon>-112.77</lon>
<active>1</active>
</city>
<city>
<id>439702</id>
<name>Snowflake</name>
<state>AZ</state>
<rating>7</rating>
<url>http://www.greatschools.org/city/Snowflake/AZ</url>
<lat>34.519</lat>
<lon>-110.09</lon>
<active>1</active>
</city>
<city>
<id>439854</id>
<name>Solomon</name>
<state>AZ</state>
<rating>7</rating>
<url>http://www.greatschools.org/city/Solomon/AZ</url>
<lat>32.8138</lat>
<lon>-109.629</lon>
<active>1</active>
</city>
<city>
<id>439729</id>
<name>Somerton</name>
<state>AZ</state>
<rating>4</rating>
<url>http://www.greatschools.org/city/Somerton/AZ</url>
<lat>32.6078</lat>
<lon>-114.702</lon>
<active>1</active>
</city>
<city>
<id>445962</id>
<name>Spring Valley</name>
<state>AZ</state>
<rating/>
<url>http://www.greatschools.org/city/Spring_Valley/AZ</url>
<lat>34.3456</lat>
<lon>-112.168</lon>
<active>1</active>
</city>
<city>
<id>439698</id>
<name>Springerville</name>
<state>AZ</state>
<rating/>
<url>http://www.greatschools.org/city/Springerville/AZ</url>
<lat>34.1542</lat>
<lon>-109.297</lon>
<active>1</active>
</city>
<city>
<id>445963</id>
<name>St David</name>
<state>AZ</state>
<rating/>
<url>http://www.greatschools.org/city/St_David/AZ</url>
<lat>31.9049</lat>
<lon>-110.224</lon>
<active>1</active>
</city>
<city>
<id>445964</id>
<name>St Johns</name>
<state>AZ</state>
<rating/>
<url>http://www.greatschools.org/city/St_Johns/AZ</url>
<lat>34.5078</lat>
<lon>-109.36</lon>
<active>1</active>
</city>
<city>
<id>439693</id>
<name>St. David</name>
<state>AZ</state>
<rating>7</rating>
<url>http://www.greatschools.org/city/St._David/AZ</url>
<lat>31.8862</lat>
<lon>-110.222</lon>
<active>1</active>
</city>
<city>
<id>439692</id>
<name>St. Johns</name>
<state>AZ</state>
<rating>7</rating>
<url>http://www.greatschools.org/city/St._Johns/AZ</url>
<lat>34.5133</lat>
<lon>-109.388</lon>
<active>1</active>
</city>
<city>
<id>439773</id>
<name>St. Michaels</name>
<state>AZ</state>
<rating/>
<url>http://www.greatschools.org/city/St._Michaels/AZ</url>
<lat>35.6606</lat>
<lon>-109.096</lon>
<active>1</active>
</city>
<city>
<id>439808</id>
<name>Stanfield</name>
<state>AZ</state>
<rating>3</rating>
<url>http://www.greatschools.org/city/Stanfield/AZ</url>
<lat>32.8794</lat>
<lon>-111.963</lon>
<active>1</active>
</city>
<city>
<id>442055</id>
<name>Star Valley</name>
<state>AZ</state>
<rating/>
<url>http://www.greatschools.org/city/Star_Valley/AZ</url>
<lat>34.2542</lat>
<lon>-111.221</lon>
<active>1</active>
</city>
<city>
<id>439768</id>
<name>Sun City</name>
<state>AZ</state>
<rating>7</rating>
<url>http://www.greatschools.org/city/Sun_City/AZ</url>
<lat>33.6155</lat>
<lon>-112.283</lon>
<active>1</active>
</city>
<city>
<id>442054</id>
<name>Sun City West</name>
<state>AZ</state>
<rating/>
<url>http://www.greatschools.org/city/Sun_City_West/AZ</url>
<lat>33.6714</lat>
<lon>-112.357</lon>
<active>1</active>
</city>
<city>
<id>439787</id>
<name>Sun Valley</name>
<state>AZ</state>
<rating/>
<url>http://www.greatschools.org/city/Sun_Valley/AZ</url>
<lat>34.9829</lat>
<lon>-110.032</lon>
<active>1</active>
</city>
<city>
<id>444719</id>
<name>Supai</name>
<state>AZ</state>
<rating/>
<url>http://www.greatschools.org/city/Supai/AZ</url>
<lat>36.2369</lat>
<lon>-112.689</lon>
<active>1</active>
</city>
<city>
<id>439807</id>
<name>Superior</name>
<state>AZ</state>
<rating>4</rating>
<url>http://www.greatschools.org/city/Superior/AZ</url>
<lat>33.2851</lat>
<lon>-111.11</lon>
<active>1</active>
</city>
<city>
<id>439677</id>
<name>Surprise</name>
<state>AZ</state>
<rating>7</rating>
<url>http://www.greatschools.org/city/Surprise/AZ</url>
<lat>33.6706</lat>
<lon>-112.453</lon>
<active>1</active>
</city>
<city>
<id>439820</id>
<name>Taylor</name>
<state>AZ</state>
<rating>6</rating>
<url>http://www.greatschools.org/city/Taylor/AZ</url>
<lat>34.4427</lat>
<lon>-110.099</lon>
<active>1</active>
</city>
<city>
<id>439700</id>
<name>Teec Nos Pos</name>
<state>AZ</state>
<rating>2</rating>
<url>http://www.greatschools.org/city/Teec_Nos_Pos/AZ</url>
<lat>36.9337</lat>
<lon>-109.064</lon>
<active>1</active>
</city>
<city>
<id>445965</id>
<name>Teec Nos Pos.</name>
<state>AZ</state>
<rating/>
<url>http://www.greatschools.org/city/Teec_Nos_Pos./AZ</url>
<lat>36.904</lat>
<lon>-109.108</lon>
<active>1</active>
</city>
<city>
<id>439728</id>
<name>Tempe</name>
<state>AZ</state>
<rating>6</rating>
<url>http://www.greatschools.org/city/Tempe/AZ</url>
<lat>33.3884</lat>
<lon>-111.932</lon>
<active>1</active>
</city>
<city>
<id>439713</id>
<name>Thatcher</name>
<state>AZ</state>
<rating>8</rating>
<url>http://www.greatschools.org/city/Thatcher/AZ</url>
<lat>32.8493</lat>
<lon>-109.743</lon>
<active>1</active>
</city>
<city>
<id>439716</id>
<name>Tolleson</name>
<state>AZ</state>
<rating>5</rating>
<url>http://www.greatschools.org/city/Tolleson/AZ</url>
<lat>33.4484</lat>
<lon>-112.256</lon>
<active>1</active>
</city>
<city>
<id>439691</id>
<name>Tombstone</name>
<state>AZ</state>
<rating>6</rating>
<url>http://www.greatschools.org/city/Tombstone/AZ</url>
<lat>31.7185</lat>
<lon>-110.062</lon>
<active>1</active>
</city>
<city>
<id>441815</id>
<name>Tonalea</name>
<state>AZ</state>
<rating/>
<url>http://www.greatschools.org/city/Tonalea/AZ</url>
<lat>36.3217</lat>
<lon>-110.967</lon>
<active>1</active>
</city>
<city>
<id>439674</id>
<name>Tonopah</name>
<state>AZ</state>
<rating/>
<url>http://www.greatschools.org/city/Tonopah/AZ</url>
<lat>33.488</lat>
<lon>-112.931</lon>
<active>1</active>
</city>
<city>
<id>439858</id>
<name>Tonto Basin</name>
<state>AZ</state>
<rating>2</rating>
<url>http://www.greatschools.org/city/Tonto_Basin/AZ</url>
<lat>33.8408</lat>
<lon>-111.3</lon>
<active>1</active>
</city>
<city>
<id>439829</id>
<name>Topock</name>
<state>AZ</state>
<rating>8</rating>
<url>http://www.greatschools.org/city/Topock/AZ</url>
<lat>34.72</lat>
<lon>-114.479</lon>
<active>1</active>
</city>
<city>
<id>439872</id>
<name>Tsaile</name>
<state>AZ</state>
<rating>2</rating>
<url>http://www.greatschools.org/city/Tsaile/AZ</url>
<lat>36.3034</lat>
<lon>-109.219</lon>
<active>1</active>
</city>
<city>
<id>439689</id>
<name>Tuba City</name>
<state>AZ</state>
<rating>3</rating>
<url>http://www.greatschools.org/city/Tuba_City/AZ</url>
<lat>36.125</lat>
<lon>-111.247</lon>
<active>1</active>
</city>
<city>
<id>439778</id>
<name>Tubac</name>
<state>AZ</state>
<rating/>
<url>http://www.greatschools.org/city/Tubac/AZ</url>
<lat>31.6107</lat>
<lon>-111.057</lon>
<active>1</active>
</city>
<city>
<id>439687</id>
<name>Tucson</name>
<state>AZ</state>
<rating>6</rating>
<url>http://www.greatschools.org/city/Tucson/AZ</url>
<lat>32.1543</lat>
<lon>-110.871</lon>
<active>1</active>
</city>
<city>
<id>439701</id>
<name>Vail</name>
<state>AZ</state>
<rating>9</rating>
<url>http://www.greatschools.org/city/Vail/AZ</url>
<lat>32.022</lat>
<lon>-110.694</lon>
<active>1</active>
</city>
<city>
<id>439871</id>
<name>Vernon</name>
<state>AZ</state>
<rating>6</rating>
<url>http://www.greatschools.org/city/Vernon/AZ</url>
<lat>34.2479</lat>
<lon>-109.69</lon>
<active>1</active>
</city>
<city>
<id>439704</id>
<name>Waddell</name>
<state>AZ</state>
<rating>7</rating>
<url>http://www.greatschools.org/city/Waddell/AZ</url>
<lat>33.5555</lat>
<lon>-112.437</lon>
<active>1</active>
</city>
<city>
<id>439789</id>
<name>Wellton</name>
<state>AZ</state>
<rating>4</rating>
<url>http://www.greatschools.org/city/Wellton/AZ</url>
<lat>32.64</lat>
<lon>-114.214</lon>
<active>1</active>
</city>
<city>
<id>443697</id>
<name>Wenden</name>
<state>AZ</state>
<rating>4</rating>
<url>http://www.greatschools.org/city/Wenden/AZ</url>
<lat>33.8324</lat>
<lon>-113.543</lon>
<active>1</active>
</city>
<city>
<id>439785</id>
<name>Whiteriver</name>
<state>AZ</state>
<rating>2</rating>
<url>http://www.greatschools.org/city/Whiteriver/AZ</url>
<lat>33.8398</lat>
<lon>-109.961</lon>
<active>1</active>
</city>
<city>
<id>439782</id>
<name>Wickenburg</name>
<state>AZ</state>
<rating>7</rating>
<url>http://www.greatschools.org/city/Wickenburg/AZ</url>
<lat>33.9704</lat>
<lon>-112.753</lon>
<active>1</active>
</city>
<city>
<id>439830</id>
<name>Wikieup</name>
<state>AZ</state>
<rating/>
<url>http://www.greatschools.org/city/Wikieup/AZ</url>
<lat>34.693</lat>
<lon>-113.6</lon>
<active>1</active>
</city>
<city>
<id>439676</id>
<name>Willcox</name>
<state>AZ</state>
<rating/>
<url>http://www.greatschools.org/city/Willcox/AZ</url>
<lat>32.2516</lat>
<lon>-109.836</lon>
<active>1</active>
</city>
<city>
<id>439708</id>
<name>Williams</name>
<state>AZ</state>
<rating>4</rating>
<url>http://www.greatschools.org/city/Williams/AZ</url>
<lat>35.2483</lat>
<lon>-112.183</lon>
<active>1</active>
</city>
<city>
<id>439772</id>
<name>Window Rock</name>
<state>AZ</state>
<rating/>
<url>http://www.greatschools.org/city/Window_Rock/AZ</url>
<lat>35.6705</lat>
<lon>-109.063</lon>
<active>1</active>
</city>
<city>
<id>439857</id>
<name>Winkelman</name>
<state>AZ</state>
<rating>2</rating>
<url>http://www.greatschools.org/city/Winkelman/AZ</url>
<lat>32.9815</lat>
<lon>-110.762</lon>
<active>1</active>
</city>
<city>
<id>439777</id>
<name>Winslow</name>
<state>AZ</state>
<rating>5</rating>
<url>http://www.greatschools.org/city/Winslow/AZ</url>
<lat>35.025</lat>
<lon>-110.709</lon>
<active>1</active>
</city>
<city>
<id>439837</id>
<name>Wittmann</name>
<state>AZ</state>
<rating>5</rating>
<url>http://www.greatschools.org/city/Wittmann/AZ</url>
<lat>33.7751</lat>
<lon>-112.525</lon>
<active>1</active>
</city>
<city>
<id>445966</id>
<name>Yavapai County</name>
<state>AZ</state>
<rating/>
<url>http://www.greatschools.org/city/Yavapai_County/AZ</url>
<lat>34.3242</lat>
<lon>-112.572</lon>
<active>1</active>
</city>
<city>
<id>439856</id>
<name>Young</name>
<state>AZ</state>
<rating/>
<url>http://www.greatschools.org/city/Young/AZ</url>
<lat>34.1244</lat>
<lon>-110.938</lon>
<active>1</active>
</city>
<city>
<id>439775</id>
<name>Youngtown</name>
<state>AZ</state>
<rating/>
<url>http://www.greatschools.org/city/Youngtown/AZ</url>
<lat>33.585</lat>
<lon>-112.305</lon>
<active>1</active>
</city>
<city>
<id>439828</id>
<name>Yucca</name>
<state>AZ</state>
<rating/>
<url>http://www.greatschools.org/city/Yucca/AZ</url>
<lat>34.863</lat>
<lon>-114.146</lon>
<active>1</active>
</city>
<city>
<id>439706</id>
<name>Yuma</name>
<state>AZ</state>
<rating>5</rating>
<url>http://www.greatschools.org/city/Yuma/AZ</url>
<lat>32.5163</lat>
<lon>-114.522</lon>
<active>1</active>
</city>
</greatschools-city-feed>
