<?xml version="1.0" encoding="utf-8"?><greatschools-city-feed xmlns:xsi="http://www.w3.org/2001/XMLSchema-instance" xsi:noNamespaceSchemaLocation="http://www.greatschools.org/feeds/greatschools-city2.xsd">
<city>
<id>430785</id>
<name>Agate</name>
<state>CO</state>
<rating/>
<url>http://www.greatschools.org/city/Agate/CO</url>
<lat>39.3982</lat>
<lon>-103.975</lon>
<active>1</active>
</city>
<city>
<id>430784</id>
<name>Aguilar</name>
<state>CO</state>
<rating/>
<url>http://www.greatschools.org/city/Aguilar/CO</url>
<lat>37.4033</lat>
<lon>-104.655</lon>
<active>1</active>
</city>
<city>
<id>444787</id>
<name>Air Force Academy</name>
<state>CO</state>
<rating/>
<url>http://www.greatschools.org/city/Air_Force_Academy/CO</url>
<lat>38.973</lat>
<lon>-104.87</lon>
<active>1</active>
</city>
<city>
<id>430783</id>
<name>Akron</name>
<state>CO</state>
<rating>5</rating>
<url>http://www.greatschools.org/city/Akron/CO</url>
<lat>40.1625</lat>
<lon>-103.212</lon>
<active>1</active>
</city>
<city>
<id>430640</id>
<name>Alamosa</name>
<state>CO</state>
<rating>5</rating>
<url>http://www.greatschools.org/city/Alamosa/CO</url>
<lat>37.4704</lat>
<lon>-105.876</lon>
<active>1</active>
</city>
<city>
<id>442136</id>
<name>Allenspark</name>
<state>CO</state>
<rating/>
<url>http://www.greatschools.org/city/Allenspark/CO</url>
<lat>40.2013</lat>
<lon>-105.517</lon>
<active>1</active>
</city>
<city>
<id>441830</id>
<name>Alma</name>
<state>CO</state>
<rating/>
<url>http://www.greatschools.org/city/Alma/CO</url>
<lat>39.284</lat>
<lon>-106.064</lon>
<active>1</active>
</city>
<city>
<id>442135</id>
<name>Almont</name>
<state>CO</state>
<rating/>
<url>http://www.greatschools.org/city/Almont/CO</url>
<lat>38.7167</lat>
<lon>-106.708</lon>
<active>1</active>
</city>
<city>
<id>430781</id>
<name>Anton</name>
<state>CO</state>
<rating/>
<url>http://www.greatschools.org/city/Anton/CO</url>
<lat>39.7223</lat>
<lon>-103.109</lon>
<active>1</active>
</city>
<city>
<id>430782</id>
<name>Antonito</name>
<state>CO</state>
<rating>4</rating>
<url>http://www.greatschools.org/city/Antonito/CO</url>
<lat>37.0786</lat>
<lon>-106.01</lon>
<active>1</active>
</city>
<city>
<id>444788</id>
<name>Appleton</name>
<state>CO</state>
<rating/>
<url>http://www.greatschools.org/city/Appleton/CO</url>
<lat>39.1208</lat>
<lon>-108.608</lon>
<active>1</active>
</city>
<city>
<id>430546</id>
<name>Arvada</name>
<state>CO</state>
<rating>6</rating>
<url>http://www.greatschools.org/city/Arvada/CO</url>
<lat>39.8221</lat>
<lon>-105.103</lon>
<active>1</active>
</city>
<city>
<id>430594</id>
<name>Aspen</name>
<state>CO</state>
<rating>8</rating>
<url>http://www.greatschools.org/city/Aspen/CO</url>
<lat>39.1926</lat>
<lon>-106.821</lon>
<active>1</active>
</city>
<city>
<id>430779</id>
<name>Ault</name>
<state>CO</state>
<rating>6</rating>
<url>http://www.greatschools.org/city/Ault/CO</url>
<lat>40.5846</lat>
<lon>-104.733</lon>
<active>1</active>
</city>
<city>
<id>430530</id>
<name>Aurora</name>
<state>CO</state>
<rating>5</rating>
<url>http://www.greatschools.org/city/Aurora/CO</url>
<lat>39.6933</lat>
<lon>-104.819</lon>
<active>1</active>
</city>
<city>
<id>430543</id>
<name>Avon</name>
<state>CO</state>
<rating>4</rating>
<url>http://www.greatschools.org/city/Avon/CO</url>
<lat>39.6392</lat>
<lon>-106.532</lon>
<active>1</active>
</city>
<city>
<id>430683</id>
<name>Avondale</name>
<state>CO</state>
<rating>3</rating>
<url>http://www.greatschools.org/city/Avondale/CO</url>
<lat>38.2371</lat>
<lon>-104.352</lon>
<active>1</active>
</city>
<city>
<id>430778</id>
<name>Bailey</name>
<state>CO</state>
<rating>8</rating>
<url>http://www.greatschools.org/city/Bailey/CO</url>
<lat>39.4519</lat>
<lon>-105.473</lon>
<active>1</active>
</city>
<city>
<id>430641</id>
<name>Basalt</name>
<state>CO</state>
<rating>6</rating>
<url>http://www.greatschools.org/city/Basalt/CO</url>
<lat>39.3618</lat>
<lon>-107.029</lon>
<active>1</active>
</city>
<city>
<id>430777</id>
<name>Bayfield</name>
<state>CO</state>
<rating>5</rating>
<url>http://www.greatschools.org/city/Bayfield/CO</url>
<lat>37.2346</lat>
<lon>-107.596</lon>
<active>1</active>
</city>
<city>
<id>430740</id>
<name>Bellvue</name>
<state>CO</state>
<rating/>
<url>http://www.greatschools.org/city/Bellvue/CO</url>
<lat>40.6368</lat>
<lon>-105.269</lon>
<active>1</active>
</city>
<city>
<id>430568</id>
<name>Bennett</name>
<state>CO</state>
<rating>4</rating>
<url>http://www.greatschools.org/city/Bennett/CO</url>
<lat>39.7559</lat>
<lon>-104.433</lon>
<active>1</active>
</city>
<city>
<id>430605</id>
<name>Berthoud</name>
<state>CO</state>
<rating>8</rating>
<url>http://www.greatschools.org/city/Berthoud/CO</url>
<lat>40.304</lat>
<lon>-105.081</lon>
<active>1</active>
</city>
<city>
<id>430776</id>
<name>Bethune</name>
<state>CO</state>
<rating/>
<url>http://www.greatschools.org/city/Bethune/CO</url>
<lat>39.3045</lat>
<lon>-102.423</lon>
<active>1</active>
</city>
<city>
<id>430682</id>
<name>Beulah</name>
<state>CO</state>
<rating>4</rating>
<url>http://www.greatschools.org/city/Beulah/CO</url>
<lat>38.0813</lat>
<lon>-104.971</lon>
<active>1</active>
</city>
<city>
<id>430733</id>
<name>Black Hawk</name>
<state>CO</state>
<rating>4</rating>
<url>http://www.greatschools.org/city/Black_Hawk/CO</url>
<lat>39.8036</lat>
<lon>-105.496</lon>
<active>1</active>
</city>
<city>
<id>430612</id>
<name>Blanca</name>
<state>CO</state>
<rating>3</rating>
<url>http://www.greatschools.org/city/Blanca/CO</url>
<lat>37.4397</lat>
<lon>-105.515</lon>
<active>1</active>
</city>
<city>
<id>430539</id>
<name>Boulder</name>
<state>CO</state>
<rating>8</rating>
<url>http://www.greatschools.org/city/Boulder/CO</url>
<lat>40.0137</lat>
<lon>-105.26</lon>
<active>1</active>
</city>
<city>
<id>430517</id>
<name>Branson</name>
<state>CO</state>
<rating>4</rating>
<url>http://www.greatschools.org/city/Branson/CO</url>
<lat>37.0172</lat>
<lon>-103.884</lon>
<active>1</active>
</city>
<city>
<id>430661</id>
<name>Breckenridge</name>
<state>CO</state>
<rating>6</rating>
<url>http://www.greatschools.org/city/Breckenridge/CO</url>
<lat>39.4844</lat>
<lon>-106.046</lon>
<active>1</active>
</city>
<city>
<id>430773</id>
<name>Briggsdale</name>
<state>CO</state>
<rating/>
<url>http://www.greatschools.org/city/Briggsdale/CO</url>
<lat>40.5984</lat>
<lon>-104.274</lon>
<active>1</active>
</city>
<city>
<id>430537</id>
<name>Brighton</name>
<state>CO</state>
<rating>5</rating>
<url>http://www.greatschools.org/city/Brighton/CO</url>
<lat>39.9822</lat>
<lon>-104.807</lon>
<active>1</active>
</city>
<city>
<id>430573</id>
<name>Broomfield</name>
<state>CO</state>
<rating>7</rating>
<url>http://www.greatschools.org/city/Broomfield/CO</url>
<lat>39.9294</lat>
<lon>-105.058</lon>
<active>1</active>
</city>
<city>
<id>430648</id>
<name>Brush</name>
<state>CO</state>
<rating>4</rating>
<url>http://www.greatschools.org/city/Brush/CO</url>
<lat>40.2576</lat>
<lon>-103.634</lon>
<active>1</active>
</city>
<city>
<id>430630</id>
<name>Buena Vista</name>
<state>CO</state>
<rating>5</rating>
<url>http://www.greatschools.org/city/Buena_Vista/CO</url>
<lat>38.8382</lat>
<lon>-106.134</lon>
<active>1</active>
</city>
<city>
<id>430772</id>
<name>Burlington</name>
<state>CO</state>
<rating>4</rating>
<url>http://www.greatschools.org/city/Burlington/CO</url>
<lat>39.3042</lat>
<lon>-102.266</lon>
<active>1</active>
</city>
<city>
<id>430771</id>
<name>Byers</name>
<state>CO</state>
<rating>5</rating>
<url>http://www.greatschools.org/city/Byers/CO</url>
<lat>39.7086</lat>
<lon>-104.221</lon>
<active>1</active>
</city>
<city>
<id>430619</id>
<name>Calhan</name>
<state>CO</state>
<rating>5</rating>
<url>http://www.greatschools.org/city/Calhan/CO</url>
<lat>39.0341</lat>
<lon>-104.301</lon>
<active>1</active>
</city>
<city>
<id>430770</id>
<name>Campo</name>
<state>CO</state>
<rating/>
<url>http://www.greatschools.org/city/Campo/CO</url>
<lat>37.1052</lat>
<lon>-102.579</lon>
<active>1</active>
</city>
<city>
<id>430647</id>
<name>Canon City</name>
<state>CO</state>
<rating>4</rating>
<url>http://www.greatschools.org/city/Canon_City/CO</url>
<lat>38.4492</lat>
<lon>-105.232</lon>
<active>1</active>
</city>
<city>
<id>430559</id>
<name>Carbondale</name>
<state>CO</state>
<rating>5</rating>
<url>http://www.greatschools.org/city/Carbondale/CO</url>
<lat>39.3995</lat>
<lon>-107.215</lon>
<active>1</active>
</city>
<city>
<id>442134</id>
<name>Cascade</name>
<state>CO</state>
<rating/>
<url>http://www.greatschools.org/city/Cascade/CO</url>
<lat>38.9201</lat>
<lon>-104.993</lon>
<active>1</active>
</city>
<city>
<id>445986</id>
<name>Castle Pines</name>
<state>CO</state>
<rating/>
<url>http://www.greatschools.org/city/Castle_Pines/CO</url>
<lat>39.4636</lat>
<lon>-104.887</lon>
<active>1</active>
</city>
<city>
<id>430538</id>
<name>Castle Rock</name>
<state>CO</state>
<rating>7</rating>
<url>http://www.greatschools.org/city/Castle_Rock/CO</url>
<lat>39.381</lat>
<lon>-104.852</lon>
<active>1</active>
</city>
<city>
<id>430549</id>
<name>Cedaredge</name>
<state>CO</state>
<rating>6</rating>
<url>http://www.greatschools.org/city/Cedaredge/CO</url>
<lat>38.8994</lat>
<lon>-107.928</lon>
<active>1</active>
</city>
<city>
<id>430540</id>
<name>Centennial</name>
<state>CO</state>
<rating>8</rating>
<url>http://www.greatschools.org/city/Centennial/CO</url>
<lat>39.5836</lat>
<lon>-104.857</lon>
<active>1</active>
</city>
<city>
<id>430635</id>
<name>Center</name>
<state>CO</state>
<rating>5</rating>
<url>http://www.greatschools.org/city/Center/CO</url>
<lat>37.7523</lat>
<lon>-106.112</lon>
<active>1</active>
</city>
<city>
<id>430769</id>
<name>Cheraw</name>
<state>CO</state>
<rating>5</rating>
<url>http://www.greatschools.org/city/Cheraw/CO</url>
<lat>38.1083</lat>
<lon>-103.511</lon>
<active>1</active>
</city>
<city>
<id>430768</id>
<name>Cherry Hills Village</name>
<state>CO</state>
<rating>10</rating>
<url>http://www.greatschools.org/city/Cherry_Hills_Village/CO</url>
<lat>39.6367</lat>
<lon>-104.946</lon>
<active>1</active>
</city>
<city>
<id>430787</id>
<name>Cheyenne Wells</name>
<state>CO</state>
<rating>4</rating>
<url>http://www.greatschools.org/city/Cheyenne_Wells/CO</url>
<lat>38.8209</lat>
<lon>-102.353</lon>
<active>1</active>
</city>
<city>
<id>430703</id>
<name>Chipita Park</name>
<state>CO</state>
<rating>6</rating>
<url>http://www.greatschools.org/city/Chipita_Park/CO</url>
<lat>38.9211</lat>
<lon>-104.993</lon>
<active>1</active>
</city>
<city>
<id>430617</id>
<name>Clark</name>
<state>CO</state>
<rating/>
<url>http://www.greatschools.org/city/Clark/CO</url>
<lat>40.7478</lat>
<lon>-106.917</lon>
<active>1</active>
</city>
<city>
<id>430639</id>
<name>Clifton</name>
<state>CO</state>
<rating>3</rating>
<url>http://www.greatschools.org/city/Clifton/CO</url>
<lat>39.0756</lat>
<lon>-108.463</lon>
<active>1</active>
</city>
<city>
<id>444820</id>
<name>Coburg</name>
<state>CO</state>
<rating/>
<url>http://www.greatschools.org/city/Coburg/CO</url>
<lat>50.2612</lat>
<lon>10.9627</lon>
<active>1</active>
</city>
<city>
<id>430766</id>
<name>Collbran</name>
<state>CO</state>
<rating>5</rating>
<url>http://www.greatschools.org/city/Collbran/CO</url>
<lat>39.2393</lat>
<lon>-107.961</lon>
<active>1</active>
</city>
<city>
<id>430681</id>
<name>Colorado City</name>
<state>CO</state>
<rating>3</rating>
<url>http://www.greatschools.org/city/Colorado_City/CO</url>
<lat>37.948</lat>
<lon>-104.841</lon>
<active>1</active>
</city>
<city>
<id>430513</id>
<name>Colorado Springs</name>
<state>CO</state>
<rating>6</rating>
<url>http://www.greatschools.org/city/Colorado_Springs/CO</url>
<lat>38.8882</lat>
<lon>-104.714</lon>
<active>1</active>
</city>
<city>
<id>430533</id>
<name>Commerce City</name>
<state>CO</state>
<rating>3</rating>
<url>http://www.greatschools.org/city/Commerce_City/CO</url>
<lat>39.8204</lat>
<lon>-104.914</lon>
<active>1</active>
</city>
<city>
<id>442132</id>
<name>Como</name>
<state>CO</state>
<rating/>
<url>http://www.greatschools.org/city/Como/CO</url>
<lat>39.2853</lat>
<lon>-105.767</lon>
<active>1</active>
</city>
<city>
<id>442131</id>
<name>Conejos</name>
<state>CO</state>
<rating/>
<url>http://www.greatschools.org/city/Conejos/CO</url>
<lat>37.2071</lat>
<lon>-105.795</lon>
<active>1</active>
</city>
<city>
<id>430601</id>
<name>Conifer</name>
<state>CO</state>
<rating>9</rating>
<url>http://www.greatschools.org/city/Conifer/CO</url>
<lat>39.5092</lat>
<lon>-105.312</lon>
<active>1</active>
</city>
<city>
<id>430596</id>
<name>Cortez</name>
<state>CO</state>
<rating>3</rating>
<url>http://www.greatschools.org/city/Cortez/CO</url>
<lat>37.3499</lat>
<lon>-108.579</lon>
<active>1</active>
</city>
<city>
<id>430593</id>
<name>Cotopaxi</name>
<state>CO</state>
<rating>6</rating>
<url>http://www.greatschools.org/city/Cotopaxi/CO</url>
<lat>38.3552</lat>
<lon>-105.526</lon>
<active>1</active>
</city>
<city>
<id>430695</id>
<name>Craig</name>
<state>CO</state>
<rating>4</rating>
<url>http://www.greatschools.org/city/Craig/CO</url>
<lat>40.5182</lat>
<lon>-107.553</lon>
<active>1</active>
</city>
<city>
<id>430758</id>
<name>Crawford</name>
<state>CO</state>
<rating/>
<url>http://www.greatschools.org/city/Crawford/CO</url>
<lat>38.7051</lat>
<lon>-107.611</lon>
<active>1</active>
</city>
<city>
<id>430764</id>
<name>Creede</name>
<state>CO</state>
<rating/>
<url>http://www.greatschools.org/city/Creede/CO</url>
<lat>37.8498</lat>
<lon>-106.927</lon>
<active>1</active>
</city>
<city>
<id>430637</id>
<name>Crested Butte</name>
<state>CO</state>
<rating>9</rating>
<url>http://www.greatschools.org/city/Crested_Butte/CO</url>
<lat>38.8698</lat>
<lon>-106.983</lon>
<active>1</active>
</city>
<city>
<id>430697</id>
<name>Crestone</name>
<state>CO</state>
<rating/>
<url>http://www.greatschools.org/city/Crestone/CO</url>
<lat>37.9953</lat>
<lon>-105.698</lon>
<active>1</active>
</city>
<city>
<id>430763</id>
<name>Cripple Creek</name>
<state>CO</state>
<rating>5</rating>
<url>http://www.greatschools.org/city/Cripple_Creek/CO</url>
<lat>38.7476</lat>
<lon>-105.179</lon>
<active>1</active>
</city>
<city>
<id>444791</id>
<name>Davis</name>
<state>CO</state>
<rating/>
<url>http://www.greatschools.org/city/Davis/CO</url>
<lat>38.5582</lat>
<lon>-121.716</lon>
<active>1</active>
</city>
<city>
<id>430761</id>
<name>De Beque</name>
<state>CO</state>
<rating>2</rating>
<url>http://www.greatschools.org/city/De_Beque/CO</url>
<lat>39.3347</lat>
<lon>-108.215</lon>
<active>1</active>
</city>
<city>
<id>430760</id>
<name>Deer Trail</name>
<state>CO</state>
<rating>3</rating>
<url>http://www.greatschools.org/city/Deer_Trail/CO</url>
<lat>39.614</lat>
<lon>-104.043</lon>
<active>1</active>
</city>
<city>
<id>430759</id>
<name>Del Norte</name>
<state>CO</state>
<rating>5</rating>
<url>http://www.greatschools.org/city/Del_Norte/CO</url>
<lat>37.6781</lat>
<lon>-106.352</lon>
<active>1</active>
</city>
<city>
<id>444792</id>
<name>DeLand</name>
<state>CO</state>
<rating/>
<url>http://www.greatschools.org/city/DeLand/CO</url>
<lat>29.008</lat>
<lon>-81.3204</lon>
<active>1</active>
</city>
<city>
<id>430552</id>
<name>Delta</name>
<state>CO</state>
<rating>5</rating>
<url>http://www.greatschools.org/city/Delta/CO</url>
<lat>38.7392</lat>
<lon>-108.061</lon>
<active>1</active>
</city>
<city>
<id>430529</id>
<name>Denver</name>
<state>CO</state>
<rating>5</rating>
<url>http://www.greatschools.org/city/Denver/CO</url>
<lat>39.719</lat>
<lon>-104.965</lon>
<active>1</active>
</city>
<city>
<id>430662</id>
<name>Dillon</name>
<state>CO</state>
<rating>7</rating>
<url>http://www.greatschools.org/city/Dillon/CO</url>
<lat>39.6249</lat>
<lon>-106.04</lon>
<active>1</active>
</city>
<city>
<id>430638</id>
<name>Divide</name>
<state>CO</state>
<rating>6</rating>
<url>http://www.greatschools.org/city/Divide/CO</url>
<lat>38.9585</lat>
<lon>-105.195</lon>
<active>1</active>
</city>
<city>
<id>430757</id>
<name>Dolores</name>
<state>CO</state>
<rating>5</rating>
<url>http://www.greatschools.org/city/Dolores/CO</url>
<lat>37.4753</lat>
<lon>-108.495</lon>
<active>1</active>
</city>
<city>
<id>444818</id>
<name>Donegal</name>
<state>CO</state>
<rating/>
<url>http://www.greatschools.org/city/Donegal/CO</url>
<lat>54.4764</lat>
<lon>-8.29242</lon>
<active>1</active>
</city>
<city>
<id>430756</id>
<name>Dove Creek</name>
<state>CO</state>
<rating>3</rating>
<url>http://www.greatschools.org/city/Dove_Creek/CO</url>
<lat>37.7666</lat>
<lon>-108.906</lon>
<active>1</active>
</city>
<city>
<id>442130</id>
<name>Dumont</name>
<state>CO</state>
<rating/>
<url>http://www.greatschools.org/city/Dumont/CO</url>
<lat>39.7409</lat>
<lon>-105.602</lon>
<active>1</active>
</city>
<city>
<id>430577</id>
<name>Durango</name>
<state>CO</state>
<rating>5</rating>
<url>http://www.greatschools.org/city/Durango/CO</url>
<lat>37.2863</lat>
<lon>-107.872</lon>
<active>1</active>
</city>
<city>
<id>430752</id>
<name>Eads</name>
<state>CO</state>
<rating>4</rating>
<url>http://www.greatschools.org/city/Eads/CO</url>
<lat>38.4814</lat>
<lon>-102.78</lon>
<active>1</active>
</city>
<city>
<id>430620</id>
<name>Eagle</name>
<state>CO</state>
<rating>6</rating>
<url>http://www.greatschools.org/city/Eagle/CO</url>
<lat>39.6514</lat>
<lon>-106.826</lon>
<active>1</active>
</city>
<city>
<id>430591</id>
<name>Eaton</name>
<state>CO</state>
<rating>6</rating>
<url>http://www.greatschools.org/city/Eaton/CO</url>
<lat>40.5299</lat>
<lon>-104.719</lon>
<active>1</active>
</city>
<city>
<id>430642</id>
<name>Eckert</name>
<state>CO</state>
<rating/>
<url>http://www.greatschools.org/city/Eckert/CO</url>
<lat>38.8458</lat>
<lon>-107.961</lon>
<active>1</active>
</city>
<city>
<id>430720</id>
<name>Edgewater</name>
<state>CO</state>
<rating>3</rating>
<url>http://www.greatschools.org/city/Edgewater/CO</url>
<lat>39.7522</lat>
<lon>-105.063</lon>
<active>1</active>
</city>
<city>
<id>430548</id>
<name>Edwards</name>
<state>CO</state>
<rating>6</rating>
<url>http://www.greatschools.org/city/Edwards/CO</url>
<lat>39.6391</lat>
<lon>-106.599</lon>
<active>1</active>
</city>
<city>
<id>430749</id>
<name>Elbert</name>
<state>CO</state>
<rating>5</rating>
<url>http://www.greatschools.org/city/Elbert/CO</url>
<lat>39.1103</lat>
<lon>-104.564</lon>
<active>1</active>
</city>
<city>
<id>444793</id>
<name>Eldorado Sprg</name>
<state>CO</state>
<rating/>
<url>http://www.greatschools.org/city/Eldorado_Sprg/CO</url>
<lat>39.932</lat>
<lon>-105.278</lon>
<active>1</active>
</city>
<city>
<id>443703</id>
<name>Eldorado Springs</name>
<state>CO</state>
<rating/>
<url>http://www.greatschools.org/city/Eldorado_Springs/CO</url>
<lat>39.9375</lat>
<lon>-105.261</lon>
<active>1</active>
</city>
<city>
<id>430628</id>
<name>Elizabeth</name>
<state>CO</state>
<rating>5</rating>
<url>http://www.greatschools.org/city/Elizabeth/CO</url>
<lat>39.3605</lat>
<lon>-104.601</lon>
<active>1</active>
</city>
<city>
<id>430748</id>
<name>Ellicott</name>
<state>CO</state>
<rating>3</rating>
<url>http://www.greatschools.org/city/Ellicott/CO</url>
<lat>38.8268</lat>
<lon>-104.386</lon>
<active>1</active>
</city>
<city>
<id>442128</id>
<name>Empire</name>
<state>CO</state>
<rating/>
<url>http://www.greatschools.org/city/Empire/CO</url>
<lat>39.7604</lat>
<lon>-105.682</lon>
<active>1</active>
</city>
<city>
<id>430531</id>
<name>Englewood</name>
<state>CO</state>
<rating>4</rating>
<url>http://www.greatschools.org/city/Englewood/CO</url>
<lat>39.6466</lat>
<lon>-104.988</lon>
<active>1</active>
</city>
<city>
<id>430566</id>
<name>Erie</name>
<state>CO</state>
<rating>8</rating>
<url>http://www.greatschools.org/city/Erie/CO</url>
<lat>40.0382</lat>
<lon>-105.068</lon>
<active>1</active>
</city>
<city>
<id>430600</id>
<name>Estes Park</name>
<state>CO</state>
<rating>4</rating>
<url>http://www.greatschools.org/city/Estes_Park/CO</url>
<lat>40.3698</lat>
<lon>-105.514</lon>
<active>1</active>
</city>
<city>
<id>430589</id>
<name>Evans</name>
<state>CO</state>
<rating>3</rating>
<url>http://www.greatschools.org/city/Evans/CO</url>
<lat>40.38</lat>
<lon>-104.7</lon>
<active>1</active>
</city>
<city>
<id>430618</id>
<name>Evergreen</name>
<state>CO</state>
<rating>9</rating>
<url>http://www.greatschools.org/city/Evergreen/CO</url>
<lat>39.6414</lat>
<lon>-105.337</lon>
<active>1</active>
</city>
<city>
<id>430746</id>
<name>Fairplay</name>
<state>CO</state>
<rating>6</rating>
<url>http://www.greatschools.org/city/Fairplay/CO</url>
<lat>39.2261</lat>
<lon>-105.999</lon>
<active>1</active>
</city>
<city>
<id>430563</id>
<name>Falcon</name>
<state>CO</state>
<rating>6</rating>
<url>http://www.greatschools.org/city/Falcon/CO</url>
<lat>38.9337</lat>
<lon>-104.606</lon>
<active>1</active>
</city>
<city>
<id>444794</id>
<name>Falcon Estate</name>
<state>CO</state>
<rating/>
<url>http://www.greatschools.org/city/Falcon_Estate/CO</url>
<lat>39.0272</lat>
<lon>-104.682</lon>
<active>1</active>
</city>
<city>
<id>430542</id>
<name>Federal Heights</name>
<state>CO</state>
<rating>4</rating>
<url>http://www.greatschools.org/city/Federal_Heights/CO</url>
<lat>39.8659</lat>
<lon>-105.016</lon>
<active>1</active>
</city>
<city>
<id>430626</id>
<name>Firestone</name>
<state>CO</state>
<rating>5</rating>
<url>http://www.greatschools.org/city/Firestone/CO</url>
<lat>40.1192</lat>
<lon>-104.935</lon>
<active>1</active>
</city>
<city>
<id>430595</id>
<name>Flagler</name>
<state>CO</state>
<rating>6</rating>
<url>http://www.greatschools.org/city/Flagler/CO</url>
<lat>39.2945</lat>
<lon>-103.066</lon>
<active>1</active>
</city>
<city>
<id>430745</id>
<name>Fleming</name>
<state>CO</state>
<rating>6</rating>
<url>http://www.greatschools.org/city/Fleming/CO</url>
<lat>40.6819</lat>
<lon>-102.839</lon>
<active>1</active>
</city>
<city>
<id>430646</id>
<name>Florence</name>
<state>CO</state>
<rating>4</rating>
<url>http://www.greatschools.org/city/Florence/CO</url>
<lat>38.39</lat>
<lon>-105.115</lon>
<active>1</active>
</city>
<city>
<id>442127</id>
<name>Florissant</name>
<state>CO</state>
<rating/>
<url>http://www.greatschools.org/city/Florissant/CO</url>
<lat>38.8595</lat>
<lon>-105.259</lon>
<active>1</active>
</city>
<city>
<id>430737</id>
<name>Fort Carson</name>
<state>CO</state>
<rating>5</rating>
<url>http://www.greatschools.org/city/Fort_Carson/CO</url>
<lat>38.7419</lat>
<lon>-104.793</lon>
<active>1</active>
</city>
<city>
<id>430519</id>
<name>Fort Collins</name>
<state>CO</state>
<rating>7</rating>
<url>http://www.greatschools.org/city/Fort_Collins/CO</url>
<lat>40.5551</lat>
<lon>-105.082</lon>
<active>1</active>
</city>
<city>
<id>430738</id>
<name>Fort Lupton</name>
<state>CO</state>
<rating>3</rating>
<url>http://www.greatschools.org/city/Fort_Lupton/CO</url>
<lat>40.0843</lat>
<lon>-104.808</lon>
<active>1</active>
</city>
<city>
<id>430645</id>
<name>Fort Morgan</name>
<state>CO</state>
<rating>4</rating>
<url>http://www.greatschools.org/city/Fort_Morgan/CO</url>
<lat>40.2506</lat>
<lon>-103.798</lon>
<active>1</active>
</city>
<city>
<id>430523</id>
<name>Fountain</name>
<state>CO</state>
<rating>6</rating>
<url>http://www.greatschools.org/city/Fountain/CO</url>
<lat>38.6965</lat>
<lon>-104.698</lon>
<active>1</active>
</city>
<city>
<id>430590</id>
<name>Fowler</name>
<state>CO</state>
<rating>6</rating>
<url>http://www.greatschools.org/city/Fowler/CO</url>
<lat>38.1281</lat>
<lon>-104.024</lon>
<active>1</active>
</city>
<city>
<id>444627</id>
<name>Foxfield</name>
<state>CO</state>
<rating/>
<url>http://www.greatschools.org/city/Foxfield/CO</url>
<lat>39.5884</lat>
<lon>-104.786</lon>
<active>1</active>
</city>
<city>
<id>430555</id>
<name>Franktown</name>
<state>CO</state>
<rating>7</rating>
<url>http://www.greatschools.org/city/Franktown/CO</url>
<lat>39.3896</lat>
<lon>-104.748</lon>
<active>1</active>
</city>
<city>
<id>430731</id>
<name>Fraser</name>
<state>CO</state>
<rating>10</rating>
<url>http://www.greatschools.org/city/Fraser/CO</url>
<lat>39.9475</lat>
<lon>-105.814</lon>
<active>1</active>
</city>
<city>
<id>430570</id>
<name>Frederick</name>
<state>CO</state>
<rating>5</rating>
<url>http://www.greatschools.org/city/Frederick/CO</url>
<lat>40.1066</lat>
<lon>-104.943</lon>
<active>1</active>
</city>
<city>
<id>430643</id>
<name>Frisco</name>
<state>CO</state>
<rating>8</rating>
<url>http://www.greatschools.org/city/Frisco/CO</url>
<lat>39.5783</lat>
<lon>-106.097</lon>
<active>1</active>
</city>
<city>
<id>430544</id>
<name>Fruita</name>
<state>CO</state>
<rating>6</rating>
<url>http://www.greatschools.org/city/Fruita/CO</url>
<lat>39.1594</lat>
<lon>-108.728</lon>
<active>1</active>
</city>
<city>
<id>442126</id>
<name>Fruitvale</name>
<state>CO</state>
<rating/>
<url>http://www.greatschools.org/city/Fruitvale/CO</url>
<lat>39.0913</lat>
<lon>-108.481</lon>
<active>1</active>
</city>
<city>
<id>430750</id>
<name>Galeton</name>
<state>CO</state>
<rating>3</rating>
<url>http://www.greatschools.org/city/Galeton/CO</url>
<lat>40.5291</lat>
<lon>-104.702</lon>
<active>1</active>
</city>
<city>
<id>430657</id>
<name>Gardner</name>
<state>CO</state>
<rating/>
<url>http://www.greatschools.org/city/Gardner/CO</url>
<lat>37.7961</lat>
<lon>-105.243</lon>
<active>1</active>
</city>
<city>
<id>430729</id>
<name>Gateway</name>
<state>CO</state>
<rating/>
<url>http://www.greatschools.org/city/Gateway/CO</url>
<lat>38.8924</lat>
<lon>-108.766</lon>
<active>1</active>
</city>
<city>
<id>430553</id>
<name>Georgetown</name>
<state>CO</state>
<rating>5</rating>
<url>http://www.greatschools.org/city/Georgetown/CO</url>
<lat>39.7142</lat>
<lon>-105.695</lon>
<active>1</active>
</city>
<city>
<id>430734</id>
<name>Gilcrest</name>
<state>CO</state>
<rating>3</rating>
<url>http://www.greatschools.org/city/Gilcrest/CO</url>
<lat>40.2854</lat>
<lon>-104.777</lon>
<active>1</active>
</city>
<city>
<id>444324</id>
<name>Glade Park</name>
<state>CO</state>
<rating/>
<url>http://www.greatschools.org/city/Glade_Park/CO</url>
<lat>39.1122</lat>
<lon>-108.596</lon>
<active>1</active>
</city>
<city>
<id>444819</id>
<name>Glenwood</name>
<state>CO</state>
<rating/>
<url>http://www.greatschools.org/city/Glenwood/CO</url>
<lat>41.0469</lat>
<lon>-95.7425</lon>
<active>1</active>
</city>
<city>
<id>430510</id>
<name>Glenwood Springs</name>
<state>CO</state>
<rating>5</rating>
<url>http://www.greatschools.org/city/Glenwood_Springs/CO</url>
<lat>39.5412</lat>
<lon>-107.33</lon>
<active>1</active>
</city>
<city>
<id>430775</id>
<name>Gold Hill</name>
<state>CO</state>
<rating/>
<url>http://www.greatschools.org/city/Gold_Hill/CO</url>
<lat>40.0581</lat>
<lon>-105.415</lon>
<active>1</active>
</city>
<city>
<id>430521</id>
<name>Golden</name>
<state>CO</state>
<rating>7</rating>
<url>http://www.greatschools.org/city/Golden/CO</url>
<lat>39.7451</lat>
<lon>-105.215</lon>
<active>1</active>
</city>
<city>
<id>430732</id>
<name>Granada</name>
<state>CO</state>
<rating>4</rating>
<url>http://www.greatschools.org/city/Granada/CO</url>
<lat>38.0627</lat>
<lon>-102.31</lon>
<active>1</active>
</city>
<city>
<id>430627</id>
<name>Granby</name>
<state>CO</state>
<rating>6</rating>
<url>http://www.greatschools.org/city/Granby/CO</url>
<lat>40.0885</lat>
<lon>-105.937</lon>
<active>1</active>
</city>
<city>
<id>430514</id>
<name>Grand Junction</name>
<state>CO</state>
<rating>6</rating>
<url>http://www.greatschools.org/city/Grand_Junction/CO</url>
<lat>39.082</lat>
<lon>-108.558</lon>
<active>1</active>
</city>
<city>
<id>430730</id>
<name>Grand Lake</name>
<state>CO</state>
<rating/>
<url>http://www.greatschools.org/city/Grand_Lake/CO</url>
<lat>40.2511</lat>
<lon>-105.826</lon>
<active>1</active>
</city>
<city>
<id>444796</id>
<name>Grant</name>
<state>CO</state>
<rating/>
<url>http://www.greatschools.org/city/Grant/CO</url>
<lat>39.449</lat>
<lon>-105.633</lon>
<active>1</active>
</city>
<city>
<id>444797</id>
<name>Grayslake</name>
<state>CO</state>
<rating/>
<url>http://www.greatschools.org/city/Grayslake/CO</url>
<lat>42.3581</lat>
<lon>-87.9913</lon>
<active>1</active>
</city>
<city>
<id>430588</id>
<name>Greeley</name>
<state>CO</state>
<rating>3</rating>
<url>http://www.greatschools.org/city/Greeley/CO</url>
<lat>40.4139</lat>
<lon>-104.721</lon>
<active>1</active>
</city>
<city>
<id>430604</id>
<name>Green Mountain Falls</name>
<state>CO</state>
<rating/>
<url>http://www.greatschools.org/city/Green_Mountain_Falls/CO</url>
<lat>38.934</lat>
<lon>-105.018</lon>
<active>1</active>
</city>
<city>
<id>430597</id>
<name>Greenwood Village</name>
<state>CO</state>
<rating>9</rating>
<url>http://www.greatschools.org/city/Greenwood_Village/CO</url>
<lat>39.6164</lat>
<lon>-104.908</lon>
<active>1</active>
</city>
<city>
<id>430727</id>
<name>Grover</name>
<state>CO</state>
<rating/>
<url>http://www.greatschools.org/city/Grover/CO</url>
<lat>40.8683</lat>
<lon>-104.227</lon>
<active>1</active>
</city>
<city>
<id>430634</id>
<name>Guffey</name>
<state>CO</state>
<rating/>
<url>http://www.greatschools.org/city/Guffey/CO</url>
<lat>38.8027</lat>
<lon>-105.544</lon>
<active>1</active>
</city>
<city>
<id>430536</id>
<name>Gunnison</name>
<state>CO</state>
<rating>6</rating>
<url>http://www.greatschools.org/city/Gunnison/CO</url>
<lat>38.5475</lat>
<lon>-106.931</lon>
<active>1</active>
</city>
<city>
<id>430524</id>
<name>Gypsum</name>
<state>CO</state>
<rating>6</rating>
<url>http://www.greatschools.org/city/Gypsum/CO</url>
<lat>39.6444</lat>
<lon>-106.95</lon>
<active>1</active>
</city>
<city>
<id>430725</id>
<name>Haxtun</name>
<state>CO</state>
<rating>7</rating>
<url>http://www.greatschools.org/city/Haxtun/CO</url>
<lat>40.6423</lat>
<lon>-102.629</lon>
<active>1</active>
</city>
<city>
<id>430724</id>
<name>Hayden</name>
<state>CO</state>
<rating>6</rating>
<url>http://www.greatschools.org/city/Hayden/CO</url>
<lat>40.4867</lat>
<lon>-107.26</lon>
<active>1</active>
</city>
<city>
<id>430554</id>
<name>Henderson</name>
<state>CO</state>
<rating>4</rating>
<url>http://www.greatschools.org/city/Henderson/CO</url>
<lat>39.886</lat>
<lon>-104.885</lon>
<active>1</active>
</city>
<city>
<id>430753</id>
<name>Hesperus</name>
<state>CO</state>
<rating>7</rating>
<url>http://www.greatschools.org/city/Hesperus/CO</url>
<lat>37.1692</lat>
<lon>-108.115</lon>
<active>1</active>
</city>
<city>
<id>430525</id>
<name>Highlands Ranch</name>
<state>CO</state>
<rating>8</rating>
<url>http://www.greatschools.org/city/Highlands_Ranch/CO</url>
<lat>39.543</lat>
<lon>-104.965</lon>
<active>1</active>
</city>
<city>
<id>442125</id>
<name>Hillside</name>
<state>CO</state>
<rating/>
<url>http://www.greatschools.org/city/Hillside/CO</url>
<lat>38.3552</lat>
<lon>-105.526</lon>
<active>1</active>
</city>
<city>
<id>430722</id>
<name>Holly</name>
<state>CO</state>
<rating>4</rating>
<url>http://www.greatschools.org/city/Holly/CO</url>
<lat>38.0544</lat>
<lon>-102.126</lon>
<active>1</active>
</city>
<city>
<id>430721</id>
<name>Holyoke</name>
<state>CO</state>
<rating>6</rating>
<url>http://www.greatschools.org/city/Holyoke/CO</url>
<lat>40.5817</lat>
<lon>-102.301</lon>
<active>1</active>
</city>
<city>
<id>430672</id>
<name>Hooper</name>
<state>CO</state>
<rating>7</rating>
<url>http://www.greatschools.org/city/Hooper/CO</url>
<lat>37.7458</lat>
<lon>-105.878</lon>
<active>1</active>
</city>
<city>
<id>430550</id>
<name>Hotchkiss</name>
<state>CO</state>
<rating>6</rating>
<url>http://www.greatschools.org/city/Hotchkiss/CO</url>
<lat>38.8017</lat>
<lon>-107.72</lon>
<active>1</active>
</city>
<city>
<id>430716</id>
<name>Hudson</name>
<state>CO</state>
<rating>3</rating>
<url>http://www.greatschools.org/city/Hudson/CO</url>
<lat>40.0705</lat>
<lon>-104.643</lon>
<active>1</active>
</city>
<city>
<id>430586</id>
<name>Hugo</name>
<state>CO</state>
<rating>7</rating>
<url>http://www.greatschools.org/city/Hugo/CO</url>
<lat>39.1342</lat>
<lon>-103.468</lon>
<active>1</active>
</city>
<city>
<id>430767</id>
<name>Idaho Springs</name>
<state>CO</state>
<rating>4</rating>
<url>http://www.greatschools.org/city/Idaho_Springs/CO</url>
<lat>39.7429</lat>
<lon>-105.515</lon>
<active>1</active>
</city>
<city>
<id>430623</id>
<name>Idalia</name>
<state>CO</state>
<rating>2</rating>
<url>http://www.greatschools.org/city/Idalia/CO</url>
<lat>39.6766</lat>
<lon>-102.259</lon>
<active>1</active>
</city>
<city>
<id>442124</id>
<name>Idledale</name>
<state>CO</state>
<rating/>
<url>http://www.greatschools.org/city/Idledale/CO</url>
<lat>39.617</lat>
<lon>-105.178</lon>
<active>1</active>
</city>
<city>
<id>430562</id>
<name>Ignacio</name>
<state>CO</state>
<rating>2</rating>
<url>http://www.greatschools.org/city/Ignacio/CO</url>
<lat>37.1168</lat>
<lon>-107.636</lon>
<active>1</active>
</city>
<city>
<id>430665</id>
<name>Iliff</name>
<state>CO</state>
<rating>6</rating>
<url>http://www.greatschools.org/city/Iliff/CO</url>
<lat>40.759</lat>
<lon>-103.066</lon>
<active>1</active>
</city>
<city>
<id>430719</id>
<name>Indian Hills</name>
<state>CO</state>
<rating>10</rating>
<url>http://www.greatschools.org/city/Indian_Hills/CO</url>
<lat>39.6299</lat>
<lon>-105.257</lon>
<active>1</active>
</city>
<city>
<id>430774</id>
<name>Jamestown</name>
<state>CO</state>
<rating/>
<url>http://www.greatschools.org/city/Jamestown/CO</url>
<lat>40.1147</lat>
<lon>-105.387</lon>
<active>1</active>
</city>
<city>
<id>430622</id>
<name>Joes</name>
<state>CO</state>
<rating/>
<url>http://www.greatschools.org/city/Joes/CO</url>
<lat>39.6506</lat>
<lon>-102.682</lon>
<active>1</active>
</city>
<city>
<id>430561</id>
<name>Johnstown</name>
<state>CO</state>
<rating>6</rating>
<url>http://www.greatschools.org/city/Johnstown/CO</url>
<lat>40.3361</lat>
<lon>-104.916</lon>
<active>1</active>
</city>
<city>
<id>430717</id>
<name>Julesburg</name>
<state>CO</state>
<rating>3</rating>
<url>http://www.greatschools.org/city/Julesburg/CO</url>
<lat>40.9896</lat>
<lon>-102.268</lon>
<active>1</active>
</city>
<city>
<id>430585</id>
<name>Karval</name>
<state>CO</state>
<rating/>
<url>http://www.greatschools.org/city/Karval/CO</url>
<lat>38.7336</lat>
<lon>-103.473</lon>
<active>1</active>
</city>
<city>
<id>430608</id>
<name>Keenesburg</name>
<state>CO</state>
<rating>4</rating>
<url>http://www.greatschools.org/city/Keenesburg/CO</url>
<lat>40.1075</lat>
<lon>-104.519</lon>
<active>1</active>
</city>
<city>
<id>430633</id>
<name>Kersey</name>
<state>CO</state>
<rating>5</rating>
<url>http://www.greatschools.org/city/Kersey/CO</url>
<lat>40.3855</lat>
<lon>-104.562</lon>
<active>1</active>
</city>
<city>
<id>444800</id>
<name>Keystone</name>
<state>CO</state>
<rating/>
<url>http://www.greatschools.org/city/Keystone/CO</url>
<lat>39.6042</lat>
<lon>-105.948</lon>
<active>1</active>
</city>
<city>
<id>430715</id>
<name>Kim</name>
<state>CO</state>
<rating/>
<url>http://www.greatschools.org/city/Kim/CO</url>
<lat>37.2466</lat>
<lon>-103.353</lon>
<active>1</active>
</city>
<city>
<id>430714</id>
<name>Kiowa</name>
<state>CO</state>
<rating>8</rating>
<url>http://www.greatschools.org/city/Kiowa/CO</url>
<lat>39.3458</lat>
<lon>-104.462</lon>
<active>1</active>
</city>
<city>
<id>430713</id>
<name>Kit Carson</name>
<state>CO</state>
<rating/>
<url>http://www.greatschools.org/city/Kit_Carson/CO</url>
<lat>38.7655</lat>
<lon>-102.794</lon>
<active>1</active>
</city>
<city>
<id>444801</id>
<name>Knob Hill</name>
<state>CO</state>
<rating/>
<url>http://www.greatschools.org/city/Knob_Hill/CO</url>
<lat>38.84</lat>
<lon>-104.782</lon>
<active>1</active>
</city>
<city>
<id>430603</id>
<name>Kremmling</name>
<state>CO</state>
<rating>3</rating>
<url>http://www.greatschools.org/city/Kremmling/CO</url>
<lat>40.0577</lat>
<lon>-106.383</lon>
<active>1</active>
</city>
<city>
<id>430711</id>
<name>La Jara</name>
<state>CO</state>
<rating>6</rating>
<url>http://www.greatschools.org/city/La_Jara/CO</url>
<lat>37.2744</lat>
<lon>-105.96</lon>
<active>1</active>
</city>
<city>
<id>430607</id>
<name>La Junta</name>
<state>CO</state>
<rating>2</rating>
<url>http://www.greatschools.org/city/La_Junta/CO</url>
<lat>37.9785</lat>
<lon>-103.544</lon>
<active>1</active>
</city>
<city>
<id>430743</id>
<name>La Porte</name>
<state>CO</state>
<rating>5</rating>
<url>http://www.greatschools.org/city/La_Porte/CO</url>
<lat>40.6274</lat>
<lon>-105.143</lon>
<active>1</active>
</city>
<city>
<id>430736</id>
<name>La Salle</name>
<state>CO</state>
<rating>3</rating>
<url>http://www.greatschools.org/city/La_Salle/CO</url>
<lat>40.3484</lat>
<lon>-104.704</lon>
<active>1</active>
</city>
<city>
<id>430710</id>
<name>La Veta</name>
<state>CO</state>
<rating>4</rating>
<url>http://www.greatschools.org/city/La_Veta/CO</url>
<lat>37.5074</lat>
<lon>-105.008</lon>
<active>1</active>
</city>
<city>
<id>430574</id>
<name>Lafayette</name>
<state>CO</state>
<rating>8</rating>
<url>http://www.greatschools.org/city/Lafayette/CO</url>
<lat>39.9937</lat>
<lon>-105.1</lon>
<active>1</active>
</city>
<city>
<id>430587</id>
<name>Lake City</name>
<state>CO</state>
<rating/>
<url>http://www.greatschools.org/city/Lake_City/CO</url>
<lat>38.031</lat>
<lon>-107.313</lon>
<active>1</active>
</city>
<city>
<id>430747</id>
<name>Lake George</name>
<state>CO</state>
<rating>4</rating>
<url>http://www.greatschools.org/city/Lake_George/CO</url>
<lat>39.0368</lat>
<lon>-105.467</lon>
<active>1</active>
</city>
<city>
<id>430520</id>
<name>Lakewood</name>
<state>CO</state>
<rating>6</rating>
<url>http://www.greatschools.org/city/Lakewood/CO</url>
<lat>39.7038</lat>
<lon>-105.102</lon>
<active>1</active>
</city>
<city>
<id>430584</id>
<name>Lamar</name>
<state>CO</state>
<rating>4</rating>
<url>http://www.greatschools.org/city/Lamar/CO</url>
<lat>38.0822</lat>
<lon>-102.62</lon>
<active>1</active>
</city>
<city>
<id>430755</id>
<name>Larkspur</name>
<state>CO</state>
<rating>7</rating>
<url>http://www.greatschools.org/city/Larkspur/CO</url>
<lat>39.227</lat>
<lon>-104.887</lon>
<active>1</active>
</city>
<city>
<id>430564</id>
<name>Las Animas</name>
<state>CO</state>
<rating>4</rating>
<url>http://www.greatschools.org/city/Las_Animas/CO</url>
<lat>38.0667</lat>
<lon>-103.225</lon>
<active>1</active>
</city>
<city>
<id>430709</id>
<name>Leadville</name>
<state>CO</state>
<rating>2</rating>
<url>http://www.greatschools.org/city/Leadville/CO</url>
<lat>39.2481</lat>
<lon>-106.293</lon>
<active>1</active>
</city>
<city>
<id>430708</id>
<name>Limon</name>
<state>CO</state>
<rating>6</rating>
<url>http://www.greatschools.org/city/Limon/CO</url>
<lat>39.2653</lat>
<lon>-103.691</lon>
<active>1</active>
</city>
<city>
<id>430526</id>
<name>Littleton</name>
<state>CO</state>
<rating>8</rating>
<url>http://www.greatschools.org/city/Littleton/CO</url>
<lat>39.6</lat>
<lon>-105.011</lon>
<active>1</active>
</city>
<city>
<id>430742</id>
<name>Livermore</name>
<state>CO</state>
<rating/>
<url>http://www.greatschools.org/city/Livermore/CO</url>
<lat>40.7873</lat>
<lon>-105.386</lon>
<active>1</active>
</city>
<city>
<id>430609</id>
<name>Lochbuie</name>
<state>CO</state>
<rating>3</rating>
<url>http://www.greatschools.org/city/Lochbuie/CO</url>
<lat>40.0066</lat>
<lon>-104.717</lon>
<active>1</active>
</city>
<city>
<id>430579</id>
<name>Loma</name>
<state>CO</state>
<rating>4</rating>
<url>http://www.greatschools.org/city/Loma/CO</url>
<lat>39.2188</lat>
<lon>-108.807</lon>
<active>1</active>
</city>
<city>
<id>430528</id>
<name>Lone Tree</name>
<state>CO</state>
<rating>9</rating>
<url>http://www.greatschools.org/city/Lone_Tree/CO</url>
<lat>39.55</lat>
<lon>-104.894</lon>
<active>1</active>
</city>
<city>
<id>430557</id>
<name>Longmont</name>
<state>CO</state>
<rating>6</rating>
<url>http://www.greatschools.org/city/Longmont/CO</url>
<lat>40.1767</lat>
<lon>-105.11</lon>
<active>1</active>
</city>
<city>
<id>430578</id>
<name>Louisville</name>
<state>CO</state>
<rating>8</rating>
<url>http://www.greatschools.org/city/Louisville/CO</url>
<lat>39.9761</lat>
<lon>-105.148</lon>
<active>1</active>
</city>
<city>
<id>430545</id>
<name>Loveland</name>
<state>CO</state>
<rating>5</rating>
<url>http://www.greatschools.org/city/Loveland/CO</url>
<lat>40.4078</lat>
<lon>-105.088</lon>
<active>1</active>
</city>
<city>
<id>430707</id>
<name>Lyons</name>
<state>CO</state>
<rating>8</rating>
<url>http://www.greatschools.org/city/Lyons/CO</url>
<lat>40.2248</lat>
<lon>-105.269</lon>
<active>1</active>
</city>
<city>
<id>444802</id>
<name>Main Office</name>
<state>CO</state>
<rating/>
<url>http://www.greatschools.org/city/Main_Office/CO</url>
<lat>37.3592</lat>
<lon>-96.3028</lon>
<active>1</active>
</city>
<city>
<id>430712</id>
<name>Manassa</name>
<state>CO</state>
<rating>5</rating>
<url>http://www.greatschools.org/city/Manassa/CO</url>
<lat>37.1743</lat>
<lon>-105.937</lon>
<active>1</active>
</city>
<city>
<id>430705</id>
<name>Mancos</name>
<state>CO</state>
<rating>5</rating>
<url>http://www.greatschools.org/city/Mancos/CO</url>
<lat>37.3464</lat>
<lon>-108.294</lon>
<active>1</active>
</city>
<city>
<id>430704</id>
<name>Manitou Springs</name>
<state>CO</state>
<rating>5</rating>
<url>http://www.greatschools.org/city/Manitou_Springs/CO</url>
<lat>38.8564</lat>
<lon>-104.907</lon>
<active>1</active>
</city>
<city>
<id>430702</id>
<name>Manzanola</name>
<state>CO</state>
<rating/>
<url>http://www.greatschools.org/city/Manzanola/CO</url>
<lat>38.1082</lat>
<lon>-103.867</lon>
<active>1</active>
</city>
<city>
<id>430726</id>
<name>Marble</name>
<state>CO</state>
<rating/>
<url>http://www.greatschools.org/city/Marble/CO</url>
<lat>39.0715</lat>
<lon>-107.19</lon>
<active>1</active>
</city>
<city>
<id>430696</id>
<name>Maybell</name>
<state>CO</state>
<rating/>
<url>http://www.greatschools.org/city/Maybell/CO</url>
<lat>40.5989</lat>
<lon>-108.297</lon>
<active>1</active>
</city>
<city>
<id>430701</id>
<name>McClave</name>
<state>CO</state>
<rating>4</rating>
<url>http://www.greatschools.org/city/McClave/CO</url>
<lat>38.137</lat>
<lon>-102.825</lon>
<active>1</active>
</city>
<city>
<id>430706</id>
<name>Mead</name>
<state>CO</state>
<rating>7</rating>
<url>http://www.greatschools.org/city/Mead/CO</url>
<lat>40.2375</lat>
<lon>-104.989</lon>
<active>1</active>
</city>
<city>
<id>430700</id>
<name>Meeker</name>
<state>CO</state>
<rating>7</rating>
<url>http://www.greatschools.org/city/Meeker/CO</url>
<lat>40.0407</lat>
<lon>-107.916</lon>
<active>1</active>
</city>
<city>
<id>430699</id>
<name>Merino</name>
<state>CO</state>
<rating>4</rating>
<url>http://www.greatschools.org/city/Merino/CO</url>
<lat>40.4848</lat>
<lon>-103.354</lon>
<active>1</active>
</city>
<city>
<id>444803</id>
<name>Mesquite</name>
<state>CO</state>
<rating/>
<url>http://www.greatschools.org/city/Mesquite/CO</url>
<lat>32.7573</lat>
<lon>-96.5643</lon>
<active>1</active>
</city>
<city>
<id>430610</id>
<name>Milliken</name>
<state>CO</state>
<rating>4</rating>
<url>http://www.greatschools.org/city/Milliken/CO</url>
<lat>40.329</lat>
<lon>-104.861</lon>
<active>1</active>
</city>
<city>
<id>430751</id>
<name>Minturn</name>
<state>CO</state>
<rating/>
<url>http://www.greatschools.org/city/Minturn/CO</url>
<lat>39.5812</lat>
<lon>-106.424</lon>
<active>1</active>
</city>
<city>
<id>444804</id>
<name>Missouri City</name>
<state>CO</state>
<rating/>
<url>http://www.greatschools.org/city/Missouri_City/CO</url>
<lat>29.6025</lat>
<lon>-95.5108</lon>
<active>1</active>
</city>
<city>
<id>430698</id>
<name>Moffat</name>
<state>CO</state>
<rating/>
<url>http://www.greatschools.org/city/Moffat/CO</url>
<lat>38.0021</lat>
<lon>-105.907</lon>
<active>1</active>
</city>
<city>
<id>442122</id>
<name>Molina</name>
<state>CO</state>
<rating/>
<url>http://www.greatschools.org/city/Molina/CO</url>
<lat>39.1498</lat>
<lon>-108.112</lon>
<active>1</active>
</city>
<city>
<id>430515</id>
<name>Monte Vista</name>
<state>CO</state>
<rating>4</rating>
<url>http://www.greatschools.org/city/Monte_Vista/CO</url>
<lat>37.5774</lat>
<lon>-106.144</lon>
<active>1</active>
</city>
<city>
<id>430556</id>
<name>Montrose</name>
<state>CO</state>
<rating>6</rating>
<url>http://www.greatschools.org/city/Montrose/CO</url>
<lat>38.4748</lat>
<lon>-107.864</lon>
<active>1</active>
</city>
<city>
<id>430580</id>
<name>Monument</name>
<state>CO</state>
<rating>8</rating>
<url>http://www.greatschools.org/city/Monument/CO</url>
<lat>39.086</lat>
<lon>-104.864</lon>
<active>1</active>
</city>
<city>
<id>430718</id>
<name>Morrison</name>
<state>CO</state>
<rating>8</rating>
<url>http://www.greatschools.org/city/Morrison/CO</url>
<lat>39.6516</lat>
<lon>-105.194</lon>
<active>1</active>
</city>
<city>
<id>430671</id>
<name>Mosca</name>
<state>CO</state>
<rating>5</rating>
<url>http://www.greatschools.org/city/Mosca/CO</url>
<lat>37.6352</lat>
<lon>-105.851</lon>
<active>1</active>
</city>
<city>
<id>444795</id>
<name>Mountain View</name>
<state>CO</state>
<rating/>
<url>http://www.greatschools.org/city/Mountain_View/CO</url>
<lat>19.497</lat>
<lon>-155.146</lon>
<active>1</active>
</city>
<city>
<id>444805</id>
<name>Mt Crested Bu</name>
<state>CO</state>
<rating/>
<url>http://www.greatschools.org/city/Mt_Crested_Bu/CO</url>
<lat>38.9193</lat>
<lon>-106.965</lon>
<active>1</active>
</city>
<city>
<id>442121</id>
<name>Nathrop</name>
<state>CO</state>
<rating/>
<url>http://www.greatschools.org/city/Nathrop/CO</url>
<lat>38.7121</lat>
<lon>-106.127</lon>
<active>1</active>
</city>
<city>
<id>430691</id>
<name>Naturita</name>
<state>CO</state>
<rating>3</rating>
<url>http://www.greatschools.org/city/Naturita/CO</url>
<lat>38.2188</lat>
<lon>-108.569</lon>
<active>1</active>
</city>
<city>
<id>430615</id>
<name>Nederland</name>
<state>CO</state>
<rating>7</rating>
<url>http://www.greatschools.org/city/Nederland/CO</url>
<lat>39.9621</lat>
<lon>-105.508</lon>
<active>1</active>
</city>
<city>
<id>430571</id>
<name>New Castle</name>
<state>CO</state>
<rating>6</rating>
<url>http://www.greatschools.org/city/New_Castle/CO</url>
<lat>39.5772</lat>
<lon>-107.533</lon>
<active>1</active>
</city>
<city>
<id>430664</id>
<name>New Raymer</name>
<state>CO</state>
<rating>7</rating>
<url>http://www.greatschools.org/city/New_Raymer/CO</url>
<lat>40.6595</lat>
<lon>-103.832</lon>
<active>1</active>
</city>
<city>
<id>430602</id>
<name>Niwot</name>
<state>CO</state>
<rating>9</rating>
<url>http://www.greatschools.org/city/Niwot/CO</url>
<lat>40.0998</lat>
<lon>-105.159</lon>
<active>1</active>
</city>
<city>
<id>430534</id>
<name>Northglenn</name>
<state>CO</state>
<rating>3</rating>
<url>http://www.greatschools.org/city/Northglenn/CO</url>
<lat>39.8972</lat>
<lon>-104.982</lon>
<active>1</active>
</city>
<city>
<id>430690</id>
<name>Norwood</name>
<state>CO</state>
<rating>4</rating>
<url>http://www.greatschools.org/city/Norwood/CO</url>
<lat>38.1296</lat>
<lon>-108.293</lon>
<active>1</active>
</city>
<city>
<id>430692</id>
<name>Nucla</name>
<state>CO</state>
<rating>2</rating>
<url>http://www.greatschools.org/city/Nucla/CO</url>
<lat>38.2661</lat>
<lon>-108.549</lon>
<active>1</active>
</city>
<city>
<id>430558</id>
<name>Oak Creek</name>
<state>CO</state>
<rating>7</rating>
<url>http://www.greatschools.org/city/Oak_Creek/CO</url>
<lat>40.2748</lat>
<lon>-106.957</lon>
<active>1</active>
</city>
<city>
<id>430694</id>
<name>Olathe</name>
<state>CO</state>
<rating>5</rating>
<url>http://www.greatschools.org/city/Olathe/CO</url>
<lat>38.6068</lat>
<lon>-107.983</lon>
<active>1</active>
</city>
<city>
<id>444806</id>
<name>Olney Springs</name>
<state>CO</state>
<rating/>
<url>http://www.greatschools.org/city/Olney_Springs/CO</url>
<lat>38.1684</lat>
<lon>-103.946</lon>
<active>1</active>
</city>
<city>
<id>430762</id>
<name>Ordway</name>
<state>CO</state>
<rating>5</rating>
<url>http://www.greatschools.org/city/Ordway/CO</url>
<lat>38.2199</lat>
<lon>-103.757</lon>
<active>1</active>
</city>
<city>
<id>430688</id>
<name>Otis</name>
<state>CO</state>
<rating>5</rating>
<url>http://www.greatschools.org/city/Otis/CO</url>
<lat>40.151</lat>
<lon>-102.962</lon>
<active>1</active>
</city>
<city>
<id>430687</id>
<name>Ouray</name>
<state>CO</state>
<rating>9</rating>
<url>http://www.greatschools.org/city/Ouray/CO</url>
<lat>38.0255</lat>
<lon>-107.673</lon>
<active>1</active>
</city>
<city>
<id>430685</id>
<name>Ovid</name>
<state>CO</state>
<rating/>
<url>http://www.greatschools.org/city/Ovid/CO</url>
<lat>40.9609</lat>
<lon>-102.389</lon>
<active>1</active>
</city>
<city>
<id>430572</id>
<name>Pagosa Springs</name>
<state>CO</state>
<rating>4</rating>
<url>http://www.greatschools.org/city/Pagosa_Springs/CO</url>
<lat>37.2654</lat>
<lon>-107.019</lon>
<active>1</active>
</city>
<city>
<id>430728</id>
<name>Palisade</name>
<state>CO</state>
<rating>6</rating>
<url>http://www.greatschools.org/city/Palisade/CO</url>
<lat>39.1089</lat>
<lon>-108.355</lon>
<active>1</active>
</city>
<city>
<id>430693</id>
<name>Palmer Lake</name>
<state>CO</state>
<rating>7</rating>
<url>http://www.greatschools.org/city/Palmer_Lake/CO</url>
<lat>39.1149</lat>
<lon>-104.91</lon>
<active>1</active>
</city>
<city>
<id>430551</id>
<name>Paonia</name>
<state>CO</state>
<rating>7</rating>
<url>http://www.greatschools.org/city/Paonia/CO</url>
<lat>38.8687</lat>
<lon>-107.591</lon>
<active>1</active>
</city>
<city>
<id>430611</id>
<name>Parachute</name>
<state>CO</state>
<rating>4</rating>
<url>http://www.greatschools.org/city/Parachute/CO</url>
<lat>39.4489</lat>
<lon>-108.051</lon>
<active>1</active>
</city>
<city>
<id>430632</id>
<name>Paradox</name>
<state>CO</state>
<rating/>
<url>http://www.greatschools.org/city/Paradox/CO</url>
<lat>38.3664</lat>
<lon>-108.953</lon>
<active>1</active>
</city>
<city>
<id>430527</id>
<name>Parker</name>
<state>CO</state>
<rating>7</rating>
<url>http://www.greatschools.org/city/Parker/CO</url>
<lat>39.5172</lat>
<lon>-104.765</lon>
<active>1</active>
</city>
<city>
<id>444807</id>
<name>Parshall</name>
<state>CO</state>
<rating/>
<url>http://www.greatschools.org/city/Parshall/CO</url>
<lat>39.9491</lat>
<lon>-105.819</lon>
<active>1</active>
</city>
<city>
<id>430684</id>
<name>Peetz</name>
<state>CO</state>
<rating>8</rating>
<url>http://www.greatschools.org/city/Peetz/CO</url>
<lat>40.9621</lat>
<lon>-103.114</lon>
<active>1</active>
</city>
<city>
<id>430744</id>
<name>Penrose</name>
<state>CO</state>
<rating>3</rating>
<url>http://www.greatschools.org/city/Penrose/CO</url>
<lat>38.4286</lat>
<lon>-105.006</lon>
<active>1</active>
</city>
<city>
<id>430535</id>
<name>Peyton</name>
<state>CO</state>
<rating>6</rating>
<url>http://www.greatschools.org/city/Peyton/CO</url>
<lat>38.9627</lat>
<lon>-104.548</lon>
<active>1</active>
</city>
<city>
<id>430780</id>
<name>Pierce</name>
<state>CO</state>
<rating>5</rating>
<url>http://www.greatschools.org/city/Pierce/CO</url>
<lat>40.6345</lat>
<lon>-104.756</lon>
<active>1</active>
</city>
<city>
<id>430636</id>
<name>Pine</name>
<state>CO</state>
<rating>10</rating>
<url>http://www.greatschools.org/city/Pine/CO</url>
<lat>39.4676</lat>
<lon>-105.383</lon>
<active>1</active>
</city>
<city>
<id>430735</id>
<name>Platteville</name>
<state>CO</state>
<rating>4</rating>
<url>http://www.greatschools.org/city/Platteville/CO</url>
<lat>40.215</lat>
<lon>-104.828</lon>
<active>1</active>
</city>
<city>
<id>430765</id>
<name>Pleasant View</name>
<state>CO</state>
<rating/>
<url>http://www.greatschools.org/city/Pleasant_View/CO</url>
<lat>37.547</lat>
<lon>-108.83</lon>
<active>1</active>
</city>
<city>
<id>442120</id>
<name>Powderhorn</name>
<state>CO</state>
<rating/>
<url>http://www.greatschools.org/city/Powderhorn/CO</url>
<lat>38.282</lat>
<lon>-107.1</lon>
<active>1</active>
</city>
<city>
<id>430583</id>
<name>Pritchett</name>
<state>CO</state>
<rating/>
<url>http://www.greatschools.org/city/Pritchett/CO</url>
<lat>37.3704</lat>
<lon>-102.859</lon>
<active>1</active>
</city>
<city>
<id>430567</id>
<name>Pueblo</name>
<state>CO</state>
<rating>3</rating>
<url>http://www.greatschools.org/city/Pueblo/CO</url>
<lat>38.2642</lat>
<lon>-104.623</lon>
<active>1</active>
</city>
<city>
<id>430560</id>
<name>Pueblo West</name>
<state>CO</state>
<rating>5</rating>
<url>http://www.greatschools.org/city/Pueblo_West/CO</url>
<lat>38.3196</lat>
<lon>-104.75</lon>
<active>1</active>
</city>
<city>
<id>430678</id>
<name>Rangely</name>
<state>CO</state>
<rating>6</rating>
<url>http://www.greatschools.org/city/Rangely/CO</url>
<lat>40.0851</lat>
<lon>-108.8</lon>
<active>1</active>
</city>
<city>
<id>430741</id>
<name>Red Feather Lakes</name>
<state>CO</state>
<rating/>
<url>http://www.greatschools.org/city/Red_Feather_Lakes/CO</url>
<lat>40.8051</lat>
<lon>-105.579</lon>
<active>1</active>
</city>
<city>
<id>444808</id>
<name>Redmesa</name>
<state>CO</state>
<rating/>
<url>http://www.greatschools.org/city/Redmesa/CO</url>
<lat>37.0944</lat>
<lon>-108.17</lon>
<active>1</active>
</city>
<city>
<id>430592</id>
<name>Rico</name>
<state>CO</state>
<rating/>
<url>http://www.greatschools.org/city/Rico/CO</url>
<lat>37.6918</lat>
<lon>-108.032</lon>
<active>1</active>
</city>
<city>
<id>430677</id>
<name>Ridgway</name>
<state>CO</state>
<rating>7</rating>
<url>http://www.greatschools.org/city/Ridgway/CO</url>
<lat>38.1522</lat>
<lon>-107.758</lon>
<active>1</active>
</city>
<city>
<id>430522</id>
<name>Rifle</name>
<state>CO</state>
<rating>5</rating>
<url>http://www.greatschools.org/city/Rifle/CO</url>
<lat>39.5401</lat>
<lon>-107.781</lon>
<active>1</active>
</city>
<city>
<id>444809</id>
<name>Rocklin</name>
<state>CO</state>
<rating/>
<url>http://www.greatschools.org/city/Rocklin/CO</url>
<lat>38.8255</lat>
<lon>-121.284</lon>
<active>1</active>
</city>
<city>
<id>444810</id>
<name>Rockrimmon</name>
<state>CO</state>
<rating/>
<url>http://www.greatschools.org/city/Rockrimmon/CO</url>
<lat>38.9301</lat>
<lon>-104.88</lon>
<active>1</active>
</city>
<city>
<id>430644</id>
<name>Rocky Ford</name>
<state>CO</state>
<rating>2</rating>
<url>http://www.greatschools.org/city/Rocky_Ford/CO</url>
<lat>38.0511</lat>
<lon>-103.721</lon>
<active>1</active>
</city>
<city>
<id>442118</id>
<name>Roggen</name>
<state>CO</state>
<rating/>
<url>http://www.greatschools.org/city/Roggen/CO</url>
<lat>40.1208</lat>
<lon>-104.309</lon>
<active>1</active>
</city>
<city>
<id>430547</id>
<name>Rush</name>
<state>CO</state>
<rating>4</rating>
<url>http://www.greatschools.org/city/Rush/CO</url>
<lat>38.7919</lat>
<lon>-104.033</lon>
<active>1</active>
</city>
<city>
<id>444811</id>
<name>Rustic Hills</name>
<state>CO</state>
<rating/>
<url>http://www.greatschools.org/city/Rustic_Hills/CO</url>
<lat>38.8564</lat>
<lon>-104.7</lon>
<active>1</active>
</city>
<city>
<id>430680</id>
<name>Rye</name>
<state>CO</state>
<rating>6</rating>
<url>http://www.greatschools.org/city/Rye/CO</url>
<lat>37.9217</lat>
<lon>-104.932</lon>
<active>1</active>
</city>
<city>
<id>430675</id>
<name>Saguache</name>
<state>CO</state>
<rating/>
<url>http://www.greatschools.org/city/Saguache/CO</url>
<lat>38.0865</lat>
<lon>-106.141</lon>
<active>1</active>
</city>
<city>
<id>430575</id>
<name>Salida</name>
<state>CO</state>
<rating>8</rating>
<url>http://www.greatschools.org/city/Salida/CO</url>
<lat>38.5314</lat>
<lon>-105.997</lon>
<active>1</active>
</city>
<city>
<id>444812</id>
<name>San Acacio</name>
<state>CO</state>
<rating/>
<url>http://www.greatschools.org/city/San_Acacio/CO</url>
<lat>37.2152</lat>
<lon>-105.735</lon>
<active>1</active>
</city>
<city>
<id>430674</id>
<name>San Luis</name>
<state>CO</state>
<rating>2</rating>
<url>http://www.greatschools.org/city/San_Luis/CO</url>
<lat>37.2025</lat>
<lon>-105.422</lon>
<active>1</active>
</city>
<city>
<id>430673</id>
<name>Sanford</name>
<state>CO</state>
<rating>5</rating>
<url>http://www.greatschools.org/city/Sanford/CO</url>
<lat>37.2583</lat>
<lon>-105.903</lon>
<active>1</active>
</city>
<city>
<id>430754</id>
<name>Sedalia</name>
<state>CO</state>
<rating>4</rating>
<url>http://www.greatschools.org/city/Sedalia/CO</url>
<lat>39.4373</lat>
<lon>-104.965</lon>
<active>1</active>
</city>
<city>
<id>430686</id>
<name>Sedgwick</name>
<state>CO</state>
<rating/>
<url>http://www.greatschools.org/city/Sedgwick/CO</url>
<lat>40.9355</lat>
<lon>-102.526</lon>
<active>1</active>
</city>
<city>
<id>430669</id>
<name>Seibert</name>
<state>CO</state>
<rating/>
<url>http://www.greatschools.org/city/Seibert/CO</url>
<lat>39.2984</lat>
<lon>-102.868</lon>
<active>1</active>
</city>
<city>
<id>444323</id>
<name>Severance</name>
<state>CO</state>
<rating>6</rating>
<url>http://www.greatschools.org/city/Severance/CO</url>
<lat>40.5239</lat>
<lon>-104.852</lon>
<active>1</active>
</city>
<city>
<id>430788</id>
<name>Sheridan</name>
<state>CO</state>
<rating/>
<url>http://www.greatschools.org/city/Sheridan/CO</url>
<lat>39.6475</lat>
<lon>-105.025</lon>
<active>1</active>
</city>
<city>
<id>430659</id>
<name>Sheridan Lake</name>
<state>CO</state>
<rating/>
<url>http://www.greatschools.org/city/Sheridan_Lake/CO</url>
<lat>38.4679</lat>
<lon>-102.292</lon>
<active>1</active>
</city>
<city>
<id>430676</id>
<name>Silt</name>
<state>CO</state>
<rating>5</rating>
<url>http://www.greatschools.org/city/Silt/CO</url>
<lat>39.549</lat>
<lon>-107.653</lon>
<active>1</active>
</city>
<city>
<id>444813</id>
<name>Silver Cliff</name>
<state>CO</state>
<rating/>
<url>http://www.greatschools.org/city/Silver_Cliff/CO</url>
<lat>38.134</lat>
<lon>-105.456</lon>
<active>1</active>
</city>
<city>
<id>430511</id>
<name>Silverthorne</name>
<state>CO</state>
<rating>6</rating>
<url>http://www.greatschools.org/city/Silverthorne/CO</url>
<lat>39.6427</lat>
<lon>-106.08</lon>
<active>1</active>
</city>
<city>
<id>430582</id>
<name>Silverton</name>
<state>CO</state>
<rating/>
<url>http://www.greatschools.org/city/Silverton/CO</url>
<lat>37.8118</lat>
<lon>-107.664</lon>
<active>1</active>
</city>
<city>
<id>430667</id>
<name>Simla</name>
<state>CO</state>
<rating>5</rating>
<url>http://www.greatschools.org/city/Simla/CO</url>
<lat>39.1409</lat>
<lon>-104.083</lon>
<active>1</active>
</city>
<city>
<id>442117</id>
<name>Snowmass</name>
<state>CO</state>
<rating/>
<url>http://www.greatschools.org/city/Snowmass/CO</url>
<lat>39.3012</lat>
<lon>-106.984</lon>
<active>1</active>
</city>
<city>
<id>444814</id>
<name>Socopex</name>
<state>CO</state>
<rating/>
<url>http://www.greatschools.org/city/Socopex/CO</url>
<lat>38.8413</lat>
<lon>-104.816</lon>
<active>1</active>
</city>
<city>
<id>442115</id>
<name>Somerset</name>
<state>CO</state>
<rating/>
<url>http://www.greatschools.org/city/Somerset/CO</url>
<lat>38.9383</lat>
<lon>-107.402</lon>
<active>1</active>
</city>
<city>
<id>441829</id>
<name>South Fork</name>
<state>CO</state>
<rating/>
<url>http://www.greatschools.org/city/South_Fork/CO</url>
<lat>37.6706</lat>
<lon>-106.644</lon>
<active>1</active>
</city>
<city>
<id>430666</id>
<name>Springfield</name>
<state>CO</state>
<rating>5</rating>
<url>http://www.greatschools.org/city/Springfield/CO</url>
<lat>37.4073</lat>
<lon>-102.618</lon>
<active>1</active>
</city>
<city>
<id>430541</id>
<name>Steamboat Springs</name>
<state>CO</state>
<rating>9</rating>
<url>http://www.greatschools.org/city/Steamboat_Springs/CO</url>
<lat>40.4738</lat>
<lon>-106.822</lon>
<active>1</active>
</city>
<city>
<id>430516</id>
<name>Sterling</name>
<state>CO</state>
<rating>5</rating>
<url>http://www.greatschools.org/city/Sterling/CO</url>
<lat>40.6281</lat>
<lon>-103.213</lon>
<active>1</active>
</city>
<city>
<id>430631</id>
<name>Strasburg</name>
<state>CO</state>
<rating>5</rating>
<url>http://www.greatschools.org/city/Strasburg/CO</url>
<lat>39.7367</lat>
<lon>-104.33</lon>
<active>1</active>
</city>
<city>
<id>430663</id>
<name>Stratton</name>
<state>CO</state>
<rating>4</rating>
<url>http://www.greatschools.org/city/Stratton/CO</url>
<lat>39.3021</lat>
<lon>-102.605</lon>
<active>1</active>
</city>
<city>
<id>430629</id>
<name>Superior</name>
<state>CO</state>
<rating>9</rating>
<url>http://www.greatschools.org/city/Superior/CO</url>
<lat>39.9364</lat>
<lon>-105.153</lon>
<active>1</active>
</city>
<city>
<id>430660</id>
<name>Swink</name>
<state>CO</state>
<rating>7</rating>
<url>http://www.greatschools.org/city/Swink/CO</url>
<lat>38.0139</lat>
<lon>-103.628</lon>
<active>1</active>
</city>
<city>
<id>442114</id>
<name>Tabernash</name>
<state>CO</state>
<rating/>
<url>http://www.greatschools.org/city/Tabernash/CO</url>
<lat>39.9816</lat>
<lon>-105.84</lon>
<active>1</active>
</city>
<city>
<id>430598</id>
<name>Telluride</name>
<state>CO</state>
<rating>7</rating>
<url>http://www.greatschools.org/city/Telluride/CO</url>
<lat>37.9383</lat>
<lon>-107.815</lon>
<active>1</active>
</city>
<city>
<id>430532</id>
<name>Thornton</name>
<state>CO</state>
<rating>5</rating>
<url>http://www.greatschools.org/city/Thornton/CO</url>
<lat>39.9117</lat>
<lon>-104.953</lon>
<active>1</active>
</city>
<city>
<id>430739</id>
<name>Timnath</name>
<state>CO</state>
<rating>9</rating>
<url>http://www.greatschools.org/city/Timnath/CO</url>
<lat>40.5297</lat>
<lon>-104.983</lon>
<active>1</active>
</city>
<city>
<id>430606</id>
<name>Trinidad</name>
<state>CO</state>
<rating>3</rating>
<url>http://www.greatschools.org/city/Trinidad/CO</url>
<lat>37.1703</lat>
<lon>-104.506</lon>
<active>1</active>
</city>
<city>
<id>430786</id>
<name>USAF Academy</name>
<state>CO</state>
<rating>8</rating>
<url>http://www.greatschools.org/city/USAF_Academy/CO</url>
<lat>39.0463</lat>
<lon>-104.816</lon>
<active>1</active>
</city>
<city>
<id>430649</id>
<name>Vail</name>
<state>CO</state>
<rating>6</rating>
<url>http://www.greatschools.org/city/Vail/CO</url>
<lat>39.6398</lat>
<lon>-106.357</lon>
<active>1</active>
</city>
<city>
<id>444815</id>
<name>Valley Hi</name>
<state>CO</state>
<rating/>
<url>http://www.greatschools.org/city/Valley_Hi/CO</url>
<lat>38.8064</lat>
<lon>-104.77</lon>
<active>1</active>
</city>
<city>
<id>444816</id>
<name>Venetian Village</name>
<state>CO</state>
<rating/>
<url>http://www.greatschools.org/city/Venetian_Village/CO</url>
<lat>42.3986</lat>
<lon>-88.0526</lon>
<active>1</active>
</city>
<city>
<id>430569</id>
<name>Vilas</name>
<state>CO</state>
<rating>1</rating>
<url>http://www.greatschools.org/city/Vilas/CO</url>
<lat>37.3737</lat>
<lon>-102.447</lon>
<active>1</active>
</city>
<city>
<id>430668</id>
<name>Vona</name>
<state>CO</state>
<rating/>
<url>http://www.greatschools.org/city/Vona/CO</url>
<lat>39.303</lat>
<lon>-102.744</lon>
<active>1</active>
</city>
<city>
<id>430658</id>
<name>Walden</name>
<state>CO</state>
<rating>6</rating>
<url>http://www.greatschools.org/city/Walden/CO</url>
<lat>40.7313</lat>
<lon>-106.281</lon>
<active>1</active>
</city>
<city>
<id>430565</id>
<name>Walsenburg</name>
<state>CO</state>
<rating>3</rating>
<url>http://www.greatschools.org/city/Walsenburg/CO</url>
<lat>37.6266</lat>
<lon>-104.779</lon>
<active>1</active>
</city>
<city>
<id>430656</id>
<name>Walsh</name>
<state>CO</state>
<rating/>
<url>http://www.greatschools.org/city/Walsh/CO</url>
<lat>37.3855</lat>
<lon>-102.279</lon>
<active>1</active>
</city>
<city>
<id>442111</id>
<name>Ward</name>
<state>CO</state>
<rating/>
<url>http://www.greatschools.org/city/Ward/CO</url>
<lat>40.0724</lat>
<lon>-105.508</lon>
<active>1</active>
</city>
<city>
<id>430614</id>
<name>Watkins</name>
<state>CO</state>
<rating/>
<url>http://www.greatschools.org/city/Watkins/CO</url>
<lat>39.7347</lat>
<lon>-104.64</lon>
<active>1</active>
</city>
<city>
<id>430655</id>
<name>Weldona</name>
<state>CO</state>
<rating>6</rating>
<url>http://www.greatschools.org/city/Weldona/CO</url>
<lat>40.3483</lat>
<lon>-103.983</lon>
<active>1</active>
</city>
<city>
<id>430518</id>
<name>Wellington</name>
<state>CO</state>
<rating>6</rating>
<url>http://www.greatschools.org/city/Wellington/CO</url>
<lat>40.7017</lat>
<lon>-105.006</lon>
<active>1</active>
</city>
<city>
<id>430616</id>
<name>Westcliffe</name>
<state>CO</state>
<rating>6</rating>
<url>http://www.greatschools.org/city/Westcliffe/CO</url>
<lat>38.1342</lat>
<lon>-105.467</lon>
<active>1</active>
</city>
<city>
<id>430512</id>
<name>Westminster</name>
<state>CO</state>
<rating>5</rating>
<url>http://www.greatschools.org/city/Westminster/CO</url>
<lat>39.8726</lat>
<lon>-105.054</lon>
<active>1</active>
</city>
<city>
<id>430654</id>
<name>Weston</name>
<state>CO</state>
<rating>3</rating>
<url>http://www.greatschools.org/city/Weston/CO</url>
<lat>37.1791</lat>
<lon>-104.874</lon>
<active>1</active>
</city>
<city>
<id>430576</id>
<name>Wheat Ridge</name>
<state>CO</state>
<rating>5</rating>
<url>http://www.greatschools.org/city/Wheat_Ridge/CO</url>
<lat>39.7715</lat>
<lon>-105.092</lon>
<active>1</active>
</city>
<city>
<id>444822</id>
<name>Whitewater</name>
<state>CO</state>
<rating/>
<url>http://www.greatschools.org/city/Whitewater/CO</url>
<lat>38.7644</lat>
<lon>-108.57</lon>
<active>1</active>
</city>
<city>
<id>430653</id>
<name>Wiggins</name>
<state>CO</state>
<rating>7</rating>
<url>http://www.greatschools.org/city/Wiggins/CO</url>
<lat>40.2299</lat>
<lon>-104.074</lon>
<active>1</active>
</city>
<city>
<id>444823</id>
<name>Wildhorse</name>
<state>CO</state>
<rating/>
<url>http://www.greatschools.org/city/Wildhorse/CO</url>
<lat>38.7665</lat>
<lon>-104.88</lon>
<active>1</active>
</city>
<city>
<id>430652</id>
<name>Wiley</name>
<state>CO</state>
<rating>6</rating>
<url>http://www.greatschools.org/city/Wiley/CO</url>
<lat>38.1553</lat>
<lon>-102.718</lon>
<active>1</active>
</city>
<city>
<id>430581</id>
<name>Windsor</name>
<state>CO</state>
<rating>6</rating>
<url>http://www.greatschools.org/city/Windsor/CO</url>
<lat>40.474</lat>
<lon>-104.908</lon>
<active>1</active>
</city>
<city>
<id>442110</id>
<name>Winter Park</name>
<state>CO</state>
<rating/>
<url>http://www.greatschools.org/city/Winter_Park/CO</url>
<lat>39.888</lat>
<lon>-105.778</lon>
<active>1</active>
</city>
<city>
<id>430651</id>
<name>Woodland Park</name>
<state>CO</state>
<rating>5</rating>
<url>http://www.greatschools.org/city/Woodland_Park/CO</url>
<lat>38.9971</lat>
<lon>-105.053</lon>
<active>1</active>
</city>
<city>
<id>430650</id>
<name>Woodrow</name>
<state>CO</state>
<rating/>
<url>http://www.greatschools.org/city/Woodrow/CO</url>
<lat>39.837</lat>
<lon>-103.552</lon>
<active>1</active>
</city>
<city>
<id>430621</id>
<name>Woody Creek</name>
<state>CO</state>
<rating/>
<url>http://www.greatschools.org/city/Woody_Creek/CO</url>
<lat>39.2002</lat>
<lon>-106.833</lon>
<active>1</active>
</city>
<city>
<id>430624</id>
<name>Wray</name>
<state>CO</state>
<rating>6</rating>
<url>http://www.greatschools.org/city/Wray/CO</url>
<lat>40.0744</lat>
<lon>-102.226</lon>
<active>1</active>
</city>
<city>
<id>430689</id>
<name>Yampa</name>
<state>CO</state>
<rating>2</rating>
<url>http://www.greatschools.org/city/Yampa/CO</url>
<lat>40.1539</lat>
<lon>-106.909</lon>
<active>1</active>
</city>
<city>
<id>430613</id>
<name>Yoder</name>
<state>CO</state>
<rating/>
<url>http://www.greatschools.org/city/Yoder/CO</url>
<lat>38.793</lat>
<lon>-104.197</lon>
<active>1</active>
</city>
<city>
<id>430625</id>
<name>Yuma</name>
<state>CO</state>
<rating>6</rating>
<url>http://www.greatschools.org/city/Yuma/CO</url>
<lat>40.1242</lat>
<lon>-102.726</lon>
<active>1</active>
</city>
</greatschools-city-feed>
