<?xml version="1.0" encoding="utf-8"?><greatschools-city-feed xmlns:xsi="http://www.w3.org/2001/XMLSchema-instance" xsi:noNamespaceSchemaLocation="http://www.greatschools.org/feeds/greatschools-city2.xsd">
<city>
<id>403151</id>
<name>Adak</name>
<state>AK</state>
<rating/>
<url>http://www.greatschools.org/city/Adak/AK</url>
<lat>51.8713</lat>
<lon>-176.633</lon>
<active>1</active>
</city>
<city>
<id>403103</id>
<name>Akhiok</name>
<state>AK</state>
<rating/>
<url>http://www.greatschools.org/city/Akhiok/AK</url>
<lat>56.9807</lat>
<lon>-154.221</lon>
<active>1</active>
</city>
<city>
<id>403162</id>
<name>Akiachak</name>
<state>AK</state>
<rating>1</rating>
<url>http://www.greatschools.org/city/Akiachak/AK</url>
<lat>60.8901</lat>
<lon>-161.398</lon>
<active>1</active>
</city>
<city>
<id>403160</id>
<name>Akiak</name>
<state>AK</state>
<rating>1</rating>
<url>http://www.greatschools.org/city/Akiak/AK</url>
<lat>60.8898</lat>
<lon>-161.201</lon>
<active>1</active>
</city>
<city>
<id>403158</id>
<name>Akutan</name>
<state>AK</state>
<rating/>
<url>http://www.greatschools.org/city/Akutan/AK</url>
<lat>54.1292</lat>
<lon>-165.843</lon>
<active>1</active>
</city>
<city>
<id>441941</id>
<name>Alakanuk</name>
<state>AK</state>
<rating>2</rating>
<url>http://www.greatschools.org/city/Alakanuk/AK</url>
<lat>62.6833</lat>
<lon>-164.663</lon>
<active>1</active>
</city>
<city>
<id>403040</id>
<name>Aleknagik</name>
<state>AK</state>
<rating/>
<url>http://www.greatschools.org/city/Aleknagik/AK</url>
<lat>59.2758</lat>
<lon>-158.619</lon>
<active>1</active>
</city>
<city>
<id>403005</id>
<name>Allakaket</name>
<state>AK</state>
<rating/>
<url>http://www.greatschools.org/city/Allakaket/AK</url>
<lat>66.5486</lat>
<lon>-152.762</lon>
<active>1</active>
</city>
<city>
<id>403060</id>
<name>Ambler</name>
<state>AK</state>
<rating/>
<url>http://www.greatschools.org/city/Ambler/AK</url>
<lat>67.09</lat>
<lon>-157.866</lon>
<active>1</active>
</city>
<city>
<id>403068</id>
<name>Anaktuvuk Pass</name>
<state>AK</state>
<rating/>
<url>http://www.greatschools.org/city/Anaktuvuk_Pass/AK</url>
<lat>68.1487</lat>
<lon>-151.724</lon>
<active>1</active>
</city>
<city>
<id>403112</id>
<name>Anchor Point</name>
<state>AK</state>
<rating>9</rating>
<url>http://www.greatschools.org/city/Anchor_Point/AK</url>
<lat>59.7735</lat>
<lon>-151.769</lon>
<active>1</active>
</city>
<city>
<id>402973</id>
<name>Anchorage</name>
<state>AK</state>
<rating>6</rating>
<url>http://www.greatschools.org/city/Anchorage/AK</url>
<lat>61.1923</lat>
<lon>-149.797</lon>
<active>1</active>
</city>
<city>
<id>403021</id>
<name>Anderson</name>
<state>AK</state>
<rating/>
<url>http://www.greatschools.org/city/Anderson/AK</url>
<lat>64.3321</lat>
<lon>-149.184</lon>
<active>1</active>
</city>
<city>
<id>402967</id>
<name>Angoon</name>
<state>AK</state>
<rating/>
<url>http://www.greatschools.org/city/Angoon/AK</url>
<lat>57.4948</lat>
<lon>-134.576</lon>
<active>1</active>
</city>
<city>
<id>403023</id>
<name>Aniak</name>
<state>AK</state>
<rating>5</rating>
<url>http://www.greatschools.org/city/Aniak/AK</url>
<lat>61.5769</lat>
<lon>-159.55</lon>
<active>1</active>
</city>
<city>
<id>403078</id>
<name>Anvik</name>
<state>AK</state>
<rating/>
<url>http://www.greatschools.org/city/Anvik/AK</url>
<lat>62.6463</lat>
<lon>-160.201</lon>
<active>1</active>
</city>
<city>
<id>403019</id>
<name>Arctic Village</name>
<state>AK</state>
<rating/>
<url>http://www.greatschools.org/city/Arctic_Village/AK</url>
<lat>68.1329</lat>
<lon>-145.513</lon>
<active>1</active>
</city>
<city>
<id>403152</id>
<name>Atka</name>
<state>AK</state>
<rating/>
<url>http://www.greatschools.org/city/Atka/AK</url>
<lat>52.2106</lat>
<lon>-174.215</lon>
<active>1</active>
</city>
<city>
<id>403190</id>
<name>Atmautluak</name>
<state>AK</state>
<rating>1</rating>
<url>http://www.greatschools.org/city/Atmautluak/AK</url>
<lat>60.8597</lat>
<lon>-162.276</lon>
<active>1</active>
</city>
<city>
<id>403067</id>
<name>Atqasuk</name>
<state>AK</state>
<rating/>
<url>http://www.greatschools.org/city/Atqasuk/AK</url>
<lat>70.4884</lat>
<lon>-157.351</lon>
<active>1</active>
</city>
<city>
<id>403066</id>
<name>Barrow</name>
<state>AK</state>
<rating>3</rating>
<url>http://www.greatschools.org/city/Barrow/AK</url>
<lat>71.296</lat>
<lon>-156.757</lon>
<active>1</active>
</city>
<city>
<id>403012</id>
<name>Beaver</name>
<state>AK</state>
<rating/>
<url>http://www.greatschools.org/city/Beaver/AK</url>
<lat>66.3601</lat>
<lon>-147.37</lon>
<active>1</active>
</city>
<city>
<id>402992</id>
<name>Bethel</name>
<state>AK</state>
<rating>3</rating>
<url>http://www.greatschools.org/city/Bethel/AK</url>
<lat>60.7777</lat>
<lon>-161.778</lon>
<active>1</active>
</city>
<city>
<id>402981</id>
<name>Big Lake</name>
<state>AK</state>
<rating>5</rating>
<url>http://www.greatschools.org/city/Big_Lake/AK</url>
<lat>61.5369</lat>
<lon>-149.863</lon>
<active>1</active>
</city>
<city>
<id>403139</id>
<name>Brevig Mission</name>
<state>AK</state>
<rating>1</rating>
<url>http://www.greatschools.org/city/Brevig_Mission/AK</url>
<lat>65.3375</lat>
<lon>-166.488</lon>
<active>1</active>
</city>
<city>
<id>403059</id>
<name>Buckland</name>
<state>AK</state>
<rating>3</rating>
<url>http://www.greatschools.org/city/Buckland/AK</url>
<lat>65.9772</lat>
<lon>-161.129</lon>
<active>1</active>
</city>
<city>
<id>403020</id>
<name>Cantwell</name>
<state>AK</state>
<rating/>
<url>http://www.greatschools.org/city/Cantwell/AK</url>
<lat>63.398</lat>
<lon>-148.866</lon>
<active>1</active>
</city>
<city>
<id>403013</id>
<name>Central</name>
<state>AK</state>
<rating/>
<url>http://www.greatschools.org/city/Central/AK</url>
<lat>65.5299</lat>
<lon>-144.718</lon>
<active>1</active>
</city>
<city>
<id>403018</id>
<name>Chalkyitsik</name>
<state>AK</state>
<rating/>
<url>http://www.greatschools.org/city/Chalkyitsik/AK</url>
<lat>66.6429</lat>
<lon>-143.767</lon>
<active>1</active>
</city>
<city>
<id>403189</id>
<name>Chefornak</name>
<state>AK</state>
<rating>1</rating>
<url>http://www.greatschools.org/city/Chefornak/AK</url>
<lat>60.1635</lat>
<lon>-164.26</lon>
<active>1</active>
</city>
<city>
<id>403008</id>
<name>Chenega Bay</name>
<state>AK</state>
<rating/>
<url>http://www.greatschools.org/city/Chenega_Bay/AK</url>
<lat>60.0764</lat>
<lon>-148.018</lon>
<active>1</active>
</city>
<city>
<id>403159</id>
<name>Chevak</name>
<state>AK</state>
<rating>2</rating>
<url>http://www.greatschools.org/city/Chevak/AK</url>
<lat>61.5292</lat>
<lon>-165.587</lon>
<active>1</active>
</city>
<city>
<id>403097</id>
<name>Chignik Bay</name>
<state>AK</state>
<rating/>
<url>http://www.greatschools.org/city/Chignik_Bay/AK</url>
<lat>56.289</lat>
<lon>-158.397</lon>
<active>1</active>
</city>
<city>
<id>403096</id>
<name>Chignik Lagoon</name>
<state>AK</state>
<rating/>
<url>http://www.greatschools.org/city/Chignik_Lagoon/AK</url>
<lat>56.3052</lat>
<lon>-158.512</lon>
<active>1</active>
</city>
<city>
<id>403095</id>
<name>Chignik Lake</name>
<state>AK</state>
<rating/>
<url>http://www.greatschools.org/city/Chignik_Lake/AK</url>
<lat>56.2365</lat>
<lon>-158.752</lon>
<active>1</active>
</city>
<city>
<id>403102</id>
<name>Chiniak</name>
<state>AK</state>
<rating/>
<url>http://www.greatschools.org/city/Chiniak/AK</url>
<lat>57.5729</lat>
<lon>-152.282</lon>
<active>1</active>
</city>
<city>
<id>403029</id>
<name>Chuathbaluk</name>
<state>AK</state>
<rating/>
<url>http://www.greatschools.org/city/Chuathbaluk/AK</url>
<lat>61.5783</lat>
<lon>-159.243</lon>
<active>1</active>
</city>
<city>
<id>402972</id>
<name>Chugiak</name>
<state>AK</state>
<rating>8</rating>
<url>http://www.greatschools.org/city/Chugiak/AK</url>
<lat>61.4094</lat>
<lon>-149.454</lon>
<active>1</active>
</city>
<city>
<id>403017</id>
<name>Circle</name>
<state>AK</state>
<rating/>
<url>http://www.greatschools.org/city/Circle/AK</url>
<lat>65.8177</lat>
<lon>-144.108</lon>
<active>1</active>
</city>
<city>
<id>444678</id>
<name>Clam Gulch</name>
<state>AK</state>
<rating/>
<url>http://www.greatschools.org/city/Clam_Gulch/AK</url>
<lat>60.2311</lat>
<lon>-151.394</lon>
<active>1</active>
</city>
<city>
<id>403039</id>
<name>Clarks Point</name>
<state>AK</state>
<rating/>
<url>http://www.greatschools.org/city/Clarks_Point/AK</url>
<lat>58.8562</lat>
<lon>-158.274</lon>
<active>1</active>
</city>
<city>
<id>403044</id>
<name>Coffman Cove</name>
<state>AK</state>
<rating/>
<url>http://www.greatschools.org/city/Coffman_Cove/AK</url>
<lat>56.0098</lat>
<lon>-132.832</lon>
<active>1</active>
</city>
<city>
<id>403157</id>
<name>Cold Bay</name>
<state>AK</state>
<rating/>
<url>http://www.greatschools.org/city/Cold_Bay/AK</url>
<lat>55.2062</lat>
<lon>-162.713</lon>
<active>1</active>
</city>
<city>
<id>403116</id>
<name>Cooper Landing</name>
<state>AK</state>
<rating/>
<url>http://www.greatschools.org/city/Cooper_Landing/AK</url>
<lat>60.4904</lat>
<lon>-149.809</lon>
<active>1</active>
</city>
<city>
<id>402976</id>
<name>Copper Center</name>
<state>AK</state>
<rating>8</rating>
<url>http://www.greatschools.org/city/Copper_Center/AK</url>
<lat>61.9732</lat>
<lon>-145.322</lon>
<active>1</active>
</city>
<city>
<id>403126</id>
<name>Cordova</name>
<state>AK</state>
<rating>7</rating>
<url>http://www.greatschools.org/city/Cordova/AK</url>
<lat>60.5441</lat>
<lon>-145.745</lon>
<active>1</active>
</city>
<city>
<id>402985</id>
<name>Craig</name>
<state>AK</state>
<rating>7</rating>
<url>http://www.greatschools.org/city/Craig/AK</url>
<lat>55.4783</lat>
<lon>-133.136</lon>
<active>1</active>
</city>
<city>
<id>403028</id>
<name>Crooked Creek</name>
<state>AK</state>
<rating/>
<url>http://www.greatschools.org/city/Crooked_Creek/AK</url>
<lat>61.8684</lat>
<lon>-158.098</lon>
<active>1</active>
</city>
<city>
<id>403058</id>
<name>Deering</name>
<state>AK</state>
<rating/>
<url>http://www.greatschools.org/city/Deering/AK</url>
<lat>66.0834</lat>
<lon>-162.753</lon>
<active>1</active>
</city>
<city>
<id>402974</id>
<name>Delta Junction</name>
<state>AK</state>
<rating/>
<url>http://www.greatschools.org/city/Delta_Junction/AK</url>
<lat>64.0539</lat>
<lon>-145.71</lon>
<active>1</active>
</city>
<city>
<id>402995</id>
<name>Dillingham</name>
<state>AK</state>
<rating>4</rating>
<url>http://www.greatschools.org/city/Dillingham/AK</url>
<lat>59.0475</lat>
<lon>-158.516</lon>
<active>1</active>
</city>
<city>
<id>403135</id>
<name>Diomede</name>
<state>AK</state>
<rating/>
<url>http://www.greatschools.org/city/Diomede/AK</url>
<lat>65.753</lat>
<lon>-168.927</lon>
<active>1</active>
</city>
<city>
<id>403133</id>
<name>Dot Lake</name>
<state>AK</state>
<rating/>
<url>http://www.greatschools.org/city/Dot_Lake/AK</url>
<lat>63.6471</lat>
<lon>-144.109</lon>
<active>1</active>
</city>
<city>
<id>403132</id>
<name>Eagle</name>
<state>AK</state>
<rating/>
<url>http://www.greatschools.org/city/Eagle/AK</url>
<lat>64.784</lat>
<lon>-141.201</lon>
<active>1</active>
</city>
<city>
<id>402971</id>
<name>Eagle River</name>
<state>AK</state>
<rating>9</rating>
<url>http://www.greatschools.org/city/Eagle_River/AK</url>
<lat>61.3156</lat>
<lon>-149.529</lon>
<active>1</active>
</city>
<city>
<id>444080</id>
<name>Edna Bay</name>
<state>AK</state>
<rating/>
<url>http://www.greatschools.org/city/Edna_Bay/AK</url>
<lat>55.9772</lat>
<lon>-133.634</lon>
<active>1</active>
</city>
<city>
<id>403182</id>
<name>Eek</name>
<state>AK</state>
<rating>2</rating>
<url>http://www.greatschools.org/city/Eek/AK</url>
<lat>60.216</lat>
<lon>-162.024</lon>
<active>1</active>
</city>
<city>
<id>403094</id>
<name>Egegik</name>
<state>AK</state>
<rating/>
<url>http://www.greatschools.org/city/Egegik/AK</url>
<lat>58.1944</lat>
<lon>-157.365</lon>
<active>1</active>
</city>
<city>
<id>403069</id>
<name>Eielson AFB</name>
<state>AK</state>
<rating>8</rating>
<url>http://www.greatschools.org/city/Eielson_AFB/AK</url>
<lat>64.6698</lat>
<lon>-147.024</lon>
<active>1</active>
</city>
<city>
<id>403034</id>
<name>Ekwok</name>
<state>AK</state>
<rating/>
<url>http://www.greatschools.org/city/Ekwok/AK</url>
<lat>59.3573</lat>
<lon>-157.48</lon>
<active>1</active>
</city>
<city>
<id>403141</id>
<name>Elim</name>
<state>AK</state>
<rating>2</rating>
<url>http://www.greatschools.org/city/Elim/AK</url>
<lat>64.6188</lat>
<lon>-162.249</lon>
<active>1</active>
</city>
<city>
<id>403171</id>
<name>Emmonak</name>
<state>AK</state>
<rating>2</rating>
<url>http://www.greatschools.org/city/Emmonak/AK</url>
<lat>62.7806</lat>
<lon>-164.541</lon>
<active>1</active>
</city>
<city>
<id>402966</id>
<name>Fairbanks</name>
<state>AK</state>
<rating>6</rating>
<url>http://www.greatschools.org/city/Fairbanks/AK</url>
<lat>64.8395</lat>
<lon>-147.706</lon>
<active>1</active>
</city>
<city>
<id>403156</id>
<name>False Pass</name>
<state>AK</state>
<rating/>
<url>http://www.greatschools.org/city/False_Pass/AK</url>
<lat>54.851</lat>
<lon>-163.416</lon>
<active>1</active>
</city>
<city>
<id>444078</id>
<name>Fort Greely</name>
<state>AK</state>
<rating>7</rating>
<url>http://www.greatschools.org/city/Fort_Greely/AK</url>
<lat>63.9028</lat>
<lon>-145.624</lon>
<active>1</active>
</city>
<city>
<id>403070</id>
<name>Fort Wainwright</name>
<state>AK</state>
<rating>4</rating>
<url>http://www.greatschools.org/city/Fort_Wainwright/AK</url>
<lat>64.8276</lat>
<lon>-147.623</lon>
<active>1</active>
</city>
<city>
<id>403016</id>
<name>Fort Yukon</name>
<state>AK</state>
<rating>3</rating>
<url>http://www.greatschools.org/city/Fort_Yukon/AK</url>
<lat>66.5622</lat>
<lon>-145.258</lon>
<active>1</active>
</city>
<city>
<id>403105</id>
<name>Fritz Creek</name>
<state>AK</state>
<rating/>
<url>http://www.greatschools.org/city/Fritz_Creek/AK</url>
<lat>59.7298</lat>
<lon>-151.311</lon>
<active>1</active>
</city>
<city>
<id>403125</id>
<name>Gakona</name>
<state>AK</state>
<rating/>
<url>http://www.greatschools.org/city/Gakona/AK</url>
<lat>62.3148</lat>
<lon>-145.281</lon>
<active>1</active>
</city>
<city>
<id>403122</id>
<name>Galena</name>
<state>AK</state>
<rating>4</rating>
<url>http://www.greatschools.org/city/Galena/AK</url>
<lat>64.7432</lat>
<lon>-156.879</lon>
<active>1</active>
</city>
<city>
<id>403149</id>
<name>Gambell</name>
<state>AK</state>
<rating>3</rating>
<url>http://www.greatschools.org/city/Gambell/AK</url>
<lat>63.7519</lat>
<lon>-171.69</lon>
<active>1</active>
</city>
<city>
<id>403121</id>
<name>Girdwood</name>
<state>AK</state>
<rating>9</rating>
<url>http://www.greatschools.org/city/Girdwood/AK</url>
<lat>60.9632</lat>
<lon>-149.126</lon>
<active>1</active>
</city>
<city>
<id>403124</id>
<name>Glennallen</name>
<state>AK</state>
<rating>8</rating>
<url>http://www.greatschools.org/city/Glennallen/AK</url>
<lat>62.1177</lat>
<lon>-145.773</lon>
<active>1</active>
</city>
<city>
<id>403140</id>
<name>Golovin</name>
<state>AK</state>
<rating/>
<url>http://www.greatschools.org/city/Golovin/AK</url>
<lat>64.564</lat>
<lon>-163.001</lon>
<active>1</active>
</city>
<city>
<id>403174</id>
<name>Goodnews Bay</name>
<state>AK</state>
<rating/>
<url>http://www.greatschools.org/city/Goodnews_Bay/AK</url>
<lat>59.1167</lat>
<lon>-161.553</lon>
<active>1</active>
</city>
<city>
<id>403077</id>
<name>Grayling</name>
<state>AK</state>
<rating/>
<url>http://www.greatschools.org/city/Grayling/AK</url>
<lat>62.9045</lat>
<lon>-160.08</lon>
<active>1</active>
</city>
<city>
<id>403031</id>
<name>Gustavus</name>
<state>AK</state>
<rating/>
<url>http://www.greatschools.org/city/Gustavus/AK</url>
<lat>58.4274</lat>
<lon>-135.732</lon>
<active>1</active>
</city>
<city>
<id>402994</id>
<name>Haines</name>
<state>AK</state>
<rating>8</rating>
<url>http://www.greatschools.org/city/Haines/AK</url>
<lat>59.2402</lat>
<lon>-135.448</lon>
<active>1</active>
</city>
<city>
<id>402980</id>
<name>Healy</name>
<state>AK</state>
<rating>7</rating>
<url>http://www.greatschools.org/city/Healy/AK</url>
<lat>63.8963</lat>
<lon>-149.072</lon>
<active>1</active>
</city>
<city>
<id>403042</id>
<name>Hollis</name>
<state>AK</state>
<rating/>
<url>http://www.greatschools.org/city/Hollis/AK</url>
<lat>55.4969</lat>
<lon>-132.649</lon>
<active>1</active>
</city>
<city>
<id>403076</id>
<name>Holy Cross</name>
<state>AK</state>
<rating/>
<url>http://www.greatschools.org/city/Holy_Cross/AK</url>
<lat>62.1922</lat>
<lon>-159.805</lon>
<active>1</active>
</city>
<city>
<id>403107</id>
<name>Homer</name>
<state>AK</state>
<rating>8</rating>
<url>http://www.greatschools.org/city/Homer/AK</url>
<lat>59.6483</lat>
<lon>-151.532</lon>
<active>1</active>
</city>
<city>
<id>402996</id>
<name>Hoonah</name>
<state>AK</state>
<rating>3</rating>
<url>http://www.greatschools.org/city/Hoonah/AK</url>
<lat>58.1105</lat>
<lon>-135.432</lon>
<active>1</active>
</city>
<city>
<id>403169</id>
<name>Hooper Bay</name>
<state>AK</state>
<rating>2</rating>
<url>http://www.greatschools.org/city/Hooper_Bay/AK</url>
<lat>61.5318</lat>
<lon>-166.109</lon>
<active>1</active>
</city>
<city>
<id>403114</id>
<name>Hope</name>
<state>AK</state>
<rating/>
<url>http://www.greatschools.org/city/Hope/AK</url>
<lat>60.9073</lat>
<lon>-149.621</lon>
<active>1</active>
</city>
<city>
<id>444458</id>
<name>Houston</name>
<state>AK</state>
<rating>5</rating>
<url>http://www.greatschools.org/city/Houston/AK</url>
<lat>61.6165</lat>
<lon>-149.772</lon>
<active>1</active>
</city>
<city>
<id>403004</id>
<name>Hughes</name>
<state>AK</state>
<rating/>
<url>http://www.greatschools.org/city/Hughes/AK</url>
<lat>66.0304</lat>
<lon>-154.284</lon>
<active>1</active>
</city>
<city>
<id>403003</id>
<name>Huslia</name>
<state>AK</state>
<rating>5</rating>
<url>http://www.greatschools.org/city/Huslia/AK</url>
<lat>65.6978</lat>
<lon>-156.322</lon>
<active>1</active>
</city>
<city>
<id>403119</id>
<name>Hydaburg</name>
<state>AK</state>
<rating/>
<url>http://www.greatschools.org/city/Hydaburg/AK</url>
<lat>55.2094</lat>
<lon>-132.823</lon>
<active>1</active>
</city>
<city>
<id>402986</id>
<name>Hyder</name>
<state>AK</state>
<rating/>
<url>http://www.greatschools.org/city/Hyder/AK</url>
<lat>55.939</lat>
<lon>-130.045</lon>
<active>1</active>
</city>
<city>
<id>403093</id>
<name>Igiugig</name>
<state>AK</state>
<rating/>
<url>http://www.greatschools.org/city/Igiugig/AK</url>
<lat>59.3128</lat>
<lon>-155.876</lon>
<active>1</active>
</city>
<city>
<id>403091</id>
<name>Iliamna</name>
<state>AK</state>
<rating/>
<url>http://www.greatschools.org/city/Iliamna/AK</url>
<lat>59.7631</lat>
<lon>-154.855</lon>
<active>1</active>
</city>
<city>
<id>444459</id>
<name>JBER</name>
<state>AK</state>
<rating>7</rating>
<url>http://www.greatschools.org/city/JBER/AK</url>
<lat>61.2359</lat>
<lon>-149.87</lon>
<active>1</active>
</city>
<city>
<id>402969</id>
<name>Juneau</name>
<state>AK</state>
<rating>6</rating>
<url>http://www.greatschools.org/city/Juneau/AK</url>
<lat>58.3566</lat>
<lon>-134.526</lon>
<active>1</active>
</city>
<city>
<id>403118</id>
<name>Kake</name>
<state>AK</state>
<rating>5</rating>
<url>http://www.greatschools.org/city/Kake/AK</url>
<lat>56.9776</lat>
<lon>-133.926</lon>
<active>1</active>
</city>
<city>
<id>403065</id>
<name>Kaktovik</name>
<state>AK</state>
<rating/>
<url>http://www.greatschools.org/city/Kaktovik/AK</url>
<lat>70.0432</lat>
<lon>-143.643</lon>
<active>1</active>
</city>
<city>
<id>403022</id>
<name>Kalskag</name>
<state>AK</state>
<rating>2</rating>
<url>http://www.greatschools.org/city/Kalskag/AK</url>
<lat>61.544</lat>
<lon>-160.331</lon>
<active>1</active>
</city>
<city>
<id>403002</id>
<name>Kaltag</name>
<state>AK</state>
<rating/>
<url>http://www.greatschools.org/city/Kaltag/AK</url>
<lat>64.3362</lat>
<lon>-158.704</lon>
<active>1</active>
</city>
<city>
<id>402989</id>
<name>Karluk</name>
<state>AK</state>
<rating/>
<url>http://www.greatschools.org/city/Karluk/AK</url>
<lat>57.5608</lat>
<lon>-154.357</lon>
<active>1</active>
</city>
<city>
<id>444225</id>
<name>Kasaan</name>
<state>AK</state>
<rating/>
<url>http://www.greatschools.org/city/Kasaan/AK</url>
<lat>55.547</lat>
<lon>-132.413</lon>
<active>1</active>
</city>
<city>
<id>403173</id>
<name>Kasigluk</name>
<state>AK</state>
<rating>2</rating>
<url>http://www.greatschools.org/city/Kasigluk/AK</url>
<lat>60.8803</lat>
<lon>-162.517</lon>
<active>1</active>
</city>
<city>
<id>403108</id>
<name>Kasilof</name>
<state>AK</state>
<rating>8</rating>
<url>http://www.greatschools.org/city/Kasilof/AK</url>
<lat>60.3339</lat>
<lon>-151.239</lon>
<active>1</active>
</city>
<city>
<id>402968</id>
<name>Kenai</name>
<state>AK</state>
<rating>8</rating>
<url>http://www.greatschools.org/city/Kenai/AK</url>
<lat>60.5595</lat>
<lon>-151.23</lon>
<active>1</active>
</city>
<city>
<id>402975</id>
<name>Ketchikan</name>
<state>AK</state>
<rating>6</rating>
<url>http://www.greatschools.org/city/Ketchikan/AK</url>
<lat>55.354</lat>
<lon>-131.672</lon>
<active>1</active>
</city>
<city>
<id>403057</id>
<name>Kiana</name>
<state>AK</state>
<rating>1</rating>
<url>http://www.greatschools.org/city/Kiana/AK</url>
<lat>66.9736</lat>
<lon>-160.441</lon>
<active>1</active>
</city>
<city>
<id>403154</id>
<name>King Cove</name>
<state>AK</state>
<rating>6</rating>
<url>http://www.greatschools.org/city/King_Cove/AK</url>
<lat>55.0598</lat>
<lon>-162.295</lon>
<active>1</active>
</city>
<city>
<id>403083</id>
<name>King Salmon</name>
<state>AK</state>
<rating/>
<url>http://www.greatschools.org/city/King_Salmon/AK</url>
<lat>58.7288</lat>
<lon>-156.605</lon>
<active>1</active>
</city>
<city>
<id>403188</id>
<name>Kipnuk</name>
<state>AK</state>
<rating>2</rating>
<url>http://www.greatschools.org/city/Kipnuk/AK</url>
<lat>59.9342</lat>
<lon>-164.041</lon>
<active>1</active>
</city>
<city>
<id>403055</id>
<name>Kivalina</name>
<state>AK</state>
<rating>2</rating>
<url>http://www.greatschools.org/city/Kivalina/AK</url>
<lat>67.737</lat>
<lon>-164.563</lon>
<active>1</active>
</city>
<city>
<id>403104</id>
<name>Klawock</name>
<state>AK</state>
<rating>5</rating>
<url>http://www.greatschools.org/city/Klawock/AK</url>
<lat>55.5558</lat>
<lon>-133.084</lon>
<active>1</active>
</city>
<city>
<id>444460</id>
<name>Klukwan</name>
<state>AK</state>
<rating/>
<url>http://www.greatschools.org/city/Klukwan/AK</url>
<lat>59.3982</lat>
<lon>-135.89</lon>
<active>1</active>
</city>
<city>
<id>403056</id>
<name>Kobuk</name>
<state>AK</state>
<rating/>
<url>http://www.greatschools.org/city/Kobuk/AK</url>
<lat>66.9201</lat>
<lon>-156.882</lon>
<active>1</active>
</city>
<city>
<id>402965</id>
<name>Kodiak</name>
<state>AK</state>
<rating>7</rating>
<url>http://www.greatschools.org/city/Kodiak/AK</url>
<lat>57.8045</lat>
<lon>-152.401</lon>
<active>1</active>
</city>
<city>
<id>403092</id>
<name>Kokhanok</name>
<state>AK</state>
<rating/>
<url>http://www.greatschools.org/city/Kokhanok/AK</url>
<lat>59.4367</lat>
<lon>-154.761</lon>
<active>1</active>
</city>
<city>
<id>403038</id>
<name>Koliganek</name>
<state>AK</state>
<rating/>
<url>http://www.greatschools.org/city/Koliganek/AK</url>
<lat>59.7184</lat>
<lon>-157.257</lon>
<active>1</active>
</city>
<city>
<id>403187</id>
<name>Kongiganak</name>
<state>AK</state>
<rating>1</rating>
<url>http://www.greatschools.org/city/Kongiganak/AK</url>
<lat>59.9583</lat>
<lon>-162.881</lon>
<active>1</active>
</city>
<city>
<id>403165</id>
<name>Kotlik</name>
<state>AK</state>
<rating>2</rating>
<url>http://www.greatschools.org/city/Kotlik/AK</url>
<lat>63.0309</lat>
<lon>-163.539</lon>
<active>1</active>
</city>
<city>
<id>402978</id>
<name>Kotzebue</name>
<state>AK</state>
<rating>4</rating>
<url>http://www.greatschools.org/city/Kotzebue/AK</url>
<lat>66.8969</lat>
<lon>-162.583</lon>
<active>1</active>
</city>
<city>
<id>403148</id>
<name>Koyuk</name>
<state>AK</state>
<rating/>
<url>http://www.greatschools.org/city/Koyuk/AK</url>
<lat>64.9315</lat>
<lon>-161.158</lon>
<active>1</active>
</city>
<city>
<id>403001</id>
<name>Koyukuk</name>
<state>AK</state>
<rating/>
<url>http://www.greatschools.org/city/Koyukuk/AK</url>
<lat>64.8947</lat>
<lon>-157.684</lon>
<active>1</active>
</city>
<city>
<id>403179</id>
<name>Kwethluk</name>
<state>AK</state>
<rating>2</rating>
<url>http://www.greatschools.org/city/Kwethluk/AK</url>
<lat>60.7885</lat>
<lon>-161.416</lon>
<active>1</active>
</city>
<city>
<id>403186</id>
<name>Kwigillingok</name>
<state>AK</state>
<rating>2</rating>
<url>http://www.greatschools.org/city/Kwigillingok/AK</url>
<lat>59.8758</lat>
<lon>-163.185</lon>
<active>1</active>
</city>
<city>
<id>403101</id>
<name>Larsen Bay</name>
<state>AK</state>
<rating/>
<url>http://www.greatschools.org/city/Larsen_Bay/AK</url>
<lat>57.5591</lat>
<lon>-154.01</lon>
<active>1</active>
</city>
<city>
<id>403084</id>
<name>Levelock</name>
<state>AK</state>
<rating/>
<url>http://www.greatschools.org/city/Levelock/AK</url>
<lat>59.1082</lat>
<lon>-156.866</lon>
<active>1</active>
</city>
<city>
<id>403027</id>
<name>Lower Kalskag</name>
<state>AK</state>
<rating>1</rating>
<url>http://www.greatschools.org/city/Lower_Kalskag/AK</url>
<lat>61.5151</lat>
<lon>-160.363</lon>
<active>1</active>
</city>
<city>
<id>403000</id>
<name>Manley Hot Springs</name>
<state>AK</state>
<rating/>
<url>http://www.greatschools.org/city/Manley_Hot_Springs/AK</url>
<lat>64.984</lat>
<lon>-150.644</lon>
<active>1</active>
</city>
<city>
<id>403037</id>
<name>Manokotak</name>
<state>AK</state>
<rating>2</rating>
<url>http://www.greatschools.org/city/Manokotak/AK</url>
<lat>58.9901</lat>
<lon>-159.027</lon>
<active>1</active>
</city>
<city>
<id>403170</id>
<name>Marshall</name>
<state>AK</state>
<rating>2</rating>
<url>http://www.greatschools.org/city/Marshall/AK</url>
<lat>61.8774</lat>
<lon>-162.082</lon>
<active>1</active>
</city>
<city>
<id>441940</id>
<name>McGrath</name>
<state>AK</state>
<rating/>
<url>http://www.greatschools.org/city/McGrath/AK</url>
<lat>61.3334</lat>
<lon>-155.242</lon>
<active>1</active>
</city>
<city>
<id>444461</id>
<name>Meadow Lakes</name>
<state>AK</state>
<rating>7</rating>
<url>http://www.greatschools.org/city/Meadow_Lakes/AK</url>
<lat>61.6382</lat>
<lon>-149.61</lon>
<active>1</active>
</city>
<city>
<id>403180</id>
<name>Mekoryuk</name>
<state>AK</state>
<rating>5</rating>
<url>http://www.greatschools.org/city/Mekoryuk/AK</url>
<lat>60.3857</lat>
<lon>-166.22</lon>
<active>1</active>
</city>
<city>
<id>403131</id>
<name>Mentasta Lake</name>
<state>AK</state>
<rating/>
<url>http://www.greatschools.org/city/Mentasta_Lake/AK</url>
<lat>62.9256</lat>
<lon>-143.698</lon>
<active>1</active>
</city>
<city>
<id>402977</id>
<name>Metlakatla</name>
<state>AK</state>
<rating>6</rating>
<url>http://www.greatschools.org/city/Metlakatla/AK</url>
<lat>55.1267</lat>
<lon>-131.585</lon>
<active>1</active>
</city>
<city>
<id>402999</id>
<name>Minto</name>
<state>AK</state>
<rating/>
<url>http://www.greatschools.org/city/Minto/AK</url>
<lat>65.1478</lat>
<lon>-149.367</lon>
<active>1</active>
</city>
<city>
<id>403113</id>
<name>Moose Pass</name>
<state>AK</state>
<rating/>
<url>http://www.greatschools.org/city/Moose_Pass/AK</url>
<lat>60.4951</lat>
<lon>-149.427</lon>
<active>1</active>
</city>
<city>
<id>403168</id>
<name>Mountain Village</name>
<state>AK</state>
<rating>2</rating>
<url>http://www.greatschools.org/city/Mountain_Village/AK</url>
<lat>62.0944</lat>
<lon>-163.729</lon>
<active>1</active>
</city>
<city>
<id>403134</id>
<name>Naknek</name>
<state>AK</state>
<rating>7</rating>
<url>http://www.greatschools.org/city/Naknek/AK</url>
<lat>58.7541</lat>
<lon>-156.929</lon>
<active>1</active>
</city>
<city>
<id>403115</id>
<name>Nanwalek</name>
<state>AK</state>
<rating>2</rating>
<url>http://www.greatschools.org/city/Nanwalek/AK</url>
<lat>59.3518</lat>
<lon>-151.916</lon>
<active>1</active>
</city>
<city>
<id>443565</id>
<name>Napakiak</name>
<state>AK</state>
<rating>1</rating>
<url>http://www.greatschools.org/city/Napakiak/AK</url>
<lat>60.6632</lat>
<lon>-161.963</lon>
<active>1</active>
</city>
<city>
<id>403175</id>
<name>Napaskiak</name>
<state>AK</state>
<rating>2</rating>
<url>http://www.greatschools.org/city/Napaskiak/AK</url>
<lat>60.6696</lat>
<lon>-161.769</lon>
<active>1</active>
</city>
<city>
<id>444076</id>
<name>Naukati</name>
<state>AK</state>
<rating/>
<url>http://www.greatschools.org/city/Naukati/AK</url>
<lat>55.8158</lat>
<lon>-132.959</lon>
<active>1</active>
</city>
<city>
<id>403155</id>
<name>Nelson Lagoon</name>
<state>AK</state>
<rating/>
<url>http://www.greatschools.org/city/Nelson_Lagoon/AK</url>
<lat>55.8706</lat>
<lon>-161.599</lon>
<active>1</active>
</city>
<city>
<id>403071</id>
<name>Nenana</name>
<state>AK</state>
<rating>5</rating>
<url>http://www.greatschools.org/city/Nenana/AK</url>
<lat>64.5568</lat>
<lon>-149.085</lon>
<active>1</active>
</city>
<city>
<id>403036</id>
<name>New Stuyahok</name>
<state>AK</state>
<rating>2</rating>
<url>http://www.greatschools.org/city/New_Stuyahok/AK</url>
<lat>59.481</lat>
<lon>-157.267</lon>
<active>1</active>
</city>
<city>
<id>403178</id>
<name>Newtok</name>
<state>AK</state>
<rating>2</rating>
<url>http://www.greatschools.org/city/Newtok/AK</url>
<lat>60.9327</lat>
<lon>-164.627</lon>
<active>1</active>
</city>
<city>
<id>403176</id>
<name>Nightmute</name>
<state>AK</state>
<rating/>
<url>http://www.greatschools.org/city/Nightmute/AK</url>
<lat>60.5067</lat>
<lon>-164.789</lon>
<active>1</active>
</city>
<city>
<id>403106</id>
<name>Nikiski</name>
<state>AK</state>
<rating>6</rating>
<url>http://www.greatschools.org/city/Nikiski/AK</url>
<lat>60.6993</lat>
<lon>-151.291</lon>
<active>1</active>
</city>
<city>
<id>444077</id>
<name>Nikolaevsk</name>
<state>AK</state>
<rating>8</rating>
<url>http://www.greatschools.org/city/Nikolaevsk/AK</url>
<lat>59.8125</lat>
<lon>-151.614</lon>
<active>1</active>
</city>
<city>
<id>403074</id>
<name>Nikolai</name>
<state>AK</state>
<rating/>
<url>http://www.greatschools.org/city/Nikolai/AK</url>
<lat>63.0185</lat>
<lon>-154.369</lon>
<active>1</active>
</city>
<city>
<id>403150</id>
<name>Nikolski</name>
<state>AK</state>
<rating/>
<url>http://www.greatschools.org/city/Nikolski/AK</url>
<lat>52.9426</lat>
<lon>-168.858</lon>
<active>1</active>
</city>
<city>
<id>403111</id>
<name>Ninilchik</name>
<state>AK</state>
<rating>7</rating>
<url>http://www.greatschools.org/city/Ninilchik/AK</url>
<lat>60.0662</lat>
<lon>-151.569</lon>
<active>1</active>
</city>
<city>
<id>403054</id>
<name>Noatak</name>
<state>AK</state>
<rating>2</rating>
<url>http://www.greatschools.org/city/Noatak/AK</url>
<lat>67.581</lat>
<lon>-162.971</lon>
<active>1</active>
</city>
<city>
<id>402987</id>
<name>Nome</name>
<state>AK</state>
<rating>4</rating>
<url>http://www.greatschools.org/city/Nome/AK</url>
<lat>64.5029</lat>
<lon>-165.399</lon>
<active>1</active>
</city>
<city>
<id>403090</id>
<name>Nondalton</name>
<state>AK</state>
<rating/>
<url>http://www.greatschools.org/city/Nondalton/AK</url>
<lat>59.9737</lat>
<lon>-154.857</lon>
<active>1</active>
</city>
<city>
<id>403053</id>
<name>Noorvik</name>
<state>AK</state>
<rating>2</rating>
<url>http://www.greatschools.org/city/Noorvik/AK</url>
<lat>66.8308</lat>
<lon>-161.035</lon>
<active>1</active>
</city>
<city>
<id>402970</id>
<name>North Pole</name>
<state>AK</state>
<rating>6</rating>
<url>http://www.greatschools.org/city/North_Pole/AK</url>
<lat>64.7495</lat>
<lon>-147.345</lon>
<active>1</active>
</city>
<city>
<id>403130</id>
<name>Northway</name>
<state>AK</state>
<rating/>
<url>http://www.greatschools.org/city/Northway/AK</url>
<lat>62.9506</lat>
<lon>-141.859</lon>
<active>1</active>
</city>
<city>
<id>403064</id>
<name>Nuiqsut</name>
<state>AK</state>
<rating>2</rating>
<url>http://www.greatschools.org/city/Nuiqsut/AK</url>
<lat>70.1915</lat>
<lon>-150.998</lon>
<active>1</active>
</city>
<city>
<id>402998</id>
<name>Nulato</name>
<state>AK</state>
<rating/>
<url>http://www.greatschools.org/city/Nulato/AK</url>
<lat>64.7344</lat>
<lon>-158.105</lon>
<active>1</active>
</city>
<city>
<id>403184</id>
<name>Nunapitchuk</name>
<state>AK</state>
<rating>2</rating>
<url>http://www.greatschools.org/city/Nunapitchuk/AK</url>
<lat>60.8923</lat>
<lon>-162.458</lon>
<active>1</active>
</city>
<city>
<id>403100</id>
<name>Old Harbor</name>
<state>AK</state>
<rating/>
<url>http://www.greatschools.org/city/Old_Harbor/AK</url>
<lat>57.2152</lat>
<lon>-153.321</lon>
<active>1</active>
</city>
<city>
<id>403098</id>
<name>Ouzinkie</name>
<state>AK</state>
<rating/>
<url>http://www.greatschools.org/city/Ouzinkie/AK</url>
<lat>57.9296</lat>
<lon>-152.467</lon>
<active>1</active>
</city>
<city>
<id>402988</id>
<name>Palmer</name>
<state>AK</state>
<rating>8</rating>
<url>http://www.greatschools.org/city/Palmer/AK</url>
<lat>61.6052</lat>
<lon>-149.117</lon>
<active>1</active>
</city>
<city>
<id>444681</id>
<name>Paxson</name>
<state>AK</state>
<rating/>
<url>http://www.greatschools.org/city/Paxson/AK</url>
<lat>63.0322</lat>
<lon>-145.497</lon>
<active>1</active>
</city>
<city>
<id>403089</id>
<name>Pedro Bay</name>
<state>AK</state>
<rating/>
<url>http://www.greatschools.org/city/Pedro_Bay/AK</url>
<lat>59.7839</lat>
<lon>-154.135</lon>
<active>1</active>
</city>
<city>
<id>403050</id>
<name>Pelican</name>
<state>AK</state>
<rating/>
<url>http://www.greatschools.org/city/Pelican/AK</url>
<lat>57.9579</lat>
<lon>-136.216</lon>
<active>1</active>
</city>
<city>
<id>403088</id>
<name>Perryville</name>
<state>AK</state>
<rating/>
<url>http://www.greatschools.org/city/Perryville/AK</url>
<lat>55.916</lat>
<lon>-159.154</lon>
<active>1</active>
</city>
<city>
<id>403049</id>
<name>Petersburg</name>
<state>AK</state>
<rating>8</rating>
<url>http://www.greatschools.org/city/Petersburg/AK</url>
<lat>56.8014</lat>
<lon>-132.951</lon>
<active>1</active>
</city>
<city>
<id>403087</id>
<name>Pilot Point</name>
<state>AK</state>
<rating/>
<url>http://www.greatschools.org/city/Pilot_Point/AK</url>
<lat>57.565</lat>
<lon>-157.568</lon>
<active>1</active>
</city>
<city>
<id>403166</id>
<name>Pilot Station</name>
<state>AK</state>
<rating>2</rating>
<url>http://www.greatschools.org/city/Pilot_Station/AK</url>
<lat>61.9385</lat>
<lon>-162.885</lon>
<active>1</active>
</city>
<city>
<id>444079</id>
<name>Platinum</name>
<state>AK</state>
<rating/>
<url>http://www.greatschools.org/city/Platinum/AK</url>
<lat>58.9695</lat>
<lon>-161.699</lon>
<active>1</active>
</city>
<city>
<id>403063</id>
<name>Point Hope</name>
<state>AK</state>
<rating>2</rating>
<url>http://www.greatschools.org/city/Point_Hope/AK</url>
<lat>68.3088</lat>
<lon>-166.665</lon>
<active>1</active>
</city>
<city>
<id>403062</id>
<name>Point Lay</name>
<state>AK</state>
<rating>2</rating>
<url>http://www.greatschools.org/city/Point_Lay/AK</url>
<lat>69.7356</lat>
<lon>-162.899</lon>
<active>1</active>
</city>
<city>
<id>403043</id>
<name>Port Alexander</name>
<state>AK</state>
<rating/>
<url>http://www.greatschools.org/city/Port_Alexander/AK</url>
<lat>56.2357</lat>
<lon>-134.65</lon>
<active>1</active>
</city>
<city>
<id>403086</id>
<name>Port Alsworth</name>
<state>AK</state>
<rating/>
<url>http://www.greatschools.org/city/Port_Alsworth/AK</url>
<lat>60.1977</lat>
<lon>-154.274</lon>
<active>1</active>
</city>
<city>
<id>403110</id>
<name>Port Graham</name>
<state>AK</state>
<rating/>
<url>http://www.greatschools.org/city/Port_Graham/AK</url>
<lat>59.3456</lat>
<lon>-151.838</lon>
<active>1</active>
</city>
<city>
<id>403085</id>
<name>Port Heiden</name>
<state>AK</state>
<rating/>
<url>http://www.greatschools.org/city/Port_Heiden/AK</url>
<lat>56.9229</lat>
<lon>-158.625</lon>
<active>1</active>
</city>
<city>
<id>403099</id>
<name>Port Lions</name>
<state>AK</state>
<rating/>
<url>http://www.greatschools.org/city/Port_Lions/AK</url>
<lat>57.8718</lat>
<lon>-152.888</lon>
<active>1</active>
</city>
<city>
<id>403177</id>
<name>Quinhagak</name>
<state>AK</state>
<rating>2</rating>
<url>http://www.greatschools.org/city/Quinhagak/AK</url>
<lat>59.7467</lat>
<lon>-161.894</lon>
<active>1</active>
</city>
<city>
<id>403026</id>
<name>Red Devil</name>
<state>AK</state>
<rating/>
<url>http://www.greatschools.org/city/Red_Devil/AK</url>
<lat>61.7825</lat>
<lon>-157.35</lon>
<active>1</active>
</city>
<city>
<id>402997</id>
<name>Ruby</name>
<state>AK</state>
<rating/>
<url>http://www.greatschools.org/city/Ruby/AK</url>
<lat>64.7306</lat>
<lon>-155.477</lon>
<active>1</active>
</city>
<city>
<id>403167</id>
<name>Russian Mission</name>
<state>AK</state>
<rating/>
<url>http://www.greatschools.org/city/Russian_Mission/AK</url>
<lat>61.7869</lat>
<lon>-161.348</lon>
<active>1</active>
</city>
<city>
<id>445943</id>
<name>Saint Mary's</name>
<state>AK</state>
<rating>4</rating>
<url>http://www.greatschools.org/city/Saint_Mary's/AK</url>
<lat>62.032</lat>
<lon>-163.287</lon>
<active>1</active>
</city>
<city>
<id>441938</id>
<name>Salcha</name>
<state>AK</state>
<rating/>
<url>http://www.greatschools.org/city/Salcha/AK</url>
<lat>64.5426</lat>
<lon>-146.986</lon>
<active>1</active>
</city>
<city>
<id>403153</id>
<name>Sand Point</name>
<state>AK</state>
<rating>5</rating>
<url>http://www.greatschools.org/city/Sand_Point/AK</url>
<lat>55.3402</lat>
<lon>-160.494</lon>
<active>1</active>
</city>
<city>
<id>403147</id>
<name>Savoonga</name>
<state>AK</state>
<rating>2</rating>
<url>http://www.greatschools.org/city/Savoonga/AK</url>
<lat>63.6913</lat>
<lon>-170.482</lon>
<active>1</active>
</city>
<city>
<id>403164</id>
<name>Scammon Bay</name>
<state>AK</state>
<rating>2</rating>
<url>http://www.greatschools.org/city/Scammon_Bay/AK</url>
<lat>61.842</lat>
<lon>-165.581</lon>
<active>1</active>
</city>
<city>
<id>403051</id>
<name>Selawik</name>
<state>AK</state>
<rating>2</rating>
<url>http://www.greatschools.org/city/Selawik/AK</url>
<lat>66.5985</lat>
<lon>-160.02</lon>
<active>1</active>
</city>
<city>
<id>403109</id>
<name>Seldovia</name>
<state>AK</state>
<rating>9</rating>
<url>http://www.greatschools.org/city/Seldovia/AK</url>
<lat>59.439</lat>
<lon>-151.712</lon>
<active>1</active>
</city>
<city>
<id>402984</id>
<name>Seward</name>
<state>AK</state>
<rating>8</rating>
<url>http://www.greatschools.org/city/Seward/AK</url>
<lat>60.1238</lat>
<lon>-149.429</lon>
<active>1</active>
</city>
<city>
<id>403073</id>
<name>Shageluk</name>
<state>AK</state>
<rating/>
<url>http://www.greatschools.org/city/Shageluk/AK</url>
<lat>62.6475</lat>
<lon>-159.526</lon>
<active>1</active>
</city>
<city>
<id>403138</id>
<name>Shaktoolik</name>
<state>AK</state>
<rating/>
<url>http://www.greatschools.org/city/Shaktoolik/AK</url>
<lat>64.3495</lat>
<lon>-161.184</lon>
<active>1</active>
</city>
<city>
<id>403163</id>
<name>Sheldon Point</name>
<state>AK</state>
<rating/>
<url>http://www.greatschools.org/city/Sheldon_Point/AK</url>
<lat>62.5066</lat>
<lon>-164.91</lon>
<active>1</active>
</city>
<city>
<id>403146</id>
<name>Shishmaref</name>
<state>AK</state>
<rating>3</rating>
<url>http://www.greatschools.org/city/Shishmaref/AK</url>
<lat>66.2444</lat>
<lon>-166.101</lon>
<active>1</active>
</city>
<city>
<id>403052</id>
<name>Shungnak</name>
<state>AK</state>
<rating>1</rating>
<url>http://www.greatschools.org/city/Shungnak/AK</url>
<lat>66.8882</lat>
<lon>-157.161</lon>
<active>1</active>
</city>
<city>
<id>402990</id>
<name>Sitka</name>
<state>AK</state>
<rating>7</rating>
<url>http://www.greatschools.org/city/Sitka/AK</url>
<lat>57.0603</lat>
<lon>-135.332</lon>
<active>1</active>
</city>
<city>
<id>403045</id>
<name>Skagway</name>
<state>AK</state>
<rating/>
<url>http://www.greatschools.org/city/Skagway/AK</url>
<lat>59.4703</lat>
<lon>-135.305</lon>
<active>1</active>
</city>
<city>
<id>403123</id>
<name>Slana</name>
<state>AK</state>
<rating/>
<url>http://www.greatschools.org/city/Slana/AK</url>
<lat>62.6863</lat>
<lon>-143.84</lon>
<active>1</active>
</city>
<city>
<id>403025</id>
<name>Sleetmute</name>
<state>AK</state>
<rating/>
<url>http://www.greatschools.org/city/Sleetmute/AK</url>
<lat>61.6939</lat>
<lon>-157.069</lon>
<active>1</active>
</city>
<city>
<id>402982</id>
<name>Soldotna</name>
<state>AK</state>
<rating>8</rating>
<url>http://www.greatschools.org/city/Soldotna/AK</url>
<lat>60.4889</lat>
<lon>-151.084</lon>
<active>1</active>
</city>
<city>
<id>445944</id>
<name>St George</name>
<state>AK</state>
<rating/>
<url>http://www.greatschools.org/city/St_George/AK</url>
<lat>56.5888</lat>
<lon>-169.615</lon>
<active>1</active>
</city>
<city>
<id>444682</id>
<name>St. Mary's</name>
<state>AK</state>
<rating/>
<url>http://www.greatschools.org/city/St._Mary's/AK</url>
<lat>62.0711</lat>
<lon>-163.259</lon>
<active>1</active>
</city>
<city>
<id>403137</id>
<name>St. Michael</name>
<state>AK</state>
<rating>3</rating>
<url>http://www.greatschools.org/city/St._Michael/AK</url>
<lat>63.4777</lat>
<lon>-162.038</lon>
<active>1</active>
</city>
<city>
<id>403047</id>
<name>St. Paul</name>
<state>AK</state>
<rating>6</rating>
<url>http://www.greatschools.org/city/St._Paul/AK</url>
<lat>57.1275</lat>
<lon>-170.276</lon>
<active>1</active>
</city>
<city>
<id>403136</id>
<name>Stebbins</name>
<state>AK</state>
<rating>2</rating>
<url>http://www.greatschools.org/city/Stebbins/AK</url>
<lat>63.5223</lat>
<lon>-162.255</lon>
<active>1</active>
</city>
<city>
<id>402979</id>
<name>Sterling</name>
<state>AK</state>
<rating>6</rating>
<url>http://www.greatschools.org/city/Sterling/AK</url>
<lat>60.5211</lat>
<lon>-150.841</lon>
<active>1</active>
</city>
<city>
<id>403015</id>
<name>Stevens Village</name>
<state>AK</state>
<rating/>
<url>http://www.greatschools.org/city/Stevens_Village/AK</url>
<lat>66.0082</lat>
<lon>-149.079</lon>
<active>1</active>
</city>
<city>
<id>403024</id>
<name>Stony River</name>
<state>AK</state>
<rating/>
<url>http://www.greatschools.org/city/Stony_River/AK</url>
<lat>61.7886</lat>
<lon>-156.586</lon>
<active>1</active>
</city>
<city>
<id>403079</id>
<name>Sutton</name>
<state>AK</state>
<rating/>
<url>http://www.greatschools.org/city/Sutton/AK</url>
<lat>61.6105</lat>
<lon>-149.082</lon>
<active>1</active>
</city>
<city>
<id>403072</id>
<name>Takotna</name>
<state>AK</state>
<rating/>
<url>http://www.greatschools.org/city/Takotna/AK</url>
<lat>62.9791</lat>
<lon>-156.091</lon>
<active>1</active>
</city>
<city>
<id>403080</id>
<name>Talkeetna</name>
<state>AK</state>
<rating>7</rating>
<url>http://www.greatschools.org/city/Talkeetna/AK</url>
<lat>62.2915</lat>
<lon>-150.073</lon>
<active>1</active>
</city>
<city>
<id>403128</id>
<name>Tanacross</name>
<state>AK</state>
<rating/>
<url>http://www.greatschools.org/city/Tanacross/AK</url>
<lat>63.3734</lat>
<lon>-143.413</lon>
<active>1</active>
</city>
<city>
<id>402983</id>
<name>Tanana</name>
<state>AK</state>
<rating/>
<url>http://www.greatschools.org/city/Tanana/AK</url>
<lat>65.1589</lat>
<lon>-152.093</lon>
<active>1</active>
</city>
<city>
<id>403011</id>
<name>Tatitlek</name>
<state>AK</state>
<rating/>
<url>http://www.greatschools.org/city/Tatitlek/AK</url>
<lat>60.8805</lat>
<lon>-146.669</lon>
<active>1</active>
</city>
<city>
<id>403145</id>
<name>Teller</name>
<state>AK</state>
<rating/>
<url>http://www.greatschools.org/city/Teller/AK</url>
<lat>65.2521</lat>
<lon>-166.34</lon>
<active>1</active>
</city>
<city>
<id>403030</id>
<name>Tenakee Springs</name>
<state>AK</state>
<rating/>
<url>http://www.greatschools.org/city/Tenakee_Springs/AK</url>
<lat>57.7858</lat>
<lon>-135.195</lon>
<active>1</active>
</city>
<city>
<id>403127</id>
<name>Tetlin</name>
<state>AK</state>
<rating/>
<url>http://www.greatschools.org/city/Tetlin/AK</url>
<lat>63.1357</lat>
<lon>-142.557</lon>
<active>1</active>
</city>
<city>
<id>403041</id>
<name>Thorne Bay</name>
<state>AK</state>
<rating>7</rating>
<url>http://www.greatschools.org/city/Thorne_Bay/AK</url>
<lat>55.6795</lat>
<lon>-132.528</lon>
<active>1</active>
</city>
<city>
<id>403035</id>
<name>Togiak</name>
<state>AK</state>
<rating>2</rating>
<url>http://www.greatschools.org/city/Togiak/AK</url>
<lat>59.0609</lat>
<lon>-160.42</lon>
<active>1</active>
</city>
<city>
<id>403129</id>
<name>Tok</name>
<state>AK</state>
<rating>4</rating>
<url>http://www.greatschools.org/city/Tok/AK</url>
<lat>63.3336</lat>
<lon>-143.041</lon>
<active>1</active>
</city>
<city>
<id>403185</id>
<name>Toksook Bay</name>
<state>AK</state>
<rating>1</rating>
<url>http://www.greatschools.org/city/Toksook_Bay/AK</url>
<lat>60.5344</lat>
<lon>-165.117</lon>
<active>1</active>
</city>
<city>
<id>403081</id>
<name>Trapper Creek</name>
<state>AK</state>
<rating/>
<url>http://www.greatschools.org/city/Trapper_Creek/AK</url>
<lat>62.3095</lat>
<lon>-150.294</lon>
<active>1</active>
</city>
<city>
<id>403161</id>
<name>Tuluksak</name>
<state>AK</state>
<rating>1</rating>
<url>http://www.greatschools.org/city/Tuluksak/AK</url>
<lat>61.1015</lat>
<lon>-160.962</lon>
<active>1</active>
</city>
<city>
<id>403181</id>
<name>Tuntutuliak</name>
<state>AK</state>
<rating>1</rating>
<url>http://www.greatschools.org/city/Tuntutuliak/AK</url>
<lat>60.3846</lat>
<lon>-162.666</lon>
<active>1</active>
</city>
<city>
<id>403183</id>
<name>Tununak</name>
<state>AK</state>
<rating>2</rating>
<url>http://www.greatschools.org/city/Tununak/AK</url>
<lat>60.6028</lat>
<lon>-165.133</lon>
<active>1</active>
</city>
<city>
<id>403033</id>
<name>Twin Hills</name>
<state>AK</state>
<rating/>
<url>http://www.greatschools.org/city/Twin_Hills/AK</url>
<lat>59.08</lat>
<lon>-160.286</lon>
<active>1</active>
</city>
<city>
<id>403117</id>
<name>Tyonek</name>
<state>AK</state>
<rating>3</rating>
<url>http://www.greatschools.org/city/Tyonek/AK</url>
<lat>61.0828</lat>
<lon>-151.152</lon>
<active>1</active>
</city>
<city>
<id>403144</id>
<name>Unalakleet</name>
<state>AK</state>
<rating>6</rating>
<url>http://www.greatschools.org/city/Unalakleet/AK</url>
<lat>63.8797</lat>
<lon>-160.791</lon>
<active>1</active>
</city>
<city>
<id>403032</id>
<name>Unalaska</name>
<state>AK</state>
<rating>8</rating>
<url>http://www.greatschools.org/city/Unalaska/AK</url>
<lat>53.8666</lat>
<lon>-166.632</lon>
<active>1</active>
</city>
<city>
<id>403009</id>
<name>Valdez</name>
<state>AK</state>
<rating>8</rating>
<url>http://www.greatschools.org/city/Valdez/AK</url>
<lat>61.1031</lat>
<lon>-146.257</lon>
<active>1</active>
</city>
<city>
<id>403014</id>
<name>Venetie</name>
<state>AK</state>
<rating/>
<url>http://www.greatschools.org/city/Venetie/AK</url>
<lat>67.0183</lat>
<lon>-146.375</lon>
<active>1</active>
</city>
<city>
<id>444226</id>
<name>Voznesenka</name>
<state>AK</state>
<rating>9</rating>
<url>http://www.greatschools.org/city/Voznesenka/AK</url>
<lat>59.5052</lat>
<lon>-151.173</lon>
<active>1</active>
</city>
<city>
<id>403061</id>
<name>Wainwright</name>
<state>AK</state>
<rating>2</rating>
<url>http://www.greatschools.org/city/Wainwright/AK</url>
<lat>70.6225</lat>
<lon>-159.914</lon>
<active>1</active>
</city>
<city>
<id>403143</id>
<name>Wales</name>
<state>AK</state>
<rating/>
<url>http://www.greatschools.org/city/Wales/AK</url>
<lat>65.6095</lat>
<lon>-168.088</lon>
<active>1</active>
</city>
<city>
<id>441939</id>
<name>Ward Cove</name>
<state>AK</state>
<rating/>
<url>http://www.greatschools.org/city/Ward_Cove/AK</url>
<lat>55.3723</lat>
<lon>-131.685</lon>
<active>1</active>
</city>
<city>
<id>402964</id>
<name>Wasilla</name>
<state>AK</state>
<rating>7</rating>
<url>http://www.greatschools.org/city/Wasilla/AK</url>
<lat>61.5839</lat>
<lon>-149.457</lon>
<active>1</active>
</city>
<city>
<id>444224</id>
<name>Whale Pass</name>
<state>AK</state>
<rating/>
<url>http://www.greatschools.org/city/Whale_Pass/AK</url>
<lat>56.1229</lat>
<lon>-133.13</lon>
<active>1</active>
</city>
<city>
<id>403142</id>
<name>White Mountain</name>
<state>AK</state>
<rating/>
<url>http://www.greatschools.org/city/White_Mountain/AK</url>
<lat>64.6816</lat>
<lon>-163.403</lon>
<active>1</active>
</city>
<city>
<id>403010</id>
<name>Whittier</name>
<state>AK</state>
<rating/>
<url>http://www.greatschools.org/city/Whittier/AK</url>
<lat>60.7727</lat>
<lon>-148.685</lon>
<active>1</active>
</city>
<city>
<id>403082</id>
<name>Willow</name>
<state>AK</state>
<rating>6</rating>
<url>http://www.greatschools.org/city/Willow/AK</url>
<lat>61.753</lat>
<lon>-150.018</lon>
<active>1</active>
</city>
<city>
<id>403007</id>
<name>Wrangell</name>
<state>AK</state>
<rating>8</rating>
<url>http://www.greatschools.org/city/Wrangell/AK</url>
<lat>56.4537</lat>
<lon>-132.365</lon>
<active>1</active>
</city>
<city>
<id>403006</id>
<name>Yakutat</name>
<state>AK</state>
<rating>5</rating>
<url>http://www.greatschools.org/city/Yakutat/AK</url>
<lat>59.5496</lat>
<lon>-139.738</lon>
<active>1</active>
</city>
</greatschools-city-feed>
