<?xml version="1.0" encoding="utf-8"?><greatschools-city-feed xmlns:xsi="http://www.w3.org/2001/XMLSchema-instance" xsi:noNamespaceSchemaLocation="http://www.greatschools.org/feeds/greatschools-city2.xsd">
<city>
<id>443980</id>
<name>Adair Village</name>
<state>OR</state>
<rating/>
<url>http://www.greatschools.org/city/Adair_Village/OR</url>
<lat>44.6743</lat>
<lon>-123.219</lon>
<active>1</active>
</city>
<city>
<id>428265</id>
<name>Adel</name>
<state>OR</state>
<rating/>
<url>http://www.greatschools.org/city/Adel/OR</url>
<lat>42.1211</lat>
<lon>-119.878</lon>
<active>1</active>
</city>
<city>
<id>428264</id>
<name>Adrian</name>
<state>OR</state>
<rating>8</rating>
<url>http://www.greatschools.org/city/Adrian/OR</url>
<lat>43.7398</lat>
<lon>-117.07</lon>
<active>1</active>
</city>
<city>
<id>428214</id>
<name>Agness</name>
<state>OR</state>
<rating/>
<url>http://www.greatschools.org/city/Agness/OR</url>
<lat>42.549</lat>
<lon>-124.095</lon>
<active>1</active>
</city>
<city>
<id>428061</id>
<name>Albany</name>
<state>OR</state>
<rating>6</rating>
<url>http://www.greatschools.org/city/Albany/OR</url>
<lat>44.6255</lat>
<lon>-123.093</lon>
<active>1</active>
</city>
<city>
<id>428036</id>
<name>Aloha</name>
<state>OR</state>
<rating>7</rating>
<url>http://www.greatschools.org/city/Aloha/OR</url>
<lat>45.4921</lat>
<lon>-122.873</lon>
<active>1</active>
</city>
<city>
<id>428090</id>
<name>Alsea</name>
<state>OR</state>
<rating>4</rating>
<url>http://www.greatschools.org/city/Alsea/OR</url>
<lat>44.3715</lat>
<lon>-123.618</lon>
<active>1</active>
</city>
<city>
<id>428166</id>
<name>Amity</name>
<state>OR</state>
<rating>5</rating>
<url>http://www.greatschools.org/city/Amity/OR</url>
<lat>45.1158</lat>
<lon>-123.204</lon>
<active>1</active>
</city>
<city>
<id>444498</id>
<name>Antelope</name>
<state>OR</state>
<rating/>
<url>http://www.greatschools.org/city/Antelope/OR</url>
<lat>44.9113</lat>
<lon>-120.724</lon>
<active>1</active>
</city>
<city>
<id>428201</id>
<name>Applegate</name>
<state>OR</state>
<rating>8</rating>
<url>http://www.greatschools.org/city/Applegate/OR</url>
<lat>42.2537</lat>
<lon>-123.153</lon>
<active>1</active>
</city>
<city>
<id>428112</id>
<name>Arch Cape</name>
<state>OR</state>
<rating/>
<url>http://www.greatschools.org/city/Arch_Cape/OR</url>
<lat>45.8862</lat>
<lon>-123.959</lon>
<active>1</active>
</city>
<city>
<id>428263</id>
<name>Arlington</name>
<state>OR</state>
<rating>6</rating>
<url>http://www.greatschools.org/city/Arlington/OR</url>
<lat>45.7134</lat>
<lon>-120.201</lon>
<active>1</active>
</city>
<city>
<id>428262</id>
<name>Arock</name>
<state>OR</state>
<rating/>
<url>http://www.greatschools.org/city/Arock/OR</url>
<lat>42.8469</lat>
<lon>-117.3</lon>
<active>1</active>
</city>
<city>
<id>428023</id>
<name>Ashland</name>
<state>OR</state>
<rating>9</rating>
<url>http://www.greatschools.org/city/Ashland/OR</url>
<lat>42.1913</lat>
<lon>-122.699</lon>
<active>1</active>
</city>
<city>
<id>428261</id>
<name>Ashwood</name>
<state>OR</state>
<rating/>
<url>http://www.greatschools.org/city/Ashwood/OR</url>
<lat>44.7104</lat>
<lon>-120.805</lon>
<active>1</active>
</city>
<city>
<id>428074</id>
<name>Astoria</name>
<state>OR</state>
<rating>6</rating>
<url>http://www.greatschools.org/city/Astoria/OR</url>
<lat>46.1845</lat>
<lon>-123.828</lon>
<active>1</active>
</city>
<city>
<id>428108</id>
<name>Athena</name>
<state>OR</state>
<rating>6</rating>
<url>http://www.greatschools.org/city/Athena/OR</url>
<lat>45.8141</lat>
<lon>-118.491</lon>
<active>1</active>
</city>
<city>
<id>428249</id>
<name>Aumsville</name>
<state>OR</state>
<rating>3</rating>
<url>http://www.greatschools.org/city/Aumsville/OR</url>
<lat>44.8453</lat>
<lon>-122.87</lon>
<active>1</active>
</city>
<city>
<id>428091</id>
<name>Aurora</name>
<state>OR</state>
<rating>3</rating>
<url>http://www.greatschools.org/city/Aurora/OR</url>
<lat>45.2282</lat>
<lon>-122.756</lon>
<active>1</active>
</city>
<city>
<id>428016</id>
<name>Baker City</name>
<state>OR</state>
<rating>6</rating>
<url>http://www.greatschools.org/city/Baker_City/OR</url>
<lat>44.7783</lat>
<lon>-117.833</lon>
<active>1</active>
</city>
<city>
<id>428010</id>
<name>Bandon</name>
<state>OR</state>
<rating>7</rating>
<url>http://www.greatschools.org/city/Bandon/OR</url>
<lat>43.1156</lat>
<lon>-124.414</lon>
<active>1</active>
</city>
<city>
<id>428127</id>
<name>Banks</name>
<state>OR</state>
<rating>7</rating>
<url>http://www.greatschools.org/city/Banks/OR</url>
<lat>45.6136</lat>
<lon>-123.109</lon>
<active>1</active>
</city>
<city>
<id>428176</id>
<name>Beaver</name>
<state>OR</state>
<rating/>
<url>http://www.greatschools.org/city/Beaver/OR</url>
<lat>45.279</lat>
<lon>-123.825</lon>
<active>1</active>
</city>
<city>
<id>428168</id>
<name>Beavercreek</name>
<state>OR</state>
<rating>9</rating>
<url>http://www.greatschools.org/city/Beavercreek/OR</url>
<lat>45.2597</lat>
<lon>-122.487</lon>
<active>1</active>
</city>
<city>
<id>428041</id>
<name>Beaverton</name>
<state>OR</state>
<rating>6</rating>
<url>http://www.greatschools.org/city/Beaverton/OR</url>
<lat>45.4736</lat>
<lon>-122.819</lon>
<active>1</active>
</city>
<city>
<id>428009</id>
<name>Bend</name>
<state>OR</state>
<rating>8</rating>
<url>http://www.greatschools.org/city/Bend/OR</url>
<lat>44.0545</lat>
<lon>-121.299</lon>
<active>1</active>
</city>
<city>
<id>428256</id>
<name>Blachly</name>
<state>OR</state>
<rating>7</rating>
<url>http://www.greatschools.org/city/Blachly/OR</url>
<lat>44.1971</lat>
<lon>-123.537</lon>
<active>1</active>
</city>
<city>
<id>428165</id>
<name>Blodgett</name>
<state>OR</state>
<rating>5</rating>
<url>http://www.greatschools.org/city/Blodgett/OR</url>
<lat>44.6432</lat>
<lon>-123.615</lon>
<active>1</active>
</city>
<city>
<id>428197</id>
<name>Bly</name>
<state>OR</state>
<rating/>
<url>http://www.greatschools.org/city/Bly/OR</url>
<lat>42.4342</lat>
<lon>-121.217</lon>
<active>1</active>
</city>
<city>
<id>428051</id>
<name>Boardman</name>
<state>OR</state>
<rating>3</rating>
<url>http://www.greatschools.org/city/Boardman/OR</url>
<lat>45.833</lat>
<lon>-119.707</lon>
<active>1</active>
</city>
<city>
<id>428006</id>
<name>Bonanza</name>
<state>OR</state>
<rating>4</rating>
<url>http://www.greatschools.org/city/Bonanza/OR</url>
<lat>42.2003</lat>
<lon>-121.405</lon>
<active>1</active>
</city>
<city>
<id>428104</id>
<name>Boring</name>
<state>OR</state>
<rating>6</rating>
<url>http://www.greatschools.org/city/Boring/OR</url>
<lat>45.4267</lat>
<lon>-122.379</lon>
<active>1</active>
</city>
<city>
<id>443056</id>
<name>Broadbent</name>
<state>OR</state>
<rating/>
<url>http://www.greatschools.org/city/Broadbent/OR</url>
<lat>43.0074</lat>
<lon>-124.136</lon>
<active>1</active>
</city>
<city>
<id>428081</id>
<name>Brookings</name>
<state>OR</state>
<rating>5</rating>
<url>http://www.greatschools.org/city/Brookings/OR</url>
<lat>42.0581</lat>
<lon>-124.287</lon>
<active>1</active>
</city>
<city>
<id>428082</id>
<name>Brooks</name>
<state>OR</state>
<rating>2</rating>
<url>http://www.greatschools.org/city/Brooks/OR</url>
<lat>45.0507</lat>
<lon>-122.954</lon>
<active>1</active>
</city>
<city>
<id>428083</id>
<name>Brownsville</name>
<state>OR</state>
<rating/>
<url>http://www.greatschools.org/city/Brownsville/OR</url>
<lat>44.3921</lat>
<lon>-122.982</lon>
<active>1</active>
</city>
<city>
<id>428007</id>
<name>Burns</name>
<state>OR</state>
<rating>5</rating>
<url>http://www.greatschools.org/city/Burns/OR</url>
<lat>43.5867</lat>
<lon>-119.058</lon>
<active>1</active>
</city>
<city>
<id>428253</id>
<name>Butte Falls</name>
<state>OR</state>
<rating>2</rating>
<url>http://www.greatschools.org/city/Butte_Falls/OR</url>
<lat>42.5423</lat>
<lon>-122.567</lon>
<active>1</active>
</city>
<city>
<id>428115</id>
<name>Buxton</name>
<state>OR</state>
<rating/>
<url>http://www.greatschools.org/city/Buxton/OR</url>
<lat>45.7213</lat>
<lon>-123.203</lon>
<active>1</active>
</city>
<city>
<id>428252</id>
<name>Camas Valley</name>
<state>OR</state>
<rating>4</rating>
<url>http://www.greatschools.org/city/Camas_Valley/OR</url>
<lat>43.045</lat>
<lon>-123.682</lon>
<active>1</active>
</city>
<city>
<id>428255</id>
<name>Camp Sherman</name>
<state>OR</state>
<rating/>
<url>http://www.greatschools.org/city/Camp_Sherman/OR</url>
<lat>44.4418</lat>
<lon>-121.634</lon>
<active>1</active>
</city>
<city>
<id>428250</id>
<name>Canby</name>
<state>OR</state>
<rating>6</rating>
<url>http://www.greatschools.org/city/Canby/OR</url>
<lat>45.2644</lat>
<lon>-122.69</lon>
<active>1</active>
</city>
<city>
<id>428149</id>
<name>Cannon Beach</name>
<state>OR</state>
<rating>8</rating>
<url>http://www.greatschools.org/city/Cannon_Beach/OR</url>
<lat>45.8883</lat>
<lon>-123.959</lon>
<active>1</active>
</city>
<city>
<id>428204</id>
<name>Canyon City</name>
<state>OR</state>
<rating>6</rating>
<url>http://www.greatschools.org/city/Canyon_City/OR</url>
<lat>44.3914</lat>
<lon>-118.949</lon>
<active>1</active>
</city>
<city>
<id>428124</id>
<name>Canyonville</name>
<state>OR</state>
<rating>3</rating>
<url>http://www.greatschools.org/city/Canyonville/OR</url>
<lat>42.9289</lat>
<lon>-123.279</lon>
<active>1</active>
</city>
<city>
<id>428271</id>
<name>Carlton</name>
<state>OR</state>
<rating>4</rating>
<url>http://www.greatschools.org/city/Carlton/OR</url>
<lat>45.2949</lat>
<lon>-123.177</lon>
<active>1</active>
</city>
<city>
<id>428209</id>
<name>Cascade Locks</name>
<state>OR</state>
<rating>3</rating>
<url>http://www.greatschools.org/city/Cascade_Locks/OR</url>
<lat>45.6719</lat>
<lon>-121.883</lon>
<active>1</active>
</city>
<city>
<id>428099</id>
<name>Cave Junction</name>
<state>OR</state>
<rating>4</rating>
<url>http://www.greatschools.org/city/Cave_Junction/OR</url>
<lat>42.1662</lat>
<lon>-123.647</lon>
<active>1</active>
</city>
<city>
<id>428067</id>
<name>Central Point</name>
<state>OR</state>
<rating>6</rating>
<url>http://www.greatschools.org/city/Central_Point/OR</url>
<lat>42.3733</lat>
<lon>-122.912</lon>
<active>1</active>
</city>
<city>
<id>445521</id>
<name>Charleston</name>
<state>OR</state>
<rating/>
<url>http://www.greatschools.org/city/Charleston/OR</url>
<lat>43.3401</lat>
<lon>-124.33</lon>
<active>1</active>
</city>
<city>
<id>428042</id>
<name>Chiloquin</name>
<state>OR</state>
<rating>2</rating>
<url>http://www.greatschools.org/city/Chiloquin/OR</url>
<lat>42.5745</lat>
<lon>-121.864</lon>
<active>1</active>
</city>
<city>
<id>428100</id>
<name>Christmas Valley</name>
<state>OR</state>
<rating/>
<url>http://www.greatschools.org/city/Christmas_Valley/OR</url>
<lat>42.822</lat>
<lon>-121.119</lon>
<active>1</active>
</city>
<city>
<id>428064</id>
<name>Clackamas</name>
<state>OR</state>
<rating>8</rating>
<url>http://www.greatschools.org/city/Clackamas/OR</url>
<lat>45.4118</lat>
<lon>-122.551</lon>
<active>1</active>
</city>
<city>
<id>428130</id>
<name>Clatskanie</name>
<state>OR</state>
<rating>6</rating>
<url>http://www.greatschools.org/city/Clatskanie/OR</url>
<lat>46.1038</lat>
<lon>-123.206</lon>
<active>1</active>
</city>
<city>
<id>428175</id>
<name>Cloverdale</name>
<state>OR</state>
<rating>5</rating>
<url>http://www.greatschools.org/city/Cloverdale/OR</url>
<lat>45.203</lat>
<lon>-123.885</lon>
<active>1</active>
</city>
<city>
<id>444614</id>
<name>Coburg</name>
<state>OR</state>
<rating/>
<url>http://www.greatschools.org/city/Coburg/OR</url>
<lat>44.1382</lat>
<lon>-123.059</lon>
<active>1</active>
</city>
<city>
<id>428244</id>
<name>Colton</name>
<state>OR</state>
<rating>7</rating>
<url>http://www.greatschools.org/city/Colton/OR</url>
<lat>45.1761</lat>
<lon>-122.414</lon>
<active>1</active>
</city>
<city>
<id>428013</id>
<name>Columbia City</name>
<state>OR</state>
<rating/>
<url>http://www.greatschools.org/city/Columbia_City/OR</url>
<lat>45.8938</lat>
<lon>-122.814</lon>
<active>1</active>
</city>
<city>
<id>428243</id>
<name>Condon</name>
<state>OR</state>
<rating>5</rating>
<url>http://www.greatschools.org/city/Condon/OR</url>
<lat>45.2359</lat>
<lon>-120.185</lon>
<active>1</active>
</city>
<city>
<id>428044</id>
<name>Coos Bay</name>
<state>OR</state>
<rating>4</rating>
<url>http://www.greatschools.org/city/Coos_Bay/OR</url>
<lat>43.3778</lat>
<lon>-124.24</lon>
<active>1</active>
</city>
<city>
<id>428028</id>
<name>Coquille</name>
<state>OR</state>
<rating>7</rating>
<url>http://www.greatschools.org/city/Coquille/OR</url>
<lat>43.1811</lat>
<lon>-124.187</lon>
<active>1</active>
</city>
<city>
<id>428086</id>
<name>Corbett</name>
<state>OR</state>
<rating>7</rating>
<url>http://www.greatschools.org/city/Corbett/OR</url>
<lat>45.512</lat>
<lon>-122.265</lon>
<active>1</active>
</city>
<city>
<id>428060</id>
<name>Cornelius</name>
<state>OR</state>
<rating>3</rating>
<url>http://www.greatschools.org/city/Cornelius/OR</url>
<lat>45.5183</lat>
<lon>-123.055</lon>
<active>1</active>
</city>
<city>
<id>428018</id>
<name>Corvallis</name>
<state>OR</state>
<rating>8</rating>
<url>http://www.greatschools.org/city/Corvallis/OR</url>
<lat>44.5739</lat>
<lon>-123.276</lon>
<active>1</active>
</city>
<city>
<id>428004</id>
<name>Cottage Grove</name>
<state>OR</state>
<rating>6</rating>
<url>http://www.greatschools.org/city/Cottage_Grove/OR</url>
<lat>43.7949</lat>
<lon>-123.061</lon>
<active>1</active>
</city>
<city>
<id>428242</id>
<name>Cove</name>
<state>OR</state>
<rating>5</rating>
<url>http://www.greatschools.org/city/Cove/OR</url>
<lat>45.2987</lat>
<lon>-117.808</lon>
<active>1</active>
</city>
<city>
<id>428241</id>
<name>Crane</name>
<state>OR</state>
<rating>8</rating>
<url>http://www.greatschools.org/city/Crane/OR</url>
<lat>43.5699</lat>
<lon>-118.058</lon>
<active>1</active>
</city>
<city>
<id>428098</id>
<name>Creswell</name>
<state>OR</state>
<rating>6</rating>
<url>http://www.greatschools.org/city/Creswell/OR</url>
<lat>43.9185</lat>
<lon>-123.024</lon>
<active>1</active>
</city>
<city>
<id>428003</id>
<name>Culp Creek</name>
<state>OR</state>
<rating/>
<url>http://www.greatschools.org/city/Culp_Creek/OR</url>
<lat>43.6997</lat>
<lon>-122.795</lon>
<active>1</active>
</city>
<city>
<id>428237</id>
<name>Culver</name>
<state>OR</state>
<rating>6</rating>
<url>http://www.greatschools.org/city/Culver/OR</url>
<lat>44.5243</lat>
<lon>-121.209</lon>
<active>1</active>
</city>
<city>
<id>428057</id>
<name>Dallas</name>
<state>OR</state>
<rating>6</rating>
<url>http://www.greatschools.org/city/Dallas/OR</url>
<lat>44.9232</lat>
<lon>-123.316</lon>
<active>1</active>
</city>
<city>
<id>441870</id>
<name>Damascus</name>
<state>OR</state>
<rating>7</rating>
<url>http://www.greatschools.org/city/Damascus/OR</url>
<lat>45.4283</lat>
<lon>-122.443</lon>
<active>1</active>
</city>
<city>
<id>428119</id>
<name>Days Creek</name>
<state>OR</state>
<rating>4</rating>
<url>http://www.greatschools.org/city/Days_Creek/OR</url>
<lat>42.9672</lat>
<lon>-123.082</lon>
<active>1</active>
</city>
<city>
<id>428235</id>
<name>Dayton</name>
<state>OR</state>
<rating>2</rating>
<url>http://www.greatschools.org/city/Dayton/OR</url>
<lat>45.2181</lat>
<lon>-123.081</lon>
<active>1</active>
</city>
<city>
<id>428234</id>
<name>Dayville</name>
<state>OR</state>
<rating>5</rating>
<url>http://www.greatschools.org/city/Dayville/OR</url>
<lat>44.4664</lat>
<lon>-119.533</lon>
<active>1</active>
</city>
<city>
<id>428159</id>
<name>Dexter</name>
<state>OR</state>
<rating/>
<url>http://www.greatschools.org/city/Dexter/OR</url>
<lat>43.8751</lat>
<lon>-122.817</lon>
<active>1</active>
</city>
<city>
<id>428233</id>
<name>Diamond</name>
<state>OR</state>
<rating/>
<url>http://www.greatschools.org/city/Diamond/OR</url>
<lat>43.575</lat>
<lon>-118.987</lon>
<active>1</active>
</city>
<city>
<id>428140</id>
<name>Dorena</name>
<state>OR</state>
<rating>5</rating>
<url>http://www.greatschools.org/city/Dorena/OR</url>
<lat>43.741</lat>
<lon>-122.924</lon>
<active>1</active>
</city>
<city>
<id>428231</id>
<name>Drain</name>
<state>OR</state>
<rating>7</rating>
<url>http://www.greatschools.org/city/Drain/OR</url>
<lat>43.6608</lat>
<lon>-123.315</lon>
<active>1</active>
</city>
<city>
<id>428162</id>
<name>Drewsey</name>
<state>OR</state>
<rating/>
<url>http://www.greatschools.org/city/Drewsey/OR</url>
<lat>43.8393</lat>
<lon>-118.439</lon>
<active>1</active>
</city>
<city>
<id>428230</id>
<name>Dufur</name>
<state>OR</state>
<rating>7</rating>
<url>http://www.greatschools.org/city/Dufur/OR</url>
<lat>45.4541</lat>
<lon>-121.129</lon>
<active>1</active>
</city>
<city>
<id>428174</id>
<name>Dundee</name>
<state>OR</state>
<rating>8</rating>
<url>http://www.greatschools.org/city/Dundee/OR</url>
<lat>45.2785</lat>
<lon>-123.013</lon>
<active>1</active>
</city>
<city>
<id>428224</id>
<name>Eagle Creek</name>
<state>OR</state>
<rating>4</rating>
<url>http://www.greatschools.org/city/Eagle_Creek/OR</url>
<lat>45.3464</lat>
<lon>-122.339</lon>
<active>1</active>
</city>
<city>
<id>428017</id>
<name>Eagle Point</name>
<state>OR</state>
<rating>4</rating>
<url>http://www.greatschools.org/city/Eagle_Point/OR</url>
<lat>42.4708</lat>
<lon>-122.803</lon>
<active>1</active>
</city>
<city>
<id>428227</id>
<name>Echo</name>
<state>OR</state>
<rating>3</rating>
<url>http://www.greatschools.org/city/Echo/OR</url>
<lat>45.7418</lat>
<lon>-119.193</lon>
<active>1</active>
</city>
<city>
<id>428053</id>
<name>Eddyville</name>
<state>OR</state>
<rating>4</rating>
<url>http://www.greatschools.org/city/Eddyville/OR</url>
<lat>44.6241</lat>
<lon>-123.745</lon>
<active>1</active>
</city>
<city>
<id>428226</id>
<name>Elgin</name>
<state>OR</state>
<rating>3</rating>
<url>http://www.greatschools.org/city/Elgin/OR</url>
<lat>45.5672</lat>
<lon>-117.922</lon>
<active>1</active>
</city>
<city>
<id>428225</id>
<name>Elkton</name>
<state>OR</state>
<rating>4</rating>
<url>http://www.greatschools.org/city/Elkton/OR</url>
<lat>43.6374</lat>
<lon>-123.567</lon>
<active>1</active>
</city>
<city>
<id>428055</id>
<name>Elmira</name>
<state>OR</state>
<rating>5</rating>
<url>http://www.greatschools.org/city/Elmira/OR</url>
<lat>44.0897</lat>
<lon>-123.369</lon>
<active>1</active>
</city>
<city>
<id>428077</id>
<name>Enterprise</name>
<state>OR</state>
<rating>7</rating>
<url>http://www.greatschools.org/city/Enterprise/OR</url>
<lat>45.425</lat>
<lon>-117.278</lon>
<active>1</active>
</city>
<city>
<id>428030</id>
<name>Estacada</name>
<state>OR</state>
<rating>5</rating>
<url>http://www.greatschools.org/city/Estacada/OR</url>
<lat>45.2918</lat>
<lon>-122.334</lon>
<active>1</active>
</city>
<city>
<id>427992</id>
<name>Eugene</name>
<state>OR</state>
<rating>7</rating>
<url>http://www.greatschools.org/city/Eugene/OR</url>
<lat>44.0557</lat>
<lon>-123.11</lon>
<active>1</active>
</city>
<city>
<id>428000</id>
<name>Fairview</name>
<state>OR</state>
<rating>2</rating>
<url>http://www.greatschools.org/city/Fairview/OR</url>
<lat>45.54</lat>
<lon>-122.44</lon>
<active>1</active>
</city>
<city>
<id>446307</id>
<name>Fall Creek</name>
<state>OR</state>
<rating/>
<url>http://www.greatschools.org/city/Fall_Creek/OR</url>
<lat>43.972</lat>
<lon>-122.87</lon>
<active>1</active>
</city>
<city>
<id>428272</id>
<name>Falls City</name>
<state>OR</state>
<rating>3</rating>
<url>http://www.greatschools.org/city/Falls_City/OR</url>
<lat>44.8655</lat>
<lon>-123.435</lon>
<active>1</active>
</city>
<city>
<id>428222</id>
<name>Fields</name>
<state>OR</state>
<rating/>
<url>http://www.greatschools.org/city/Fields/OR</url>
<lat>42.2036</lat>
<lon>-118.704</lon>
<active>1</active>
</city>
<city>
<id>428274</id>
<name>Finn Rock</name>
<state>OR</state>
<rating>4</rating>
<url>http://www.greatschools.org/city/Finn_Rock/OR</url>
<lat>44.1517</lat>
<lon>-122.363</lon>
<active>1</active>
</city>
<city>
<id>428221</id>
<name>Florence</name>
<state>OR</state>
<rating>6</rating>
<url>http://www.greatschools.org/city/Florence/OR</url>
<lat>43.9867</lat>
<lon>-124.104</lon>
<active>1</active>
</city>
<city>
<id>428043</id>
<name>Forest Grove</name>
<state>OR</state>
<rating>6</rating>
<url>http://www.greatschools.org/city/Forest_Grove/OR</url>
<lat>45.523</lat>
<lon>-123.106</lon>
<active>1</active>
</city>
<city>
<id>428219</id>
<name>Fossil</name>
<state>OR</state>
<rating>7</rating>
<url>http://www.greatschools.org/city/Fossil/OR</url>
<lat>44.9983</lat>
<lon>-120.213</lon>
<active>1</active>
</city>
<city>
<id>428134</id>
<name>Foster</name>
<state>OR</state>
<rating>6</rating>
<url>http://www.greatschools.org/city/Foster/OR</url>
<lat>44.4051</lat>
<lon>-122.584</lon>
<active>1</active>
</city>
<city>
<id>428218</id>
<name>Frenchglen</name>
<state>OR</state>
<rating/>
<url>http://www.greatschools.org/city/Frenchglen/OR</url>
<lat>42.7974</lat>
<lon>-118.662</lon>
<active>1</active>
</city>
<city>
<id>428220</id>
<name>Gales Creek</name>
<state>OR</state>
<rating/>
<url>http://www.greatschools.org/city/Gales_Creek/OR</url>
<lat>45.6161</lat>
<lon>-123.264</lon>
<active>1</active>
</city>
<city>
<id>428179</id>
<name>Garibaldi</name>
<state>OR</state>
<rating>7</rating>
<url>http://www.greatschools.org/city/Garibaldi/OR</url>
<lat>45.5615</lat>
<lon>-123.912</lon>
<active>1</active>
</city>
<city>
<id>428122</id>
<name>Gaston</name>
<state>OR</state>
<rating>5</rating>
<url>http://www.greatschools.org/city/Gaston/OR</url>
<lat>45.4358</lat>
<lon>-123.143</lon>
<active>1</active>
</city>
<city>
<id>428186</id>
<name>Gates</name>
<state>OR</state>
<rating>2</rating>
<url>http://www.greatschools.org/city/Gates/OR</url>
<lat>44.7553</lat>
<lon>-122.419</lon>
<active>1</active>
</city>
<city>
<id>428148</id>
<name>Gearhart</name>
<state>OR</state>
<rating>5</rating>
<url>http://www.greatschools.org/city/Gearhart/OR</url>
<lat>46.0252</lat>
<lon>-123.917</lon>
<active>1</active>
</city>
<city>
<id>428058</id>
<name>Gervais</name>
<state>OR</state>
<rating>3</rating>
<url>http://www.greatschools.org/city/Gervais/OR</url>
<lat>45.1084</lat>
<lon>-122.896</lon>
<active>1</active>
</city>
<city>
<id>428005</id>
<name>Gilchrist</name>
<state>OR</state>
<rating>4</rating>
<url>http://www.greatschools.org/city/Gilchrist/OR</url>
<lat>43.3894</lat>
<lon>-121.724</lon>
<active>1</active>
</city>
<city>
<id>428024</id>
<name>Gladstone</name>
<state>OR</state>
<rating>6</rating>
<url>http://www.greatschools.org/city/Gladstone/OR</url>
<lat>45.3872</lat>
<lon>-122.595</lon>
<active>1</active>
</city>
<city>
<id>428217</id>
<name>Glendale</name>
<state>OR</state>
<rating>4</rating>
<url>http://www.greatschools.org/city/Glendale/OR</url>
<lat>42.7374</lat>
<lon>-123.428</lon>
<active>1</active>
</city>
<city>
<id>428215</id>
<name>Glide</name>
<state>OR</state>
<rating>7</rating>
<url>http://www.greatschools.org/city/Glide/OR</url>
<lat>43.306</lat>
<lon>-123.075</lon>
<active>1</active>
</city>
<city>
<id>428054</id>
<name>Gold Beach</name>
<state>OR</state>
<rating>8</rating>
<url>http://www.greatschools.org/city/Gold_Beach/OR</url>
<lat>42.4046</lat>
<lon>-124.417</lon>
<active>1</active>
</city>
<city>
<id>428247</id>
<name>Gold Hill</name>
<state>OR</state>
<rating>4</rating>
<url>http://www.greatschools.org/city/Gold_Hill/OR</url>
<lat>42.4333</lat>
<lon>-123.053</lon>
<active>1</active>
</city>
<city>
<id>428110</id>
<name>Government Camp</name>
<state>OR</state>
<rating/>
<url>http://www.greatschools.org/city/Government_Camp/OR</url>
<lat>45.2999</lat>
<lon>-121.784</lon>
<active>1</active>
</city>
<city>
<id>428128</id>
<name>Grand Ronde</name>
<state>OR</state>
<rating>3</rating>
<url>http://www.greatschools.org/city/Grand_Ronde/OR</url>
<lat>45.0598</lat>
<lon>-123.614</lon>
<active>1</active>
</city>
<city>
<id>428038</id>
<name>Grants Pass</name>
<state>OR</state>
<rating>7</rating>
<url>http://www.greatschools.org/city/Grants_Pass/OR</url>
<lat>42.4404</lat>
<lon>-123.327</lon>
<active>1</active>
</city>
<city>
<id>428145</id>
<name>Grass Valley</name>
<state>OR</state>
<rating>7</rating>
<url>http://www.greatschools.org/city/Grass_Valley/OR</url>
<lat>45.3602</lat>
<lon>-120.786</lon>
<active>1</active>
</city>
<city>
<id>428022</id>
<name>Gresham</name>
<state>OR</state>
<rating>5</rating>
<url>http://www.greatschools.org/city/Gresham/OR</url>
<lat>45.5047</lat>
<lon>-122.443</lon>
<active>1</active>
</city>
<city>
<id>428015</id>
<name>Haines</name>
<state>OR</state>
<rating/>
<url>http://www.greatschools.org/city/Haines/OR</url>
<lat>44.9118</lat>
<lon>-117.94</lon>
<active>1</active>
</city>
<city>
<id>428160</id>
<name>Halfway</name>
<state>OR</state>
<rating>6</rating>
<url>http://www.greatschools.org/city/Halfway/OR</url>
<lat>44.8773</lat>
<lon>-117.111</lon>
<active>1</active>
</city>
<city>
<id>428125</id>
<name>Halsey</name>
<state>OR</state>
<rating>5</rating>
<url>http://www.greatschools.org/city/Halsey/OR</url>
<lat>44.3845</lat>
<lon>-123.11</lon>
<active>1</active>
</city>
<city>
<id>441871</id>
<name>Happy Valley</name>
<state>OR</state>
<rating>8</rating>
<url>http://www.greatschools.org/city/Happy_Valley/OR</url>
<lat>45.4452</lat>
<lon>-122.533</lon>
<active>1</active>
</city>
<city>
<id>428213</id>
<name>Harper</name>
<state>OR</state>
<rating>3</rating>
<url>http://www.greatschools.org/city/Harper/OR</url>
<lat>43.8885</lat>
<lon>-117.523</lon>
<active>1</active>
</city>
<city>
<id>428039</id>
<name>Harrisburg</name>
<state>OR</state>
<rating>4</rating>
<url>http://www.greatschools.org/city/Harrisburg/OR</url>
<lat>44.2716</lat>
<lon>-123.164</lon>
<active>1</active>
</city>
<city>
<id>428212</id>
<name>Helix</name>
<state>OR</state>
<rating>8</rating>
<url>http://www.greatschools.org/city/Helix/OR</url>
<lat>45.8513</lat>
<lon>-118.657</lon>
<active>1</active>
</city>
<city>
<id>428181</id>
<name>Heppner</name>
<state>OR</state>
<rating>7</rating>
<url>http://www.greatschools.org/city/Heppner/OR</url>
<lat>45.3544</lat>
<lon>-119.553</lon>
<active>1</active>
</city>
<city>
<id>428026</id>
<name>Hermiston</name>
<state>OR</state>
<rating>5</rating>
<url>http://www.greatschools.org/city/Hermiston/OR</url>
<lat>45.8391</lat>
<lon>-119.296</lon>
<active>1</active>
</city>
<city>
<id>427995</id>
<name>Hillsboro</name>
<state>OR</state>
<rating>5</rating>
<url>http://www.greatschools.org/city/Hillsboro/OR</url>
<lat>45.5232</lat>
<lon>-122.945</lon>
<active>1</active>
</city>
<city>
<id>428232</id>
<name>Hines</name>
<state>OR</state>
<rating>8</rating>
<url>http://www.greatschools.org/city/Hines/OR</url>
<lat>43.5616</lat>
<lon>-119.083</lon>
<active>1</active>
</city>
<city>
<id>428020</id>
<name>Hood River</name>
<state>OR</state>
<rating>7</rating>
<url>http://www.greatschools.org/city/Hood_River/OR</url>
<lat>45.7038</lat>
<lon>-121.525</lon>
<active>1</active>
</city>
<city>
<id>428251</id>
<name>Hubbard</name>
<state>OR</state>
<rating>6</rating>
<url>http://www.greatschools.org/city/Hubbard/OR</url>
<lat>45.1831</lat>
<lon>-122.806</lon>
<active>1</active>
</city>
<city>
<id>428208</id>
<name>Huntington</name>
<state>OR</state>
<rating>1</rating>
<url>http://www.greatschools.org/city/Huntington/OR</url>
<lat>44.3497</lat>
<lon>-117.266</lon>
<active>1</active>
</city>
<city>
<id>428216</id>
<name>Idleyld Park</name>
<state>OR</state>
<rating/>
<url>http://www.greatschools.org/city/Idleyld_Park/OR</url>
<lat>43.3132</lat>
<lon>-122.88</lon>
<active>1</active>
</city>
<city>
<id>428207</id>
<name>Imbler</name>
<state>OR</state>
<rating>6</rating>
<url>http://www.greatschools.org/city/Imbler/OR</url>
<lat>45.4623</lat>
<lon>-117.964</lon>
<active>1</active>
</city>
<city>
<id>444499</id>
<name>Imnaha</name>
<state>OR</state>
<rating/>
<url>http://www.greatschools.org/city/Imnaha/OR</url>
<lat>45.5594</lat>
<lon>-116.835</lon>
<active>1</active>
</city>
<city>
<id>428248</id>
<name>Independence</name>
<state>OR</state>
<rating>4</rating>
<url>http://www.greatschools.org/city/Independence/OR</url>
<lat>44.8526</lat>
<lon>-123.195</lon>
<active>1</active>
</city>
<city>
<id>428180</id>
<name>Ione</name>
<state>OR</state>
<rating>6</rating>
<url>http://www.greatschools.org/city/Ione/OR</url>
<lat>45.5014</lat>
<lon>-119.822</lon>
<active>1</active>
</city>
<city>
<id>428050</id>
<name>Irrigon</name>
<state>OR</state>
<rating>5</rating>
<url>http://www.greatschools.org/city/Irrigon/OR</url>
<lat>45.8946</lat>
<lon>-119.493</lon>
<active>1</active>
</city>
<city>
<id>427996</id>
<name>Island City</name>
<state>OR</state>
<rating>8</rating>
<url>http://www.greatschools.org/city/Island_City/OR</url>
<lat>45.3368</lat>
<lon>-118.047</lon>
<active>1</active>
</city>
<city>
<id>428118</id>
<name>Jacksonville</name>
<state>OR</state>
<rating>8</rating>
<url>http://www.greatschools.org/city/Jacksonville/OR</url>
<lat>42.3143</lat>
<lon>-122.965</lon>
<active>1</active>
</city>
<city>
<id>428111</id>
<name>Jasper</name>
<state>OR</state>
<rating/>
<url>http://www.greatschools.org/city/Jasper/OR</url>
<lat>43.9675</lat>
<lon>-122.705</lon>
<active>1</active>
</city>
<city>
<id>428206</id>
<name>Jefferson</name>
<state>OR</state>
<rating>2</rating>
<url>http://www.greatschools.org/city/Jefferson/OR</url>
<lat>44.7157</lat>
<lon>-123.006</lon>
<active>1</active>
</city>
<city>
<id>428202</id>
<name>John Day</name>
<state>OR</state>
<rating>5</rating>
<url>http://www.greatschools.org/city/John_Day/OR</url>
<lat>44.4182</lat>
<lon>-118.954</lon>
<active>1</active>
</city>
<city>
<id>428092</id>
<name>Jordan Valley</name>
<state>OR</state>
<rating>5</rating>
<url>http://www.greatschools.org/city/Jordan_Valley/OR</url>
<lat>42.978</lat>
<lon>-117.054</lon>
<active>1</active>
</city>
<city>
<id>428031</id>
<name>Joseph</name>
<state>OR</state>
<rating/>
<url>http://www.greatschools.org/city/Joseph/OR</url>
<lat>45.3515</lat>
<lon>-117.229</lon>
<active>1</active>
</city>
<city>
<id>428114</id>
<name>Junction City</name>
<state>OR</state>
<rating>5</rating>
<url>http://www.greatschools.org/city/Junction_City/OR</url>
<lat>44.2186</lat>
<lon>-123.206</lon>
<active>1</active>
</city>
<city>
<id>428198</id>
<name>Juntura</name>
<state>OR</state>
<rating/>
<url>http://www.greatschools.org/city/Juntura/OR</url>
<lat>43.8146</lat>
<lon>-118.104</lon>
<active>1</active>
</city>
<city>
<id>428080</id>
<name>Keizer</name>
<state>OR</state>
<rating>6</rating>
<url>http://www.greatschools.org/city/Keizer/OR</url>
<lat>45.0012</lat>
<lon>-123.024</lon>
<active>1</active>
</city>
<city>
<id>428196</id>
<name>Keno</name>
<state>OR</state>
<rating>5</rating>
<url>http://www.greatschools.org/city/Keno/OR</url>
<lat>42.5078</lat>
<lon>-122.185</lon>
<active>1</active>
</city>
<city>
<id>445523</id>
<name>Kerby</name>
<state>OR</state>
<rating/>
<url>http://www.greatschools.org/city/Kerby/OR</url>
<lat>42.1943</lat>
<lon>-123.652</lon>
<active>1</active>
</city>
<city>
<id>428037</id>
<name>Klamath Falls</name>
<state>OR</state>
<rating>4</rating>
<url>http://www.greatschools.org/city/Klamath_Falls/OR</url>
<lat>42.2263</lat>
<lon>-121.775</lon>
<active>1</active>
</city>
<city>
<id>428025</id>
<name>La Grande</name>
<state>OR</state>
<rating>5</rating>
<url>http://www.greatschools.org/city/La_Grande/OR</url>
<lat>45.3252</lat>
<lon>-118.091</lon>
<active>1</active>
</city>
<city>
<id>428258</id>
<name>La Pine</name>
<state>OR</state>
<rating/>
<url>http://www.greatschools.org/city/La_Pine/OR</url>
<lat>43.7162</lat>
<lon>-121.52</lon>
<active>1</active>
</city>
<city>
<id>428187</id>
<name>Lafayette</name>
<state>OR</state>
<rating>7</rating>
<url>http://www.greatschools.org/city/Lafayette/OR</url>
<lat>45.2468</lat>
<lon>-123.111</lon>
<active>1</active>
</city>
<city>
<id>428019</id>
<name>Lake Oswego</name>
<state>OR</state>
<rating>10</rating>
<url>http://www.greatschools.org/city/Lake_Oswego/OR</url>
<lat>45.4151</lat>
<lon>-122.704</lon>
<active>1</active>
</city>
<city>
<id>428075</id>
<name>Lakeview</name>
<state>OR</state>
<rating>7</rating>
<url>http://www.greatschools.org/city/Lakeview/OR</url>
<lat>42.1882</lat>
<lon>-120.349</lon>
<active>1</active>
</city>
<city>
<id>445530</id>
<name>Lane County</name>
<state>OR</state>
<rating/>
<url>http://www.greatschools.org/city/Lane_County/OR</url>
<lat>43.5423</lat>
<lon>-122.692</lon>
<active>1</active>
</city>
<city>
<id>445524</id>
<name>Langlois</name>
<state>OR</state>
<rating/>
<url>http://www.greatschools.org/city/Langlois/OR</url>
<lat>42.9237</lat>
<lon>-124.45</lon>
<active>1</active>
</city>
<city>
<id>444162</id>
<name>Lapine</name>
<state>OR</state>
<rating>4</rating>
<url>http://www.greatschools.org/city/Lapine/OR</url>
<lat>43.6808</lat>
<lon>-121.506</lon>
<active>1</active>
</city>
<city>
<id>428045</id>
<name>Lebanon</name>
<state>OR</state>
<rating>5</rating>
<url>http://www.greatschools.org/city/Lebanon/OR</url>
<lat>44.5327</lat>
<lon>-122.911</lon>
<active>1</active>
</city>
<city>
<id>428068</id>
<name>Lincoln City</name>
<state>OR</state>
<rating>3</rating>
<url>http://www.greatschools.org/city/Lincoln_City/OR</url>
<lat>44.9652</lat>
<lon>-124.01</lon>
<active>1</active>
</city>
<city>
<id>428106</id>
<name>Logsden</name>
<state>OR</state>
<rating/>
<url>http://www.greatschools.org/city/Logsden/OR</url>
<lat>44.7507</lat>
<lon>-123.811</lon>
<active>1</active>
</city>
<city>
<id>428192</id>
<name>Long Creek</name>
<state>OR</state>
<rating/>
<url>http://www.greatschools.org/city/Long_Creek/OR</url>
<lat>44.7143</lat>
<lon>-119.104</lon>
<active>1</active>
</city>
<city>
<id>428238</id>
<name>Lorane</name>
<state>OR</state>
<rating/>
<url>http://www.greatschools.org/city/Lorane/OR</url>
<lat>43.8225</lat>
<lon>-123.246</lon>
<active>1</active>
</city>
<city>
<id>428191</id>
<name>Lowell</name>
<state>OR</state>
<rating>4</rating>
<url>http://www.greatschools.org/city/Lowell/OR</url>
<lat>43.9212</lat>
<lon>-122.781</lon>
<active>1</active>
</city>
<city>
<id>428269</id>
<name>Lyons</name>
<state>OR</state>
<rating>6</rating>
<url>http://www.greatschools.org/city/Lyons/OR</url>
<lat>44.7779</lat>
<lon>-122.613</lon>
<active>1</active>
</city>
<city>
<id>428047</id>
<name>Madras</name>
<state>OR</state>
<rating>3</rating>
<url>http://www.greatschools.org/city/Madras/OR</url>
<lat>44.6298</lat>
<lon>-121.13</lon>
<active>1</active>
</city>
<city>
<id>428195</id>
<name>Malin</name>
<state>OR</state>
<rating>6</rating>
<url>http://www.greatschools.org/city/Malin/OR</url>
<lat>42.0125</lat>
<lon>-121.407</lon>
<active>1</active>
</city>
<city>
<id>428190</id>
<name>Mapleton</name>
<state>OR</state>
<rating>4</rating>
<url>http://www.greatschools.org/city/Mapleton/OR</url>
<lat>44.0308</lat>
<lon>-123.864</lon>
<active>1</active>
</city>
<city>
<id>428189</id>
<name>Marcola</name>
<state>OR</state>
<rating>6</rating>
<url>http://www.greatschools.org/city/Marcola/OR</url>
<lat>44.2072</lat>
<lon>-122.827</lon>
<active>1</active>
</city>
<city>
<id>427990</id>
<name>Marylhurst</name>
<state>OR</state>
<rating/>
<url>http://www.greatschools.org/city/Marylhurst/OR</url>
<lat>45.4077</lat>
<lon>-122.613</lon>
<active>1</active>
</city>
<city>
<id>428267</id>
<name>Maupin</name>
<state>OR</state>
<rating>6</rating>
<url>http://www.greatschools.org/city/Maupin/OR</url>
<lat>45.1745</lat>
<lon>-121.083</lon>
<active>1</active>
</city>
<city>
<id>428034</id>
<name>McMinnville</name>
<state>OR</state>
<rating>7</rating>
<url>http://www.greatschools.org/city/McMinnville/OR</url>
<lat>45.2111</lat>
<lon>-123.201</lon>
<active>1</active>
</city>
<city>
<id>427991</id>
<name>Medford</name>
<state>OR</state>
<rating>6</rating>
<url>http://www.greatschools.org/city/Medford/OR</url>
<lat>42.3334</lat>
<lon>-122.859</lon>
<active>1</active>
</city>
<city>
<id>443054</id>
<name>Merlin</name>
<state>OR</state>
<rating/>
<url>http://www.greatschools.org/city/Merlin/OR</url>
<lat>42.5334</lat>
<lon>-123.44</lon>
<active>1</active>
</city>
<city>
<id>428194</id>
<name>Merrill</name>
<state>OR</state>
<rating>4</rating>
<url>http://www.greatschools.org/city/Merrill/OR</url>
<lat>42.0254</lat>
<lon>-121.6</lon>
<active>1</active>
</city>
<city>
<id>428185</id>
<name>Mill City</name>
<state>OR</state>
<rating>3</rating>
<url>http://www.greatschools.org/city/Mill_City/OR</url>
<lat>44.7515</lat>
<lon>-122.479</lon>
<active>1</active>
</city>
<city>
<id>445525</id>
<name>Milton Frwtr</name>
<state>OR</state>
<rating/>
<url>http://www.greatschools.org/city/Milton_Frwtr/OR</url>
<lat>45.9346</lat>
<lon>-118.325</lon>
<active>1</active>
</city>
<city>
<id>445526</id>
<name>Milton-Freewa</name>
<state>OR</state>
<rating/>
<url>http://www.greatschools.org/city/Milton-Freewa/OR</url>
<lat>45.9346</lat>
<lon>-118.325</lon>
<active>1</active>
</city>
<city>
<id>428121</id>
<name>Milton-Freewater</name>
<state>OR</state>
<rating>4</rating>
<url>http://www.greatschools.org/city/Milton-Freewater/OR</url>
<lat>45.9369</lat>
<lon>-118.392</lon>
<active>1</active>
</city>
<city>
<id>428014</id>
<name>Milwaukie</name>
<state>OR</state>
<rating>5</rating>
<url>http://www.greatschools.org/city/Milwaukie/OR</url>
<lat>45.4453</lat>
<lon>-122.62</lon>
<active>1</active>
</city>
<city>
<id>444161</id>
<name>Mist</name>
<state>OR</state>
<rating/>
<url>http://www.greatschools.org/city/Mist/OR</url>
<lat>46.0006</lat>
<lon>-123.249</lon>
<active>1</active>
</city>
<city>
<id>428184</id>
<name>Mitchell</name>
<state>OR</state>
<rating/>
<url>http://www.greatschools.org/city/Mitchell/OR</url>
<lat>44.5652</lat>
<lon>-120.155</lon>
<active>1</active>
</city>
<city>
<id>428120</id>
<name>Molalla</name>
<state>OR</state>
<rating>5</rating>
<url>http://www.greatschools.org/city/Molalla/OR</url>
<lat>45.1501</lat>
<lon>-122.579</lon>
<active>1</active>
</city>
<city>
<id>427998</id>
<name>Monmouth</name>
<state>OR</state>
<rating>5</rating>
<url>http://www.greatschools.org/city/Monmouth/OR</url>
<lat>44.8485</lat>
<lon>-123.231</lon>
<active>1</active>
</city>
<city>
<id>428097</id>
<name>Monroe</name>
<state>OR</state>
<rating>6</rating>
<url>http://www.greatschools.org/city/Monroe/OR</url>
<lat>44.3159</lat>
<lon>-123.3</lon>
<active>1</active>
</city>
<city>
<id>428182</id>
<name>Monument</name>
<state>OR</state>
<rating>10</rating>
<url>http://www.greatschools.org/city/Monument/OR</url>
<lat>44.8205</lat>
<lon>-119.421</lon>
<active>1</active>
</city>
<city>
<id>428144</id>
<name>Moro</name>
<state>OR</state>
<rating>8</rating>
<url>http://www.greatschools.org/city/Moro/OR</url>
<lat>45.4848</lat>
<lon>-120.732</lon>
<active>1</active>
</city>
<city>
<id>428246</id>
<name>Mosier</name>
<state>OR</state>
<rating>7</rating>
<url>http://www.greatschools.org/city/Mosier/OR</url>
<lat>45.6815</lat>
<lon>-121.396</lon>
<active>1</active>
</city>
<city>
<id>428141</id>
<name>Mount Angel</name>
<state>OR</state>
<rating>5</rating>
<url>http://www.greatschools.org/city/Mount_Angel/OR</url>
<lat>45.068</lat>
<lon>-122.797</lon>
<active>1</active>
</city>
<city>
<id>445527</id>
<name>Mount Hood</name>
<state>OR</state>
<rating/>
<url>http://www.greatschools.org/city/Mount_Hood/OR</url>
<lat>45.4077</lat>
<lon>-121.592</lon>
<active>1</active>
</city>
<city>
<id>428062</id>
<name>Mount Vernon</name>
<state>OR</state>
<rating/>
<url>http://www.greatschools.org/city/Mount_Vernon/OR</url>
<lat>44.4168</lat>
<lon>-119.113</lon>
<active>1</active>
</city>
<city>
<id>446308</id>
<name>Mt Angel</name>
<state>OR</state>
<rating/>
<url>http://www.greatschools.org/city/Mt_Angel/OR</url>
<lat>45.0724</lat>
<lon>-122.794</lon>
<active>1</active>
</city>
<city>
<id>445528</id>
<name>Mt Hood Prkdl</name>
<state>OR</state>
<rating/>
<url>http://www.greatschools.org/city/Mt_Hood_Prkdl/OR</url>
<lat>45.4077</lat>
<lon>-121.592</lon>
<active>1</active>
</city>
<city>
<id>428183</id>
<name>Mulino</name>
<state>OR</state>
<rating>6</rating>
<url>http://www.greatschools.org/city/Mulino/OR</url>
<lat>45.2087</lat>
<lon>-122.541</lon>
<active>1</active>
</city>
<city>
<id>428139</id>
<name>Myrtle Creek</name>
<state>OR</state>
<rating>4</rating>
<url>http://www.greatschools.org/city/Myrtle_Creek/OR</url>
<lat>43.0261</lat>
<lon>-123.28</lon>
<active>1</active>
</city>
<city>
<id>428029</id>
<name>Myrtle Point</name>
<state>OR</state>
<rating>4</rating>
<url>http://www.greatschools.org/city/Myrtle_Point/OR</url>
<lat>43.0612</lat>
<lon>-124.133</lon>
<active>1</active>
</city>
<city>
<id>428178</id>
<name>Nehalem</name>
<state>OR</state>
<rating>7</rating>
<url>http://www.greatschools.org/city/Nehalem/OR</url>
<lat>45.7167</lat>
<lon>-123.897</lon>
<active>1</active>
</city>
<city>
<id>428117</id>
<name>Neskowin</name>
<state>OR</state>
<rating/>
<url>http://www.greatschools.org/city/Neskowin/OR</url>
<lat>45.1158</lat>
<lon>-123.978</lon>
<active>1</active>
</city>
<city>
<id>428066</id>
<name>Newberg</name>
<state>OR</state>
<rating>8</rating>
<url>http://www.greatschools.org/city/Newberg/OR</url>
<lat>45.3054</lat>
<lon>-122.966</lon>
<active>1</active>
</city>
<city>
<id>428102</id>
<name>Newport</name>
<state>OR</state>
<rating>6</rating>
<url>http://www.greatschools.org/city/Newport/OR</url>
<lat>44.6462</lat>
<lon>-124.055</lon>
<active>1</active>
</city>
<city>
<id>428049</id>
<name>North Bend</name>
<state>OR</state>
<rating>5</rating>
<url>http://www.greatschools.org/city/North_Bend/OR</url>
<lat>43.4006</lat>
<lon>-124.237</lon>
<active>1</active>
</city>
<city>
<id>428266</id>
<name>North Plains</name>
<state>OR</state>
<rating>7</rating>
<url>http://www.greatschools.org/city/North_Plains/OR</url>
<lat>45.5978</lat>
<lon>-123.0</lon>
<active>1</active>
</city>
<city>
<id>428173</id>
<name>North Powder</name>
<state>OR</state>
<rating>4</rating>
<url>http://www.greatschools.org/city/North_Powder/OR</url>
<lat>45.0306</lat>
<lon>-117.92</lon>
<active>1</active>
</city>
<city>
<id>428172</id>
<name>Nyssa</name>
<state>OR</state>
<rating>4</rating>
<url>http://www.greatschools.org/city/Nyssa/OR</url>
<lat>43.8796</lat>
<lon>-116.998</lon>
<active>1</active>
</city>
<city>
<id>428171</id>
<name>Oakland</name>
<state>OR</state>
<rating>7</rating>
<url>http://www.greatschools.org/city/Oakland/OR</url>
<lat>43.4234</lat>
<lon>-123.295</lon>
<active>1</active>
</city>
<city>
<id>428169</id>
<name>Oakridge</name>
<state>OR</state>
<rating>4</rating>
<url>http://www.greatschools.org/city/Oakridge/OR</url>
<lat>43.7462</lat>
<lon>-122.475</lon>
<active>1</active>
</city>
<city>
<id>428211</id>
<name>Odell</name>
<state>OR</state>
<rating>5</rating>
<url>http://www.greatschools.org/city/Odell/OR</url>
<lat>45.6313</lat>
<lon>-121.549</lon>
<active>1</active>
</city>
<city>
<id>428059</id>
<name>Ontario</name>
<state>OR</state>
<rating>4</rating>
<url>http://www.greatschools.org/city/Ontario/OR</url>
<lat>44.0263</lat>
<lon>-116.973</lon>
<active>1</active>
</city>
<city>
<id>427994</id>
<name>Oregon City</name>
<state>OR</state>
<rating>7</rating>
<url>http://www.greatschools.org/city/Oregon_City/OR</url>
<lat>45.3407</lat>
<lon>-122.597</lon>
<active>1</active>
</city>
<city>
<id>428167</id>
<name>Paisley</name>
<state>OR</state>
<rating>7</rating>
<url>http://www.greatschools.org/city/Paisley/OR</url>
<lat>42.6927</lat>
<lon>-120.547</lon>
<active>1</active>
</city>
<city>
<id>428210</id>
<name>Parkdale</name>
<state>OR</state>
<rating>3</rating>
<url>http://www.greatschools.org/city/Parkdale/OR</url>
<lat>45.5153</lat>
<lon>-121.594</lon>
<active>1</active>
</city>
<city>
<id>428240</id>
<name>Paulina</name>
<state>OR</state>
<rating>4</rating>
<url>http://www.greatschools.org/city/Paulina/OR</url>
<lat>44.1682</lat>
<lon>-119.845</lon>
<active>1</active>
</city>
<city>
<id>427997</id>
<name>Pendleton</name>
<state>OR</state>
<rating>5</rating>
<url>http://www.greatschools.org/city/Pendleton/OR</url>
<lat>45.6667</lat>
<lon>-118.8</lon>
<active>1</active>
</city>
<city>
<id>428065</id>
<name>Philomath</name>
<state>OR</state>
<rating>6</rating>
<url>http://www.greatschools.org/city/Philomath/OR</url>
<lat>44.5402</lat>
<lon>-123.359</lon>
<active>1</active>
</city>
<city>
<id>428089</id>
<name>Phoenix</name>
<state>OR</state>
<rating>5</rating>
<url>http://www.greatschools.org/city/Phoenix/OR</url>
<lat>42.2729</lat>
<lon>-122.818</lon>
<active>1</active>
</city>
<city>
<id>428163</id>
<name>Pilot Rock</name>
<state>OR</state>
<rating>7</rating>
<url>http://www.greatschools.org/city/Pilot_Rock/OR</url>
<lat>45.4816</lat>
<lon>-118.832</lon>
<active>1</active>
</city>
<city>
<id>428123</id>
<name>Pleasant Hill</name>
<state>OR</state>
<rating>7</rating>
<url>http://www.greatschools.org/city/Pleasant_Hill/OR</url>
<lat>43.9623</lat>
<lon>-122.914</lon>
<active>1</active>
</city>
<city>
<id>428158</id>
<name>Plush</name>
<state>OR</state>
<rating/>
<url>http://www.greatschools.org/city/Plush/OR</url>
<lat>42.4565</lat>
<lon>-120.029</lon>
<active>1</active>
</city>
<city>
<id>428157</id>
<name>Port Orford</name>
<state>OR</state>
<rating>6</rating>
<url>http://www.greatschools.org/city/Port_Orford/OR</url>
<lat>42.7505</lat>
<lon>-124.499</lon>
<active>1</active>
</city>
<city>
<id>427989</id>
<name>Portland</name>
<state>OR</state>
<rating>6</rating>
<url>http://www.greatschools.org/city/Portland/OR</url>
<lat>45.5201</lat>
<lon>-122.626</lon>
<active>1</active>
</city>
<city>
<id>428239</id>
<name>Powell Butte</name>
<state>OR</state>
<rating>8</rating>
<url>http://www.greatschools.org/city/Powell_Butte/OR</url>
<lat>44.2339</lat>
<lon>-121.011</lon>
<active>1</active>
</city>
<city>
<id>428156</id>
<name>Powers</name>
<state>OR</state>
<rating>5</rating>
<url>http://www.greatschools.org/city/Powers/OR</url>
<lat>42.8853</lat>
<lon>-124.073</lon>
<active>1</active>
</city>
<city>
<id>428155</id>
<name>Prairie City</name>
<state>OR</state>
<rating>7</rating>
<url>http://www.greatschools.org/city/Prairie_City/OR</url>
<lat>44.4609</lat>
<lon>-118.71</lon>
<active>1</active>
</city>
<city>
<id>428094</id>
<name>Prineville</name>
<state>OR</state>
<rating>5</rating>
<url>http://www.greatschools.org/city/Prineville/OR</url>
<lat>44.305</lat>
<lon>-120.843</lon>
<active>1</active>
</city>
<city>
<id>428154</id>
<name>Prospect</name>
<state>OR</state>
<rating>2</rating>
<url>http://www.greatschools.org/city/Prospect/OR</url>
<lat>42.7369</lat>
<lon>-122.534</lon>
<active>1</active>
</city>
<city>
<id>428245</id>
<name>Rainier</name>
<state>OR</state>
<rating>4</rating>
<url>http://www.greatschools.org/city/Rainier/OR</url>
<lat>46.088</lat>
<lon>-122.943</lon>
<active>1</active>
</city>
<city>
<id>428107</id>
<name>Redmond</name>
<state>OR</state>
<rating>5</rating>
<url>http://www.greatschools.org/city/Redmond/OR</url>
<lat>44.2609</lat>
<lon>-121.176</lon>
<active>1</active>
</city>
<city>
<id>428152</id>
<name>Reedsport</name>
<state>OR</state>
<rating>2</rating>
<url>http://www.greatschools.org/city/Reedsport/OR</url>
<lat>43.6965</lat>
<lon>-124.119</lon>
<active>1</active>
</city>
<city>
<id>444453</id>
<name>Rickreall</name>
<state>OR</state>
<rating>2</rating>
<url>http://www.greatschools.org/city/Rickreall/OR</url>
<lat>44.9319</lat>
<lon>-123.234</lon>
<active>1</active>
</city>
<city>
<id>428008</id>
<name>Riddle</name>
<state>OR</state>
<rating>4</rating>
<url>http://www.greatschools.org/city/Riddle/OR</url>
<lat>42.9524</lat>
<lon>-123.363</lon>
<active>1</active>
</city>
<city>
<id>428136</id>
<name>Riley</name>
<state>OR</state>
<rating/>
<url>http://www.greatschools.org/city/Riley/OR</url>
<lat>43.1578</lat>
<lon>-119.592</lon>
<active>1</active>
</city>
<city>
<id>428177</id>
<name>Rockaway Beach</name>
<state>OR</state>
<rating>6</rating>
<url>http://www.greatschools.org/city/Rockaway_Beach/OR</url>
<lat>45.6126</lat>
<lon>-123.94</lon>
<active>1</active>
</city>
<city>
<id>428113</id>
<name>Rogue River</name>
<state>OR</state>
<rating>4</rating>
<url>http://www.greatschools.org/city/Rogue_River/OR</url>
<lat>42.437</lat>
<lon>-123.167</lon>
<active>1</active>
</city>
<city>
<id>428078</id>
<name>Roseburg</name>
<state>OR</state>
<rating>5</rating>
<url>http://www.greatschools.org/city/Roseburg/OR</url>
<lat>43.2185</lat>
<lon>-123.359</lon>
<active>1</active>
</city>
<city>
<id>428002</id>
<name>Salem</name>
<state>OR</state>
<rating>6</rating>
<url>http://www.greatschools.org/city/Salem/OR</url>
<lat>44.9279</lat>
<lon>-123.025</lon>
<active>1</active>
</city>
<city>
<id>428076</id>
<name>Sandy</name>
<state>OR</state>
<rating>5</rating>
<url>http://www.greatschools.org/city/Sandy/OR</url>
<lat>45.3962</lat>
<lon>-122.266</lon>
<active>1</active>
</city>
<city>
<id>428012</id>
<name>Scappoose</name>
<state>OR</state>
<rating>6</rating>
<url>http://www.greatschools.org/city/Scappoose/OR</url>
<lat>45.7539</lat>
<lon>-122.878</lon>
<active>1</active>
</city>
<city>
<id>428088</id>
<name>Scio</name>
<state>OR</state>
<rating>5</rating>
<url>http://www.greatschools.org/city/Scio/OR</url>
<lat>44.7043</lat>
<lon>-122.85</lon>
<active>1</active>
</city>
<city>
<id>428142</id>
<name>Scotts Mills</name>
<state>OR</state>
<rating>5</rating>
<url>http://www.greatschools.org/city/Scotts_Mills/OR</url>
<lat>45.0415</lat>
<lon>-122.669</lon>
<active>1</active>
</city>
<city>
<id>428147</id>
<name>Seaside</name>
<state>OR</state>
<rating>5</rating>
<url>http://www.greatschools.org/city/Seaside/OR</url>
<lat>45.9935</lat>
<lon>-123.92</lon>
<active>1</active>
</city>
<city>
<id>428203</id>
<name>Seneca</name>
<state>OR</state>
<rating/>
<url>http://www.greatschools.org/city/Seneca/OR</url>
<lat>44.1362</lat>
<lon>-118.97</lon>
<active>1</active>
</city>
<city>
<id>428228</id>
<name>Shady Cove</name>
<state>OR</state>
<rating>4</rating>
<url>http://www.greatschools.org/city/Shady_Cove/OR</url>
<lat>42.6118</lat>
<lon>-122.817</lon>
<active>1</active>
</city>
<city>
<id>443979</id>
<name>Shedd</name>
<state>OR</state>
<rating/>
<url>http://www.greatschools.org/city/Shedd/OR</url>
<lat>44.4525</lat>
<lon>-123.102</lon>
<active>1</active>
</city>
<city>
<id>428084</id>
<name>Sheridan</name>
<state>OR</state>
<rating>2</rating>
<url>http://www.greatschools.org/city/Sheridan/OR</url>
<lat>45.0985</lat>
<lon>-123.395</lon>
<active>1</active>
</city>
<city>
<id>428069</id>
<name>Sherwood</name>
<state>OR</state>
<rating>9</rating>
<url>http://www.greatschools.org/city/Sherwood/OR</url>
<lat>45.3564</lat>
<lon>-122.844</lon>
<active>1</active>
</city>
<city>
<id>428052</id>
<name>Siletz</name>
<state>OR</state>
<rating>2</rating>
<url>http://www.greatschools.org/city/Siletz/OR</url>
<lat>44.7213</lat>
<lon>-123.921</lon>
<active>1</active>
</city>
<city>
<id>428143</id>
<name>Silver Lake</name>
<state>OR</state>
<rating>3</rating>
<url>http://www.greatschools.org/city/Silver_Lake/OR</url>
<lat>43.2359</lat>
<lon>-120.78</lon>
<active>1</active>
</city>
<city>
<id>428071</id>
<name>Silverton</name>
<state>OR</state>
<rating>7</rating>
<url>http://www.greatschools.org/city/Silverton/OR</url>
<lat>45.0072</lat>
<lon>-122.781</lon>
<active>1</active>
</city>
<city>
<id>428072</id>
<name>Sisters</name>
<state>OR</state>
<rating>9</rating>
<url>http://www.greatschools.org/city/Sisters/OR</url>
<lat>44.2901</lat>
<lon>-121.546</lon>
<active>1</active>
</city>
<city>
<id>428096</id>
<name>Sprague River</name>
<state>OR</state>
<rating/>
<url>http://www.greatschools.org/city/Sprague_River/OR</url>
<lat>42.4412</lat>
<lon>-121.485</lon>
<active>1</active>
</city>
<city>
<id>428138</id>
<name>Spray</name>
<state>OR</state>
<rating/>
<url>http://www.greatschools.org/city/Spray/OR</url>
<lat>44.832</lat>
<lon>-119.793</lon>
<active>1</active>
</city>
<city>
<id>428073</id>
<name>Springfield</name>
<state>OR</state>
<rating>5</rating>
<url>http://www.greatschools.org/city/Springfield/OR</url>
<lat>44.0534</lat>
<lon>-122.982</lon>
<active>1</active>
</city>
<city>
<id>446309</id>
<name>St Helens</name>
<state>OR</state>
<rating/>
<url>http://www.greatschools.org/city/St_Helens/OR</url>
<lat>45.8558</lat>
<lon>-122.839</lon>
<active>1</active>
</city>
<city>
<id>446310</id>
<name>St Paul</name>
<state>OR</state>
<rating/>
<url>http://www.greatschools.org/city/St_Paul/OR</url>
<lat>45.2142</lat>
<lon>-122.978</lon>
<active>1</active>
</city>
<city>
<id>428046</id>
<name>St. Helens</name>
<state>OR</state>
<rating>6</rating>
<url>http://www.greatschools.org/city/St._Helens/OR</url>
<lat>45.8606</lat>
<lon>-122.817</lon>
<active>1</active>
</city>
<city>
<id>428126</id>
<name>St. Paul</name>
<state>OR</state>
<rating>5</rating>
<url>http://www.greatschools.org/city/St._Paul/OR</url>
<lat>45.2114</lat>
<lon>-122.976</lon>
<active>1</active>
</city>
<city>
<id>428137</id>
<name>Stanfield</name>
<state>OR</state>
<rating>4</rating>
<url>http://www.greatschools.org/city/Stanfield/OR</url>
<lat>45.7837</lat>
<lon>-119.218</lon>
<active>1</active>
</city>
<city>
<id>428109</id>
<name>Stayton</name>
<state>OR</state>
<rating>6</rating>
<url>http://www.greatschools.org/city/Stayton/OR</url>
<lat>44.804</lat>
<lon>-122.798</lon>
<active>1</active>
</city>
<city>
<id>428268</id>
<name>Sublimity</name>
<state>OR</state>
<rating>9</rating>
<url>http://www.greatschools.org/city/Sublimity/OR</url>
<lat>44.8301</lat>
<lon>-122.793</lon>
<active>1</active>
</city>
<city>
<id>428257</id>
<name>Sunriver</name>
<state>OR</state>
<rating>8</rating>
<url>http://www.greatschools.org/city/Sunriver/OR</url>
<lat>43.8658</lat>
<lon>-121.432</lon>
<active>1</active>
</city>
<city>
<id>428103</id>
<name>Sutherlin</name>
<state>OR</state>
<rating>6</rating>
<url>http://www.greatschools.org/city/Sutherlin/OR</url>
<lat>43.389</lat>
<lon>-123.312</lon>
<active>1</active>
</city>
<city>
<id>428032</id>
<name>Sweet Home</name>
<state>OR</state>
<rating>4</rating>
<url>http://www.greatschools.org/city/Sweet_Home/OR</url>
<lat>44.3984</lat>
<lon>-122.717</lon>
<active>1</active>
</city>
<city>
<id>428164</id>
<name>Talent</name>
<state>OR</state>
<rating>5</rating>
<url>http://www.greatschools.org/city/Talent/OR</url>
<lat>42.2406</lat>
<lon>-122.783</lon>
<active>1</active>
</city>
<city>
<id>428040</id>
<name>Tangent</name>
<state>OR</state>
<rating>5</rating>
<url>http://www.greatschools.org/city/Tangent/OR</url>
<lat>44.5452</lat>
<lon>-123.113</lon>
<active>1</active>
</city>
<city>
<id>443052</id>
<name>Tenmile</name>
<state>OR</state>
<rating/>
<url>http://www.greatschools.org/city/Tenmile/OR</url>
<lat>43.1227</lat>
<lon>-123.549</lon>
<active>1</active>
</city>
<city>
<id>428153</id>
<name>Terrebonne</name>
<state>OR</state>
<rating>6</rating>
<url>http://www.greatschools.org/city/Terrebonne/OR</url>
<lat>44.3469</lat>
<lon>-121.182</lon>
<active>1</active>
</city>
<city>
<id>428021</id>
<name>The Dalles</name>
<state>OR</state>
<rating>4</rating>
<url>http://www.greatschools.org/city/The_Dalles/OR</url>
<lat>45.6016</lat>
<lon>-121.198</lon>
<active>1</active>
</city>
<city>
<id>427993</id>
<name>Tigard</name>
<state>OR</state>
<rating>7</rating>
<url>http://www.greatschools.org/city/Tigard/OR</url>
<lat>45.4252</lat>
<lon>-122.785</lon>
<active>1</active>
</city>
<city>
<id>428087</id>
<name>Tillamook</name>
<state>OR</state>
<rating>4</rating>
<url>http://www.greatschools.org/city/Tillamook/OR</url>
<lat>45.4537</lat>
<lon>-123.839</lon>
<active>1</active>
</city>
<city>
<id>428236</id>
<name>Tiller</name>
<state>OR</state>
<rating>3</rating>
<url>http://www.greatschools.org/city/Tiller/OR</url>
<lat>42.9323</lat>
<lon>-122.877</lon>
<active>1</active>
</city>
<city>
<id>428027</id>
<name>Toledo</name>
<state>OR</state>
<rating>4</rating>
<url>http://www.greatschools.org/city/Toledo/OR</url>
<lat>44.6212</lat>
<lon>-123.932</lon>
<active>1</active>
</city>
<city>
<id>428229</id>
<name>Trail</name>
<state>OR</state>
<rating/>
<url>http://www.greatschools.org/city/Trail/OR</url>
<lat>42.6759</lat>
<lon>-122.807</lon>
<active>1</active>
</city>
<city>
<id>427999</id>
<name>Troutdale</name>
<state>OR</state>
<rating>4</rating>
<url>http://www.greatschools.org/city/Troutdale/OR</url>
<lat>45.527</lat>
<lon>-122.391</lon>
<active>1</active>
</city>
<city>
<id>428070</id>
<name>Tualatin</name>
<state>OR</state>
<rating>7</rating>
<url>http://www.greatschools.org/city/Tualatin/OR</url>
<lat>45.3761</lat>
<lon>-122.766</lon>
<active>1</active>
</city>
<city>
<id>428105</id>
<name>Turner</name>
<state>OR</state>
<rating>6</rating>
<url>http://www.greatschools.org/city/Turner/OR</url>
<lat>44.8481</lat>
<lon>-122.951</lon>
<active>1</active>
</city>
<city>
<id>445531</id>
<name>Tygh Valley</name>
<state>OR</state>
<rating/>
<url>http://www.greatschools.org/city/Tygh_Valley/OR</url>
<lat>45.2439</lat>
<lon>-121.169</lon>
<active>1</active>
</city>
<city>
<id>428133</id>
<name>Ukiah</name>
<state>OR</state>
<rating/>
<url>http://www.greatschools.org/city/Ukiah/OR</url>
<lat>45.1348</lat>
<lon>-118.932</lon>
<active>1</active>
</city>
<city>
<id>428132</id>
<name>Umatilla</name>
<state>OR</state>
<rating>2</rating>
<url>http://www.greatschools.org/city/Umatilla/OR</url>
<lat>45.9178</lat>
<lon>-119.307</lon>
<active>1</active>
</city>
<city>
<id>428131</id>
<name>Union</name>
<state>OR</state>
<rating>5</rating>
<url>http://www.greatschools.org/city/Union/OR</url>
<lat>45.2106</lat>
<lon>-117.867</lon>
<active>1</active>
</city>
<city>
<id>428259</id>
<name>Unity</name>
<state>OR</state>
<rating/>
<url>http://www.greatschools.org/city/Unity/OR</url>
<lat>44.4468</lat>
<lon>-118.188</lon>
<active>1</active>
</city>
<city>
<id>428035</id>
<name>Vale</name>
<state>OR</state>
<rating>5</rating>
<url>http://www.greatschools.org/city/Vale/OR</url>
<lat>43.9822</lat>
<lon>-117.245</lon>
<active>1</active>
</city>
<city>
<id>428223</id>
<name>Veneta</name>
<state>OR</state>
<rating>5</rating>
<url>http://www.greatschools.org/city/Veneta/OR</url>
<lat>44.045</lat>
<lon>-123.353</lon>
<active>1</active>
</city>
<city>
<id>428011</id>
<name>Vernonia</name>
<state>OR</state>
<rating>4</rating>
<url>http://www.greatschools.org/city/Vernonia/OR</url>
<lat>45.8607</lat>
<lon>-123.186</lon>
<active>1</active>
</city>
<city>
<id>428193</id>
<name>Waldport</name>
<state>OR</state>
<rating>5</rating>
<url>http://www.greatschools.org/city/Waldport/OR</url>
<lat>44.4223</lat>
<lon>-124.063</lon>
<active>1</active>
</city>
<city>
<id>428129</id>
<name>Wallowa</name>
<state>OR</state>
<rating>6</rating>
<url>http://www.greatschools.org/city/Wallowa/OR</url>
<lat>45.5702</lat>
<lon>-117.53</lon>
<active>1</active>
</city>
<city>
<id>428205</id>
<name>Warm Springs</name>
<state>OR</state>
<rating>1</rating>
<url>http://www.greatschools.org/city/Warm_Springs/OR</url>
<lat>44.7564</lat>
<lon>-121.283</lon>
<active>1</active>
</city>
<city>
<id>428150</id>
<name>Warren</name>
<state>OR</state>
<rating>5</rating>
<url>http://www.greatschools.org/city/Warren/OR</url>
<lat>45.8224</lat>
<lon>-122.874</lon>
<active>1</active>
</city>
<city>
<id>428079</id>
<name>Warrenton</name>
<state>OR</state>
<rating>4</rating>
<url>http://www.greatschools.org/city/Warrenton/OR</url>
<lat>46.1729</lat>
<lon>-123.935</lon>
<active>1</active>
</city>
<city>
<id>428146</id>
<name>Wasco</name>
<state>OR</state>
<rating/>
<url>http://www.greatschools.org/city/Wasco/OR</url>
<lat>45.5922</lat>
<lon>-120.699</lon>
<active>1</active>
</city>
<city>
<id>428085</id>
<name>Welches</name>
<state>OR</state>
<rating>5</rating>
<url>http://www.greatschools.org/city/Welches/OR</url>
<lat>45.3344</lat>
<lon>-121.954</lon>
<active>1</active>
</city>
<city>
<id>428063</id>
<name>West Linn</name>
<state>OR</state>
<rating>9</rating>
<url>http://www.greatschools.org/city/West_Linn/OR</url>
<lat>45.3732</lat>
<lon>-122.631</lon>
<active>1</active>
</city>
<city>
<id>428260</id>
<name>Weston</name>
<state>OR</state>
<rating>5</rating>
<url>http://www.greatschools.org/city/Weston/OR</url>
<lat>45.8129</lat>
<lon>-118.424</lon>
<active>1</active>
</city>
<city>
<id>428056</id>
<name>White City</name>
<state>OR</state>
<rating>3</rating>
<url>http://www.greatschools.org/city/White_City/OR</url>
<lat>42.4305</lat>
<lon>-122.834</lon>
<active>1</active>
</city>
<city>
<id>428116</id>
<name>Willamina</name>
<state>OR</state>
<rating>3</rating>
<url>http://www.greatschools.org/city/Willamina/OR</url>
<lat>45.0779</lat>
<lon>-123.487</lon>
<active>1</active>
</city>
<city>
<id>428200</id>
<name>Williams</name>
<state>OR</state>
<rating>6</rating>
<url>http://www.greatschools.org/city/Williams/OR</url>
<lat>42.2374</lat>
<lon>-123.293</lon>
<active>1</active>
</city>
<city>
<id>428048</id>
<name>Wilsonville</name>
<state>OR</state>
<rating>7</rating>
<url>http://www.greatschools.org/city/Wilsonville/OR</url>
<lat>45.3029</lat>
<lon>-122.765</lon>
<active>1</active>
</city>
<city>
<id>428151</id>
<name>Winchester</name>
<state>OR</state>
<rating>4</rating>
<url>http://www.greatschools.org/city/Winchester/OR</url>
<lat>43.2221</lat>
<lon>-123.37</lon>
<active>1</active>
</city>
<city>
<id>428033</id>
<name>Winston</name>
<state>OR</state>
<rating>5</rating>
<url>http://www.greatschools.org/city/Winston/OR</url>
<lat>43.121</lat>
<lon>-123.413</lon>
<active>1</active>
</city>
<city>
<id>428199</id>
<name>Wolf Creek</name>
<state>OR</state>
<rating>8</rating>
<url>http://www.greatschools.org/city/Wolf_Creek/OR</url>
<lat>42.6434</lat>
<lon>-123.375</lon>
<active>1</active>
</city>
<city>
<id>428001</id>
<name>Woodburn</name>
<state>OR</state>
<rating>3</rating>
<url>http://www.greatschools.org/city/Woodburn/OR</url>
<lat>45.1463</lat>
<lon>-122.857</lon>
<active>1</active>
</city>
<city>
<id>428270</id>
<name>Yamhill</name>
<state>OR</state>
<rating>6</rating>
<url>http://www.greatschools.org/city/Yamhill/OR</url>
<lat>45.3412</lat>
<lon>-123.184</lon>
<active>1</active>
</city>
<city>
<id>428093</id>
<name>Yoncalla</name>
<state>OR</state>
<rating>3</rating>
<url>http://www.greatschools.org/city/Yoncalla/OR</url>
<lat>43.5989</lat>
<lon>-123.289</lon>
<active>1</active>
</city>
</greatschools-city-feed>
