<?xml version="1.0" encoding="utf-8"?><greatschools-city-feed xmlns:xsi="http://www.w3.org/2001/XMLSchema-instance" xsi:noNamespaceSchemaLocation="http://www.greatschools.org/feeds/greatschools-city2.xsd">
<city>
<id>443246</id>
<name>Adams</name>
<state>TN</state>
<rating/>
<url>http://www.greatschools.org/city/Adams/TN</url>
<lat>36.5826</lat>
<lon>-87.0659</lon>
<active>1</active>
</city>
<city>
<id>440154</id>
<name>Adamsville</name>
<state>TN</state>
<rating>5</rating>
<url>http://www.greatschools.org/city/Adamsville/TN</url>
<lat>35.2382</lat>
<lon>-88.3861</lon>
<active>1</active>
</city>
<city>
<id>439926</id>
<name>Afton</name>
<state>TN</state>
<rating>5</rating>
<url>http://www.greatschools.org/city/Afton/TN</url>
<lat>36.2064</lat>
<lon>-82.7413</lon>
<active>1</active>
</city>
<city>
<id>440241</id>
<name>Alamo</name>
<state>TN</state>
<rating>6</rating>
<url>http://www.greatschools.org/city/Alamo/TN</url>
<lat>35.7835</lat>
<lon>-89.1185</lon>
<active>1</active>
</city>
<city>
<id>440278</id>
<name>Alcoa</name>
<state>TN</state>
<rating>7</rating>
<url>http://www.greatschools.org/city/Alcoa/TN</url>
<lat>35.7967</lat>
<lon>-83.9791</lon>
<active>1</active>
</city>
<city>
<id>443245</id>
<name>Alexandria</name>
<state>TN</state>
<rating/>
<url>http://www.greatschools.org/city/Alexandria/TN</url>
<lat>36.0769</lat>
<lon>-86.0347</lon>
<active>1</active>
</city>
<city>
<id>444342</id>
<name>Algood</name>
<state>TN</state>
<rating>8</rating>
<url>http://www.greatschools.org/city/Algood/TN</url>
<lat>36.1975</lat>
<lon>-85.4497</lon>
<active>1</active>
</city>
<city>
<id>440229</id>
<name>Allardt</name>
<state>TN</state>
<rating>8</rating>
<url>http://www.greatschools.org/city/Allardt/TN</url>
<lat>36.3844</lat>
<lon>-84.8879</lon>
<active>1</active>
</city>
<city>
<id>440139</id>
<name>Allons</name>
<state>TN</state>
<rating>4</rating>
<url>http://www.greatschools.org/city/Allons/TN</url>
<lat>36.5033</lat>
<lon>-85.3446</lon>
<active>1</active>
</city>
<city>
<id>440211</id>
<name>Altamont</name>
<state>TN</state>
<rating>6</rating>
<url>http://www.greatschools.org/city/Altamont/TN</url>
<lat>35.4369</lat>
<lon>-85.7314</lon>
<active>1</active>
</city>
<city>
<id>440277</id>
<name>Andersonville</name>
<state>TN</state>
<rating>8</rating>
<url>http://www.greatschools.org/city/Andersonville/TN</url>
<lat>36.2132</lat>
<lon>-84.0252</lon>
<active>1</active>
</city>
<city>
<id>439906</id>
<name>Antioch</name>
<state>TN</state>
<rating>3</rating>
<url>http://www.greatschools.org/city/Antioch/TN</url>
<lat>36.0592</lat>
<lon>-86.6494</lon>
<active>1</active>
</city>
<city>
<id>440084</id>
<name>Apison</name>
<state>TN</state>
<rating>10</rating>
<url>http://www.greatschools.org/city/Apison/TN</url>
<lat>35.0197</lat>
<lon>-85.0184</lon>
<active>1</active>
</city>
<city>
<id>439928</id>
<name>Arlington</name>
<state>TN</state>
<rating>8</rating>
<url>http://www.greatschools.org/city/Arlington/TN</url>
<lat>35.2786</lat>
<lon>-89.6691</lon>
<active>1</active>
</city>
<city>
<id>443244</id>
<name>Arrington</name>
<state>TN</state>
<rating/>
<url>http://www.greatschools.org/city/Arrington/TN</url>
<lat>35.8744</lat>
<lon>-86.6624</lon>
<active>1</active>
</city>
<city>
<id>439993</id>
<name>Arthur</name>
<state>TN</state>
<rating/>
<url>http://www.greatschools.org/city/Arthur/TN</url>
<lat>36.472</lat>
<lon>-83.5568</lon>
<active>1</active>
</city>
<city>
<id>440040</id>
<name>Ashland City</name>
<state>TN</state>
<rating>3</rating>
<url>http://www.greatschools.org/city/Ashland_City/TN</url>
<lat>36.2719</lat>
<lon>-87.0512</lon>
<active>1</active>
</city>
<city>
<id>439916</id>
<name>Athens</name>
<state>TN</state>
<rating>6</rating>
<url>http://www.greatschools.org/city/Athens/TN</url>
<lat>35.4477</lat>
<lon>-84.6031</lon>
<active>1</active>
</city>
<city>
<id>443243</id>
<name>Atoka</name>
<state>TN</state>
<rating>9</rating>
<url>http://www.greatschools.org/city/Atoka/TN</url>
<lat>35.4296</lat>
<lon>-89.7701</lon>
<active>1</active>
</city>
<city>
<id>440100</id>
<name>Atwood</name>
<state>TN</state>
<rating>7</rating>
<url>http://www.greatschools.org/city/Atwood/TN</url>
<lat>35.9751</lat>
<lon>-88.67</lon>
<active>1</active>
</city>
<city>
<id>440261</id>
<name>Auburntown</name>
<state>TN</state>
<rating>5</rating>
<url>http://www.greatschools.org/city/Auburntown/TN</url>
<lat>35.9487</lat>
<lon>-86.1002</lon>
<active>1</active>
</city>
<city>
<id>439924</id>
<name>Bartlett</name>
<state>TN</state>
<rating>7</rating>
<url>http://www.greatschools.org/city/Bartlett/TN</url>
<lat>35.222</lat>
<lon>-89.8438</lon>
<active>1</active>
</city>
<city>
<id>440006</id>
<name>Baxter</name>
<state>TN</state>
<rating>7</rating>
<url>http://www.greatschools.org/city/Baxter/TN</url>
<lat>36.1562</lat>
<lon>-85.6397</lon>
<active>1</active>
</city>
<city>
<id>440051</id>
<name>Bean Station</name>
<state>TN</state>
<rating>5</rating>
<url>http://www.greatschools.org/city/Bean_Station/TN</url>
<lat>36.3247</lat>
<lon>-83.3155</lon>
<active>1</active>
</city>
<city>
<id>440165</id>
<name>Beech Bluff</name>
<state>TN</state>
<rating>6</rating>
<url>http://www.greatschools.org/city/Beech_Bluff/TN</url>
<lat>35.5922</lat>
<lon>-88.6312</lon>
<active>1</active>
</city>
<city>
<id>440089</id>
<name>Bell Buckle</name>
<state>TN</state>
<rating/>
<url>http://www.greatschools.org/city/Bell_Buckle/TN</url>
<lat>35.5917</lat>
<lon>-86.3525</lon>
<active>1</active>
</city>
<city>
<id>440270</id>
<name>Bells</name>
<state>TN</state>
<rating>7</rating>
<url>http://www.greatschools.org/city/Bells/TN</url>
<lat>35.7172</lat>
<lon>-89.0871</lon>
<active>1</active>
</city>
<city>
<id>440007</id>
<name>Benton</name>
<state>TN</state>
<rating>6</rating>
<url>http://www.greatschools.org/city/Benton/TN</url>
<lat>35.1735</lat>
<lon>-84.6549</lon>
<active>1</active>
</city>
<city>
<id>439980</id>
<name>Bethel Springs</name>
<state>TN</state>
<rating>5</rating>
<url>http://www.greatschools.org/city/Bethel_Springs/TN</url>
<lat>35.2341</lat>
<lon>-88.6119</lon>
<active>1</active>
</city>
<city>
<id>440118</id>
<name>Bethpage</name>
<state>TN</state>
<rating>8</rating>
<url>http://www.greatschools.org/city/Bethpage/TN</url>
<lat>36.5064</lat>
<lon>-86.3162</lon>
<active>1</active>
</city>
<city>
<id>440121</id>
<name>Big Rock</name>
<state>TN</state>
<rating>7</rating>
<url>http://www.greatschools.org/city/Big_Rock/TN</url>
<lat>36.5724</lat>
<lon>-87.793</lon>
<active>1</active>
</city>
<city>
<id>440036</id>
<name>Big Sandy</name>
<state>TN</state>
<rating>6</rating>
<url>http://www.greatschools.org/city/Big_Sandy/TN</url>
<lat>36.233</lat>
<lon>-88.0838</lon>
<active>1</active>
</city>
<city>
<id>440209</id>
<name>Birchwood</name>
<state>TN</state>
<rating>5</rating>
<url>http://www.greatschools.org/city/Birchwood/TN</url>
<lat>35.3673</lat>
<lon>-84.9529</lon>
<active>1</active>
</city>
<city>
<id>439962</id>
<name>Bloomington Springs</name>
<state>TN</state>
<rating/>
<url>http://www.greatschools.org/city/Bloomington_Springs/TN</url>
<lat>36.2256</lat>
<lon>-85.6377</lon>
<active>1</active>
</city>
<city>
<id>440044</id>
<name>Blountville</name>
<state>TN</state>
<rating>8</rating>
<url>http://www.greatschools.org/city/Blountville/TN</url>
<lat>36.5367</lat>
<lon>-82.324</lon>
<active>1</active>
</city>
<city>
<id>440120</id>
<name>Bluff City</name>
<state>TN</state>
<rating>5</rating>
<url>http://www.greatschools.org/city/Bluff_City/TN</url>
<lat>36.4613</lat>
<lon>-82.2773</lon>
<active>1</active>
</city>
<city>
<id>440053</id>
<name>Bolivar</name>
<state>TN</state>
<rating>3</rating>
<url>http://www.greatschools.org/city/Bolivar/TN</url>
<lat>35.2655</lat>
<lon>-88.9993</lon>
<active>1</active>
</city>
<city>
<id>443242</id>
<name>Bon Aqua</name>
<state>TN</state>
<rating/>
<url>http://www.greatschools.org/city/Bon_Aqua/TN</url>
<lat>35.9478</lat>
<lon>-87.2962</lon>
<active>1</active>
</city>
<city>
<id>440224</id>
<name>Bradford</name>
<state>TN</state>
<rating>9</rating>
<url>http://www.greatschools.org/city/Bradford/TN</url>
<lat>36.0741</lat>
<lon>-88.8141</lon>
<active>1</active>
</city>
<city>
<id>440260</id>
<name>Bradyville</name>
<state>TN</state>
<rating>4</rating>
<url>http://www.greatschools.org/city/Bradyville/TN</url>
<lat>35.7044</lat>
<lon>-86.0978</lon>
<active>1</active>
</city>
<city>
<id>439915</id>
<name>Brentwood</name>
<state>TN</state>
<rating>10</rating>
<url>http://www.greatschools.org/city/Brentwood/TN</url>
<lat>35.9967</lat>
<lon>-86.79</lon>
<active>1</active>
</city>
<city>
<id>440276</id>
<name>Briceville</name>
<state>TN</state>
<rating>3</rating>
<url>http://www.greatschools.org/city/Briceville/TN</url>
<lat>36.1679</lat>
<lon>-84.2316</lon>
<active>1</active>
</city>
<city>
<id>440032</id>
<name>Brighton</name>
<state>TN</state>
<rating>8</rating>
<url>http://www.greatschools.org/city/Brighton/TN</url>
<lat>35.4842</lat>
<lon>-89.728</lon>
<active>1</active>
</city>
<city>
<id>439951</id>
<name>Bristol</name>
<state>TN</state>
<rating>7</rating>
<url>http://www.greatschools.org/city/Bristol/TN</url>
<lat>36.5754</lat>
<lon>-82.1877</lon>
<active>1</active>
</city>
<city>
<id>446342</id>
<name>Briston</name>
<state>TN</state>
<rating/>
<url>http://www.greatschools.org/city/Briston/TN</url>
<lat>36.5837</lat>
<lon>-82.1798</lon>
<active>1</active>
</city>
<city>
<id>440192</id>
<name>Brownsville</name>
<state>TN</state>
<rating>3</rating>
<url>http://www.greatschools.org/city/Brownsville/TN</url>
<lat>35.5973</lat>
<lon>-89.2621</lon>
<active>1</active>
</city>
<city>
<id>440188</id>
<name>Bruceton</name>
<state>TN</state>
<rating>5</rating>
<url>http://www.greatschools.org/city/Bruceton/TN</url>
<lat>36.0353</lat>
<lon>-88.2448</lon>
<active>1</active>
</city>
<city>
<id>439931</id>
<name>Buchanan</name>
<state>TN</state>
<rating>9</rating>
<url>http://www.greatschools.org/city/Buchanan/TN</url>
<lat>36.4347</lat>
<lon>-88.156</lon>
<active>1</active>
</city>
<city>
<id>440195</id>
<name>Bulls Gap</name>
<state>TN</state>
<rating>6</rating>
<url>http://www.greatschools.org/city/Bulls_Gap/TN</url>
<lat>36.2626</lat>
<lon>-83.0794</lon>
<active>1</active>
</city>
<city>
<id>439955</id>
<name>Burns</name>
<state>TN</state>
<rating>9</rating>
<url>http://www.greatschools.org/city/Burns/TN</url>
<lat>36.055</lat>
<lon>-87.3207</lon>
<active>1</active>
</city>
<city>
<id>440257</id>
<name>Butler</name>
<state>TN</state>
<rating>5</rating>
<url>http://www.greatschools.org/city/Butler/TN</url>
<lat>36.3328</lat>
<lon>-81.988</lon>
<active>1</active>
</city>
<city>
<id>440134</id>
<name>Byrdstown</name>
<state>TN</state>
<rating>5</rating>
<url>http://www.greatschools.org/city/Byrdstown/TN</url>
<lat>36.5725</lat>
<lon>-85.1364</lon>
<active>1</active>
</city>
<city>
<id>440072</id>
<name>Calhoun</name>
<state>TN</state>
<rating>8</rating>
<url>http://www.greatschools.org/city/Calhoun/TN</url>
<lat>35.2948</lat>
<lon>-84.7446</lon>
<active>1</active>
</city>
<city>
<id>439985</id>
<name>Camden</name>
<state>TN</state>
<rating>6</rating>
<url>http://www.greatschools.org/city/Camden/TN</url>
<lat>36.0651</lat>
<lon>-88.1007</lon>
<active>1</active>
</city>
<city>
<id>440005</id>
<name>Carthage</name>
<state>TN</state>
<rating>7</rating>
<url>http://www.greatschools.org/city/Carthage/TN</url>
<lat>36.2557</lat>
<lon>-85.9483</lon>
<active>1</active>
</city>
<city>
<id>440265</id>
<name>Caryville</name>
<state>TN</state>
<rating>4</rating>
<url>http://www.greatschools.org/city/Caryville/TN</url>
<lat>36.3107</lat>
<lon>-84.2168</lon>
<active>1</active>
</city>
<city>
<id>439954</id>
<name>Cedar Grove</name>
<state>TN</state>
<rating/>
<url>http://www.greatschools.org/city/Cedar_Grove/TN</url>
<lat>35.8628</lat>
<lon>-88.5612</lon>
<active>1</active>
</city>
<city>
<id>439910</id>
<name>Cedar Hill</name>
<state>TN</state>
<rating>5</rating>
<url>http://www.greatschools.org/city/Cedar_Hill/TN</url>
<lat>36.552</lat>
<lon>-87.0016</lon>
<active>1</active>
</city>
<city>
<id>439976</id>
<name>Celina</name>
<state>TN</state>
<rating>4</rating>
<url>http://www.greatschools.org/city/Celina/TN</url>
<lat>36.5478</lat>
<lon>-85.5012</lon>
<active>1</active>
</city>
<city>
<id>440027</id>
<name>Centerville</name>
<state>TN</state>
<rating>6</rating>
<url>http://www.greatschools.org/city/Centerville/TN</url>
<lat>35.8308</lat>
<lon>-87.4507</lon>
<active>1</active>
</city>
<city>
<id>440162</id>
<name>Chapel Hill</name>
<state>TN</state>
<rating>7</rating>
<url>http://www.greatschools.org/city/Chapel_Hill/TN</url>
<lat>35.6286</lat>
<lon>-86.696</lon>
<active>1</active>
</city>
<city>
<id>440254</id>
<name>Chapmansboro</name>
<state>TN</state>
<rating>6</rating>
<url>http://www.greatschools.org/city/Chapmansboro/TN</url>
<lat>36.3882</lat>
<lon>-87.123</lon>
<active>1</active>
</city>
<city>
<id>439938</id>
<name>Charleston</name>
<state>TN</state>
<rating>7</rating>
<url>http://www.greatschools.org/city/Charleston/TN</url>
<lat>35.2857</lat>
<lon>-84.7593</lon>
<active>1</active>
</city>
<city>
<id>440012</id>
<name>Charlotte</name>
<state>TN</state>
<rating>6</rating>
<url>http://www.greatschools.org/city/Charlotte/TN</url>
<lat>36.1802</lat>
<lon>-87.3459</lon>
<active>1</active>
</city>
<city>
<id>439902</id>
<name>Chattanooga</name>
<state>TN</state>
<rating>4</rating>
<url>http://www.greatschools.org/city/Chattanooga/TN</url>
<lat>35.0583</lat>
<lon>-85.2477</lon>
<active>1</active>
</city>
<city>
<id>439969</id>
<name>Christiana</name>
<state>TN</state>
<rating>9</rating>
<url>http://www.greatschools.org/city/Christiana/TN</url>
<lat>35.7152</lat>
<lon>-86.3891</lon>
<active>1</active>
</city>
<city>
<id>440107</id>
<name>Chuckey</name>
<state>TN</state>
<rating>6</rating>
<url>http://www.greatschools.org/city/Chuckey/TN</url>
<lat>36.2052</lat>
<lon>-82.6738</lon>
<active>1</active>
</city>
<city>
<id>440193</id>
<name>Church Hill</name>
<state>TN</state>
<rating>6</rating>
<url>http://www.greatschools.org/city/Church_Hill/TN</url>
<lat>36.5254</lat>
<lon>-82.7138</lon>
<active>1</active>
</city>
<city>
<id>440251</id>
<name>Clairfield</name>
<state>TN</state>
<rating>5</rating>
<url>http://www.greatschools.org/city/Clairfield/TN</url>
<lat>36.567</lat>
<lon>-83.9483</lon>
<active>1</active>
</city>
<city>
<id>440228</id>
<name>Clarkrange</name>
<state>TN</state>
<rating>3</rating>
<url>http://www.greatschools.org/city/Clarkrange/TN</url>
<lat>36.2118</lat>
<lon>-85.0084</lon>
<active>1</active>
</city>
<city>
<id>440122</id>
<name>Clarksburg</name>
<state>TN</state>
<rating>6</rating>
<url>http://www.greatschools.org/city/Clarksburg/TN</url>
<lat>35.8738</lat>
<lon>-88.3943</lon>
<active>1</active>
</city>
<city>
<id>439895</id>
<name>Clarksville</name>
<state>TN</state>
<rating>7</rating>
<url>http://www.greatschools.org/city/Clarksville/TN</url>
<lat>36.5649</lat>
<lon>-87.3631</lon>
<active>1</active>
</city>
<city>
<id>439937</id>
<name>Cleveland</name>
<state>TN</state>
<rating>6</rating>
<url>http://www.greatschools.org/city/Cleveland/TN</url>
<lat>35.1784</lat>
<lon>-84.8703</lon>
<active>1</active>
</city>
<city>
<id>439920</id>
<name>Clifton</name>
<state>TN</state>
<rating>6</rating>
<url>http://www.greatschools.org/city/Clifton/TN</url>
<lat>35.3754</lat>
<lon>-87.9947</lon>
<active>1</active>
</city>
<city>
<id>440070</id>
<name>Clinton</name>
<state>TN</state>
<rating>6</rating>
<url>http://www.greatschools.org/city/Clinton/TN</url>
<lat>36.0982</lat>
<lon>-84.1347</lon>
<active>1</active>
</city>
<city>
<id>440146</id>
<name>Coalfield</name>
<state>TN</state>
<rating>4</rating>
<url>http://www.greatschools.org/city/Coalfield/TN</url>
<lat>36.0389</lat>
<lon>-84.3619</lon>
<active>1</active>
</city>
<city>
<id>440049</id>
<name>Coalmont</name>
<state>TN</state>
<rating>5</rating>
<url>http://www.greatschools.org/city/Coalmont/TN</url>
<lat>35.3452</lat>
<lon>-85.7088</lon>
<active>1</active>
</city>
<city>
<id>440096</id>
<name>College Grove</name>
<state>TN</state>
<rating>8</rating>
<url>http://www.greatschools.org/city/College_Grove/TN</url>
<lat>35.7787</lat>
<lon>-86.7199</lon>
<active>1</active>
</city>
<city>
<id>440045</id>
<name>Collegedale</name>
<state>TN</state>
<rating/>
<url>http://www.greatschools.org/city/Collegedale/TN</url>
<lat>35.0512</lat>
<lon>-85.047</lon>
<active>1</active>
</city>
<city>
<id>439912</id>
<name>Collierville</name>
<state>TN</state>
<rating>9</rating>
<url>http://www.greatschools.org/city/Collierville/TN</url>
<lat>35.0623</lat>
<lon>-89.6803</lon>
<active>1</active>
</city>
<city>
<id>440104</id>
<name>Collinwood</name>
<state>TN</state>
<rating>5</rating>
<url>http://www.greatschools.org/city/Collinwood/TN</url>
<lat>35.1712</lat>
<lon>-87.7422</lon>
<active>1</active>
</city>
<city>
<id>439940</id>
<name>Columbia</name>
<state>TN</state>
<rating>5</rating>
<url>http://www.greatschools.org/city/Columbia/TN</url>
<lat>35.6136</lat>
<lon>-87.0528</lon>
<active>1</active>
</city>
<city>
<id>439919</id>
<name>Cookeville</name>
<state>TN</state>
<rating>7</rating>
<url>http://www.greatschools.org/city/Cookeville/TN</url>
<lat>36.1658</lat>
<lon>-85.5044</lon>
<active>1</active>
</city>
<city>
<id>439914</id>
<name>Copperhill</name>
<state>TN</state>
<rating>4</rating>
<url>http://www.greatschools.org/city/Copperhill/TN</url>
<lat>34.991</lat>
<lon>-84.3701</lon>
<active>1</active>
</city>
<city>
<id>439927</id>
<name>Cordova</name>
<state>TN</state>
<rating>5</rating>
<url>http://www.greatschools.org/city/Cordova/TN</url>
<lat>35.1787</lat>
<lon>-89.7795</lon>
<active>1</active>
</city>
<city>
<id>440010</id>
<name>Cornersville</name>
<state>TN</state>
<rating>7</rating>
<url>http://www.greatschools.org/city/Cornersville/TN</url>
<lat>35.359</lat>
<lon>-86.841</lon>
<active>1</active>
</city>
<city>
<id>440056</id>
<name>Corryton</name>
<state>TN</state>
<rating>7</rating>
<url>http://www.greatschools.org/city/Corryton/TN</url>
<lat>36.1334</lat>
<lon>-83.8155</lon>
<active>1</active>
</city>
<city>
<id>440023</id>
<name>Cosby</name>
<state>TN</state>
<rating>5</rating>
<url>http://www.greatschools.org/city/Cosby/TN</url>
<lat>35.8218</lat>
<lon>-83.2385</lon>
<active>1</active>
</city>
<city>
<id>439992</id>
<name>Cottontown</name>
<state>TN</state>
<rating>8</rating>
<url>http://www.greatschools.org/city/Cottontown/TN</url>
<lat>36.4935</lat>
<lon>-86.6042</lon>
<active>1</active>
</city>
<city>
<id>440199</id>
<name>Counce</name>
<state>TN</state>
<rating>6</rating>
<url>http://www.greatschools.org/city/Counce/TN</url>
<lat>35.0375</lat>
<lon>-88.2713</lon>
<active>1</active>
</city>
<city>
<id>439923</id>
<name>Covington</name>
<state>TN</state>
<rating>4</rating>
<url>http://www.greatschools.org/city/Covington/TN</url>
<lat>35.5632</lat>
<lon>-89.6521</lon>
<active>1</active>
</city>
<city>
<id>440225</id>
<name>Cowan</name>
<state>TN</state>
<rating>5</rating>
<url>http://www.greatschools.org/city/Cowan/TN</url>
<lat>35.1663</lat>
<lon>-86.0114</lon>
<active>1</active>
</city>
<city>
<id>440240</id>
<name>Crab Orchard</name>
<state>TN</state>
<rating>6</rating>
<url>http://www.greatschools.org/city/Crab_Orchard/TN</url>
<lat>35.91</lat>
<lon>-84.8879</lon>
<active>1</active>
</city>
<city>
<id>440136</id>
<name>Crawford</name>
<state>TN</state>
<rating>6</rating>
<url>http://www.greatschools.org/city/Crawford/TN</url>
<lat>36.2373</lat>
<lon>-85.1745</lon>
<active>1</active>
</city>
<city>
<id>440131</id>
<name>Cross Plains</name>
<state>TN</state>
<rating>6</rating>
<url>http://www.greatschools.org/city/Cross_Plains/TN</url>
<lat>36.5437</lat>
<lon>-86.6788</lon>
<active>1</active>
</city>
<city>
<id>439893</id>
<name>Crossville</name>
<state>TN</state>
<rating>7</rating>
<url>http://www.greatschools.org/city/Crossville/TN</url>
<lat>35.9493</lat>
<lon>-85.0328</lon>
<active>1</active>
</city>
<city>
<id>440161</id>
<name>Culleoka</name>
<state>TN</state>
<rating>5</rating>
<url>http://www.greatschools.org/city/Culleoka/TN</url>
<lat>35.4757</lat>
<lon>-87.0113</lon>
<active>1</active>
</city>
<city>
<id>439978</id>
<name>Cumberland Gap</name>
<state>TN</state>
<rating>6</rating>
<url>http://www.greatschools.org/city/Cumberland_Gap/TN</url>
<lat>36.5983</lat>
<lon>-83.6651</lon>
<active>1</active>
</city>
<city>
<id>440148</id>
<name>Cunningham</name>
<state>TN</state>
<rating>7</rating>
<url>http://www.greatschools.org/city/Cunningham/TN</url>
<lat>36.3761</lat>
<lon>-87.4045</lon>
<active>1</active>
</city>
<city>
<id>440183</id>
<name>Dandridge</name>
<state>TN</state>
<rating>6</rating>
<url>http://www.greatschools.org/city/Dandridge/TN</url>
<lat>36.025</lat>
<lon>-83.4201</lon>
<active>1</active>
</city>
<city>
<id>440075</id>
<name>Dayton</name>
<state>TN</state>
<rating>6</rating>
<url>http://www.greatschools.org/city/Dayton/TN</url>
<lat>35.4931</lat>
<lon>-85.0115</lon>
<active>1</active>
</city>
<city>
<id>440151</id>
<name>Decatur</name>
<state>TN</state>
<rating>6</rating>
<url>http://www.greatschools.org/city/Decatur/TN</url>
<lat>35.5236</lat>
<lon>-84.7931</lon>
<active>1</active>
</city>
<city>
<id>440030</id>
<name>Decaturville</name>
<state>TN</state>
<rating>5</rating>
<url>http://www.greatschools.org/city/Decaturville/TN</url>
<lat>35.582</lat>
<lon>-88.1199</lon>
<active>1</active>
</city>
<city>
<id>440043</id>
<name>Decherd</name>
<state>TN</state>
<rating>3</rating>
<url>http://www.greatschools.org/city/Decherd/TN</url>
<lat>35.2105</lat>
<lon>-86.0844</lon>
<active>1</active>
</city>
<city>
<id>439952</id>
<name>Deer Lodge</name>
<state>TN</state>
<rating/>
<url>http://www.greatschools.org/city/Deer_Lodge/TN</url>
<lat>36.1995</lat>
<lon>-84.8215</lon>
<active>1</active>
</city>
<city>
<id>440248</id>
<name>Del Rio</name>
<state>TN</state>
<rating>5</rating>
<url>http://www.greatschools.org/city/Del_Rio/TN</url>
<lat>35.897</lat>
<lon>-83.0207</lon>
<active>1</active>
</city>
<city>
<id>443241</id>
<name>Delano</name>
<state>TN</state>
<rating/>
<url>http://www.greatschools.org/city/Delano/TN</url>
<lat>35.2489</lat>
<lon>-84.6121</lon>
<active>1</active>
</city>
<city>
<id>443240</id>
<name>Dellrose</name>
<state>TN</state>
<rating/>
<url>http://www.greatschools.org/city/Dellrose/TN</url>
<lat>35.1237</lat>
<lon>-86.8003</lon>
<active>1</active>
</city>
<city>
<id>440164</id>
<name>Denmark</name>
<state>TN</state>
<rating>5</rating>
<url>http://www.greatschools.org/city/Denmark/TN</url>
<lat>35.5493</lat>
<lon>-88.9835</lon>
<active>1</active>
</city>
<city>
<id>439935</id>
<name>Dickson</name>
<state>TN</state>
<rating>8</rating>
<url>http://www.greatschools.org/city/Dickson/TN</url>
<lat>36.0722</lat>
<lon>-87.3754</lon>
<active>1</active>
</city>
<city>
<id>443239</id>
<name>Dixon Springs</name>
<state>TN</state>
<rating/>
<url>http://www.greatschools.org/city/Dixon_Springs/TN</url>
<lat>36.4074</lat>
<lon>-86.0282</lon>
<active>1</active>
</city>
<city>
<id>439907</id>
<name>Dover</name>
<state>TN</state>
<rating>9</rating>
<url>http://www.greatschools.org/city/Dover/TN</url>
<lat>36.481</lat>
<lon>-87.8381</lon>
<active>1</active>
</city>
<city>
<id>443238</id>
<name>Dowelltown</name>
<state>TN</state>
<rating/>
<url>http://www.greatschools.org/city/Dowelltown/TN</url>
<lat>36.0136</lat>
<lon>-85.9426</lon>
<active>1</active>
</city>
<city>
<id>440097</id>
<name>Doyle</name>
<state>TN</state>
<rating>7</rating>
<url>http://www.greatschools.org/city/Doyle/TN</url>
<lat>35.8561</lat>
<lon>-85.5127</lon>
<active>1</active>
</city>
<city>
<id>440066</id>
<name>Dresden</name>
<state>TN</state>
<rating>7</rating>
<url>http://www.greatschools.org/city/Dresden/TN</url>
<lat>36.284</lat>
<lon>-88.7049</lon>
<active>1</active>
</city>
<city>
<id>440117</id>
<name>Drummonds</name>
<state>TN</state>
<rating>5</rating>
<url>http://www.greatschools.org/city/Drummonds/TN</url>
<lat>35.4691</lat>
<lon>-89.9202</lon>
<active>1</active>
</city>
<city>
<id>443237</id>
<name>Ducktown</name>
<state>TN</state>
<rating/>
<url>http://www.greatschools.org/city/Ducktown/TN</url>
<lat>35.0367</lat>
<lon>-84.386</lon>
<active>1</active>
</city>
<city>
<id>440262</id>
<name>Duff</name>
<state>TN</state>
<rating>4</rating>
<url>http://www.greatschools.org/city/Duff/TN</url>
<lat>36.5162</lat>
<lon>-84.0369</lon>
<active>1</active>
</city>
<city>
<id>439947</id>
<name>Dunlap</name>
<state>TN</state>
<rating>5</rating>
<url>http://www.greatschools.org/city/Dunlap/TN</url>
<lat>35.3773</lat>
<lon>-85.3864</lon>
<active>1</active>
</city>
<city>
<id>440223</id>
<name>Dyer</name>
<state>TN</state>
<rating>7</rating>
<url>http://www.greatschools.org/city/Dyer/TN</url>
<lat>36.0675</lat>
<lon>-88.9905</lon>
<active>1</active>
</city>
<city>
<id>439953</id>
<name>Dyersburg</name>
<state>TN</state>
<rating>6</rating>
<url>http://www.greatschools.org/city/Dyersburg/TN</url>
<lat>36.0404</lat>
<lon>-89.3826</lon>
<active>1</active>
</city>
<city>
<id>441877</id>
<name>Eads</name>
<state>TN</state>
<rating/>
<url>http://www.greatschools.org/city/Eads/TN</url>
<lat>35.1873</lat>
<lon>-89.6405</lon>
<active>1</active>
</city>
<city>
<id>440130</id>
<name>Eagleville</name>
<state>TN</state>
<rating>9</rating>
<url>http://www.greatschools.org/city/Eagleville/TN</url>
<lat>35.7461</lat>
<lon>-86.6532</lon>
<active>1</active>
</city>
<city>
<id>440198</id>
<name>Eidson</name>
<state>TN</state>
<rating>5</rating>
<url>http://www.greatschools.org/city/Eidson/TN</url>
<lat>36.4985</lat>
<lon>-83.0833</lon>
<active>1</active>
</city>
<city>
<id>439917</id>
<name>Elizabethton</name>
<state>TN</state>
<rating>6</rating>
<url>http://www.greatschools.org/city/Elizabethton/TN</url>
<lat>36.3384</lat>
<lon>-82.2294</lon>
<active>1</active>
</city>
<city>
<id>440220</id>
<name>Elkton</name>
<state>TN</state>
<rating>5</rating>
<url>http://www.greatschools.org/city/Elkton/TN</url>
<lat>35.0582</lat>
<lon>-86.8963</lon>
<active>1</active>
</city>
<city>
<id>440123</id>
<name>Elmwood</name>
<state>TN</state>
<rating>7</rating>
<url>http://www.greatschools.org/city/Elmwood/TN</url>
<lat>36.2257</lat>
<lon>-85.8727</lon>
<active>1</active>
</city>
<city>
<id>440158</id>
<name>Englewood</name>
<state>TN</state>
<rating>6</rating>
<url>http://www.greatschools.org/city/Englewood/TN</url>
<lat>35.4249</lat>
<lon>-84.4871</lon>
<active>1</active>
</city>
<city>
<id>440019</id>
<name>Erin</name>
<state>TN</state>
<rating>7</rating>
<url>http://www.greatschools.org/city/Erin/TN</url>
<lat>36.3148</lat>
<lon>-87.7058</lon>
<active>1</active>
</city>
<city>
<id>440114</id>
<name>Erwin</name>
<state>TN</state>
<rating>6</rating>
<url>http://www.greatschools.org/city/Erwin/TN</url>
<lat>36.145</lat>
<lon>-82.4083</lon>
<active>1</active>
</city>
<city>
<id>440039</id>
<name>Estill Springs</name>
<state>TN</state>
<rating>5</rating>
<url>http://www.greatschools.org/city/Estill_Springs/TN</url>
<lat>35.2721</lat>
<lon>-86.137</lon>
<active>1</active>
</city>
<city>
<id>440060</id>
<name>Ethridge</name>
<state>TN</state>
<rating>9</rating>
<url>http://www.greatschools.org/city/Ethridge/TN</url>
<lat>35.3228</lat>
<lon>-87.3022</lon>
<active>1</active>
</city>
<city>
<id>440157</id>
<name>Etowah</name>
<state>TN</state>
<rating>6</rating>
<url>http://www.greatschools.org/city/Etowah/TN</url>
<lat>35.3326</lat>
<lon>-84.5291</lon>
<active>1</active>
</city>
<city>
<id>440132</id>
<name>Evensville</name>
<state>TN</state>
<rating>5</rating>
<url>http://www.greatschools.org/city/Evensville/TN</url>
<lat>35.5782</lat>
<lon>-84.9665</lon>
<active>1</active>
</city>
<city>
<id>439959</id>
<name>Fairview</name>
<state>TN</state>
<rating>8</rating>
<url>http://www.greatschools.org/city/Fairview/TN</url>
<lat>35.9716</lat>
<lon>-87.1242</lon>
<active>1</active>
</city>
<city>
<id>440108</id>
<name>Fall Branch</name>
<state>TN</state>
<rating>7</rating>
<url>http://www.greatschools.org/city/Fall_Branch/TN</url>
<lat>36.4196</lat>
<lon>-82.6263</lon>
<active>1</active>
</city>
<city>
<id>443236</id>
<name>Farner</name>
<state>TN</state>
<rating/>
<url>http://www.greatschools.org/city/Farner/TN</url>
<lat>35.1432</lat>
<lon>-84.3225</lon>
<active>1</active>
</city>
<city>
<id>445664</id>
<name>Farragut</name>
<state>TN</state>
<rating/>
<url>http://www.greatschools.org/city/Farragut/TN</url>
<lat>35.8766</lat>
<lon>-84.1706</lon>
<active>1</active>
</city>
<city>
<id>439949</id>
<name>Fayetteville</name>
<state>TN</state>
<rating>7</rating>
<url>http://www.greatschools.org/city/Fayetteville/TN</url>
<lat>35.152</lat>
<lon>-86.5723</lon>
<active>1</active>
</city>
<city>
<id>439936</id>
<name>Finger</name>
<state>TN</state>
<rating/>
<url>http://www.greatschools.org/city/Finger/TN</url>
<lat>35.3577</lat>
<lon>-88.6142</lon>
<active>1</active>
</city>
<city>
<id>440234</id>
<name>Finley</name>
<state>TN</state>
<rating>6</rating>
<url>http://www.greatschools.org/city/Finley/TN</url>
<lat>35.9706</lat>
<lon>-89.5768</lon>
<active>1</active>
</city>
<city>
<id>440170</id>
<name>Flintville</name>
<state>TN</state>
<rating>7</rating>
<url>http://www.greatschools.org/city/Flintville/TN</url>
<lat>35.0524</lat>
<lon>-86.4257</lon>
<active>1</active>
</city>
<city>
<id>439939</id>
<name>Franklin</name>
<state>TN</state>
<rating>10</rating>
<url>http://www.greatschools.org/city/Franklin/TN</url>
<lat>35.9291</lat>
<lon>-86.8588</lon>
<active>1</active>
</city>
<city>
<id>440244</id>
<name>Friendship</name>
<state>TN</state>
<rating>5</rating>
<url>http://www.greatschools.org/city/Friendship/TN</url>
<lat>35.9097</lat>
<lon>-89.2411</lon>
<active>1</active>
</city>
<city>
<id>440086</id>
<name>Friendsville</name>
<state>TN</state>
<rating>6</rating>
<url>http://www.greatschools.org/city/Friendsville/TN</url>
<lat>35.7606</lat>
<lon>-84.1317</lon>
<active>1</active>
</city>
<city>
<id>440243</id>
<name>Gadsden</name>
<state>TN</state>
<rating>8</rating>
<url>http://www.greatschools.org/city/Gadsden/TN</url>
<lat>35.7765</lat>
<lon>-88.9873</lon>
<active>1</active>
</city>
<city>
<id>439981</id>
<name>Gainesboro</name>
<state>TN</state>
<rating>5</rating>
<url>http://www.greatschools.org/city/Gainesboro/TN</url>
<lat>36.3604</lat>
<lon>-85.6535</lon>
<active>1</active>
</city>
<city>
<id>439967</id>
<name>Gallatin</name>
<state>TN</state>
<rating>6</rating>
<url>http://www.greatschools.org/city/Gallatin/TN</url>
<lat>36.382</lat>
<lon>-86.4521</lon>
<active>1</active>
</city>
<city>
<id>444595</id>
<name>Gallaway</name>
<state>TN</state>
<rating/>
<url>http://www.greatschools.org/city/Gallaway/TN</url>
<lat>35.3279</lat>
<lon>-89.6068</lon>
<active>1</active>
</city>
<city>
<id>443235</id>
<name>Gates</name>
<state>TN</state>
<rating/>
<url>http://www.greatschools.org/city/Gates/TN</url>
<lat>35.8427</lat>
<lon>-89.4073</lon>
<active>1</active>
</city>
<city>
<id>440124</id>
<name>Gatlinburg</name>
<state>TN</state>
<rating>7</rating>
<url>http://www.greatschools.org/city/Gatlinburg/TN</url>
<lat>35.7258</lat>
<lon>-83.4856</lon>
<active>1</active>
</city>
<city>
<id>440058</id>
<name>Georgetown</name>
<state>TN</state>
<rating/>
<url>http://www.greatschools.org/city/Georgetown/TN</url>
<lat>35.306</lat>
<lon>-84.9339</lon>
<active>1</active>
</city>
<city>
<id>439903</id>
<name>Germantown</name>
<state>TN</state>
<rating>9</rating>
<url>http://www.greatschools.org/city/Germantown/TN</url>
<lat>35.0888</lat>
<lon>-89.7903</lon>
<active>1</active>
</city>
<city>
<id>440093</id>
<name>Gladeville</name>
<state>TN</state>
<rating>8</rating>
<url>http://www.greatschools.org/city/Gladeville/TN</url>
<lat>36.2363</lat>
<lon>-86.2984</lon>
<active>1</active>
</city>
<city>
<id>439961</id>
<name>Gleason</name>
<state>TN</state>
<rating>7</rating>
<url>http://www.greatschools.org/city/Gleason/TN</url>
<lat>36.2159</lat>
<lon>-88.6133</lon>
<active>1</active>
</city>
<city>
<id>440003</id>
<name>Goodlettsville</name>
<state>TN</state>
<rating>6</rating>
<url>http://www.greatschools.org/city/Goodlettsville/TN</url>
<lat>36.3216</lat>
<lon>-86.7069</lon>
<active>1</active>
</city>
<city>
<id>445665</id>
<name>Goodlettsvlle</name>
<state>TN</state>
<rating/>
<url>http://www.greatschools.org/city/Goodlettsvlle/TN</url>
<lat>36.37</lat>
<lon>-86.7215</lon>
<active>1</active>
</city>
<city>
<id>439968</id>
<name>Gordonsville</name>
<state>TN</state>
<rating>8</rating>
<url>http://www.greatschools.org/city/Gordonsville/TN</url>
<lat>36.1729</lat>
<lon>-85.9298</lon>
<active>1</active>
</city>
<city>
<id>440204</id>
<name>Grand Junction</name>
<state>TN</state>
<rating>3</rating>
<url>http://www.greatschools.org/city/Grand_Junction/TN</url>
<lat>35.0466</lat>
<lon>-89.1877</lon>
<active>1</active>
</city>
<city>
<id>439998</id>
<name>Gray</name>
<state>TN</state>
<rating>8</rating>
<url>http://www.greatschools.org/city/Gray/TN</url>
<lat>36.416</lat>
<lon>-82.4785</lon>
<active>1</active>
</city>
<city>
<id>445666</id>
<name>Graysville</name>
<state>TN</state>
<rating/>
<url>http://www.greatschools.org/city/Graysville/TN</url>
<lat>35.447</lat>
<lon>-85.0844</lon>
<active>1</active>
</city>
<city>
<id>440169</id>
<name>Greenback</name>
<state>TN</state>
<rating>6</rating>
<url>http://www.greatschools.org/city/Greenback/TN</url>
<lat>35.6543</lat>
<lon>-84.1678</lon>
<active>1</active>
</city>
<city>
<id>439900</id>
<name>Greenbrier</name>
<state>TN</state>
<rating>8</rating>
<url>http://www.greatschools.org/city/Greenbrier/TN</url>
<lat>36.4241</lat>
<lon>-86.7978</lon>
<active>1</active>
</city>
<city>
<id>440046</id>
<name>Greeneville</name>
<state>TN</state>
<rating>7</rating>
<url>http://www.greatschools.org/city/Greeneville/TN</url>
<lat>36.1642</lat>
<lon>-82.8197</lon>
<active>1</active>
</city>
<city>
<id>440103</id>
<name>Greenfield</name>
<state>TN</state>
<rating>8</rating>
<url>http://www.greatschools.org/city/Greenfield/TN</url>
<lat>36.1557</lat>
<lon>-88.8012</lon>
<active>1</active>
</city>
<city>
<id>446343</id>
<name>Greenville</name>
<state>TN</state>
<rating/>
<url>http://www.greatschools.org/city/Greenville/TN</url>
<lat>36.1557</lat>
<lon>-82.8808</lon>
<active>1</active>
</city>
<city>
<id>439974</id>
<name>Grimsley</name>
<state>TN</state>
<rating>5</rating>
<url>http://www.greatschools.org/city/Grimsley/TN</url>
<lat>36.2622</lat>
<lon>-84.9974</lon>
<active>1</active>
</city>
<city>
<id>440212</id>
<name>Gruetli- Laager</name>
<state>TN</state>
<rating>3</rating>
<url>http://www.greatschools.org/city/Gruetli-_Laager/TN</url>
<lat>35.362</lat>
<lon>-85.6997</lon>
<active>1</active>
</city>
<city>
<id>443233</id>
<name>Gruetli-Laager</name>
<state>TN</state>
<rating/>
<url>http://www.greatschools.org/city/Gruetli-Laager/TN</url>
<lat>35.3718</lat>
<lon>-85.6271</lon>
<active>1</active>
</city>
<city>
<id>441876</id>
<name>Guys</name>
<state>TN</state>
<rating/>
<url>http://www.greatschools.org/city/Guys/TN</url>
<lat>35.0185</lat>
<lon>-88.5375</lon>
<active>1</active>
</city>
<city>
<id>440174</id>
<name>Halls</name>
<state>TN</state>
<rating>6</rating>
<url>http://www.greatschools.org/city/Halls/TN</url>
<lat>35.8777</lat>
<lon>-89.3984</lon>
<active>1</active>
</city>
<city>
<id>440160</id>
<name>Hampshire</name>
<state>TN</state>
<rating>5</rating>
<url>http://www.greatschools.org/city/Hampshire/TN</url>
<lat>35.5997</lat>
<lon>-87.3286</lon>
<active>1</active>
</city>
<city>
<id>440258</id>
<name>Hampton</name>
<state>TN</state>
<rating>4</rating>
<url>http://www.greatschools.org/city/Hampton/TN</url>
<lat>36.2597</lat>
<lon>-82.1822</lon>
<active>1</active>
</city>
<city>
<id>439971</id>
<name>Harriman</name>
<state>TN</state>
<rating>6</rating>
<url>http://www.greatschools.org/city/Harriman/TN</url>
<lat>35.9351</lat>
<lon>-84.5497</lon>
<active>1</active>
</city>
<city>
<id>440208</id>
<name>Harrison</name>
<state>TN</state>
<rating>4</rating>
<url>http://www.greatschools.org/city/Harrison/TN</url>
<lat>35.1204</lat>
<lon>-85.1452</lon>
<active>1</active>
</city>
<city>
<id>440067</id>
<name>Harrogate</name>
<state>TN</state>
<rating>7</rating>
<url>http://www.greatschools.org/city/Harrogate/TN</url>
<lat>36.5751</lat>
<lon>-83.6066</lon>
<active>1</active>
</city>
<city>
<id>440247</id>
<name>Hartford</name>
<state>TN</state>
<rating>9</rating>
<url>http://www.greatschools.org/city/Hartford/TN</url>
<lat>35.8291</lat>
<lon>-83.0981</lon>
<active>1</active>
</city>
<city>
<id>440115</id>
<name>Hartsville</name>
<state>TN</state>
<rating>8</rating>
<url>http://www.greatschools.org/city/Hartsville/TN</url>
<lat>36.3907</lat>
<lon>-86.1564</lon>
<active>1</active>
</city>
<city>
<id>440275</id>
<name>Heiskell</name>
<state>TN</state>
<rating>8</rating>
<url>http://www.greatschools.org/city/Heiskell/TN</url>
<lat>36.1261</lat>
<lon>-84.0331</lon>
<active>1</active>
</city>
<city>
<id>443232</id>
<name>Helenwood</name>
<state>TN</state>
<rating/>
<url>http://www.greatschools.org/city/Helenwood/TN</url>
<lat>36.4213</lat>
<lon>-84.5395</lon>
<active>1</active>
</city>
<city>
<id>439982</id>
<name>Henderson</name>
<state>TN</state>
<rating>7</rating>
<url>http://www.greatschools.org/city/Henderson/TN</url>
<lat>35.4437</lat>
<lon>-88.6445</lon>
<active>1</active>
</city>
<city>
<id>439956</id>
<name>Hendersonville</name>
<state>TN</state>
<rating>8</rating>
<url>http://www.greatschools.org/city/Hendersonville/TN</url>
<lat>36.2988</lat>
<lon>-86.6094</lon>
<active>1</active>
</city>
<city>
<id>443231</id>
<name>Henning</name>
<state>TN</state>
<rating/>
<url>http://www.greatschools.org/city/Henning/TN</url>
<lat>35.6744</lat>
<lon>-89.5776</lon>
<active>1</active>
</city>
<city>
<id>440189</id>
<name>Henry</name>
<state>TN</state>
<rating>7</rating>
<url>http://www.greatschools.org/city/Henry/TN</url>
<lat>36.202</lat>
<lon>-88.4141</lon>
<active>1</active>
</city>
<city>
<id>439925</id>
<name>Hermitage</name>
<state>TN</state>
<rating>5</rating>
<url>http://www.greatschools.org/city/Hermitage/TN</url>
<lat>36.1846</lat>
<lon>-86.6002</lon>
<active>1</active>
</city>
<city>
<id>440138</id>
<name>Hilham</name>
<state>TN</state>
<rating>7</rating>
<url>http://www.greatschools.org/city/Hilham/TN</url>
<lat>36.4029</lat>
<lon>-85.4557</lon>
<active>1</active>
</city>
<city>
<id>440245</id>
<name>Hillsboro</name>
<state>TN</state>
<rating>7</rating>
<url>http://www.greatschools.org/city/Hillsboro/TN</url>
<lat>35.3921</lat>
<lon>-85.9686</lon>
<active>1</active>
</city>
<city>
<id>439983</id>
<name>Hixson</name>
<state>TN</state>
<rating>6</rating>
<url>http://www.greatschools.org/city/Hixson/TN</url>
<lat>35.1639</lat>
<lon>-85.2151</lon>
<active>1</active>
</city>
<city>
<id>439943</id>
<name>Hohenwald</name>
<state>TN</state>
<rating>5</rating>
<url>http://www.greatschools.org/city/Hohenwald/TN</url>
<lat>35.5496</lat>
<lon>-87.5573</lon>
<active>1</active>
</city>
<city>
<id>440269</id>
<name>Holladay</name>
<state>TN</state>
<rating>6</rating>
<url>http://www.greatschools.org/city/Holladay/TN</url>
<lat>35.8792</lat>
<lon>-88.0928</lon>
<active>1</active>
</city>
<city>
<id>440141</id>
<name>Hornbeak</name>
<state>TN</state>
<rating>8</rating>
<url>http://www.greatschools.org/city/Hornbeak/TN</url>
<lat>36.334</lat>
<lon>-89.2993</lon>
<active>1</active>
</city>
<city>
<id>440203</id>
<name>Hornsby</name>
<state>TN</state>
<rating>8</rating>
<url>http://www.greatschools.org/city/Hornsby/TN</url>
<lat>35.2299</lat>
<lon>-88.8302</lon>
<active>1</active>
</city>
<city>
<id>440055</id>
<name>Humboldt</name>
<state>TN</state>
<rating>4</rating>
<url>http://www.greatschools.org/city/Humboldt/TN</url>
<lat>35.8258</lat>
<lon>-88.9108</lon>
<active>1</active>
</city>
<city>
<id>439979</id>
<name>Huntingdon</name>
<state>TN</state>
<rating>6</rating>
<url>http://www.greatschools.org/city/Huntingdon/TN</url>
<lat>36.0068</lat>
<lon>-88.4192</lon>
<active>1</active>
</city>
<city>
<id>446344</id>
<name>Huntington</name>
<state>TN</state>
<rating/>
<url>http://www.greatschools.org/city/Huntington/TN</url>
<lat>36.0085</lat>
<lon>-88.4307</lon>
<active>1</active>
</city>
<city>
<id>440227</id>
<name>Huntland</name>
<state>TN</state>
<rating>6</rating>
<url>http://www.greatschools.org/city/Huntland/TN</url>
<lat>35.0552</lat>
<lon>-86.2697</lon>
<active>1</active>
</city>
<city>
<id>440014</id>
<name>Huntsville</name>
<state>TN</state>
<rating>5</rating>
<url>http://www.greatschools.org/city/Huntsville/TN</url>
<lat>36.4108</lat>
<lon>-84.5046</lon>
<active>1</active>
</city>
<city>
<id>440190</id>
<name>Huron</name>
<state>TN</state>
<rating>7</rating>
<url>http://www.greatschools.org/city/Huron/TN</url>
<lat>35.6151</lat>
<lon>-88.5186</lon>
<active>1</active>
</city>
<city>
<id>445667</id>
<name>Indian Mound</name>
<state>TN</state>
<rating/>
<url>http://www.greatschools.org/city/Indian_Mound/TN</url>
<lat>36.5393</lat>
<lon>-87.6381</lon>
<active>1</active>
</city>
<city>
<id>443230</id>
<name>Iron City</name>
<state>TN</state>
<rating/>
<url>http://www.greatschools.org/city/Iron_City/TN</url>
<lat>35.0236</lat>
<lon>-87.5852</lon>
<active>1</active>
</city>
<city>
<id>440252</id>
<name>Jacks Creek</name>
<state>TN</state>
<rating>6</rating>
<url>http://www.greatschools.org/city/Jacks_Creek/TN</url>
<lat>35.4731</lat>
<lon>-88.4966</lon>
<active>1</active>
</city>
<city>
<id>440263</id>
<name>Jacksboro</name>
<state>TN</state>
<rating>5</rating>
<url>http://www.greatschools.org/city/Jacksboro/TN</url>
<lat>36.3322</lat>
<lon>-84.1916</lon>
<active>1</active>
</city>
<city>
<id>439930</id>
<name>Jackson</name>
<state>TN</state>
<rating>4</rating>
<url>http://www.greatschools.org/city/Jackson/TN</url>
<lat>35.6462</lat>
<lon>-88.8266</lon>
<active>1</active>
</city>
<city>
<id>439988</id>
<name>Jamestown</name>
<state>TN</state>
<rating>5</rating>
<url>http://www.greatschools.org/city/Jamestown/TN</url>
<lat>36.4282</lat>
<lon>-84.9345</lon>
<active>1</active>
</city>
<city>
<id>439918</id>
<name>Jasper</name>
<state>TN</state>
<rating>7</rating>
<url>http://www.greatschools.org/city/Jasper/TN</url>
<lat>35.0821</lat>
<lon>-85.6282</lon>
<active>1</active>
</city>
<city>
<id>440185</id>
<name>Jefferson City</name>
<state>TN</state>
<rating>6</rating>
<url>http://www.greatschools.org/city/Jefferson_City/TN</url>
<lat>36.1181</lat>
<lon>-83.4892</lon>
<active>1</active>
</city>
<city>
<id>440048</id>
<name>Jellico</name>
<state>TN</state>
<rating>4</rating>
<url>http://www.greatschools.org/city/Jellico/TN</url>
<lat>36.5812</lat>
<lon>-84.1264</lon>
<active>1</active>
</city>
<city>
<id>440143</id>
<name>Joelton</name>
<state>TN</state>
<rating>4</rating>
<url>http://www.greatschools.org/city/Joelton/TN</url>
<lat>36.3331</lat>
<lon>-86.9179</lon>
<active>1</active>
</city>
<city>
<id>439964</id>
<name>Johnson City</name>
<state>TN</state>
<rating>9</rating>
<url>http://www.greatschools.org/city/Johnson_City/TN</url>
<lat>36.3272</lat>
<lon>-82.3717</lon>
<active>1</active>
</city>
<city>
<id>440106</id>
<name>Jonesborough</name>
<state>TN</state>
<rating>6</rating>
<url>http://www.greatschools.org/city/Jonesborough/TN</url>
<lat>36.2945</lat>
<lon>-82.4748</lon>
<active>1</active>
</city>
<city>
<id>439909</id>
<name>Kenton</name>
<state>TN</state>
<rating>5</rating>
<url>http://www.greatschools.org/city/Kenton/TN</url>
<lat>36.201</lat>
<lon>-89.0147</lon>
<active>1</active>
</city>
<city>
<id>443229</id>
<name>Kimball</name>
<state>TN</state>
<rating/>
<url>http://www.greatschools.org/city/Kimball/TN</url>
<lat>35.05</lat>
<lon>-85.6759</lon>
<active>1</active>
</city>
<city>
<id>439942</id>
<name>Kingsport</name>
<state>TN</state>
<rating>8</rating>
<url>http://www.greatschools.org/city/Kingsport/TN</url>
<lat>36.5444</lat>
<lon>-82.5489</lon>
<active>1</active>
</city>
<city>
<id>439984</id>
<name>Kingston</name>
<state>TN</state>
<rating>8</rating>
<url>http://www.greatschools.org/city/Kingston/TN</url>
<lat>35.8677</lat>
<lon>-84.5065</lon>
<active>1</active>
</city>
<city>
<id>440253</id>
<name>Kingston Springs</name>
<state>TN</state>
<rating>8</rating>
<url>http://www.greatschools.org/city/Kingston_Springs/TN</url>
<lat>36.0908</lat>
<lon>-87.1075</lon>
<active>1</active>
</city>
<city>
<id>439901</id>
<name>Knoxville</name>
<state>TN</state>
<rating>7</rating>
<url>http://www.greatschools.org/city/Knoxville/TN</url>
<lat>35.9749</lat>
<lon>-83.95</lon>
<active>1</active>
</city>
<city>
<id>439934</id>
<name>Kodak</name>
<state>TN</state>
<rating>5</rating>
<url>http://www.greatschools.org/city/Kodak/TN</url>
<lat>35.9714</lat>
<lon>-83.6075</lon>
<active>1</active>
</city>
<city>
<id>445668</id>
<name>Kyles Ford</name>
<state>TN</state>
<rating/>
<url>http://www.greatschools.org/city/Kyles_Ford/TN</url>
<lat>36.5709</lat>
<lon>-83.0432</lon>
<active>1</active>
</city>
<city>
<id>439897</id>
<name>La Follette</name>
<state>TN</state>
<rating>3</rating>
<url>http://www.greatschools.org/city/La_Follette/TN</url>
<lat>36.3744</lat>
<lon>-84.1241</lon>
<active>1</active>
</city>
<city>
<id>441874</id>
<name>La Grange</name>
<state>TN</state>
<rating/>
<url>http://www.greatschools.org/city/La_Grange/TN</url>
<lat>35.0472</lat>
<lon>-89.2434</lon>
<active>1</active>
</city>
<city>
<id>439896</id>
<name>La Vergne</name>
<state>TN</state>
<rating>7</rating>
<url>http://www.greatschools.org/city/La_Vergne/TN</url>
<lat>36.017</lat>
<lon>-86.5614</lon>
<active>1</active>
</city>
<city>
<id>440078</id>
<name>Laconia</name>
<state>TN</state>
<rating/>
<url>http://www.greatschools.org/city/Laconia/TN</url>
<lat>35.252</lat>
<lon>-89.3494</lon>
<active>1</active>
</city>
<city>
<id>440065</id>
<name>Lafayette</name>
<state>TN</state>
<rating>5</rating>
<url>http://www.greatschools.org/city/Lafayette/TN</url>
<lat>36.5271</lat>
<lon>-86.0289</lon>
<active>1</active>
</city>
<city>
<id>446345</id>
<name>Lafollette</name>
<state>TN</state>
<rating/>
<url>http://www.greatschools.org/city/Lafollette/TN</url>
<lat>36.4189</lat>
<lon>-84.0285</lon>
<active>1</active>
</city>
<city>
<id>440274</id>
<name>Lake City</name>
<state>TN</state>
<rating>6</rating>
<url>http://www.greatschools.org/city/Lake_City/TN</url>
<lat>36.2203</lat>
<lon>-84.1529</lon>
<active>1</active>
</city>
<city>
<id>440013</id>
<name>Lakeland</name>
<state>TN</state>
<rating>10</rating>
<url>http://www.greatschools.org/city/Lakeland/TN</url>
<lat>35.2191</lat>
<lon>-89.7408</lon>
<active>1</active>
</city>
<city>
<id>445669</id>
<name>Lancing</name>
<state>TN</state>
<rating/>
<url>http://www.greatschools.org/city/Lancing/TN</url>
<lat>36.1933</lat>
<lon>-84.6585</lon>
<active>1</active>
</city>
<city>
<id>440128</id>
<name>Lascassas</name>
<state>TN</state>
<rating>10</rating>
<url>http://www.greatschools.org/city/Lascassas/TN</url>
<lat>35.9467</lat>
<lon>-86.2909</lon>
<active>1</active>
</city>
<city>
<id>440180</id>
<name>Laurel Bloomery</name>
<state>TN</state>
<rating>4</rating>
<url>http://www.greatschools.org/city/Laurel_Bloomery/TN</url>
<lat>36.5685</lat>
<lon>-81.734</lon>
<active>1</active>
</city>
<city>
<id>446346</id>
<name>Lavergne</name>
<state>TN</state>
<rating/>
<url>http://www.greatschools.org/city/Lavergne/TN</url>
<lat>35.9633</lat>
<lon>-86.6016</lon>
<active>1</active>
</city>
<city>
<id>439960</id>
<name>Lawrenceburg</name>
<state>TN</state>
<rating>8</rating>
<url>http://www.greatschools.org/city/Lawrenceburg/TN</url>
<lat>35.246</lat>
<lon>-87.3345</lon>
<active>1</active>
</city>
<city>
<id>439941</id>
<name>Lebanon</name>
<state>TN</state>
<rating>7</rating>
<url>http://www.greatschools.org/city/Lebanon/TN</url>
<lat>36.2104</lat>
<lon>-86.312</lon>
<active>1</active>
</city>
<city>
<id>439990</id>
<name>Lenoir City</name>
<state>TN</state>
<rating>7</rating>
<url>http://www.greatschools.org/city/Lenoir_City/TN</url>
<lat>35.7971</lat>
<lon>-84.2752</lon>
<active>1</active>
</city>
<city>
<id>440173</id>
<name>Leoma</name>
<state>TN</state>
<rating>8</rating>
<url>http://www.greatschools.org/city/Leoma/TN</url>
<lat>35.1392</lat>
<lon>-87.31</lon>
<active>1</active>
</city>
<city>
<id>440009</id>
<name>Lewisburg</name>
<state>TN</state>
<rating>6</rating>
<url>http://www.greatschools.org/city/Lewisburg/TN</url>
<lat>35.4498</lat>
<lon>-86.7981</lon>
<active>1</active>
</city>
<city>
<id>439972</id>
<name>Lexington</name>
<state>TN</state>
<rating>8</rating>
<url>http://www.greatschools.org/city/Lexington/TN</url>
<lat>35.6579</lat>
<lon>-88.3912</lon>
<active>1</active>
</city>
<city>
<id>440237</id>
<name>Liberty</name>
<state>TN</state>
<rating>7</rating>
<url>http://www.greatschools.org/city/Liberty/TN</url>
<lat>36.006</lat>
<lon>-85.971</lon>
<active>1</active>
</city>
<city>
<id>440105</id>
<name>Limestone</name>
<state>TN</state>
<rating>6</rating>
<url>http://www.greatschools.org/city/Limestone/TN</url>
<lat>36.2396</lat>
<lon>-82.6186</lon>
<active>1</active>
</city>
<city>
<id>440026</id>
<name>Linden</name>
<state>TN</state>
<rating>6</rating>
<url>http://www.greatschools.org/city/Linden/TN</url>
<lat>35.6141</lat>
<lon>-87.841</lon>
<active>1</active>
</city>
<city>
<id>440135</id>
<name>Livingston</name>
<state>TN</state>
<rating>6</rating>
<url>http://www.greatschools.org/city/Livingston/TN</url>
<lat>36.3889</lat>
<lon>-85.3244</lon>
<active>1</active>
</city>
<city>
<id>440063</id>
<name>Lobelville</name>
<state>TN</state>
<rating>5</rating>
<url>http://www.greatschools.org/city/Lobelville/TN</url>
<lat>35.7577</lat>
<lon>-87.7904</lon>
<active>1</active>
</city>
<city>
<id>445670</id>
<name>Lookout Mtn</name>
<state>TN</state>
<rating/>
<url>http://www.greatschools.org/city/Lookout_Mtn/TN</url>
<lat>34.9942</lat>
<lon>-85.3494</lon>
<active>1</active>
</city>
<city>
<id>440091</id>
<name>Loretto</name>
<state>TN</state>
<rating>8</rating>
<url>http://www.greatschools.org/city/Loretto/TN</url>
<lat>35.0814</lat>
<lon>-87.4372</lon>
<active>1</active>
</city>
<city>
<id>440167</id>
<name>Loudon</name>
<state>TN</state>
<rating>5</rating>
<url>http://www.greatschools.org/city/Loudon/TN</url>
<lat>35.7341</lat>
<lon>-84.3463</lon>
<active>1</active>
</city>
<city>
<id>439997</id>
<name>Louisville</name>
<state>TN</state>
<rating>7</rating>
<url>http://www.greatschools.org/city/Louisville/TN</url>
<lat>35.8241</lat>
<lon>-84.0581</lon>
<active>1</active>
</city>
<city>
<id>439991</id>
<name>Luttrell</name>
<state>TN</state>
<rating>2</rating>
<url>http://www.greatschools.org/city/Luttrell/TN</url>
<lat>36.2103</lat>
<lon>-83.7448</lon>
<active>1</active>
</city>
<city>
<id>439892</id>
<name>Lyles</name>
<state>TN</state>
<rating>5</rating>
<url>http://www.greatschools.org/city/Lyles/TN</url>
<lat>35.8997</lat>
<lon>-87.317</lon>
<active>1</active>
</city>
<city>
<id>440147</id>
<name>Lynchburg</name>
<state>TN</state>
<rating>6</rating>
<url>http://www.greatschools.org/city/Lynchburg/TN</url>
<lat>35.2972</lat>
<lon>-86.34</lon>
<active>1</active>
</city>
<city>
<id>440218</id>
<name>Lynnville</name>
<state>TN</state>
<rating>6</rating>
<url>http://www.greatschools.org/city/Lynnville/TN</url>
<lat>35.3779</lat>
<lon>-87.0056</lon>
<active>1</active>
</city>
<city>
<id>440041</id>
<name>Madison</name>
<state>TN</state>
<rating>3</rating>
<url>http://www.greatschools.org/city/Madison/TN</url>
<lat>36.2611</lat>
<lon>-86.7044</lon>
<active>1</active>
</city>
<city>
<id>440008</id>
<name>Madisonville</name>
<state>TN</state>
<rating>4</rating>
<url>http://www.greatschools.org/city/Madisonville/TN</url>
<lat>35.5218</lat>
<lon>-84.3629</lon>
<active>1</active>
</city>
<city>
<id>440047</id>
<name>Manchester</name>
<state>TN</state>
<rating>7</rating>
<url>http://www.greatschools.org/city/Manchester/TN</url>
<lat>35.4737</lat>
<lon>-86.0832</lon>
<active>1</active>
</city>
<city>
<id>439989</id>
<name>Martin</name>
<state>TN</state>
<rating>9</rating>
<url>http://www.greatschools.org/city/Martin/TN</url>
<lat>36.34</lat>
<lon>-88.8568</lon>
<active>1</active>
</city>
<city>
<id>439905</id>
<name>Maryville</name>
<state>TN</state>
<rating>7</rating>
<url>http://www.greatschools.org/city/Maryville/TN</url>
<lat>35.7494</lat>
<lon>-83.9667</lon>
<active>1</active>
</city>
<city>
<id>440177</id>
<name>Mascot</name>
<state>TN</state>
<rating>3</rating>
<url>http://www.greatschools.org/city/Mascot/TN</url>
<lat>36.0706</lat>
<lon>-83.7642</lon>
<active>1</active>
</city>
<city>
<id>440232</id>
<name>Mason</name>
<state>TN</state>
<rating>3</rating>
<url>http://www.greatschools.org/city/Mason/TN</url>
<lat>35.4079</lat>
<lon>-89.553</lon>
<active>1</active>
</city>
<city>
<id>440242</id>
<name>Maury City</name>
<state>TN</state>
<rating>6</rating>
<url>http://www.greatschools.org/city/Maury_City/TN</url>
<lat>35.8153</lat>
<lon>-89.2245</lon>
<active>1</active>
</city>
<city>
<id>440025</id>
<name>Maynardville</name>
<state>TN</state>
<rating>4</rating>
<url>http://www.greatschools.org/city/Maynardville/TN</url>
<lat>36.2468</lat>
<lon>-83.8039</lon>
<active>1</active>
</city>
<city>
<id>446347</id>
<name>Mc Ewen</name>
<state>TN</state>
<rating/>
<url>http://www.greatschools.org/city/Mc_Ewen/TN</url>
<lat>36.1099</lat>
<lon>-87.6386</lon>
<active>1</active>
</city>
<city>
<id>439999</id>
<name>McDonald</name>
<state>TN</state>
<rating/>
<url>http://www.greatschools.org/city/McDonald/TN</url>
<lat>35.1176</lat>
<lon>-84.974</lon>
<active>1</active>
</city>
<city>
<id>440018</id>
<name>McEwen</name>
<state>TN</state>
<rating>6</rating>
<url>http://www.greatschools.org/city/McEwen/TN</url>
<lat>36.1084</lat>
<lon>-87.6346</lon>
<active>1</active>
</city>
<city>
<id>440057</id>
<name>McKenzie</name>
<state>TN</state>
<rating>7</rating>
<url>http://www.greatschools.org/city/McKenzie/TN</url>
<lat>36.135</lat>
<lon>-88.5159</lon>
<active>1</active>
</city>
<city>
<id>440101</id>
<name>McLemoresville</name>
<state>TN</state>
<rating/>
<url>http://www.greatschools.org/city/McLemoresville/TN</url>
<lat>35.9869</lat>
<lon>-88.5781</lon>
<active>1</active>
</city>
<city>
<id>439994</id>
<name>McMinnville</name>
<state>TN</state>
<rating>5</rating>
<url>http://www.greatschools.org/city/McMinnville/TN</url>
<lat>35.6905</lat>
<lon>-85.7794</lon>
<active>1</active>
</city>
<city>
<id>440028</id>
<name>Medina</name>
<state>TN</state>
<rating>9</rating>
<url>http://www.greatschools.org/city/Medina/TN</url>
<lat>35.8036</lat>
<lon>-88.7767</lon>
<active>1</active>
</city>
<city>
<id>443228</id>
<name>Medon</name>
<state>TN</state>
<rating/>
<url>http://www.greatschools.org/city/Medon/TN</url>
<lat>35.4553</lat>
<lon>-88.8654</lon>
<active>1</active>
</city>
<city>
<id>443227</id>
<name>Melrose</name>
<state>TN</state>
<rating/>
<url>http://www.greatschools.org/city/Melrose/TN</url>
<lat>36.1265</lat>
<lon>-86.7744</lon>
<active>1</active>
</city>
<city>
<id>439891</id>
<name>Memphis</name>
<state>TN</state>
<rating>3</rating>
<url>http://www.greatschools.org/city/Memphis/TN</url>
<lat>35.1143</lat>
<lon>-89.9555</lon>
<active>1</active>
</city>
<city>
<id>440153</id>
<name>Michie</name>
<state>TN</state>
<rating>6</rating>
<url>http://www.greatschools.org/city/Michie/TN</url>
<lat>35.057</lat>
<lon>-88.4302</lon>
<active>1</active>
</city>
<city>
<id>440202</id>
<name>Middleton</name>
<state>TN</state>
<rating>5</rating>
<url>http://www.greatschools.org/city/Middleton/TN</url>
<lat>35.0667</lat>
<lon>-88.8911</lon>
<active>1</active>
</city>
<city>
<id>443226</id>
<name>Midway</name>
<state>TN</state>
<rating/>
<url>http://www.greatschools.org/city/Midway/TN</url>
<lat>36.2894</lat>
<lon>-82.4224</lon>
<active>1</active>
</city>
<city>
<id>440080</id>
<name>Milan</name>
<state>TN</state>
<rating>6</rating>
<url>http://www.greatschools.org/city/Milan/TN</url>
<lat>35.9178</lat>
<lon>-88.7607</lon>
<active>1</active>
</city>
<city>
<id>443225</id>
<name>Millersville</name>
<state>TN</state>
<rating/>
<url>http://www.greatschools.org/city/Millersville/TN</url>
<lat>36.3883</lat>
<lon>-86.7094</lon>
<active>1</active>
</city>
<city>
<id>439922</id>
<name>Millington</name>
<state>TN</state>
<rating>5</rating>
<url>http://www.greatschools.org/city/Millington/TN</url>
<lat>35.3365</lat>
<lon>-89.894</lon>
<active>1</active>
</city>
<city>
<id>440219</id>
<name>Minor Hill</name>
<state>TN</state>
<rating>6</rating>
<url>http://www.greatschools.org/city/Minor_Hill/TN</url>
<lat>35.0483</lat>
<lon>-87.1594</lon>
<active>1</active>
</city>
<city>
<id>440216</id>
<name>Mohawk</name>
<state>TN</state>
<rating>5</rating>
<url>http://www.greatschools.org/city/Mohawk/TN</url>
<lat>36.185</lat>
<lon>-83.0949</lon>
<active>1</active>
</city>
<city>
<id>443224</id>
<name>Monroe</name>
<state>TN</state>
<rating/>
<url>http://www.greatschools.org/city/Monroe/TN</url>
<lat>36.4772</lat>
<lon>-85.2232</lon>
<active>1</active>
</city>
<city>
<id>440163</id>
<name>Monteagle</name>
<state>TN</state>
<rating>6</rating>
<url>http://www.greatschools.org/city/Monteagle/TN</url>
<lat>35.2408</lat>
<lon>-85.8284</lon>
<active>1</active>
</city>
<city>
<id>440015</id>
<name>Monterey</name>
<state>TN</state>
<rating>4</rating>
<url>http://www.greatschools.org/city/Monterey/TN</url>
<lat>36.1467</lat>
<lon>-85.2645</lon>
<active>1</active>
</city>
<city>
<id>440197</id>
<name>Mooresburg</name>
<state>TN</state>
<rating>3</rating>
<url>http://www.greatschools.org/city/Mooresburg/TN</url>
<lat>36.3593</lat>
<lon>-83.215</lon>
<active>1</active>
</city>
<city>
<id>440109</id>
<name>Morrison</name>
<state>TN</state>
<rating>4</rating>
<url>http://www.greatschools.org/city/Morrison/TN</url>
<lat>35.6018</lat>
<lon>-85.9193</lon>
<active>1</active>
</city>
<city>
<id>440031</id>
<name>Morristown</name>
<state>TN</state>
<rating>6</rating>
<url>http://www.greatschools.org/city/Morristown/TN</url>
<lat>36.2173</lat>
<lon>-83.2961</lon>
<active>1</active>
</city>
<city>
<id>440230</id>
<name>Moscow</name>
<state>TN</state>
<rating>2</rating>
<url>http://www.greatschools.org/city/Moscow/TN</url>
<lat>35.0607</lat>
<lon>-89.3952</lon>
<active>1</active>
</city>
<city>
<id>440215</id>
<name>Mosheim</name>
<state>TN</state>
<rating>4</rating>
<url>http://www.greatschools.org/city/Mosheim/TN</url>
<lat>36.1939</lat>
<lon>-82.9594</lon>
<active>1</active>
</city>
<city>
<id>440196</id>
<name>Mount Carmel</name>
<state>TN</state>
<rating>9</rating>
<url>http://www.greatschools.org/city/Mount_Carmel/TN</url>
<lat>36.5603</lat>
<lon>-82.6604</lon>
<active>1</active>
</city>
<city>
<id>439904</id>
<name>Mount Juliet</name>
<state>TN</state>
<rating>9</rating>
<url>http://www.greatschools.org/city/Mount_Juliet/TN</url>
<lat>36.2015</lat>
<lon>-86.5191</lon>
<active>1</active>
</city>
<city>
<id>440016</id>
<name>Mount Pleasant</name>
<state>TN</state>
<rating>4</rating>
<url>http://www.greatschools.org/city/Mount_Pleasant/TN</url>
<lat>35.5422</lat>
<lon>-87.2012</lon>
<active>1</active>
</city>
<city>
<id>439963</id>
<name>Mountain City</name>
<state>TN</state>
<rating>6</rating>
<url>http://www.greatschools.org/city/Mountain_City/TN</url>
<lat>36.4691</lat>
<lon>-81.8049</lon>
<active>1</active>
</city>
<city>
<id>446348</id>
<name>Mt Carmel</name>
<state>TN</state>
<rating/>
<url>http://www.greatschools.org/city/Mt_Carmel/TN</url>
<lat>36.5457</lat>
<lon>-82.6574</lon>
<active>1</active>
</city>
<city>
<id>446349</id>
<name>Mt Juliet</name>
<state>TN</state>
<rating/>
<url>http://www.greatschools.org/city/Mt_Juliet/TN</url>
<lat>36.2341</lat>
<lon>-86.5366</lon>
<active>1</active>
</city>
<city>
<id>446350</id>
<name>Mt Pleasant</name>
<state>TN</state>
<rating/>
<url>http://www.greatschools.org/city/Mt_Pleasant/TN</url>
<lat>35.5449</lat>
<lon>-87.2089</lon>
<active>1</active>
</city>
<city>
<id>446351</id>
<name>Mt. Juliet</name>
<state>TN</state>
<rating/>
<url>http://www.greatschools.org/city/Mt._Juliet/TN</url>
<lat>36.2312</lat>
<lon>-86.4799</lon>
<active>1</active>
</city>
<city>
<id>446352</id>
<name>Mt. Pleasant</name>
<state>TN</state>
<rating/>
<url>http://www.greatschools.org/city/Mt._Pleasant/TN</url>
<lat>35.5487</lat>
<lon>-87.2052</lon>
<active>1</active>
</city>
<city>
<id>440116</id>
<name>Munford</name>
<state>TN</state>
<rating>7</rating>
<url>http://www.greatschools.org/city/Munford/TN</url>
<lat>35.4463</lat>
<lon>-89.809</lon>
<active>1</active>
</city>
<city>
<id>439899</id>
<name>Murfreesboro</name>
<state>TN</state>
<rating>8</rating>
<url>http://www.greatschools.org/city/Murfreesboro/TN</url>
<lat>35.8549</lat>
<lon>-86.387</lon>
<active>1</active>
</city>
<city>
<id>439898</id>
<name>Nashville</name>
<state>TN</state>
<rating>4</rating>
<url>http://www.greatschools.org/city/Nashville/TN</url>
<lat>36.1451</lat>
<lon>-86.7503</lon>
<active>1</active>
</city>
<city>
<id>440186</id>
<name>New Johnsonville</name>
<state>TN</state>
<rating>7</rating>
<url>http://www.greatschools.org/city/New_Johnsonville/TN</url>
<lat>36.0124</lat>
<lon>-87.9634</lon>
<active>1</active>
</city>
<city>
<id>440184</id>
<name>New Market</name>
<state>TN</state>
<rating>7</rating>
<url>http://www.greatschools.org/city/New_Market/TN</url>
<lat>36.1004</lat>
<lon>-83.5519</lon>
<active>1</active>
</city>
<city>
<id>439977</id>
<name>New Tazewell</name>
<state>TN</state>
<rating>4</rating>
<url>http://www.greatschools.org/city/New_Tazewell/TN</url>
<lat>36.4399</lat>
<lon>-83.6037</lon>
<active>1</active>
</city>
<city>
<id>439975</id>
<name>Newbern</name>
<state>TN</state>
<rating>8</rating>
<url>http://www.greatschools.org/city/Newbern/TN</url>
<lat>36.1131</lat>
<lon>-89.2699</lon>
<active>1</active>
</city>
<city>
<id>440059</id>
<name>Newport</name>
<state>TN</state>
<rating>5</rating>
<url>http://www.greatschools.org/city/Newport/TN</url>
<lat>35.9637</lat>
<lon>-83.19</lon>
<active>1</active>
</city>
<city>
<id>440156</id>
<name>Niota</name>
<state>TN</state>
<rating>6</rating>
<url>http://www.greatschools.org/city/Niota/TN</url>
<lat>35.5144</lat>
<lon>-84.5467</lon>
<active>1</active>
</city>
<city>
<id>440095</id>
<name>Nolensville</name>
<state>TN</state>
<rating>9</rating>
<url>http://www.greatschools.org/city/Nolensville/TN</url>
<lat>35.9628</lat>
<lon>-86.668</lon>
<active>1</active>
</city>
<city>
<id>440273</id>
<name>Norris</name>
<state>TN</state>
<rating>8</rating>
<url>http://www.greatschools.org/city/Norris/TN</url>
<lat>36.1965</lat>
<lon>-84.0714</lon>
<active>1</active>
</city>
<city>
<id>440062</id>
<name>Nunnelly</name>
<state>TN</state>
<rating/>
<url>http://www.greatschools.org/city/Nunnelly/TN</url>
<lat>35.8842</lat>
<lon>-87.469</lon>
<active>1</active>
</city>
<city>
<id>439987</id>
<name>Oak Ridge</name>
<state>TN</state>
<rating>8</rating>
<url>http://www.greatschools.org/city/Oak_Ridge/TN</url>
<lat>36.0166</lat>
<lon>-84.2599</lon>
<active>1</active>
</city>
<city>
<id>440145</id>
<name>Oakdale</name>
<state>TN</state>
<rating>3</rating>
<url>http://www.greatschools.org/city/Oakdale/TN</url>
<lat>35.987</lat>
<lon>-84.5594</lon>
<active>1</active>
</city>
<city>
<id>440011</id>
<name>Oakland</name>
<state>TN</state>
<rating>4</rating>
<url>http://www.greatschools.org/city/Oakland/TN</url>
<lat>35.228</lat>
<lon>-89.5194</lon>
<active>1</active>
</city>
<city>
<id>443223</id>
<name>Obion</name>
<state>TN</state>
<rating/>
<url>http://www.greatschools.org/city/Obion/TN</url>
<lat>36.263</lat>
<lon>-89.1923</lon>
<active>1</active>
</city>
<city>
<id>443222</id>
<name>Ocoee</name>
<state>TN</state>
<rating/>
<url>http://www.greatschools.org/city/Ocoee/TN</url>
<lat>35.1182</lat>
<lon>-84.7066</lon>
<active>1</active>
</city>
<city>
<id>440133</id>
<name>Old Fort</name>
<state>TN</state>
<rating>4</rating>
<url>http://www.greatschools.org/city/Old_Fort/TN</url>
<lat>35.0622</lat>
<lon>-84.7245</lon>
<active>1</active>
</city>
<city>
<id>439995</id>
<name>Old Hickory</name>
<state>TN</state>
<rating>5</rating>
<url>http://www.greatschools.org/city/Old_Hickory/TN</url>
<lat>36.2382</lat>
<lon>-86.6103</lon>
<active>1</active>
</city>
<city>
<id>440052</id>
<name>Oliver Springs</name>
<state>TN</state>
<rating>4</rating>
<url>http://www.greatschools.org/city/Oliver_Springs/TN</url>
<lat>36.0355</lat>
<lon>-84.3284</lon>
<active>1</active>
</city>
<city>
<id>440074</id>
<name>Oneida</name>
<state>TN</state>
<rating>5</rating>
<url>http://www.greatschools.org/city/Oneida/TN</url>
<lat>36.5061</lat>
<lon>-84.5167</lon>
<active>1</active>
</city>
<city>
<id>440085</id>
<name>Ooltewah</name>
<state>TN</state>
<rating>7</rating>
<url>http://www.greatschools.org/city/Ooltewah/TN</url>
<lat>35.0578</lat>
<lon>-85.0972</lon>
<active>1</active>
</city>
<city>
<id>443221</id>
<name>Orlinda</name>
<state>TN</state>
<rating/>
<url>http://www.greatschools.org/city/Orlinda/TN</url>
<lat>36.5968</lat>
<lon>-86.7038</lon>
<active>1</active>
</city>
<city>
<id>440214</id>
<name>Palmer</name>
<state>TN</state>
<rating>6</rating>
<url>http://www.greatschools.org/city/Palmer/TN</url>
<lat>35.3579</lat>
<lon>-85.5643</lon>
<active>1</active>
</city>
<city>
<id>440034</id>
<name>Paris</name>
<state>TN</state>
<rating>8</rating>
<url>http://www.greatschools.org/city/Paris/TN</url>
<lat>36.2996</lat>
<lon>-88.3127</lon>
<active>1</active>
</city>
<city>
<id>440246</id>
<name>Parrottsville</name>
<state>TN</state>
<rating>6</rating>
<url>http://www.greatschools.org/city/Parrottsville/TN</url>
<lat>36.0101</lat>
<lon>-83.09</lon>
<active>1</active>
</city>
<city>
<id>440238</id>
<name>Parsons</name>
<state>TN</state>
<rating>7</rating>
<url>http://www.greatschools.org/city/Parsons/TN</url>
<lat>35.6453</lat>
<lon>-88.1239</lon>
<active>1</active>
</city>
<city>
<id>440255</id>
<name>Pegram</name>
<state>TN</state>
<rating>7</rating>
<url>http://www.greatschools.org/city/Pegram/TN</url>
<lat>36.0994</lat>
<lon>-87.055</lon>
<active>1</active>
</city>
<city>
<id>440213</id>
<name>Pelham</name>
<state>TN</state>
<rating>5</rating>
<url>http://www.greatschools.org/city/Pelham/TN</url>
<lat>35.3096</lat>
<lon>-85.854</lon>
<active>1</active>
</city>
<city>
<id>445671</id>
<name>Pennington Gap</name>
<state>TN</state>
<rating/>
<url>http://www.greatschools.org/city/Pennington_Gap/TN</url>
<lat>36.7138</lat>
<lon>-83.0158</lon>
<active>1</active>
</city>
<city>
<id>440172</id>
<name>Petersburg</name>
<state>TN</state>
<rating>7</rating>
<url>http://www.greatschools.org/city/Petersburg/TN</url>
<lat>35.3171</lat>
<lon>-86.6383</lon>
<active>1</active>
</city>
<city>
<id>440168</id>
<name>Philadelphia</name>
<state>TN</state>
<rating>7</rating>
<url>http://www.greatschools.org/city/Philadelphia/TN</url>
<lat>35.677</lat>
<lon>-84.4035</lon>
<active>1</active>
</city>
<city>
<id>440033</id>
<name>Pigeon Forge</name>
<state>TN</state>
<rating>7</rating>
<url>http://www.greatschools.org/city/Pigeon_Forge/TN</url>
<lat>35.8002</lat>
<lon>-83.5618</lon>
<active>1</active>
</city>
<city>
<id>439948</id>
<name>Pikeville</name>
<state>TN</state>
<rating>5</rating>
<url>http://www.greatschools.org/city/Pikeville/TN</url>
<lat>35.6084</lat>
<lon>-85.194</lon>
<active>1</active>
</city>
<city>
<id>440119</id>
<name>Piney Flats</name>
<state>TN</state>
<rating>5</rating>
<url>http://www.greatschools.org/city/Piney_Flats/TN</url>
<lat>36.4422</lat>
<lon>-82.3403</lon>
<active>1</active>
</city>
<city>
<id>439944</id>
<name>Pinson</name>
<state>TN</state>
<rating>5</rating>
<url>http://www.greatschools.org/city/Pinson/TN</url>
<lat>35.4865</lat>
<lon>-88.7337</lon>
<active>1</active>
</city>
<city>
<id>440264</id>
<name>Pioneer</name>
<state>TN</state>
<rating>4</rating>
<url>http://www.greatschools.org/city/Pioneer/TN</url>
<lat>36.4325</lat>
<lon>-84.3574</lon>
<active>1</active>
</city>
<city>
<id>440239</id>
<name>Pleasant Hill</name>
<state>TN</state>
<rating>4</rating>
<url>http://www.greatschools.org/city/Pleasant_Hill/TN</url>
<lat>35.9762</lat>
<lon>-85.1974</lon>
<active>1</active>
</city>
<city>
<id>443219</id>
<name>Pleasant Shade</name>
<state>TN</state>
<rating/>
<url>http://www.greatschools.org/city/Pleasant_Shade/TN</url>
<lat>36.3505</lat>
<lon>-85.915</lon>
<active>1</active>
</city>
<city>
<id>440081</id>
<name>Pleasant View</name>
<state>TN</state>
<rating>6</rating>
<url>http://www.greatschools.org/city/Pleasant_View/TN</url>
<lat>36.3891</lat>
<lon>-87.0403</lon>
<active>1</active>
</city>
<city>
<id>440082</id>
<name>Portland</name>
<state>TN</state>
<rating>5</rating>
<url>http://www.greatschools.org/city/Portland/TN</url>
<lat>36.5811</lat>
<lon>-86.5148</lon>
<active>1</active>
</city>
<city>
<id>440087</id>
<name>Powell</name>
<state>TN</state>
<rating>6</rating>
<url>http://www.greatschools.org/city/Powell/TN</url>
<lat>36.0414</lat>
<lon>-84.0459</lon>
<active>1</active>
</city>
<city>
<id>440094</id>
<name>Primm Springs</name>
<state>TN</state>
<rating/>
<url>http://www.greatschools.org/city/Primm_Springs/TN</url>
<lat>35.8427</lat>
<lon>-87.2036</lon>
<active>1</active>
</city>
<city>
<id>445672</id>
<name>Prospect</name>
<state>TN</state>
<rating/>
<url>http://www.greatschools.org/city/Prospect/TN</url>
<lat>35.0572</lat>
<lon>-86.8929</lon>
<active>1</active>
</city>
<city>
<id>440068</id>
<name>Pulaski</name>
<state>TN</state>
<rating>5</rating>
<url>http://www.greatschools.org/city/Pulaski/TN</url>
<lat>35.1966</lat>
<lon>-87.0339</lon>
<active>1</active>
</city>
<city>
<id>439913</id>
<name>Puryear</name>
<state>TN</state>
<rating>8</rating>
<url>http://www.greatschools.org/city/Puryear/TN</url>
<lat>36.4436</lat>
<lon>-88.3334</lon>
<active>1</active>
</city>
<city>
<id>440152</id>
<name>Ramer</name>
<state>TN</state>
<rating>6</rating>
<url>http://www.greatschools.org/city/Ramer/TN</url>
<lat>35.0718</lat>
<lon>-88.6155</lon>
<active>1</active>
</city>
<city>
<id>440129</id>
<name>Readyville</name>
<state>TN</state>
<rating>6</rating>
<url>http://www.greatschools.org/city/Readyville/TN</url>
<lat>35.8113</lat>
<lon>-86.1956</lon>
<active>1</active>
</city>
<city>
<id>440020</id>
<name>Reagan</name>
<state>TN</state>
<rating>9</rating>
<url>http://www.greatschools.org/city/Reagan/TN</url>
<lat>35.501</lat>
<lon>-88.3701</lon>
<active>1</active>
</city>
<city>
<id>440042</id>
<name>Red Bank</name>
<state>TN</state>
<rating/>
<url>http://www.greatschools.org/city/Red_Bank/TN</url>
<lat>35.1125</lat>
<lon>-85.2943</lon>
<active>1</active>
</city>
<city>
<id>445673</id>
<name>Red Blng Spgs</name>
<state>TN</state>
<rating/>
<url>http://www.greatschools.org/city/Red_Blng_Spgs/TN</url>
<lat>36.5582</lat>
<lon>-85.8281</lon>
<active>1</active>
</city>
<city>
<id>446353</id>
<name>Red Boiling Spg</name>
<state>TN</state>
<rating/>
<url>http://www.greatschools.org/city/Red_Boiling_Spg/TN</url>
<lat>36.5342</lat>
<lon>-85.8417</lon>
<active>1</active>
</city>
<city>
<id>439908</id>
<name>Red Boiling Springs</name>
<state>TN</state>
<rating>4</rating>
<url>http://www.greatschools.org/city/Red_Boiling_Springs/TN</url>
<lat>36.5308</lat>
<lon>-85.8505</lon>
<active>1</active>
</city>
<city>
<id>440155</id>
<name>Riceville</name>
<state>TN</state>
<rating>7</rating>
<url>http://www.greatschools.org/city/Riceville/TN</url>
<lat>35.3702</lat>
<lon>-84.69</lon>
<active>1</active>
</city>
<city>
<id>440137</id>
<name>Rickman</name>
<state>TN</state>
<rating>7</rating>
<url>http://www.greatschools.org/city/Rickman/TN</url>
<lat>36.2864</lat>
<lon>-85.3458</lon>
<active>1</active>
</city>
<city>
<id>440176</id>
<name>Ridgely</name>
<state>TN</state>
<rating>3</rating>
<url>http://www.greatschools.org/city/Ridgely/TN</url>
<lat>36.2655</lat>
<lon>-89.4835</lon>
<active>1</active>
</city>
<city>
<id>440083</id>
<name>Ridgetop</name>
<state>TN</state>
<rating>7</rating>
<url>http://www.greatschools.org/city/Ridgetop/TN</url>
<lat>36.4021</lat>
<lon>-86.7726</lon>
<active>1</active>
</city>
<city>
<id>440000</id>
<name>Ripley</name>
<state>TN</state>
<rating>4</rating>
<url>http://www.greatschools.org/city/Ripley/TN</url>
<lat>35.74</lat>
<lon>-89.5343</lon>
<active>1</active>
</city>
<city>
<id>440259</id>
<name>Roan Mountain</name>
<state>TN</state>
<rating>5</rating>
<url>http://www.greatschools.org/city/Roan_Mountain/TN</url>
<lat>36.1878</lat>
<lon>-82.0716</lon>
<active>1</active>
</city>
<city>
<id>440126</id>
<name>Robbins</name>
<state>TN</state>
<rating>5</rating>
<url>http://www.greatschools.org/city/Robbins/TN</url>
<lat>36.3532</lat>
<lon>-84.6063</lon>
<active>1</active>
</city>
<city>
<id>440110</id>
<name>Rock Island</name>
<state>TN</state>
<rating>5</rating>
<url>http://www.greatschools.org/city/Rock_Island/TN</url>
<lat>35.7585</lat>
<lon>-85.644</lon>
<active>1</active>
</city>
<city>
<id>440268</id>
<name>Rockford</name>
<state>TN</state>
<rating>7</rating>
<url>http://www.greatschools.org/city/Rockford/TN</url>
<lat>35.8363</lat>
<lon>-83.938</lon>
<active>1</active>
</city>
<city>
<id>440127</id>
<name>Rockvale</name>
<state>TN</state>
<rating>9</rating>
<url>http://www.greatschools.org/city/Rockvale/TN</url>
<lat>35.7815</lat>
<lon>-86.5289</lon>
<active>1</active>
</city>
<city>
<id>440037</id>
<name>Rockwood</name>
<state>TN</state>
<rating>5</rating>
<url>http://www.greatschools.org/city/Rockwood/TN</url>
<lat>35.8699</lat>
<lon>-84.6772</lon>
<active>1</active>
</city>
<city>
<id>440021</id>
<name>Rogersville</name>
<state>TN</state>
<rating>5</rating>
<url>http://www.greatschools.org/city/Rogersville/TN</url>
<lat>36.4053</lat>
<lon>-83.0074</lon>
<active>1</active>
</city>
<city>
<id>440079</id>
<name>Rossville</name>
<state>TN</state>
<rating/>
<url>http://www.greatschools.org/city/Rossville/TN</url>
<lat>35.0416</lat>
<lon>-89.5434</lon>
<active>1</active>
</city>
<city>
<id>440280</id>
<name>Russellville</name>
<state>TN</state>
<rating>8</rating>
<url>http://www.greatschools.org/city/Russellville/TN</url>
<lat>36.2563</lat>
<lon>-83.1922</lon>
<active>1</active>
</city>
<city>
<id>440222</id>
<name>Rutherford</name>
<state>TN</state>
<rating>7</rating>
<url>http://www.greatschools.org/city/Rutherford/TN</url>
<lat>36.1258</lat>
<lon>-88.9926</lon>
<active>1</active>
</city>
<city>
<id>439973</id>
<name>Rutledge</name>
<state>TN</state>
<rating>5</rating>
<url>http://www.greatschools.org/city/Rutledge/TN</url>
<lat>36.2792</lat>
<lon>-83.5219</lon>
<active>1</active>
</city>
<city>
<id>440206</id>
<name>Sale Creek</name>
<state>TN</state>
<rating>7</rating>
<url>http://www.greatschools.org/city/Sale_Creek/TN</url>
<lat>35.3839</lat>
<lon>-85.1017</lon>
<active>1</active>
</city>
<city>
<id>440159</id>
<name>Santa Fe</name>
<state>TN</state>
<rating>5</rating>
<url>http://www.greatschools.org/city/Santa_Fe/TN</url>
<lat>35.7561</lat>
<lon>-87.1451</lon>
<active>1</active>
</city>
<city>
<id>440002</id>
<name>Savannah</name>
<state>TN</state>
<rating>6</rating>
<url>http://www.greatschools.org/city/Savannah/TN</url>
<lat>35.2223</lat>
<lon>-88.2337</lon>
<active>1</active>
</city>
<city>
<id>440050</id>
<name>Scotts Hill</name>
<state>TN</state>
<rating>8</rating>
<url>http://www.greatschools.org/city/Scotts_Hill/TN</url>
<lat>35.517</lat>
<lon>-88.2491</lon>
<active>1</active>
</city>
<city>
<id>440076</id>
<name>Selmer</name>
<state>TN</state>
<rating>7</rating>
<url>http://www.greatschools.org/city/Selmer/TN</url>
<lat>35.1737</lat>
<lon>-88.5917</lon>
<active>1</active>
</city>
<city>
<id>439921</id>
<name>Sevierville</name>
<state>TN</state>
<rating>5</rating>
<url>http://www.greatschools.org/city/Sevierville/TN</url>
<lat>35.8693</lat>
<lon>-83.5605</lon>
<active>1</active>
</city>
<city>
<id>440090</id>
<name>Sewanee</name>
<state>TN</state>
<rating>8</rating>
<url>http://www.greatschools.org/city/Sewanee/TN</url>
<lat>35.2044</lat>
<lon>-85.9224</lon>
<active>1</active>
</city>
<city>
<id>440073</id>
<name>Seymour</name>
<state>TN</state>
<rating>7</rating>
<url>http://www.greatschools.org/city/Seymour/TN</url>
<lat>35.8711</lat>
<lon>-83.7719</lon>
<active>1</active>
</city>
<city>
<id>440179</id>
<name>Shady Valley</name>
<state>TN</state>
<rating/>
<url>http://www.greatschools.org/city/Shady_Valley/TN</url>
<lat>36.5299</lat>
<lon>-81.9042</lon>
<active>1</active>
</city>
<city>
<id>440102</id>
<name>Sharon</name>
<state>TN</state>
<rating>9</rating>
<url>http://www.greatschools.org/city/Sharon/TN</url>
<lat>36.2336</lat>
<lon>-88.8254</lon>
<active>1</active>
</city>
<city>
<id>440111</id>
<name>Sharps Chapel</name>
<state>TN</state>
<rating>6</rating>
<url>http://www.greatschools.org/city/Sharps_Chapel/TN</url>
<lat>36.3566</lat>
<lon>-83.816</lon>
<active>1</active>
</city>
<city>
<id>446354</id>
<name>Shelby County</name>
<state>TN</state>
<rating/>
<url>http://www.greatschools.org/city/Shelby_County/TN</url>
<lat>35.1445</lat>
<lon>-89.7279</lon>
<active>1</active>
</city>
<city>
<id>439996</id>
<name>Shelbyville</name>
<state>TN</state>
<rating>4</rating>
<url>http://www.greatschools.org/city/Shelbyville/TN</url>
<lat>35.4871</lat>
<lon>-86.4541</lon>
<active>1</active>
</city>
<city>
<id>439986</id>
<name>Signal Mountain</name>
<state>TN</state>
<rating>9</rating>
<url>http://www.greatschools.org/city/Signal_Mountain/TN</url>
<lat>35.1324</lat>
<lon>-85.3439</lon>
<active>1</active>
</city>
<city>
<id>446355</id>
<name>Signal Mtn</name>
<state>TN</state>
<rating/>
<url>http://www.greatschools.org/city/Signal_Mtn/TN</url>
<lat>35.1439</lat>
<lon>-85.3322</lon>
<active>1</active>
</city>
<city>
<id>440029</id>
<name>Smithville</name>
<state>TN</state>
<rating>5</rating>
<url>http://www.greatschools.org/city/Smithville/TN</url>
<lat>35.9539</lat>
<lon>-85.8236</lon>
<active>1</active>
</city>
<city>
<id>439911</id>
<name>Smyrna</name>
<state>TN</state>
<rating>7</rating>
<url>http://www.greatschools.org/city/Smyrna/TN</url>
<lat>35.978</lat>
<lon>-86.5194</lon>
<active>1</active>
</city>
<city>
<id>440205</id>
<name>Sneedville</name>
<state>TN</state>
<rating>3</rating>
<url>http://www.greatschools.org/city/Sneedville/TN</url>
<lat>36.5338</lat>
<lon>-83.2155</lon>
<active>1</active>
</city>
<city>
<id>440004</id>
<name>Soddy Daisy</name>
<state>TN</state>
<rating>6</rating>
<url>http://www.greatschools.org/city/Soddy_Daisy/TN</url>
<lat>35.255</lat>
<lon>-85.159</lon>
<active>1</active>
</city>
<city>
<id>445674</id>
<name>Soddy-Daisy</name>
<state>TN</state>
<rating/>
<url>http://www.greatschools.org/city/Soddy-Daisy/TN</url>
<lat>35.2434</lat>
<lon>-85.1097</lon>
<active>1</active>
</city>
<city>
<id>440022</id>
<name>Somerville</name>
<state>TN</state>
<rating>3</rating>
<url>http://www.greatschools.org/city/Somerville/TN</url>
<lat>35.2373</lat>
<lon>-89.3544</lon>
<active>1</active>
</city>
<city>
<id>440142</id>
<name>South Fulton</name>
<state>TN</state>
<rating>7</rating>
<url>http://www.greatschools.org/city/South_Fulton/TN</url>
<lat>36.4944</lat>
<lon>-88.8793</lon>
<active>1</active>
</city>
<city>
<id>440035</id>
<name>South Pittsburg</name>
<state>TN</state>
<rating>6</rating>
<url>http://www.greatschools.org/city/South_Pittsburg/TN</url>
<lat>35.0094</lat>
<lon>-85.7132</lon>
<active>1</active>
</city>
<city>
<id>440024</id>
<name>Sparta</name>
<state>TN</state>
<rating>7</rating>
<url>http://www.greatschools.org/city/Sparta/TN</url>
<lat>35.9315</lat>
<lon>-85.4657</lon>
<active>1</active>
</city>
<city>
<id>440250</id>
<name>Speedwell</name>
<state>TN</state>
<rating>6</rating>
<url>http://www.greatschools.org/city/Speedwell/TN</url>
<lat>36.469</lat>
<lon>-83.8344</lon>
<active>1</active>
</city>
<city>
<id>440064</id>
<name>Spencer</name>
<state>TN</state>
<rating>5</rating>
<url>http://www.greatschools.org/city/Spencer/TN</url>
<lat>35.7409</lat>
<lon>-85.4554</lon>
<active>1</active>
</city>
<city>
<id>439946</id>
<name>Spring City</name>
<state>TN</state>
<rating>6</rating>
<url>http://www.greatschools.org/city/Spring_City/TN</url>
<lat>35.6896</lat>
<lon>-84.865</lon>
<active>1</active>
</city>
<city>
<id>439894</id>
<name>Spring Hill</name>
<state>TN</state>
<rating>9</rating>
<url>http://www.greatschools.org/city/Spring_Hill/TN</url>
<lat>35.7625</lat>
<lon>-86.9087</lon>
<active>1</active>
</city>
<city>
<id>439933</id>
<name>Springfield</name>
<state>TN</state>
<rating>5</rating>
<url>http://www.greatschools.org/city/Springfield/TN</url>
<lat>36.4964</lat>
<lon>-86.8793</lon>
<active>1</active>
</city>
<city>
<id>440054</id>
<name>Springville</name>
<state>TN</state>
<rating/>
<url>http://www.greatschools.org/city/Springville/TN</url>
<lat>36.323</lat>
<lon>-88.1325</lon>
<active>1</active>
</city>
<city>
<id>445675</id>
<name>St. Joseph</name>
<state>TN</state>
<rating/>
<url>http://www.greatschools.org/city/St._Joseph/TN</url>
<lat>35.049</lat>
<lon>-87.4893</lon>
<active>1</active>
</city>
<city>
<id>443218</id>
<name>Stanton</name>
<state>TN</state>
<rating/>
<url>http://www.greatschools.org/city/Stanton/TN</url>
<lat>35.4615</lat>
<lon>-89.3997</lon>
<active>1</active>
</city>
<city>
<id>440178</id>
<name>Strawberry Plains</name>
<state>TN</state>
<rating>5</rating>
<url>http://www.greatschools.org/city/Strawberry_Plains/TN</url>
<lat>36.0393</lat>
<lon>-83.6773</lon>
<active>1</active>
</city>
<city>
<id>440077</id>
<name>Summertown</name>
<state>TN</state>
<rating>8</rating>
<url>http://www.greatschools.org/city/Summertown/TN</url>
<lat>35.4313</lat>
<lon>-87.3226</lon>
<active>1</active>
</city>
<city>
<id>440144</id>
<name>Sunbright</name>
<state>TN</state>
<rating>4</rating>
<url>http://www.greatschools.org/city/Sunbright/TN</url>
<lat>36.2438</lat>
<lon>-84.6767</lon>
<active>1</active>
</city>
<city>
<id>440194</id>
<name>Surgoinsville</name>
<state>TN</state>
<rating>8</rating>
<url>http://www.greatschools.org/city/Surgoinsville/TN</url>
<lat>36.4723</lat>
<lon>-82.8572</lon>
<active>1</active>
</city>
<city>
<id>439966</id>
<name>Sweetwater</name>
<state>TN</state>
<rating>5</rating>
<url>http://www.greatschools.org/city/Sweetwater/TN</url>
<lat>35.6016</lat>
<lon>-84.4635</lon>
<active>1</active>
</city>
<city>
<id>440171</id>
<name>Taft</name>
<state>TN</state>
<rating>7</rating>
<url>http://www.greatschools.org/city/Taft/TN</url>
<lat>35.0353</lat>
<lon>-86.6916</lon>
<active>1</active>
</city>
<city>
<id>440182</id>
<name>Talbott</name>
<state>TN</state>
<rating>6</rating>
<url>http://www.greatschools.org/city/Talbott/TN</url>
<lat>36.1589</lat>
<lon>-83.4134</lon>
<active>1</active>
</city>
<city>
<id>440249</id>
<name>Tazewell</name>
<state>TN</state>
<rating>5</rating>
<url>http://www.greatschools.org/city/Tazewell/TN</url>
<lat>36.4589</lat>
<lon>-83.5732</lon>
<active>1</active>
</city>
<city>
<id>444180</id>
<name>Telford</name>
<state>TN</state>
<rating>6</rating>
<url>http://www.greatschools.org/city/Telford/TN</url>
<lat>36.253</lat>
<lon>-82.5521</lon>
<active>1</active>
</city>
<city>
<id>440150</id>
<name>Tellico Plains</name>
<state>TN</state>
<rating>5</rating>
<url>http://www.greatschools.org/city/Tellico_Plains/TN</url>
<lat>35.3676</lat>
<lon>-84.3011</lon>
<active>1</active>
</city>
<city>
<id>439970</id>
<name>Ten Mile</name>
<state>TN</state>
<rating>7</rating>
<url>http://www.greatschools.org/city/Ten_Mile/TN</url>
<lat>35.6747</lat>
<lon>-84.69</lon>
<active>1</active>
</city>
<city>
<id>446356</id>
<name>Tenn Ridge</name>
<state>TN</state>
<rating/>
<url>http://www.greatschools.org/city/Tenn_Ridge/TN</url>
<lat>36.3138</lat>
<lon>-87.774</lon>
<active>1</active>
</city>
<city>
<id>440187</id>
<name>Tennessee Ridge</name>
<state>TN</state>
<rating>5</rating>
<url>http://www.greatschools.org/city/Tennessee_Ridge/TN</url>
<lat>36.3209</lat>
<lon>-87.7625</lon>
<active>1</active>
</city>
<city>
<id>446357</id>
<name>Thompson Station</name>
<state>TN</state>
<rating/>
<url>http://www.greatschools.org/city/Thompson_Station/TN</url>
<lat>35.7631</lat>
<lon>-86.798</lon>
<active>1</active>
</city>
<city>
<id>439929</id>
<name>Thompson's Station</name>
<state>TN</state>
<rating>10</rating>
<url>http://www.greatschools.org/city/Thompson's_Station/TN</url>
<lat>35.8017</lat>
<lon>-86.8986</lon>
<active>1</active>
</city>
<city>
<id>445676</id>
<name>Thompsons Stn</name>
<state>TN</state>
<rating/>
<url>http://www.greatschools.org/city/Thompsons_Stn/TN</url>
<lat>35.7999</lat>
<lon>-86.9324</lon>
<active>1</active>
</city>
<city>
<id>440175</id>
<name>Tiptonville</name>
<state>TN</state>
<rating>2</rating>
<url>http://www.greatschools.org/city/Tiptonville/TN</url>
<lat>36.3758</lat>
<lon>-89.4724</lon>
<active>1</active>
</city>
<city>
<id>440201</id>
<name>Toone</name>
<state>TN</state>
<rating>6</rating>
<url>http://www.greatschools.org/city/Toone/TN</url>
<lat>35.3547</lat>
<lon>-88.955</lon>
<active>1</active>
</city>
<city>
<id>440267</id>
<name>Townsend</name>
<state>TN</state>
<rating>6</rating>
<url>http://www.greatschools.org/city/Townsend/TN</url>
<lat>35.6748</lat>
<lon>-83.7525</lon>
<active>1</active>
</city>
<city>
<id>440210</id>
<name>Tracy City</name>
<state>TN</state>
<rating>3</rating>
<url>http://www.greatschools.org/city/Tracy_City/TN</url>
<lat>35.2621</lat>
<lon>-85.7466</lon>
<active>1</active>
</city>
<city>
<id>440061</id>
<name>Trenton</name>
<state>TN</state>
<rating>5</rating>
<url>http://www.greatschools.org/city/Trenton/TN</url>
<lat>35.971</lat>
<lon>-88.9387</lon>
<active>1</active>
</city>
<city>
<id>440099</id>
<name>Trezevant</name>
<state>TN</state>
<rating>6</rating>
<url>http://www.greatschools.org/city/Trezevant/TN</url>
<lat>36.01</lat>
<lon>-88.6218</lon>
<active>1</active>
</city>
<city>
<id>440233</id>
<name>Trimble</name>
<state>TN</state>
<rating>6</rating>
<url>http://www.greatschools.org/city/Trimble/TN</url>
<lat>36.2018</lat>
<lon>-89.1884</lon>
<active>1</active>
</city>
<city>
<id>440140</id>
<name>Troy</name>
<state>TN</state>
<rating>7</rating>
<url>http://www.greatschools.org/city/Troy/TN</url>
<lat>36.3397</lat>
<lon>-89.1616</lon>
<active>1</active>
</city>
<city>
<id>439957</id>
<name>Tullahoma</name>
<state>TN</state>
<rating>6</rating>
<url>http://www.greatschools.org/city/Tullahoma/TN</url>
<lat>35.3685</lat>
<lon>-86.2136</lon>
<active>1</active>
</city>
<city>
<id>443216</id>
<name>Turtletown</name>
<state>TN</state>
<rating/>
<url>http://www.greatschools.org/city/Turtletown/TN</url>
<lat>35.1086</lat>
<lon>-84.3531</lon>
<active>1</active>
</city>
<city>
<id>440113</id>
<name>Unicoi</name>
<state>TN</state>
<rating>5</rating>
<url>http://www.greatschools.org/city/Unicoi/TN</url>
<lat>36.219</lat>
<lon>-82.3326</lon>
<active>1</active>
</city>
<city>
<id>440112</id>
<name>Union City</name>
<state>TN</state>
<rating>5</rating>
<url>http://www.greatschools.org/city/Union_City/TN</url>
<lat>36.4218</lat>
<lon>-89.0456</lon>
<active>1</active>
</city>
<city>
<id>440271</id>
<name>Unionville</name>
<state>TN</state>
<rating>5</rating>
<url>http://www.greatschools.org/city/Unionville/TN</url>
<lat>35.6196</lat>
<lon>-86.5705</lon>
<active>1</active>
</city>
<city>
<id>440236</id>
<name>Vanleer</name>
<state>TN</state>
<rating>5</rating>
<url>http://www.greatschools.org/city/Vanleer/TN</url>
<lat>36.2338</lat>
<lon>-87.4443</lon>
<active>1</active>
</city>
<city>
<id>439932</id>
<name>Vonore</name>
<state>TN</state>
<rating>3</rating>
<url>http://www.greatschools.org/city/Vonore/TN</url>
<lat>35.5877</lat>
<lon>-84.2406</lon>
<active>1</active>
</city>
<city>
<id>440266</id>
<name>Walland</name>
<state>TN</state>
<rating>4</rating>
<url>http://www.greatschools.org/city/Walland/TN</url>
<lat>35.7526</lat>
<lon>-83.8297</lon>
<active>1</active>
</city>
<city>
<id>440098</id>
<name>Walling</name>
<state>TN</state>
<rating>6</rating>
<url>http://www.greatschools.org/city/Walling/TN</url>
<lat>35.8771</lat>
<lon>-85.6124</lon>
<active>1</active>
</city>
<city>
<id>440001</id>
<name>Wartburg</name>
<state>TN</state>
<rating>4</rating>
<url>http://www.greatschools.org/city/Wartburg/TN</url>
<lat>36.1025</lat>
<lon>-84.59</lon>
<active>1</active>
</city>
<city>
<id>440272</id>
<name>Wartrace</name>
<state>TN</state>
<rating>7</rating>
<url>http://www.greatschools.org/city/Wartrace/TN</url>
<lat>35.5273</lat>
<lon>-86.3323</lon>
<active>1</active>
</city>
<city>
<id>440217</id>
<name>Washburn</name>
<state>TN</state>
<rating>3</rating>
<url>http://www.greatschools.org/city/Washburn/TN</url>
<lat>36.3078</lat>
<lon>-83.6095</lon>
<active>1</active>
</city>
<city>
<id>440092</id>
<name>Watertown</name>
<state>TN</state>
<rating>7</rating>
<url>http://www.greatschools.org/city/Watertown/TN</url>
<lat>36.1016</lat>
<lon>-86.135</lon>
<active>1</active>
</city>
<city>
<id>439950</id>
<name>Waverly</name>
<state>TN</state>
<rating>7</rating>
<url>http://www.greatschools.org/city/Waverly/TN</url>
<lat>36.0889</lat>
<lon>-87.788</lon>
<active>1</active>
</city>
<city>
<id>439945</id>
<name>Waynesboro</name>
<state>TN</state>
<rating>6</rating>
<url>http://www.greatschools.org/city/Waynesboro/TN</url>
<lat>35.3247</lat>
<lon>-87.7507</lon>
<active>1</active>
</city>
<city>
<id>439965</id>
<name>Westmoreland</name>
<state>TN</state>
<rating>6</rating>
<url>http://www.greatschools.org/city/Westmoreland/TN</url>
<lat>36.5626</lat>
<lon>-86.2488</lon>
<active>1</active>
</city>
<city>
<id>440235</id>
<name>White Bluff</name>
<state>TN</state>
<rating>8</rating>
<url>http://www.greatschools.org/city/White_Bluff/TN</url>
<lat>36.1081</lat>
<lon>-87.2173</lon>
<active>1</active>
</city>
<city>
<id>439958</id>
<name>White House</name>
<state>TN</state>
<rating>8</rating>
<url>http://www.greatschools.org/city/White_House/TN</url>
<lat>36.4634</lat>
<lon>-86.6599</lon>
<active>1</active>
</city>
<city>
<id>440181</id>
<name>White Pine</name>
<state>TN</state>
<rating>5</rating>
<url>http://www.greatschools.org/city/White_Pine/TN</url>
<lat>36.1035</lat>
<lon>-83.2863</lon>
<active>1</active>
</city>
<city>
<id>440088</id>
<name>Whites Creek</name>
<state>TN</state>
<rating>2</rating>
<url>http://www.greatschools.org/city/Whites_Creek/TN</url>
<lat>36.2814</lat>
<lon>-86.8306</lon>
<active>1</active>
</city>
<city>
<id>440279</id>
<name>Whitesburg</name>
<state>TN</state>
<rating>8</rating>
<url>http://www.greatschools.org/city/Whitesburg/TN</url>
<lat>36.2798</lat>
<lon>-83.1395</lon>
<active>1</active>
</city>
<city>
<id>440200</id>
<name>Whiteville</name>
<state>TN</state>
<rating>2</rating>
<url>http://www.greatschools.org/city/Whiteville/TN</url>
<lat>35.3041</lat>
<lon>-89.1543</lon>
<active>1</active>
</city>
<city>
<id>443215</id>
<name>Whitleyville</name>
<state>TN</state>
<rating/>
<url>http://www.greatschools.org/city/Whitleyville/TN</url>
<lat>36.4794</lat>
<lon>-85.7145</lon>
<active>1</active>
</city>
<city>
<id>440017</id>
<name>Whitwell</name>
<state>TN</state>
<rating>5</rating>
<url>http://www.greatschools.org/city/Whitwell/TN</url>
<lat>35.2001</lat>
<lon>-85.5173</lon>
<active>1</active>
</city>
<city>
<id>440191</id>
<name>Wildersville</name>
<state>TN</state>
<rating>6</rating>
<url>http://www.greatschools.org/city/Wildersville/TN</url>
<lat>35.7772</lat>
<lon>-88.4231</lon>
<active>1</active>
</city>
<city>
<id>446358</id>
<name>Williston</name>
<state>TN</state>
<rating/>
<url>http://www.greatschools.org/city/Williston/TN</url>
<lat>35.14</lat>
<lon>-89.4878</lon>
<active>1</active>
</city>
<city>
<id>440226</id>
<name>Winchester</name>
<state>TN</state>
<rating>5</rating>
<url>http://www.greatschools.org/city/Winchester/TN</url>
<lat>35.1907</lat>
<lon>-86.1098</lon>
<active>1</active>
</city>
<city>
<id>440125</id>
<name>Winfield</name>
<state>TN</state>
<rating>4</rating>
<url>http://www.greatschools.org/city/Winfield/TN</url>
<lat>36.5598</lat>
<lon>-84.4479</lon>
<active>1</active>
</city>
<city>
<id>440038</id>
<name>Woodbury</name>
<state>TN</state>
<rating>5</rating>
<url>http://www.greatschools.org/city/Woodbury/TN</url>
<lat>35.8228</lat>
<lon>-86.07</lon>
<active>1</active>
</city>
<city>
<id>440149</id>
<name>Woodlawn</name>
<state>TN</state>
<rating>8</rating>
<url>http://www.greatschools.org/city/Woodlawn/TN</url>
<lat>36.5032</lat>
<lon>-87.5308</lon>
<active>1</active>
</city>
<city>
<id>440221</id>
<name>Yorkville</name>
<state>TN</state>
<rating>6</rating>
<url>http://www.greatschools.org/city/Yorkville/TN</url>
<lat>36.0998</lat>
<lon>-89.1189</lon>
<active>1</active>
</city>
</greatschools-city-feed>
