<?xml version="1.0" encoding="utf-8"?><greatschools-city-feed xmlns:xsi="http://www.w3.org/2001/XMLSchema-instance" xsi:noNamespaceSchemaLocation="http://www.greatschools.org/feeds/greatschools-city2.xsd">
<city>
<id>406587</id>
<name>Aiea</name>
<state>HI</state>
<rating>6</rating>
<url>http://www.greatschools.org/city/Aiea/HI</url>
<lat>21.3848</lat>
<lon>-157.925</lon>
<active>1</active>
</city>
<city>
<id>406592</id>
<name>Anahola</name>
<state>HI</state>
<rating>2</rating>
<url>http://www.greatschools.org/city/Anahola/HI</url>
<lat>22.1416</lat>
<lon>-159.307</lon>
<active>1</active>
</city>
<city>
<id>406609</id>
<name>Captain Cook</name>
<state>HI</state>
<rating>5</rating>
<url>http://www.greatschools.org/city/Captain_Cook/HI</url>
<lat>19.4928</lat>
<lon>-155.906</lon>
<active>1</active>
</city>
<city>
<id>406625</id>
<name>Eleele</name>
<state>HI</state>
<rating>5</rating>
<url>http://www.greatschools.org/city/Eleele/HI</url>
<lat>21.9104</lat>
<lon>-159.581</lon>
<active>1</active>
</city>
<city>
<id>406581</id>
<name>Ewa Beach</name>
<state>HI</state>
<rating>7</rating>
<url>http://www.greatschools.org/city/Ewa_Beach/HI</url>
<lat>21.3171</lat>
<lon>-158.008</lon>
<active>1</active>
</city>
<city>
<id>406603</id>
<name>Haiku</name>
<state>HI</state>
<rating>8</rating>
<url>http://www.greatschools.org/city/Haiku/HI</url>
<lat>20.906</lat>
<lon>-156.292</lon>
<active>1</active>
</city>
<city>
<id>406613</id>
<name>Haleiwa</name>
<state>HI</state>
<rating>9</rating>
<url>http://www.greatschools.org/city/Haleiwa/HI</url>
<lat>21.5849</lat>
<lon>-158.109</lon>
<active>1</active>
</city>
<city>
<id>406630</id>
<name>Hana</name>
<state>HI</state>
<rating>3</rating>
<url>http://www.greatschools.org/city/Hana/HI</url>
<lat>20.7623</lat>
<lon>-155.99</lon>
<active>1</active>
</city>
<city>
<id>406624</id>
<name>Hanalei</name>
<state>HI</state>
<rating>8</rating>
<url>http://www.greatschools.org/city/Hanalei/HI</url>
<lat>22.2035</lat>
<lon>-159.5</lon>
<active>1</active>
</city>
<city>
<id>406640</id>
<name>Hauula</name>
<state>HI</state>
<rating>3</rating>
<url>http://www.greatschools.org/city/Hauula/HI</url>
<lat>21.6106</lat>
<lon>-157.913</lon>
<active>1</active>
</city>
<city>
<id>406611</id>
<name>Hawi</name>
<state>HI</state>
<rating/>
<url>http://www.greatschools.org/city/Hawi/HI</url>
<lat>20.238</lat>
<lon>-155.832</lon>
<active>1</active>
</city>
<city>
<id>442239</id>
<name>Hickam AFB</name>
<state>HI</state>
<rating/>
<url>http://www.greatschools.org/city/Hickam_AFB/HI</url>
<lat>21.3287</lat>
<lon>-157.942</lon>
<active>1</active>
</city>
<city>
<id>406594</id>
<name>Hilo</name>
<state>HI</state>
<rating>5</rating>
<url>http://www.greatschools.org/city/Hilo/HI</url>
<lat>19.6961</lat>
<lon>-155.09</lon>
<active>1</active>
</city>
<city>
<id>444915</id>
<name>Ho'olehua</name>
<state>HI</state>
<rating/>
<url>http://www.greatschools.org/city/Ho'olehua/HI</url>
<lat>21.1676</lat>
<lon>-157.069</lon>
<active>1</active>
</city>
<city>
<id>406608</id>
<name>Holualoa</name>
<state>HI</state>
<rating>6</rating>
<url>http://www.greatschools.org/city/Holualoa/HI</url>
<lat>19.6122</lat>
<lon>-155.965</lon>
<active>1</active>
</city>
<city>
<id>406618</id>
<name>Honokaa</name>
<state>HI</state>
<rating>4</rating>
<url>http://www.greatschools.org/city/Honokaa/HI</url>
<lat>20.0744</lat>
<lon>-155.463</lon>
<active>1</active>
</city>
<city>
<id>406578</id>
<name>Honolulu</name>
<state>HI</state>
<rating>7</rating>
<url>http://www.greatschools.org/city/Honolulu/HI</url>
<lat>21.3112</lat>
<lon>-157.831</lon>
<active>1</active>
</city>
<city>
<id>406577</id>
<name>Hoolehua</name>
<state>HI</state>
<rating>4</rating>
<url>http://www.greatschools.org/city/Hoolehua/HI</url>
<lat>21.1692</lat>
<lon>-157.076</lon>
<active>1</active>
</city>
<city>
<id>406639</id>
<name>Kaaawa</name>
<state>HI</state>
<rating>7</rating>
<url>http://www.greatschools.org/city/Kaaawa/HI</url>
<lat>21.5514</lat>
<lon>-157.852</lon>
<active>1</active>
</city>
<city>
<id>406620</id>
<name>Kahuku</name>
<state>HI</state>
<rating>4</rating>
<url>http://www.greatschools.org/city/Kahuku/HI</url>
<lat>21.6748</lat>
<lon>-157.952</lon>
<active>1</active>
</city>
<city>
<id>406590</id>
<name>Kahului</name>
<state>HI</state>
<rating>6</rating>
<url>http://www.greatschools.org/city/Kahului/HI</url>
<lat>20.8775</lat>
<lon>-156.477</lon>
<active>1</active>
</city>
<city>
<id>406598</id>
<name>Kailua</name>
<state>HI</state>
<rating>7</rating>
<url>http://www.greatschools.org/city/Kailua/HI</url>
<lat>21.3992</lat>
<lon>-157.741</lon>
<active>1</active>
</city>
<city>
<id>406583</id>
<name>Kailua Kona</name>
<state>HI</state>
<rating/>
<url>http://www.greatschools.org/city/Kailua_Kona/HI</url>
<lat>19.6564</lat>
<lon>-155.978</lon>
<active>1</active>
</city>
<city>
<id>444916</id>
<name>Kailua-Kona</name>
<state>HI</state>
<rating>7</rating>
<url>http://www.greatschools.org/city/Kailua-Kona/HI</url>
<lat>19.677</lat>
<lon>-155.978</lon>
<active>1</active>
</city>
<city>
<id>406623</id>
<name>Kalaheo</name>
<state>HI</state>
<rating>5</rating>
<url>http://www.greatschools.org/city/Kalaheo/HI</url>
<lat>21.9215</lat>
<lon>-159.522</lon>
<active>1</active>
</city>
<city>
<id>406586</id>
<name>Kamuela</name>
<state>HI</state>
<rating>4</rating>
<url>http://www.greatschools.org/city/Kamuela/HI</url>
<lat>20.0264</lat>
<lon>-155.675</lon>
<active>1</active>
</city>
<city>
<id>406599</id>
<name>Kaneohe</name>
<state>HI</state>
<rating>7</rating>
<url>http://www.greatschools.org/city/Kaneohe/HI</url>
<lat>21.4079</lat>
<lon>-157.796</lon>
<active>1</active>
</city>
<city>
<id>406615</id>
<name>Kapaa</name>
<state>HI</state>
<rating>6</rating>
<url>http://www.greatschools.org/city/Kapaa/HI</url>
<lat>22.0914</lat>
<lon>-159.333</lon>
<active>1</active>
</city>
<city>
<id>406601</id>
<name>Kapaau</name>
<state>HI</state>
<rating>5</rating>
<url>http://www.greatschools.org/city/Kapaau/HI</url>
<lat>20.2317</lat>
<lon>-155.808</lon>
<active>1</active>
</city>
<city>
<id>406584</id>
<name>Kapolei</name>
<state>HI</state>
<rating>6</rating>
<url>http://www.greatschools.org/city/Kapolei/HI</url>
<lat>21.3333</lat>
<lon>-158.017</lon>
<active>1</active>
</city>
<city>
<id>406610</id>
<name>Kaunakakai</name>
<state>HI</state>
<rating>5</rating>
<url>http://www.greatschools.org/city/Kaunakakai/HI</url>
<lat>21.0903</lat>
<lon>-157.012</lon>
<active>1</active>
</city>
<city>
<id>406582</id>
<name>Keaau</name>
<state>HI</state>
<rating>6</rating>
<url>http://www.greatschools.org/city/Keaau/HI</url>
<lat>19.6152</lat>
<lon>-155.039</lon>
<active>1</active>
</city>
<city>
<id>406593</id>
<name>Kealakekua</name>
<state>HI</state>
<rating>5</rating>
<url>http://www.greatschools.org/city/Kealakekua/HI</url>
<lat>19.5224</lat>
<lon>-155.916</lon>
<active>1</active>
</city>
<city>
<id>406596</id>
<name>Kekaha</name>
<state>HI</state>
<rating/>
<url>http://www.greatschools.org/city/Kekaha/HI</url>
<lat>21.9688</lat>
<lon>-159.714</lon>
<active>1</active>
</city>
<city>
<id>406597</id>
<name>Kihei</name>
<state>HI</state>
<rating>6</rating>
<url>http://www.greatschools.org/city/Kihei/HI</url>
<lat>20.7564</lat>
<lon>-156.452</lon>
<active>1</active>
</city>
<city>
<id>406606</id>
<name>Kilauea</name>
<state>HI</state>
<rating>5</rating>
<url>http://www.greatschools.org/city/Kilauea/HI</url>
<lat>22.2083</lat>
<lon>-159.406</lon>
<active>1</active>
</city>
<city>
<id>406622</id>
<name>Koloa</name>
<state>HI</state>
<rating>8</rating>
<url>http://www.greatschools.org/city/Koloa/HI</url>
<lat>21.9026</lat>
<lon>-159.462</lon>
<active>1</active>
</city>
<city>
<id>406628</id>
<name>Kualapuu</name>
<state>HI</state>
<rating>4</rating>
<url>http://www.greatschools.org/city/Kualapuu/HI</url>
<lat>21.1644</lat>
<lon>-157.054</lon>
<active>1</active>
</city>
<city>
<id>406607</id>
<name>Kula</name>
<state>HI</state>
<rating>8</rating>
<url>http://www.greatschools.org/city/Kula/HI</url>
<lat>20.7513</lat>
<lon>-156.326</lon>
<active>1</active>
</city>
<city>
<id>444917</id>
<name>Kunia Camp</name>
<state>HI</state>
<rating/>
<url>http://www.greatschools.org/city/Kunia_Camp/HI</url>
<lat>21.4505</lat>
<lon>-158.06</lon>
<active>1</active>
</city>
<city>
<id>406616</id>
<name>Lahaina</name>
<state>HI</state>
<rating>4</rating>
<url>http://www.greatschools.org/city/Lahaina/HI</url>
<lat>20.8829</lat>
<lon>-156.675</lon>
<active>1</active>
</city>
<city>
<id>406638</id>
<name>Laie</name>
<state>HI</state>
<rating>9</rating>
<url>http://www.greatschools.org/city/Laie/HI</url>
<lat>21.6475</lat>
<lon>-157.926</lon>
<active>1</active>
</city>
<city>
<id>406627</id>
<name>Lanai City</name>
<state>HI</state>
<rating>3</rating>
<url>http://www.greatschools.org/city/Lanai_City/HI</url>
<lat>20.8258</lat>
<lon>-156.92</lon>
<active>1</active>
</city>
<city>
<id>406634</id>
<name>Laupahoehoe</name>
<state>HI</state>
<rating>4</rating>
<url>http://www.greatschools.org/city/Laupahoehoe/HI</url>
<lat>19.9808</lat>
<lon>-155.238</lon>
<active>1</active>
</city>
<city>
<id>406602</id>
<name>Lihue</name>
<state>HI</state>
<rating>5</rating>
<url>http://www.greatschools.org/city/Lihue/HI</url>
<lat>21.9722</lat>
<lon>-159.365</lon>
<active>1</active>
</city>
<city>
<id>406591</id>
<name>Makawao</name>
<state>HI</state>
<rating>6</rating>
<url>http://www.greatschools.org/city/Makawao/HI</url>
<lat>20.8488</lat>
<lon>-156.318</lon>
<active>1</active>
</city>
<city>
<id>444918</id>
<name>Marine Corps Base Hawaii</name>
<state>HI</state>
<rating/>
<url>http://www.greatschools.org/city/Marine_Corps_Base_Hawaii/HI</url>
<lat>21.4521</lat>
<lon>-157.77</lon>
<active>1</active>
</city>
<city>
<id>446018</id>
<name>Maui County</name>
<state>HI</state>
<rating/>
<url>http://www.greatschools.org/city/Maui_County/HI</url>
<lat>20.8997</lat>
<lon>-156.261</lon>
<active>1</active>
</city>
<city>
<id>406626</id>
<name>Maunaloa</name>
<state>HI</state>
<rating>5</rating>
<url>http://www.greatschools.org/city/Maunaloa/HI</url>
<lat>21.1317</lat>
<lon>-157.211</lon>
<active>1</active>
</city>
<city>
<id>406580</id>
<name>Mililani</name>
<state>HI</state>
<rating>9</rating>
<url>http://www.greatschools.org/city/Mililani/HI</url>
<lat>21.456</lat>
<lon>-158.01</lon>
<active>1</active>
</city>
<city>
<id>406633</id>
<name>Mountain View</name>
<state>HI</state>
<rating>3</rating>
<url>http://www.greatschools.org/city/Mountain_View/HI</url>
<lat>19.5498</lat>
<lon>-155.138</lon>
<active>1</active>
</city>
<city>
<id>406632</id>
<name>Naalehu</name>
<state>HI</state>
<rating>2</rating>
<url>http://www.greatschools.org/city/Naalehu/HI</url>
<lat>19.0639</lat>
<lon>-155.581</lon>
<active>1</active>
</city>
<city>
<id>406631</id>
<name>Paauilo</name>
<state>HI</state>
<rating>5</rating>
<url>http://www.greatschools.org/city/Paauilo/HI</url>
<lat>20.0424</lat>
<lon>-155.366</lon>
<active>1</active>
</city>
<city>
<id>406635</id>
<name>Pahala</name>
<state>HI</state>
<rating>3</rating>
<url>http://www.greatschools.org/city/Pahala/HI</url>
<lat>19.2024</lat>
<lon>-155.477</lon>
<active>1</active>
</city>
<city>
<id>406589</id>
<name>Pahoa</name>
<state>HI</state>
<rating>4</rating>
<url>http://www.greatschools.org/city/Pahoa/HI</url>
<lat>19.4937</lat>
<lon>-154.945</lon>
<active>1</active>
</city>
<city>
<id>406612</id>
<name>Paia</name>
<state>HI</state>
<rating>3</rating>
<url>http://www.greatschools.org/city/Paia/HI</url>
<lat>20.913</lat>
<lon>-156.374</lon>
<active>1</active>
</city>
<city>
<id>406636</id>
<name>Papaikou</name>
<state>HI</state>
<rating>5</rating>
<url>http://www.greatschools.org/city/Papaikou/HI</url>
<lat>19.7883</lat>
<lon>-155.095</lon>
<active>1</active>
</city>
<city>
<id>406604</id>
<name>Pearl City</name>
<state>HI</state>
<rating>7</rating>
<url>http://www.greatschools.org/city/Pearl_City/HI</url>
<lat>21.4048</lat>
<lon>-157.964</lon>
<active>1</active>
</city>
<city>
<id>442236</id>
<name>Pearl Harbor</name>
<state>HI</state>
<rating/>
<url>http://www.greatschools.org/city/Pearl_Harbor/HI</url>
<lat>21.3507</lat>
<lon>-157.947</lon>
<active>1</active>
</city>
<city>
<id>446017</id>
<name>Phoa</name>
<state>HI</state>
<rating/>
<url>http://www.greatschools.org/city/Phoa/HI</url>
<lat>19.4975</lat>
<lon>-154.951</lon>
<active>1</active>
</city>
<city>
<id>444919</id>
<name>Princeville</name>
<state>HI</state>
<rating/>
<url>http://www.greatschools.org/city/Princeville/HI</url>
<lat>22.2208</lat>
<lon>-159.497</lon>
<active>1</active>
</city>
<city>
<id>442235</id>
<name>Pukalani</name>
<state>HI</state>
<rating>7</rating>
<url>http://www.greatschools.org/city/Pukalani/HI</url>
<lat>20.8365</lat>
<lon>-156.344</lon>
<active>1</active>
</city>
<city>
<id>406595</id>
<name>Volcano</name>
<state>HI</state>
<rating>6</rating>
<url>http://www.greatschools.org/city/Volcano/HI</url>
<lat>19.4509</lat>
<lon>-155.23</lon>
<active>1</active>
</city>
<city>
<id>446016</id>
<name>Wahiaw</name>
<state>HI</state>
<rating/>
<url>http://www.greatschools.org/city/Wahiaw/HI</url>
<lat>21.4983</lat>
<lon>-158.023</lon>
<active>1</active>
</city>
<city>
<id>406585</id>
<name>Wahiawa</name>
<state>HI</state>
<rating>6</rating>
<url>http://www.greatschools.org/city/Wahiawa/HI</url>
<lat>21.4995</lat>
<lon>-158.02</lon>
<active>1</active>
</city>
<city>
<id>406617</id>
<name>Waialua</name>
<state>HI</state>
<rating>8</rating>
<url>http://www.greatschools.org/city/Waialua/HI</url>
<lat>21.5727</lat>
<lon>-158.125</lon>
<active>1</active>
</city>
<city>
<id>406588</id>
<name>Waianae</name>
<state>HI</state>
<rating>2</rating>
<url>http://www.greatschools.org/city/Waianae/HI</url>
<lat>21.447</lat>
<lon>-158.179</lon>
<active>1</active>
</city>
<city>
<id>406619</id>
<name>Waikoloa</name>
<state>HI</state>
<rating>5</rating>
<url>http://www.greatschools.org/city/Waikoloa/HI</url>
<lat>19.9411</lat>
<lon>-155.795</lon>
<active>1</active>
</city>
<city>
<id>444920</id>
<name>Waikoloa Village</name>
<state>HI</state>
<rating/>
<url>http://www.greatschools.org/city/Waikoloa_Village/HI</url>
<lat>19.943</lat>
<lon>-155.792</lon>
<active>1</active>
</city>
<city>
<id>444921</id>
<name>Wailea</name>
<state>HI</state>
<rating/>
<url>http://www.greatschools.org/city/Wailea/HI</url>
<lat>20.6759</lat>
<lon>-156.44</lon>
<active>1</active>
</city>
<city>
<id>406614</id>
<name>Wailuku</name>
<state>HI</state>
<rating>6</rating>
<url>http://www.greatschools.org/city/Wailuku/HI</url>
<lat>20.89</lat>
<lon>-156.499</lon>
<active>1</active>
</city>
<city>
<id>406637</id>
<name>Waimanalo</name>
<state>HI</state>
<rating>5</rating>
<url>http://www.greatschools.org/city/Waimanalo/HI</url>
<lat>21.3458</lat>
<lon>-157.719</lon>
<active>1</active>
</city>
<city>
<id>406621</id>
<name>Waimea</name>
<state>HI</state>
<rating>5</rating>
<url>http://www.greatschools.org/city/Waimea/HI</url>
<lat>21.963</lat>
<lon>-159.668</lon>
<active>1</active>
</city>
<city>
<id>406579</id>
<name>Waipahu</name>
<state>HI</state>
<rating>5</rating>
<url>http://www.greatschools.org/city/Waipahu/HI</url>
<lat>21.3876</lat>
<lon>-158.009</lon>
<active>1</active>
</city>
</greatschools-city-feed>
