<?xml version="1.0" encoding="utf-8"?><greatschools-city-feed xmlns:xsi="http://www.w3.org/2001/XMLSchema-instance" xsi:noNamespaceSchemaLocation="http://www.greatschools.org/feeds/greatschools-city2.xsd">
<city>
<id>423241</id>
<name>Afton</name>
<state>WY</state>
<rating>9</rating>
<url>http://www.greatschools.org/city/Afton/WY</url>
<lat>42.7276</lat>
<lon>-110.929</lon>
<active>1</active>
</city>
<city>
<id>423285</id>
<name>Albin</name>
<state>WY</state>
<rating>4</rating>
<url>http://www.greatschools.org/city/Albin/WY</url>
<lat>41.4178</lat>
<lon>-104.101</lon>
<active>1</active>
</city>
<city>
<id>423273</id>
<name>Alcova</name>
<state>WY</state>
<rating/>
<url>http://www.greatschools.org/city/Alcova/WY</url>
<lat>42.5568</lat>
<lon>-106.718</lon>
<active>1</active>
</city>
<city>
<id>441937</id>
<name>Alpine</name>
<state>WY</state>
<rating/>
<url>http://www.greatschools.org/city/Alpine/WY</url>
<lat>43.1613</lat>
<lon>-111.014</lon>
<active>1</active>
</city>
<city>
<id>443518</id>
<name>Alta</name>
<state>WY</state>
<rating/>
<url>http://www.greatschools.org/city/Alta/WY</url>
<lat>43.7646</lat>
<lon>-111.019</lon>
<active>1</active>
</city>
<city>
<id>423222</id>
<name>Arapahoe</name>
<state>WY</state>
<rating>1</rating>
<url>http://www.greatschools.org/city/Arapahoe/WY</url>
<lat>42.9886</lat>
<lon>-108.447</lon>
<active>1</active>
</city>
<city>
<id>445890</id>
<name>Auburn</name>
<state>WY</state>
<rating/>
<url>http://www.greatschools.org/city/Auburn/WY</url>
<lat>42.7921</lat>
<lon>-111.003</lon>
<active>1</active>
</city>
<city>
<id>423322</id>
<name>Baggs</name>
<state>WY</state>
<rating>4</rating>
<url>http://www.greatschools.org/city/Baggs/WY</url>
<lat>41.0345</lat>
<lon>-107.659</lon>
<active>1</active>
</city>
<city>
<id>423324</id>
<name>Bairoil</name>
<state>WY</state>
<rating/>
<url>http://www.greatschools.org/city/Bairoil/WY</url>
<lat>42.2375</lat>
<lon>-107.561</lon>
<active>1</active>
</city>
<city>
<id>423321</id>
<name>Basin</name>
<state>WY</state>
<rating>7</rating>
<url>http://www.greatschools.org/city/Basin/WY</url>
<lat>44.3785</lat>
<lon>-108.043</lon>
<active>1</active>
</city>
<city>
<id>423257</id>
<name>Big Horn</name>
<state>WY</state>
<rating>8</rating>
<url>http://www.greatschools.org/city/Big_Horn/WY</url>
<lat>44.6727</lat>
<lon>-106.98</lon>
<active>1</active>
</city>
<city>
<id>423319</id>
<name>Big Piney</name>
<state>WY</state>
<rating>4</rating>
<url>http://www.greatschools.org/city/Big_Piney/WY</url>
<lat>42.5377</lat>
<lon>-110.112</lon>
<active>1</active>
</city>
<city>
<id>423267</id>
<name>Bondurant</name>
<state>WY</state>
<rating/>
<url>http://www.greatschools.org/city/Bondurant/WY</url>
<lat>43.1914</lat>
<lon>-110.396</lon>
<active>1</active>
</city>
<city>
<id>441935</id>
<name>Boulder</name>
<state>WY</state>
<rating/>
<url>http://www.greatschools.org/city/Boulder/WY</url>
<lat>42.7483</lat>
<lon>-109.715</lon>
<active>1</active>
</city>
<city>
<id>423289</id>
<name>Buffalo</name>
<state>WY</state>
<rating>5</rating>
<url>http://www.greatschools.org/city/Buffalo/WY</url>
<lat>44.3463</lat>
<lon>-106.704</lon>
<active>1</active>
</city>
<city>
<id>423315</id>
<name>Burlington</name>
<state>WY</state>
<rating>9</rating>
<url>http://www.greatschools.org/city/Burlington/WY</url>
<lat>44.446</lat>
<lon>-108.431</lon>
<active>1</active>
</city>
<city>
<id>423282</id>
<name>Burns</name>
<state>WY</state>
<rating>6</rating>
<url>http://www.greatschools.org/city/Burns/WY</url>
<lat>41.1911</lat>
<lon>-104.357</lon>
<active>1</active>
</city>
<city>
<id>423317</id>
<name>Byron</name>
<state>WY</state>
<rating/>
<url>http://www.greatschools.org/city/Byron/WY</url>
<lat>44.7965</lat>
<lon>-108.507</lon>
<active>1</active>
</city>
<city>
<id>423284</id>
<name>Carpenter</name>
<state>WY</state>
<rating>6</rating>
<url>http://www.greatschools.org/city/Carpenter/WY</url>
<lat>41.0809</lat>
<lon>-104.385</lon>
<active>1</active>
</city>
<city>
<id>423220</id>
<name>Casper</name>
<state>WY</state>
<rating>5</rating>
<url>http://www.greatschools.org/city/Casper/WY</url>
<lat>42.8325</lat>
<lon>-106.327</lon>
<active>1</active>
</city>
<city>
<id>423326</id>
<name>Centennial</name>
<state>WY</state>
<rating/>
<url>http://www.greatschools.org/city/Centennial/WY</url>
<lat>41.3032</lat>
<lon>-106.132</lon>
<active>1</active>
</city>
<city>
<id>423221</id>
<name>Cheyenne</name>
<state>WY</state>
<rating>5</rating>
<url>http://www.greatschools.org/city/Cheyenne/WY</url>
<lat>41.1491</lat>
<lon>-104.797</lon>
<active>1</active>
</city>
<city>
<id>423264</id>
<name>Chugwater</name>
<state>WY</state>
<rating/>
<url>http://www.greatschools.org/city/Chugwater/WY</url>
<lat>41.759</lat>
<lon>-104.823</lon>
<active>1</active>
</city>
<city>
<id>423259</id>
<name>Clearmont</name>
<state>WY</state>
<rating/>
<url>http://www.greatschools.org/city/Clearmont/WY</url>
<lat>44.6397</lat>
<lon>-106.381</lon>
<active>1</active>
</city>
<city>
<id>423235</id>
<name>Cody</name>
<state>WY</state>
<rating>8</rating>
<url>http://www.greatschools.org/city/Cody/WY</url>
<lat>44.5234</lat>
<lon>-109.056</lon>
<active>1</active>
</city>
<city>
<id>423286</id>
<name>Cokeville</name>
<state>WY</state>
<rating>8</rating>
<url>http://www.greatschools.org/city/Cokeville/WY</url>
<lat>42.084</lat>
<lon>-110.957</lon>
<active>1</active>
</city>
<city>
<id>423224</id>
<name>Cowley</name>
<state>WY</state>
<rating>6</rating>
<url>http://www.greatschools.org/city/Cowley/WY</url>
<lat>44.8831</lat>
<lon>-108.468</lon>
<active>1</active>
</city>
<city>
<id>423297</id>
<name>Crowheart</name>
<state>WY</state>
<rating/>
<url>http://www.greatschools.org/city/Crowheart/WY</url>
<lat>43.3409</lat>
<lon>-109.227</lon>
<active>1</active>
</city>
<city>
<id>423258</id>
<name>Dayton</name>
<state>WY</state>
<rating>7</rating>
<url>http://www.greatschools.org/city/Dayton/WY</url>
<lat>44.874</lat>
<lon>-107.263</lon>
<active>1</active>
</city>
<city>
<id>423301</id>
<name>Douglas</name>
<state>WY</state>
<rating/>
<url>http://www.greatschools.org/city/Douglas/WY</url>
<lat>42.7564</lat>
<lon>-105.384</lon>
<active>1</active>
</city>
<city>
<id>423223</id>
<name>Dubois</name>
<state>WY</state>
<rating>6</rating>
<url>http://www.greatschools.org/city/Dubois/WY</url>
<lat>43.537</lat>
<lon>-109.636</lon>
<active>1</active>
</city>
<city>
<id>423309</id>
<name>Elk Mountain</name>
<state>WY</state>
<rating/>
<url>http://www.greatschools.org/city/Elk_Mountain/WY</url>
<lat>41.6869</lat>
<lon>-106.414</lon>
<active>1</active>
</city>
<city>
<id>423305</id>
<name>Encampment</name>
<state>WY</state>
<rating>7</rating>
<url>http://www.greatschools.org/city/Encampment/WY</url>
<lat>41.2025</lat>
<lon>-106.773</lon>
<active>1</active>
</city>
<city>
<id>423277</id>
<name>Ethete</name>
<state>WY</state>
<rating>1</rating>
<url>http://www.greatschools.org/city/Ethete/WY</url>
<lat>43.0138</lat>
<lon>-108.751</lon>
<active>1</active>
</city>
<city>
<id>423287</id>
<name>Etna</name>
<state>WY</state>
<rating>7</rating>
<url>http://www.greatschools.org/city/Etna/WY</url>
<lat>43.0321</lat>
<lon>-111.013</lon>
<active>1</active>
</city>
<city>
<id>423219</id>
<name>Evanston</name>
<state>WY</state>
<rating>5</rating>
<url>http://www.greatschools.org/city/Evanston/WY</url>
<lat>41.2597</lat>
<lon>-110.963</lon>
<active>1</active>
</city>
<city>
<id>423272</id>
<name>Evansville</name>
<state>WY</state>
<rating>5</rating>
<url>http://www.greatschools.org/city/Evansville/WY</url>
<lat>42.86</lat>
<lon>-106.267</lon>
<active>1</active>
</city>
<city>
<id>423261</id>
<name>Farson</name>
<state>WY</state>
<rating>6</rating>
<url>http://www.greatschools.org/city/Farson/WY</url>
<lat>42.1446</lat>
<lon>-109.431</lon>
<active>1</active>
</city>
<city>
<id>423275</id>
<name>Fort Bridger</name>
<state>WY</state>
<rating/>
<url>http://www.greatschools.org/city/Fort_Bridger/WY</url>
<lat>41.3206</lat>
<lon>-110.386</lon>
<active>1</active>
</city>
<city>
<id>423229</id>
<name>Fort Washakie</name>
<state>WY</state>
<rating>2</rating>
<url>http://www.greatschools.org/city/Fort_Washakie/WY</url>
<lat>43.0016</lat>
<lon>-108.889</lon>
<active>1</active>
</city>
<city>
<id>423225</id>
<name>Gillette</name>
<state>WY</state>
<rating>5</rating>
<url>http://www.greatschools.org/city/Gillette/WY</url>
<lat>44.2848</lat>
<lon>-105.51</lon>
<active>1</active>
</city>
<city>
<id>423263</id>
<name>Glendo</name>
<state>WY</state>
<rating/>
<url>http://www.greatschools.org/city/Glendo/WY</url>
<lat>42.5041</lat>
<lon>-105.023</lon>
<active>1</active>
</city>
<city>
<id>423300</id>
<name>Glenrock</name>
<state>WY</state>
<rating>5</rating>
<url>http://www.greatschools.org/city/Glenrock/WY</url>
<lat>42.8583</lat>
<lon>-105.859</lon>
<active>1</active>
</city>
<city>
<id>423252</id>
<name>Granger</name>
<state>WY</state>
<rating/>
<url>http://www.greatschools.org/city/Granger/WY</url>
<lat>41.5926</lat>
<lon>-109.969</lon>
<active>1</active>
</city>
<city>
<id>423303</id>
<name>Granite Canyon</name>
<state>WY</state>
<rating/>
<url>http://www.greatschools.org/city/Granite_Canyon/WY</url>
<lat>41.0946</lat>
<lon>-105.173</lon>
<active>1</active>
</city>
<city>
<id>423230</id>
<name>Green River</name>
<state>WY</state>
<rating>4</rating>
<url>http://www.greatschools.org/city/Green_River/WY</url>
<lat>41.5087</lat>
<lon>-109.464</lon>
<active>1</active>
</city>
<city>
<id>423291</id>
<name>Greybull</name>
<state>WY</state>
<rating>7</rating>
<url>http://www.greatschools.org/city/Greybull/WY</url>
<lat>44.4913</lat>
<lon>-108.053</lon>
<active>1</active>
</city>
<city>
<id>445891</id>
<name>Grover</name>
<state>WY</state>
<rating/>
<url>http://www.greatschools.org/city/Grover/WY</url>
<lat>42.7916</lat>
<lon>-110.937</lon>
<active>1</active>
</city>
<city>
<id>423290</id>
<name>Guernsey</name>
<state>WY</state>
<rating>4</rating>
<url>http://www.greatschools.org/city/Guernsey/WY</url>
<lat>42.268</lat>
<lon>-104.746</lon>
<active>1</active>
</city>
<city>
<id>423306</id>
<name>Hanna</name>
<state>WY</state>
<rating>7</rating>
<url>http://www.greatschools.org/city/Hanna/WY</url>
<lat>41.8713</lat>
<lon>-106.556</lon>
<active>1</active>
</city>
<city>
<id>423304</id>
<name>Horse Creek</name>
<state>WY</state>
<rating/>
<url>http://www.greatschools.org/city/Horse_Creek/WY</url>
<lat>41.313</lat>
<lon>-105.581</lon>
<active>1</active>
</city>
<city>
<id>423299</id>
<name>Hulett</name>
<state>WY</state>
<rating/>
<url>http://www.greatschools.org/city/Hulett/WY</url>
<lat>44.6853</lat>
<lon>-104.599</lon>
<active>1</active>
</city>
<city>
<id>423226</id>
<name>Jackson</name>
<state>WY</state>
<rating>7</rating>
<url>http://www.greatschools.org/city/Jackson/WY</url>
<lat>43.4726</lat>
<lon>-110.772</lon>
<active>1</active>
</city>
<city>
<id>423243</id>
<name>Kaycee</name>
<state>WY</state>
<rating/>
<url>http://www.greatschools.org/city/Kaycee/WY</url>
<lat>43.7114</lat>
<lon>-106.637</lon>
<active>1</active>
</city>
<city>
<id>423248</id>
<name>Kelly</name>
<state>WY</state>
<rating/>
<url>http://www.greatschools.org/city/Kelly/WY</url>
<lat>43.6477</lat>
<lon>-110.572</lon>
<active>1</active>
</city>
<city>
<id>423250</id>
<name>Kemmerer</name>
<state>WY</state>
<rating>7</rating>
<url>http://www.greatschools.org/city/Kemmerer/WY</url>
<lat>41.7911</lat>
<lon>-110.545</lon>
<active>1</active>
</city>
<city>
<id>423293</id>
<name>La Grange</name>
<state>WY</state>
<rating/>
<url>http://www.greatschools.org/city/La_Grange/WY</url>
<lat>41.6381</lat>
<lon>-104.164</lon>
<active>1</active>
</city>
<city>
<id>446428</id>
<name>Labarge</name>
<state>WY</state>
<rating/>
<url>http://www.greatschools.org/city/Labarge/WY</url>
<lat>42.5399</lat>
<lon>-110.11</lon>
<active>1</active>
</city>
<city>
<id>423281</id>
<name>Lance Creek</name>
<state>WY</state>
<rating>2</rating>
<url>http://www.greatschools.org/city/Lance_Creek/WY</url>
<lat>43.0349</lat>
<lon>-104.668</lon>
<active>1</active>
</city>
<city>
<id>423239</id>
<name>Lander</name>
<state>WY</state>
<rating/>
<url>http://www.greatschools.org/city/Lander/WY</url>
<lat>42.8332</lat>
<lon>-108.735</lon>
<active>1</active>
</city>
<city>
<id>423227</id>
<name>Laramie</name>
<state>WY</state>
<rating>7</rating>
<url>http://www.greatschools.org/city/Laramie/WY</url>
<lat>41.3139</lat>
<lon>-105.583</lon>
<active>1</active>
</city>
<city>
<id>423294</id>
<name>Lingle</name>
<state>WY</state>
<rating>7</rating>
<url>http://www.greatschools.org/city/Lingle/WY</url>
<lat>42.1375</lat>
<lon>-104.346</lon>
<active>1</active>
</city>
<city>
<id>423314</id>
<name>Lovell</name>
<state>WY</state>
<rating>8</rating>
<url>http://www.greatschools.org/city/Lovell/WY</url>
<lat>44.8353</lat>
<lon>-108.393</lon>
<active>1</active>
</city>
<city>
<id>423280</id>
<name>Lusk</name>
<state>WY</state>
<rating>4</rating>
<url>http://www.greatschools.org/city/Lusk/WY</url>
<lat>42.7604</lat>
<lon>-104.453</lon>
<active>1</active>
</city>
<city>
<id>423279</id>
<name>Lyman</name>
<state>WY</state>
<rating>5</rating>
<url>http://www.greatschools.org/city/Lyman/WY</url>
<lat>41.3272</lat>
<lon>-110.3</lon>
<active>1</active>
</city>
<city>
<id>423320</id>
<name>Manderson</name>
<state>WY</state>
<rating>4</rating>
<url>http://www.greatschools.org/city/Manderson/WY</url>
<lat>44.2696</lat>
<lon>-107.962</lon>
<active>1</active>
</city>
<city>
<id>423251</id>
<name>McKinnon</name>
<state>WY</state>
<rating/>
<url>http://www.greatschools.org/city/McKinnon/WY</url>
<lat>41.0262</lat>
<lon>-109.931</lon>
<active>1</active>
</city>
<city>
<id>423308</id>
<name>Medicine Bow</name>
<state>WY</state>
<rating/>
<url>http://www.greatschools.org/city/Medicine_Bow/WY</url>
<lat>41.9008</lat>
<lon>-106.203</lon>
<active>1</active>
</city>
<city>
<id>423278</id>
<name>Meeteetse</name>
<state>WY</state>
<rating>7</rating>
<url>http://www.greatschools.org/city/Meeteetse/WY</url>
<lat>44.1548</lat>
<lon>-108.872</lon>
<active>1</active>
</city>
<city>
<id>423274</id>
<name>Midwest</name>
<state>WY</state>
<rating>4</rating>
<url>http://www.greatschools.org/city/Midwest/WY</url>
<lat>43.4097</lat>
<lon>-106.278</lon>
<active>1</active>
</city>
<city>
<id>423271</id>
<name>Mills</name>
<state>WY</state>
<rating>5</rating>
<url>http://www.greatschools.org/city/Mills/WY</url>
<lat>42.8462</lat>
<lon>-106.383</lon>
<active>1</active>
</city>
<city>
<id>423246</id>
<name>Moorcroft</name>
<state>WY</state>
<rating>8</rating>
<url>http://www.greatschools.org/city/Moorcroft/WY</url>
<lat>44.2654</lat>
<lon>-104.952</lon>
<active>1</active>
</city>
<city>
<id>445894</id>
<name>Moose</name>
<state>WY</state>
<rating/>
<url>http://www.greatschools.org/city/Moose/WY</url>
<lat>43.6558</lat>
<lon>-110.718</lon>
<active>1</active>
</city>
<city>
<id>423276</id>
<name>Mountain View</name>
<state>WY</state>
<rating>6</rating>
<url>http://www.greatschools.org/city/Mountain_View/WY</url>
<lat>41.2723</lat>
<lon>-110.334</lon>
<active>1</active>
</city>
<city>
<id>423269</id>
<name>Newcastle</name>
<state>WY</state>
<rating>6</rating>
<url>http://www.greatschools.org/city/Newcastle/WY</url>
<lat>43.8515</lat>
<lon>-104.209</lon>
<active>1</active>
</city>
<city>
<id>423268</id>
<name>Osage</name>
<state>WY</state>
<rating/>
<url>http://www.greatschools.org/city/Osage/WY</url>
<lat>43.9835</lat>
<lon>-104.425</lon>
<active>1</active>
</city>
<city>
<id>423296</id>
<name>Pavillion</name>
<state>WY</state>
<rating>7</rating>
<url>http://www.greatschools.org/city/Pavillion/WY</url>
<lat>43.2433</lat>
<lon>-108.691</lon>
<active>1</active>
</city>
<city>
<id>423283</id>
<name>Pine Bluffs</name>
<state>WY</state>
<rating>7</rating>
<url>http://www.greatschools.org/city/Pine_Bluffs/WY</url>
<lat>41.1792</lat>
<lon>-104.066</lon>
<active>1</active>
</city>
<city>
<id>445895</id>
<name>Pine Haven</name>
<state>WY</state>
<rating/>
<url>http://www.greatschools.org/city/Pine_Haven/WY</url>
<lat>44.3578</lat>
<lon>-104.811</lon>
<active>1</active>
</city>
<city>
<id>423266</id>
<name>Pinedale</name>
<state>WY</state>
<rating>7</rating>
<url>http://www.greatschools.org/city/Pinedale/WY</url>
<lat>42.8658</lat>
<lon>-109.865</lon>
<active>1</active>
</city>
<city>
<id>445898</id>
<name>Plano</name>
<state>WY</state>
<rating/>
<url>http://www.greatschools.org/city/Plano/WY</url>
<lat>33.0543</lat>
<lon>-96.7044</lon>
<active>1</active>
</city>
<city>
<id>423270</id>
<name>Powder River</name>
<state>WY</state>
<rating/>
<url>http://www.greatschools.org/city/Powder_River/WY</url>
<lat>43.0374</lat>
<lon>-106.988</lon>
<active>1</active>
</city>
<city>
<id>423240</id>
<name>Powell</name>
<state>WY</state>
<rating>8</rating>
<url>http://www.greatschools.org/city/Powell/WY</url>
<lat>44.7567</lat>
<lon>-108.759</lon>
<active>1</active>
</city>
<city>
<id>441933</id>
<name>Ralston</name>
<state>WY</state>
<rating/>
<url>http://www.greatschools.org/city/Ralston/WY</url>
<lat>44.7124</lat>
<lon>-108.874</lon>
<active>1</active>
</city>
<city>
<id>423256</id>
<name>Ranchester</name>
<state>WY</state>
<rating>7</rating>
<url>http://www.greatschools.org/city/Ranchester/WY</url>
<lat>44.9072</lat>
<lon>-107.168</lon>
<active>1</active>
</city>
<city>
<id>423244</id>
<name>Rawlins</name>
<state>WY</state>
<rating>2</rating>
<url>http://www.greatschools.org/city/Rawlins/WY</url>
<lat>41.7924</lat>
<lon>-107.236</lon>
<active>1</active>
</city>
<city>
<id>423312</id>
<name>Recluse</name>
<state>WY</state>
<rating/>
<url>http://www.greatschools.org/city/Recluse/WY</url>
<lat>44.7978</lat>
<lon>-105.757</lon>
<active>1</active>
</city>
<city>
<id>423232</id>
<name>Riverton</name>
<state>WY</state>
<rating/>
<url>http://www.greatschools.org/city/Riverton/WY</url>
<lat>43.0292</lat>
<lon>-108.391</lon>
<active>1</active>
</city>
<city>
<id>423325</id>
<name>Rock River</name>
<state>WY</state>
<rating/>
<url>http://www.greatschools.org/city/Rock_River/WY</url>
<lat>41.7419</lat>
<lon>-105.976</lon>
<active>1</active>
</city>
<city>
<id>423236</id>
<name>Rock Springs</name>
<state>WY</state>
<rating>4</rating>
<url>http://www.greatschools.org/city/Rock_Springs/WY</url>
<lat>41.5901</lat>
<lon>-109.228</lon>
<active>1</active>
</city>
<city>
<id>423311</id>
<name>Rozet</name>
<state>WY</state>
<rating>7</rating>
<url>http://www.greatschools.org/city/Rozet/WY</url>
<lat>44.2608</lat>
<lon>-105.269</lon>
<active>1</active>
</city>
<city>
<id>445896</id>
<name>Sand Draw</name>
<state>WY</state>
<rating/>
<url>http://www.greatschools.org/city/Sand_Draw/WY</url>
<lat>42.7605</lat>
<lon>-108.181</lon>
<active>1</active>
</city>
<city>
<id>423307</id>
<name>Saratoga</name>
<state>WY</state>
<rating>6</rating>
<url>http://www.greatschools.org/city/Saratoga/WY</url>
<lat>41.4528</lat>
<lon>-106.812</lon>
<active>1</active>
</city>
<city>
<id>441934</id>
<name>Shell</name>
<state>WY</state>
<rating/>
<url>http://www.greatschools.org/city/Shell/WY</url>
<lat>44.5438</lat>
<lon>-107.802</lon>
<active>1</active>
</city>
<city>
<id>423234</id>
<name>Sheridan</name>
<state>WY</state>
<rating>9</rating>
<url>http://www.greatschools.org/city/Sheridan/WY</url>
<lat>44.7967</lat>
<lon>-106.961</lon>
<active>1</active>
</city>
<city>
<id>423253</id>
<name>Shoshoni</name>
<state>WY</state>
<rating>8</rating>
<url>http://www.greatschools.org/city/Shoshoni/WY</url>
<lat>43.2379</lat>
<lon>-108.111</lon>
<active>1</active>
</city>
<city>
<id>423323</id>
<name>Sinclair</name>
<state>WY</state>
<rating/>
<url>http://www.greatschools.org/city/Sinclair/WY</url>
<lat>41.7804</lat>
<lon>-107.119</lon>
<active>1</active>
</city>
<city>
<id>444192</id>
<name>St. Stephens</name>
<state>WY</state>
<rating/>
<url>http://www.greatschools.org/city/St._Stephens/WY</url>
<lat>43.0447</lat>
<lon>-108.432</lon>
<active>1</active>
</city>
<city>
<id>423254</id>
<name>Story</name>
<state>WY</state>
<rating/>
<url>http://www.greatschools.org/city/Story/WY</url>
<lat>44.5732</lat>
<lon>-106.902</lon>
<active>1</active>
</city>
<city>
<id>423298</id>
<name>Sundance</name>
<state>WY</state>
<rating>6</rating>
<url>http://www.greatschools.org/city/Sundance/WY</url>
<lat>44.4047</lat>
<lon>-104.376</lon>
<active>1</active>
</city>
<city>
<id>423249</id>
<name>Ten Sleep</name>
<state>WY</state>
<rating>7</rating>
<url>http://www.greatschools.org/city/Ten_Sleep/WY</url>
<lat>44.0349</lat>
<lon>-107.448</lon>
<active>1</active>
</city>
<city>
<id>441936</id>
<name>Teton Village</name>
<state>WY</state>
<rating/>
<url>http://www.greatschools.org/city/Teton_Village/WY</url>
<lat>43.5935</lat>
<lon>-110.843</lon>
<active>1</active>
</city>
<city>
<id>423288</id>
<name>Thayne</name>
<state>WY</state>
<rating>9</rating>
<url>http://www.greatschools.org/city/Thayne/WY</url>
<lat>42.9201</lat>
<lon>-111.001</lon>
<active>1</active>
</city>
<city>
<id>423231</id>
<name>Thermopolis</name>
<state>WY</state>
<rating>5</rating>
<url>http://www.greatschools.org/city/Thermopolis/WY</url>
<lat>43.6437</lat>
<lon>-108.218</lon>
<active>1</active>
</city>
<city>
<id>423245</id>
<name>Torrington</name>
<state>WY</state>
<rating>5</rating>
<url>http://www.greatschools.org/city/Torrington/WY</url>
<lat>42.0681</lat>
<lon>-104.182</lon>
<active>1</active>
</city>
<city>
<id>423247</id>
<name>Upton</name>
<state>WY</state>
<rating>5</rating>
<url>http://www.greatschools.org/city/Upton/WY</url>
<lat>44.1029</lat>
<lon>-104.622</lon>
<active>1</active>
</city>
<city>
<id>445897</id>
<name>Uva</name>
<state>WY</state>
<rating/>
<url>http://www.greatschools.org/city/Uva/WY</url>
<lat>42.1319</lat>
<lon>-104.92</lon>
<active>1</active>
</city>
<city>
<id>423262</id>
<name>Wamsutter</name>
<state>WY</state>
<rating/>
<url>http://www.greatschools.org/city/Wamsutter/WY</url>
<lat>41.6682</lat>
<lon>-107.979</lon>
<active>1</active>
</city>
<city>
<id>423313</id>
<name>Weston</name>
<state>WY</state>
<rating/>
<url>http://www.greatschools.org/city/Weston/WY</url>
<lat>44.8278</lat>
<lon>-105.337</lon>
<active>1</active>
</city>
<city>
<id>423265</id>
<name>Wheatland</name>
<state>WY</state>
<rating>5</rating>
<url>http://www.greatschools.org/city/Wheatland/WY</url>
<lat>42.0548</lat>
<lon>-104.96</lon>
<active>1</active>
</city>
<city>
<id>423238</id>
<name>Wilson</name>
<state>WY</state>
<rating/>
<url>http://www.greatschools.org/city/Wilson/WY</url>
<lat>43.4881</lat>
<lon>-110.88</lon>
<active>1</active>
</city>
<city>
<id>423233</id>
<name>Worland</name>
<state>WY</state>
<rating>7</rating>
<url>http://www.greatschools.org/city/Worland/WY</url>
<lat>44.0146</lat>
<lon>-107.951</lon>
<active>1</active>
</city>
<city>
<id>423310</id>
<name>Wright</name>
<state>WY</state>
<rating>5</rating>
<url>http://www.greatschools.org/city/Wright/WY</url>
<lat>43.7526</lat>
<lon>-105.49</lon>
<active>1</active>
</city>
<city>
<id>441932</id>
<name>Yellowstone National Park</name>
<state>WY</state>
<rating/>
<url>http://www.greatschools.org/city/Yellowstone_National_Park/WY</url>
<lat>44.6884</lat>
<lon>-110.513</lon>
<active>1</active>
</city>
<city>
<id>423292</id>
<name>Yoder</name>
<state>WY</state>
<rating>7</rating>
<url>http://www.greatschools.org/city/Yoder/WY</url>
<lat>41.9171</lat>
<lon>-104.295</lon>
<active>1</active>
</city>
</greatschools-city-feed>
