<?xml version="1.0" encoding="utf-8"?><greatschools-city-feed xmlns:xsi="http://www.w3.org/2001/XMLSchema-instance" xsi:noNamespaceSchemaLocation="http://www.greatschools.org/feeds/greatschools-city2.xsd">
<city>
<id>408823</id>
<name>Abilene</name>
<state>KS</state>
<rating>5</rating>
<url>http://www.greatschools.org/city/Abilene/KS</url>
<lat>38.922</lat>
<lon>-97.2163</lon>
<active>1</active>
</city>
<city>
<id>409158</id>
<name>Admire</name>
<state>KS</state>
<rating/>
<url>http://www.greatschools.org/city/Admire/KS</url>
<lat>38.6395</lat>
<lon>-96.1029</lon>
<active>1</active>
</city>
<city>
<id>408991</id>
<name>Agra</name>
<state>KS</state>
<rating>6</rating>
<url>http://www.greatschools.org/city/Agra/KS</url>
<lat>39.7609</lat>
<lon>-99.1194</lon>
<active>1</active>
</city>
<city>
<id>409156</id>
<name>Allen</name>
<state>KS</state>
<rating>9</rating>
<url>http://www.greatschools.org/city/Allen/KS</url>
<lat>38.6559</lat>
<lon>-96.1697</lon>
<active>1</active>
</city>
<city>
<id>408840</id>
<name>Alma</name>
<state>KS</state>
<rating>5</rating>
<url>http://www.greatschools.org/city/Alma/KS</url>
<lat>39.0161</lat>
<lon>-96.2892</lon>
<active>1</active>
</city>
<city>
<id>409152</id>
<name>Almena</name>
<state>KS</state>
<rating>7</rating>
<url>http://www.greatschools.org/city/Almena/KS</url>
<lat>39.8922</lat>
<lon>-99.7102</lon>
<active>1</active>
</city>
<city>
<id>409086</id>
<name>Alta Vista</name>
<state>KS</state>
<rating>8</rating>
<url>http://www.greatschools.org/city/Alta_Vista/KS</url>
<lat>38.8637</lat>
<lon>-96.4889</lon>
<active>1</active>
</city>
<city>
<id>409150</id>
<name>Altamont</name>
<state>KS</state>
<rating>6</rating>
<url>http://www.greatschools.org/city/Altamont/KS</url>
<lat>37.1917</lat>
<lon>-95.2945</lon>
<active>1</active>
</city>
<city>
<id>409124</id>
<name>Altoona</name>
<state>KS</state>
<rating>2</rating>
<url>http://www.greatschools.org/city/Altoona/KS</url>
<lat>37.5251</lat>
<lon>-95.6622</lon>
<active>1</active>
</city>
<city>
<id>409157</id>
<name>Americus</name>
<state>KS</state>
<rating>6</rating>
<url>http://www.greatschools.org/city/Americus/KS</url>
<lat>38.5061</lat>
<lon>-96.2605</lon>
<active>1</active>
</city>
<city>
<id>408913</id>
<name>Andale</name>
<state>KS</state>
<rating>6</rating>
<url>http://www.greatschools.org/city/Andale/KS</url>
<lat>37.7915</lat>
<lon>-97.6287</lon>
<active>1</active>
</city>
<city>
<id>408815</id>
<name>Andover</name>
<state>KS</state>
<rating>8</rating>
<url>http://www.greatschools.org/city/Andover/KS</url>
<lat>37.6948</lat>
<lon>-97.1399</lon>
<active>1</active>
</city>
<city>
<id>409146</id>
<name>Anthony</name>
<state>KS</state>
<rating>5</rating>
<url>http://www.greatschools.org/city/Anthony/KS</url>
<lat>37.1541</lat>
<lon>-98.0283</lon>
<active>1</active>
</city>
<city>
<id>409144</id>
<name>Argonia</name>
<state>KS</state>
<rating>6</rating>
<url>http://www.greatschools.org/city/Argonia/KS</url>
<lat>37.2652</lat>
<lon>-97.7653</lon>
<active>1</active>
</city>
<city>
<id>408822</id>
<name>Arkansas City</name>
<state>KS</state>
<rating>6</rating>
<url>http://www.greatschools.org/city/Arkansas_City/KS</url>
<lat>37.0688</lat>
<lon>-97.0408</lon>
<active>1</active>
</city>
<city>
<id>408984</id>
<name>Arlington</name>
<state>KS</state>
<rating/>
<url>http://www.greatschools.org/city/Arlington/KS</url>
<lat>37.8949</lat>
<lon>-98.1805</lon>
<active>1</active>
</city>
<city>
<id>409143</id>
<name>Arma</name>
<state>KS</state>
<rating>4</rating>
<url>http://www.greatschools.org/city/Arma/KS</url>
<lat>37.5432</lat>
<lon>-94.7012</lon>
<active>1</active>
</city>
<city>
<id>409142</id>
<name>Ashland</name>
<state>KS</state>
<rating>7</rating>
<url>http://www.greatschools.org/city/Ashland/KS</url>
<lat>37.1883</lat>
<lon>-99.7693</lon>
<active>1</active>
</city>
<city>
<id>445011</id>
<name>Assaria</name>
<state>KS</state>
<rating/>
<url>http://www.greatschools.org/city/Assaria/KS</url>
<lat>38.6831</lat>
<lon>-97.6041</lon>
<active>1</active>
</city>
<city>
<id>408812</id>
<name>Atchison</name>
<state>KS</state>
<rating>4</rating>
<url>http://www.greatschools.org/city/Atchison/KS</url>
<lat>39.5658</lat>
<lon>-95.126</lon>
<active>1</active>
</city>
<city>
<id>409141</id>
<name>Attica</name>
<state>KS</state>
<rating>7</rating>
<url>http://www.greatschools.org/city/Attica/KS</url>
<lat>37.2428</lat>
<lon>-98.2279</lon>
<active>1</active>
</city>
<city>
<id>408792</id>
<name>Atwood</name>
<state>KS</state>
<rating>5</rating>
<url>http://www.greatschools.org/city/Atwood/KS</url>
<lat>39.8062</lat>
<lon>-101.041</lon>
<active>1</active>
</city>
<city>
<id>409160</id>
<name>Auburn</name>
<state>KS</state>
<rating>7</rating>
<url>http://www.greatschools.org/city/Auburn/KS</url>
<lat>38.9061</lat>
<lon>-95.8173</lon>
<active>1</active>
</city>
<city>
<id>408832</id>
<name>Augusta</name>
<state>KS</state>
<rating>7</rating>
<url>http://www.greatschools.org/city/Augusta/KS</url>
<lat>37.6935</lat>
<lon>-96.9747</lon>
<active>1</active>
</city>
<city>
<id>408854</id>
<name>Axtell</name>
<state>KS</state>
<rating/>
<url>http://www.greatschools.org/city/Axtell/KS</url>
<lat>39.8712</lat>
<lon>-96.2577</lon>
<active>1</active>
</city>
<city>
<id>409138</id>
<name>Baileyville</name>
<state>KS</state>
<rating/>
<url>http://www.greatschools.org/city/Baileyville/KS</url>
<lat>39.8752</lat>
<lon>-96.1807</lon>
<active>1</active>
</city>
<city>
<id>408791</id>
<name>Baldwin City</name>
<state>KS</state>
<rating/>
<url>http://www.greatschools.org/city/Baldwin_City/KS</url>
<lat>38.7777</lat>
<lon>-95.1873</lon>
<active>1</active>
</city>
<city>
<id>409149</id>
<name>Bartlett</name>
<state>KS</state>
<rating>8</rating>
<url>http://www.greatschools.org/city/Bartlett/KS</url>
<lat>37.0541</lat>
<lon>-95.2109</lon>
<active>1</active>
</city>
<city>
<id>409137</id>
<name>Basehor</name>
<state>KS</state>
<rating>7</rating>
<url>http://www.greatschools.org/city/Basehor/KS</url>
<lat>39.1372</lat>
<lon>-94.9375</lon>
<active>1</active>
</city>
<city>
<id>409135</id>
<name>Baxter Springs</name>
<state>KS</state>
<rating>4</rating>
<url>http://www.greatschools.org/city/Baxter_Springs/KS</url>
<lat>37.0206</lat>
<lon>-94.7345</lon>
<active>1</active>
</city>
<city>
<id>409134</id>
<name>Bazine</name>
<state>KS</state>
<rating>3</rating>
<url>http://www.greatschools.org/city/Bazine/KS</url>
<lat>38.4451</lat>
<lon>-99.6923</lon>
<active>1</active>
</city>
<city>
<id>443951</id>
<name>Bel Aire</name>
<state>KS</state>
<rating/>
<url>http://www.greatschools.org/city/Bel_Aire/KS</url>
<lat>37.7628</lat>
<lon>-97.269</lon>
<active>1</active>
</city>
<city>
<id>409133</id>
<name>Belle Plaine</name>
<state>KS</state>
<rating>7</rating>
<url>http://www.greatschools.org/city/Belle_Plaine/KS</url>
<lat>37.3951</lat>
<lon>-97.2796</lon>
<active>1</active>
</city>
<city>
<id>409132</id>
<name>Belleville</name>
<state>KS</state>
<rating/>
<url>http://www.greatschools.org/city/Belleville/KS</url>
<lat>39.8217</lat>
<lon>-97.6307</lon>
<active>1</active>
</city>
<city>
<id>408793</id>
<name>Beloit</name>
<state>KS</state>
<rating>6</rating>
<url>http://www.greatschools.org/city/Beloit/KS</url>
<lat>39.4636</lat>
<lon>-98.1102</lon>
<active>1</active>
</city>
<city>
<id>409131</id>
<name>Bennington</name>
<state>KS</state>
<rating>6</rating>
<url>http://www.greatschools.org/city/Bennington/KS</url>
<lat>39.0341</lat>
<lon>-97.5929</lon>
<active>1</active>
</city>
<city>
<id>409043</id>
<name>Bentley</name>
<state>KS</state>
<rating>7</rating>
<url>http://www.greatschools.org/city/Bentley/KS</url>
<lat>37.8867</lat>
<lon>-97.5162</lon>
<active>1</active>
</city>
<city>
<id>408804</id>
<name>Benton</name>
<state>KS</state>
<rating>8</rating>
<url>http://www.greatschools.org/city/Benton/KS</url>
<lat>37.7897</lat>
<lon>-97.1092</lon>
<active>1</active>
</city>
<city>
<id>409140</id>
<name>Bern</name>
<state>KS</state>
<rating/>
<url>http://www.greatschools.org/city/Bern/KS</url>
<lat>39.9628</lat>
<lon>-95.9708</lon>
<active>1</active>
</city>
<city>
<id>408881</id>
<name>Berryton</name>
<state>KS</state>
<rating>6</rating>
<url>http://www.greatschools.org/city/Berryton/KS</url>
<lat>38.9429</lat>
<lon>-95.5886</lon>
<active>1</active>
</city>
<city>
<id>409102</id>
<name>Bird City</name>
<state>KS</state>
<rating>5</rating>
<url>http://www.greatschools.org/city/Bird_City/KS</url>
<lat>39.7498</lat>
<lon>-101.533</lon>
<active>1</active>
</city>
<city>
<id>408868</id>
<name>Blue Rapids</name>
<state>KS</state>
<rating>6</rating>
<url>http://www.greatschools.org/city/Blue_Rapids/KS</url>
<lat>39.6815</lat>
<lon>-96.6587</lon>
<active>1</active>
</city>
<city>
<id>408816</id>
<name>Bonner Springs</name>
<state>KS</state>
<rating>5</rating>
<url>http://www.greatschools.org/city/Bonner_Springs/KS</url>
<lat>39.0684</lat>
<lon>-94.8857</lon>
<active>1</active>
</city>
<city>
<id>409126</id>
<name>Brewster</name>
<state>KS</state>
<rating/>
<url>http://www.greatschools.org/city/Brewster/KS</url>
<lat>39.3635</lat>
<lon>-101.377</lon>
<active>1</active>
</city>
<city>
<id>409069</id>
<name>Brookville</name>
<state>KS</state>
<rating>7</rating>
<url>http://www.greatschools.org/city/Brookville/KS</url>
<lat>38.7744</lat>
<lon>-97.8663</lon>
<active>1</active>
</city>
<city>
<id>409125</id>
<name>Bucklin</name>
<state>KS</state>
<rating>6</rating>
<url>http://www.greatschools.org/city/Bucklin/KS</url>
<lat>37.5479</lat>
<lon>-99.635</lon>
<active>1</active>
</city>
<city>
<id>408800</id>
<name>Bucyrus</name>
<state>KS</state>
<rating/>
<url>http://www.greatschools.org/city/Bucyrus/KS</url>
<lat>38.7343</lat>
<lon>-94.6783</lon>
<active>1</active>
</city>
<city>
<id>409123</id>
<name>Buffalo</name>
<state>KS</state>
<rating>3</rating>
<url>http://www.greatschools.org/city/Buffalo/KS</url>
<lat>37.709</lat>
<lon>-95.6971</lon>
<active>1</active>
</city>
<city>
<id>409122</id>
<name>Buhler</name>
<state>KS</state>
<rating>5</rating>
<url>http://www.greatschools.org/city/Buhler/KS</url>
<lat>38.1375</lat>
<lon>-97.7732</lon>
<active>1</active>
</city>
<city>
<id>409121</id>
<name>Burden</name>
<state>KS</state>
<rating>8</rating>
<url>http://www.greatschools.org/city/Burden/KS</url>
<lat>37.3151</lat>
<lon>-96.7541</lon>
<active>1</active>
</city>
<city>
<id>408904</id>
<name>Burdett</name>
<state>KS</state>
<rating/>
<url>http://www.greatschools.org/city/Burdett/KS</url>
<lat>38.1942</lat>
<lon>-99.5269</lon>
<active>1</active>
</city>
<city>
<id>409120</id>
<name>Burlingame</name>
<state>KS</state>
<rating>7</rating>
<url>http://www.greatschools.org/city/Burlingame/KS</url>
<lat>38.7512</lat>
<lon>-95.8363</lon>
<active>1</active>
</city>
<city>
<id>409119</id>
<name>Burlington</name>
<state>KS</state>
<rating/>
<url>http://www.greatschools.org/city/Burlington/KS</url>
<lat>38.1954</lat>
<lon>-95.7455</lon>
<active>1</active>
</city>
<city>
<id>409118</id>
<name>Burrton</name>
<state>KS</state>
<rating>7</rating>
<url>http://www.greatschools.org/city/Burrton/KS</url>
<lat>38.0233</lat>
<lon>-97.6715</lon>
<active>1</active>
</city>
<city>
<id>409023</id>
<name>Bushton</name>
<state>KS</state>
<rating/>
<url>http://www.greatschools.org/city/Bushton/KS</url>
<lat>38.5114</lat>
<lon>-98.3949</lon>
<active>1</active>
</city>
<city>
<id>409117</id>
<name>Caldwell</name>
<state>KS</state>
<rating>7</rating>
<url>http://www.greatschools.org/city/Caldwell/KS</url>
<lat>37.0336</lat>
<lon>-97.61</lon>
<active>1</active>
</city>
<city>
<id>409116</id>
<name>Caney</name>
<state>KS</state>
<rating>5</rating>
<url>http://www.greatschools.org/city/Caney/KS</url>
<lat>37.0127</lat>
<lon>-95.9338</lon>
<active>1</active>
</city>
<city>
<id>409115</id>
<name>Canton</name>
<state>KS</state>
<rating>7</rating>
<url>http://www.greatschools.org/city/Canton/KS</url>
<lat>38.3855</lat>
<lon>-97.4286</lon>
<active>1</active>
</city>
<city>
<id>408933</id>
<name>Carbondale</name>
<state>KS</state>
<rating>4</rating>
<url>http://www.greatschools.org/city/Carbondale/KS</url>
<lat>38.8186</lat>
<lon>-95.6929</lon>
<active>1</active>
</city>
<city>
<id>408907</id>
<name>Cassoday</name>
<state>KS</state>
<rating/>
<url>http://www.greatschools.org/city/Cassoday/KS</url>
<lat>38.0387</lat>
<lon>-96.6385</lon>
<active>1</active>
</city>
<city>
<id>408790</id>
<name>Cawker City</name>
<state>KS</state>
<rating>9</rating>
<url>http://www.greatschools.org/city/Cawker_City/KS</url>
<lat>39.51</lat>
<lon>-98.4332</lon>
<active>1</active>
</city>
<city>
<id>409111</id>
<name>Cedar Vale</name>
<state>KS</state>
<rating>3</rating>
<url>http://www.greatschools.org/city/Cedar_Vale/KS</url>
<lat>37.1048</lat>
<lon>-96.4997</lon>
<active>1</active>
</city>
<city>
<id>409110</id>
<name>Centralia</name>
<state>KS</state>
<rating>8</rating>
<url>http://www.greatschools.org/city/Centralia/KS</url>
<lat>39.7246</lat>
<lon>-96.1294</lon>
<active>1</active>
</city>
<city>
<id>408826</id>
<name>Chanute</name>
<state>KS</state>
<rating>5</rating>
<url>http://www.greatschools.org/city/Chanute/KS</url>
<lat>37.6773</lat>
<lon>-95.4591</lon>
<active>1</active>
</city>
<city>
<id>409108</id>
<name>Chapman</name>
<state>KS</state>
<rating>8</rating>
<url>http://www.greatschools.org/city/Chapman/KS</url>
<lat>38.9729</lat>
<lon>-97.022</lon>
<active>1</active>
</city>
<city>
<id>409107</id>
<name>Chase</name>
<state>KS</state>
<rating>2</rating>
<url>http://www.greatschools.org/city/Chase/KS</url>
<lat>38.3556</lat>
<lon>-98.3489</lon>
<active>1</active>
</city>
<city>
<id>408839</id>
<name>Cheney</name>
<state>KS</state>
<rating>8</rating>
<url>http://www.greatschools.org/city/Cheney/KS</url>
<lat>37.6315</lat>
<lon>-97.7821</lon>
<active>1</active>
</city>
<city>
<id>409105</id>
<name>Cherokee</name>
<state>KS</state>
<rating>4</rating>
<url>http://www.greatschools.org/city/Cherokee/KS</url>
<lat>37.3445</lat>
<lon>-94.8238</lon>
<active>1</active>
</city>
<city>
<id>409104</id>
<name>Cherryvale</name>
<state>KS</state>
<rating>4</rating>
<url>http://www.greatschools.org/city/Cherryvale/KS</url>
<lat>37.2678</lat>
<lon>-95.5499</lon>
<active>1</active>
</city>
<city>
<id>409103</id>
<name>Chetopa</name>
<state>KS</state>
<rating>5</rating>
<url>http://www.greatschools.org/city/Chetopa/KS</url>
<lat>37.0368</lat>
<lon>-95.0925</lon>
<active>1</active>
</city>
<city>
<id>409101</id>
<name>Cimarron</name>
<state>KS</state>
<rating>7</rating>
<url>http://www.greatschools.org/city/Cimarron/KS</url>
<lat>37.8096</lat>
<lon>-100.346</lon>
<active>1</active>
</city>
<city>
<id>409100</id>
<name>Claflin</name>
<state>KS</state>
<rating/>
<url>http://www.greatschools.org/city/Claflin/KS</url>
<lat>38.5247</lat>
<lon>-98.5367</lon>
<active>1</active>
</city>
<city>
<id>409099</id>
<name>Clay Center</name>
<state>KS</state>
<rating>7</rating>
<url>http://www.greatschools.org/city/Clay_Center/KS</url>
<lat>39.3812</lat>
<lon>-97.1228</lon>
<active>1</active>
</city>
<city>
<id>408759</id>
<name>Clearwater</name>
<state>KS</state>
<rating>6</rating>
<url>http://www.greatschools.org/city/Clearwater/KS</url>
<lat>37.5045</lat>
<lon>-97.5012</lon>
<active>1</active>
</city>
<city>
<id>409095</id>
<name>Clifton</name>
<state>KS</state>
<rating>5</rating>
<url>http://www.greatschools.org/city/Clifton/KS</url>
<lat>39.568</lat>
<lon>-97.28</lon>
<active>1</active>
</city>
<city>
<id>409096</id>
<name>Clyde</name>
<state>KS</state>
<rating/>
<url>http://www.greatschools.org/city/Clyde/KS</url>
<lat>39.5913</lat>
<lon>-97.4013</lon>
<active>1</active>
</city>
<city>
<id>408769</id>
<name>Coffeyville</name>
<state>KS</state>
<rating>2</rating>
<url>http://www.greatschools.org/city/Coffeyville/KS</url>
<lat>37.0391</lat>
<lon>-95.6317</lon>
<active>1</active>
</city>
<city>
<id>408758</id>
<name>Colby</name>
<state>KS</state>
<rating>4</rating>
<url>http://www.greatschools.org/city/Colby/KS</url>
<lat>39.3921</lat>
<lon>-101.048</lon>
<active>1</active>
</city>
<city>
<id>409094</id>
<name>Coldwater</name>
<state>KS</state>
<rating>8</rating>
<url>http://www.greatschools.org/city/Coldwater/KS</url>
<lat>37.2703</lat>
<lon>-99.3256</lon>
<active>1</active>
</city>
<city>
<id>408996</id>
<name>Colony</name>
<state>KS</state>
<rating>5</rating>
<url>http://www.greatschools.org/city/Colony/KS</url>
<lat>38.0706</lat>
<lon>-95.3646</lon>
<active>1</active>
</city>
<city>
<id>409092</id>
<name>Columbus</name>
<state>KS</state>
<rating>5</rating>
<url>http://www.greatschools.org/city/Columbus/KS</url>
<lat>37.171</lat>
<lon>-94.8454</lon>
<active>1</active>
</city>
<city>
<id>408911</id>
<name>Colwich</name>
<state>KS</state>
<rating>8</rating>
<url>http://www.greatschools.org/city/Colwich/KS</url>
<lat>37.7808</lat>
<lon>-97.54</lon>
<active>1</active>
</city>
<city>
<id>409090</id>
<name>Concordia</name>
<state>KS</state>
<rating>6</rating>
<url>http://www.greatschools.org/city/Concordia/KS</url>
<lat>39.567</lat>
<lon>-97.6594</lon>
<active>1</active>
</city>
<city>
<id>408841</id>
<name>Conway Springs</name>
<state>KS</state>
<rating>6</rating>
<url>http://www.greatschools.org/city/Conway_Springs/KS</url>
<lat>37.3893</lat>
<lon>-97.6443</lon>
<active>1</active>
</city>
<city>
<id>409089</id>
<name>Copeland</name>
<state>KS</state>
<rating>5</rating>
<url>http://www.greatschools.org/city/Copeland/KS</url>
<lat>37.5404</lat>
<lon>-100.629</lon>
<active>1</active>
</city>
<city>
<id>409087</id>
<name>Cottonwood Falls</name>
<state>KS</state>
<rating/>
<url>http://www.greatschools.org/city/Cottonwood_Falls/KS</url>
<lat>38.3678</lat>
<lon>-96.5429</lon>
<active>1</active>
</city>
<city>
<id>409085</id>
<name>Council Grove</name>
<state>KS</state>
<rating>6</rating>
<url>http://www.greatschools.org/city/Council_Grove/KS</url>
<lat>38.6608</lat>
<lon>-96.491</lon>
<active>1</active>
</city>
<city>
<id>409082</id>
<name>Courtland</name>
<state>KS</state>
<rating>6</rating>
<url>http://www.greatschools.org/city/Courtland/KS</url>
<lat>39.7834</lat>
<lon>-97.8958</lon>
<active>1</active>
</city>
<city>
<id>409080</id>
<name>Cunningham</name>
<state>KS</state>
<rating>4</rating>
<url>http://www.greatschools.org/city/Cunningham/KS</url>
<lat>37.6451</lat>
<lon>-98.4326</lon>
<active>1</active>
</city>
<city>
<id>408930</id>
<name>Damar</name>
<state>KS</state>
<rating>5</rating>
<url>http://www.greatschools.org/city/Damar/KS</url>
<lat>39.3193</lat>
<lon>-99.5853</lon>
<active>1</active>
</city>
<city>
<id>409077</id>
<name>De Soto</name>
<state>KS</state>
<rating>8</rating>
<url>http://www.greatschools.org/city/De_Soto/KS</url>
<lat>38.9692</lat>
<lon>-94.9667</lon>
<active>1</active>
</city>
<city>
<id>446058</id>
<name>Deefield</name>
<state>KS</state>
<rating/>
<url>http://www.greatschools.org/city/Deefield/KS</url>
<lat>37.9818</lat>
<lon>-101.138</lon>
<active>1</active>
</city>
<city>
<id>409078</id>
<name>Deerfield</name>
<state>KS</state>
<rating>4</rating>
<url>http://www.greatschools.org/city/Deerfield/KS</url>
<lat>37.9827</lat>
<lon>-101.135</lon>
<active>1</active>
</city>
<city>
<id>408789</id>
<name>Delia</name>
<state>KS</state>
<rating/>
<url>http://www.greatschools.org/city/Delia/KS</url>
<lat>39.2405</lat>
<lon>-95.9649</lon>
<active>1</active>
</city>
<city>
<id>408776</id>
<name>Denton</name>
<state>KS</state>
<rating/>
<url>http://www.greatschools.org/city/Denton/KS</url>
<lat>39.7323</lat>
<lon>-95.2691</lon>
<active>1</active>
</city>
<city>
<id>408811</id>
<name>Derby</name>
<state>KS</state>
<rating>5</rating>
<url>http://www.greatschools.org/city/Derby/KS</url>
<lat>37.5522</lat>
<lon>-97.2598</lon>
<active>1</active>
</city>
<city>
<id>409076</id>
<name>Dexter</name>
<state>KS</state>
<rating>5</rating>
<url>http://www.greatschools.org/city/Dexter/KS</url>
<lat>37.1789</lat>
<lon>-96.7169</lon>
<active>1</active>
</city>
<city>
<id>409075</id>
<name>Dighton</name>
<state>KS</state>
<rating>8</rating>
<url>http://www.greatschools.org/city/Dighton/KS</url>
<lat>38.4809</lat>
<lon>-100.465</lon>
<active>1</active>
</city>
<city>
<id>408810</id>
<name>Dodge City</name>
<state>KS</state>
<rating>3</rating>
<url>http://www.greatschools.org/city/Dodge_City/KS</url>
<lat>37.759</lat>
<lon>-100.02</lon>
<active>1</active>
</city>
<city>
<id>409074</id>
<name>Douglass</name>
<state>KS</state>
<rating>5</rating>
<url>http://www.greatschools.org/city/Douglass/KS</url>
<lat>37.5174</lat>
<lon>-97.0117</lon>
<active>1</active>
</city>
<city>
<id>409113</id>
<name>Downs</name>
<state>KS</state>
<rating>6</rating>
<url>http://www.greatschools.org/city/Downs/KS</url>
<lat>39.5046</lat>
<lon>-98.5437</lon>
<active>1</active>
</city>
<city>
<id>409084</id>
<name>Dwight</name>
<state>KS</state>
<rating>8</rating>
<url>http://www.greatschools.org/city/Dwight/KS</url>
<lat>38.8442</lat>
<lon>-96.5929</lon>
<active>1</active>
</city>
<city>
<id>408770</id>
<name>Easton</name>
<state>KS</state>
<rating>6</rating>
<url>http://www.greatschools.org/city/Easton/KS</url>
<lat>39.3447</lat>
<lon>-95.1166</lon>
<active>1</active>
</city>
<city>
<id>409055</id>
<name>Edgerton</name>
<state>KS</state>
<rating>9</rating>
<url>http://www.greatschools.org/city/Edgerton/KS</url>
<lat>38.7624</lat>
<lon>-95.0131</lon>
<active>1</active>
</city>
<city>
<id>409148</id>
<name>Edna</name>
<state>KS</state>
<rating>8</rating>
<url>http://www.greatschools.org/city/Edna/KS</url>
<lat>37.0594</lat>
<lon>-95.3591</lon>
<active>1</active>
</city>
<city>
<id>409127</id>
<name>Edwardsville</name>
<state>KS</state>
<rating>4</rating>
<url>http://www.greatschools.org/city/Edwardsville/KS</url>
<lat>39.0659</lat>
<lon>-94.8217</lon>
<active>1</active>
</city>
<city>
<id>409071</id>
<name>Effingham</name>
<state>KS</state>
<rating/>
<url>http://www.greatschools.org/city/Effingham/KS</url>
<lat>39.5219</lat>
<lon>-95.3979</lon>
<active>1</active>
</city>
<city>
<id>408778</id>
<name>El Dorado</name>
<state>KS</state>
<rating>5</rating>
<url>http://www.greatschools.org/city/El_Dorado/KS</url>
<lat>37.8224</lat>
<lon>-96.8583</lon>
<active>1</active>
</city>
<city>
<id>408838</id>
<name>Elbing</name>
<state>KS</state>
<rating/>
<url>http://www.greatschools.org/city/Elbing/KS</url>
<lat>38.0542</lat>
<lon>-97.1278</lon>
<active>1</active>
</city>
<city>
<id>408768</id>
<name>Elkhart</name>
<state>KS</state>
<rating>5</rating>
<url>http://www.greatschools.org/city/Elkhart/KS</url>
<lat>37.0034</lat>
<lon>-101.899</lon>
<active>1</active>
</city>
<city>
<id>408852</id>
<name>Ellinwood</name>
<state>KS</state>
<rating>7</rating>
<url>http://www.greatschools.org/city/Ellinwood/KS</url>
<lat>38.3571</lat>
<lon>-98.5812</lon>
<active>1</active>
</city>
<city>
<id>408844</id>
<name>Ellis</name>
<state>KS</state>
<rating>6</rating>
<url>http://www.greatschools.org/city/Ellis/KS</url>
<lat>38.9368</lat>
<lon>-99.5605</lon>
<active>1</active>
</city>
<city>
<id>409068</id>
<name>Ellsworth</name>
<state>KS</state>
<rating>7</rating>
<url>http://www.greatschools.org/city/Ellsworth/KS</url>
<lat>38.7354</lat>
<lon>-98.2282</lon>
<active>1</active>
</city>
<city>
<id>409066</id>
<name>Elwood</name>
<state>KS</state>
<rating/>
<url>http://www.greatschools.org/city/Elwood/KS</url>
<lat>39.7555</lat>
<lon>-94.8794</lon>
<active>1</active>
</city>
<city>
<id>409000</id>
<name>Emmett</name>
<state>KS</state>
<rating/>
<url>http://www.greatschools.org/city/Emmett/KS</url>
<lat>39.3075</lat>
<lon>-96.0573</lon>
<active>1</active>
</city>
<city>
<id>408757</id>
<name>Emporia</name>
<state>KS</state>
<rating>4</rating>
<url>http://www.greatschools.org/city/Emporia/KS</url>
<lat>38.4098</lat>
<lon>-96.1883</lon>
<active>1</active>
</city>
<city>
<id>408827</id>
<name>Enterprise</name>
<state>KS</state>
<rating>8</rating>
<url>http://www.greatschools.org/city/Enterprise/KS</url>
<lat>38.9017</lat>
<lon>-97.1163</lon>
<active>1</active>
</city>
<city>
<id>409065</id>
<name>Erie</name>
<state>KS</state>
<rating/>
<url>http://www.greatschools.org/city/Erie/KS</url>
<lat>37.5689</lat>
<lon>-95.2437</lon>
<active>1</active>
</city>
<city>
<id>408762</id>
<name>Eskridge</name>
<state>KS</state>
<rating>5</rating>
<url>http://www.greatschools.org/city/Eskridge/KS</url>
<lat>38.8595</lat>
<lon>-96.107</lon>
<active>1</active>
</city>
<city>
<id>409062</id>
<name>Eudora</name>
<state>KS</state>
<rating>6</rating>
<url>http://www.greatschools.org/city/Eudora/KS</url>
<lat>38.9389</lat>
<lon>-95.0998</lon>
<active>1</active>
</city>
<city>
<id>408809</id>
<name>Eureka</name>
<state>KS</state>
<rating>6</rating>
<url>http://www.greatschools.org/city/Eureka/KS</url>
<lat>37.8227</lat>
<lon>-96.2903</lon>
<active>1</active>
</city>
<city>
<id>409020</id>
<name>Everest</name>
<state>KS</state>
<rating>7</rating>
<url>http://www.greatschools.org/city/Everest/KS</url>
<lat>39.677</lat>
<lon>-95.4251</lon>
<active>1</active>
</city>
<city>
<id>445012</id>
<name>Fairview</name>
<state>KS</state>
<rating/>
<url>http://www.greatschools.org/city/Fairview/KS</url>
<lat>39.8411</lat>
<lon>-95.728</lon>
<active>1</active>
</city>
<city>
<id>445013</id>
<name>Fairway</name>
<state>KS</state>
<rating/>
<url>http://www.greatschools.org/city/Fairway/KS</url>
<lat>39.0293</lat>
<lon>-94.6244</lon>
<active>1</active>
</city>
<city>
<id>408987</id>
<name>Fontana</name>
<state>KS</state>
<rating>7</rating>
<url>http://www.greatschools.org/city/Fontana/KS</url>
<lat>38.4257</lat>
<lon>-94.8393</lon>
<active>1</active>
</city>
<city>
<id>409056</id>
<name>Fort Leavenworth</name>
<state>KS</state>
<rating>7</rating>
<url>http://www.greatschools.org/city/Fort_Leavenworth/KS</url>
<lat>39.3431</lat>
<lon>-94.9317</lon>
<active>1</active>
</city>
<city>
<id>409001</id>
<name>Fort Riley</name>
<state>KS</state>
<rating>5</rating>
<url>http://www.greatschools.org/city/Fort_Riley/KS</url>
<lat>39.0901</lat>
<lon>-96.8045</lon>
<active>1</active>
</city>
<city>
<id>408835</id>
<name>Fort Scott</name>
<state>KS</state>
<rating>2</rating>
<url>http://www.greatschools.org/city/Fort_Scott/KS</url>
<lat>37.8325</lat>
<lon>-94.7038</lon>
<active>1</active>
</city>
<city>
<id>409061</id>
<name>Fowler</name>
<state>KS</state>
<rating>6</rating>
<url>http://www.greatschools.org/city/Fowler/KS</url>
<lat>37.3828</lat>
<lon>-100.196</lon>
<active>1</active>
</city>
<city>
<id>409109</id>
<name>Frankfort</name>
<state>KS</state>
<rating>9</rating>
<url>http://www.greatschools.org/city/Frankfort/KS</url>
<lat>39.7061</lat>
<lon>-96.417</lon>
<active>1</active>
</city>
<city>
<id>409058</id>
<name>Fredonia</name>
<state>KS</state>
<rating>5</rating>
<url>http://www.greatschools.org/city/Fredonia/KS</url>
<lat>37.5327</lat>
<lon>-95.823</lon>
<active>1</active>
</city>
<city>
<id>409057</id>
<name>Frontenac</name>
<state>KS</state>
<rating>6</rating>
<url>http://www.greatschools.org/city/Frontenac/KS</url>
<lat>37.4537</lat>
<lon>-94.6952</lon>
<active>1</active>
</city>
<city>
<id>408819</id>
<name>Galena</name>
<state>KS</state>
<rating>3</rating>
<url>http://www.greatschools.org/city/Galena/KS</url>
<lat>37.0718</lat>
<lon>-94.6354</lon>
<active>1</active>
</city>
<city>
<id>409064</id>
<name>Galesburg</name>
<state>KS</state>
<rating/>
<url>http://www.greatschools.org/city/Galesburg/KS</url>
<lat>37.4726</lat>
<lon>-95.3556</lon>
<active>1</active>
</city>
<city>
<id>409114</id>
<name>Galva</name>
<state>KS</state>
<rating>5</rating>
<url>http://www.greatschools.org/city/Galva/KS</url>
<lat>38.3819</lat>
<lon>-97.5373</lon>
<active>1</active>
</city>
<city>
<id>408849</id>
<name>Garden City</name>
<state>KS</state>
<rating>4</rating>
<url>http://www.greatschools.org/city/Garden_City/KS</url>
<lat>37.9776</lat>
<lon>-100.862</lon>
<active>1</active>
</city>
<city>
<id>408912</id>
<name>Garden Plain</name>
<state>KS</state>
<rating>7</rating>
<url>http://www.greatschools.org/city/Garden_Plain/KS</url>
<lat>37.6608</lat>
<lon>-97.6836</lon>
<active>1</active>
</city>
<city>
<id>408756</id>
<name>Gardner</name>
<state>KS</state>
<rating>8</rating>
<url>http://www.greatschools.org/city/Gardner/KS</url>
<lat>38.8118</lat>
<lon>-94.9188</lon>
<active>1</active>
</city>
<city>
<id>408855</id>
<name>Garnett</name>
<state>KS</state>
<rating>6</rating>
<url>http://www.greatschools.org/city/Garnett/KS</url>
<lat>38.2818</lat>
<lon>-95.2431</lon>
<active>1</active>
</city>
<city>
<id>409052</id>
<name>Girard</name>
<state>KS</state>
<rating>7</rating>
<url>http://www.greatschools.org/city/Girard/KS</url>
<lat>37.5101</lat>
<lon>-94.8452</lon>
<active>1</active>
</city>
<city>
<id>409051</id>
<name>Glasco</name>
<state>KS</state>
<rating>6</rating>
<url>http://www.greatschools.org/city/Glasco/KS</url>
<lat>39.3614</lat>
<lon>-97.8371</lon>
<active>1</active>
</city>
<city>
<id>409112</id>
<name>Glen Elder</name>
<state>KS</state>
<rating/>
<url>http://www.greatschools.org/city/Glen_Elder/KS</url>
<lat>39.5004</lat>
<lon>-98.3058</lon>
<active>1</active>
</city>
<city>
<id>408782</id>
<name>Goddard</name>
<state>KS</state>
<rating>7</rating>
<url>http://www.greatschools.org/city/Goddard/KS</url>
<lat>37.6582</lat>
<lon>-97.5748</lon>
<active>1</active>
</city>
<city>
<id>409049</id>
<name>Goessel</name>
<state>KS</state>
<rating>7</rating>
<url>http://www.greatschools.org/city/Goessel/KS</url>
<lat>38.2464</lat>
<lon>-97.3461</lon>
<active>1</active>
</city>
<city>
<id>409048</id>
<name>Goodland</name>
<state>KS</state>
<rating/>
<url>http://www.greatschools.org/city/Goodland/KS</url>
<lat>39.3495</lat>
<lon>-101.711</lon>
<active>1</active>
</city>
<city>
<id>409047</id>
<name>Grainfield</name>
<state>KS</state>
<rating>9</rating>
<url>http://www.greatschools.org/city/Grainfield/KS</url>
<lat>39.1144</lat>
<lon>-100.467</lon>
<active>1</active>
</city>
<city>
<id>408926</id>
<name>Grantville</name>
<state>KS</state>
<rating/>
<url>http://www.greatschools.org/city/Grantville/KS</url>
<lat>39.0982</lat>
<lon>-95.555</lon>
<active>1</active>
</city>
<city>
<id>408801</id>
<name>Great Bend</name>
<state>KS</state>
<rating>4</rating>
<url>http://www.greatschools.org/city/Great_Bend/KS</url>
<lat>38.3675</lat>
<lon>-98.7796</lon>
<active>1</active>
</city>
<city>
<id>408856</id>
<name>Greeley</name>
<state>KS</state>
<rating>10</rating>
<url>http://www.greatschools.org/city/Greeley/KS</url>
<lat>38.3669</lat>
<lon>-95.1266</lon>
<active>1</active>
</city>
<city>
<id>442326</id>
<name>Greenleaf</name>
<state>KS</state>
<rating/>
<url>http://www.greatschools.org/city/Greenleaf/KS</url>
<lat>39.7274</lat>
<lon>-96.9799</lon>
<active>1</active>
</city>
<city>
<id>409045</id>
<name>Greensburg</name>
<state>KS</state>
<rating>5</rating>
<url>http://www.greatschools.org/city/Greensburg/KS</url>
<lat>37.6028</lat>
<lon>-99.2947</lon>
<active>1</active>
</city>
<city>
<id>408788</id>
<name>Gridley</name>
<state>KS</state>
<rating>5</rating>
<url>http://www.greatschools.org/city/Gridley/KS</url>
<lat>38.0971</lat>
<lon>-95.8841</lon>
<active>1</active>
</city>
<city>
<id>409044</id>
<name>Grinnell</name>
<state>KS</state>
<rating>7</rating>
<url>http://www.greatschools.org/city/Grinnell/KS</url>
<lat>39.1236</lat>
<lon>-100.631</lon>
<active>1</active>
</city>
<city>
<id>409171</id>
<name>Gypsum</name>
<state>KS</state>
<rating>5</rating>
<url>http://www.greatschools.org/city/Gypsum/KS</url>
<lat>38.7055</lat>
<lon>-97.4277</lon>
<active>1</active>
</city>
<city>
<id>409042</id>
<name>Halstead</name>
<state>KS</state>
<rating>7</rating>
<url>http://www.greatschools.org/city/Halstead/KS</url>
<lat>37.9995</lat>
<lon>-97.5084</lon>
<active>1</active>
</city>
<city>
<id>409041</id>
<name>Hamilton</name>
<state>KS</state>
<rating>6</rating>
<url>http://www.greatschools.org/city/Hamilton/KS</url>
<lat>37.9805</lat>
<lon>-96.1635</lon>
<active>1</active>
</city>
<city>
<id>408845</id>
<name>Hanover</name>
<state>KS</state>
<rating>8</rating>
<url>http://www.greatschools.org/city/Hanover/KS</url>
<lat>39.8922</lat>
<lon>-96.8756</lon>
<active>1</active>
</city>
<city>
<id>409040</id>
<name>Hanston</name>
<state>KS</state>
<rating/>
<url>http://www.greatschools.org/city/Hanston/KS</url>
<lat>38.1226</lat>
<lon>-99.7127</lon>
<active>1</active>
</city>
<city>
<id>409145</id>
<name>Harper</name>
<state>KS</state>
<rating>8</rating>
<url>http://www.greatschools.org/city/Harper/KS</url>
<lat>37.2848</lat>
<lon>-98.0266</lon>
<active>1</active>
</city>
<city>
<id>409039</id>
<name>Hartford</name>
<state>KS</state>
<rating>6</rating>
<url>http://www.greatschools.org/city/Hartford/KS</url>
<lat>38.3082</lat>
<lon>-95.9564</lon>
<active>1</active>
</city>
<city>
<id>408834</id>
<name>Haven</name>
<state>KS</state>
<rating>7</rating>
<url>http://www.greatschools.org/city/Haven/KS</url>
<lat>37.9028</lat>
<lon>-97.7807</lon>
<active>1</active>
</city>
<city>
<id>409034</id>
<name>Haviland</name>
<state>KS</state>
<rating>10</rating>
<url>http://www.greatschools.org/city/Haviland/KS</url>
<lat>37.6186</lat>
<lon>-99.1053</lon>
<active>1</active>
</city>
<city>
<id>408781</id>
<name>Hays</name>
<state>KS</state>
<rating>8</rating>
<url>http://www.greatschools.org/city/Hays/KS</url>
<lat>38.8803</lat>
<lon>-99.3223</lon>
<active>1</active>
</city>
<city>
<id>408766</id>
<name>Haysville</name>
<state>KS</state>
<rating>5</rating>
<url>http://www.greatschools.org/city/Haysville/KS</url>
<lat>37.5652</lat>
<lon>-97.3532</lon>
<active>1</active>
</city>
<city>
<id>409032</id>
<name>Healy</name>
<state>KS</state>
<rating>1</rating>
<url>http://www.greatschools.org/city/Healy/KS</url>
<lat>38.5653</lat>
<lon>-100.616</lon>
<active>1</active>
</city>
<city>
<id>409031</id>
<name>Herington</name>
<state>KS</state>
<rating>6</rating>
<url>http://www.greatschools.org/city/Herington/KS</url>
<lat>38.6718</lat>
<lon>-96.9447</lon>
<active>1</active>
</city>
<city>
<id>409030</id>
<name>Hesston</name>
<state>KS</state>
<rating>8</rating>
<url>http://www.greatschools.org/city/Hesston/KS</url>
<lat>38.1376</lat>
<lon>-97.4292</lon>
<active>1</active>
</city>
<city>
<id>408817</id>
<name>Hiawatha</name>
<state>KS</state>
<rating>6</rating>
<url>http://www.greatschools.org/city/Hiawatha/KS</url>
<lat>39.8539</lat>
<lon>-95.5344</lon>
<active>1</active>
</city>
<city>
<id>408775</id>
<name>Highland</name>
<state>KS</state>
<rating/>
<url>http://www.greatschools.org/city/Highland/KS</url>
<lat>39.8603</lat>
<lon>-95.2686</lon>
<active>1</active>
</city>
<city>
<id>409029</id>
<name>Hill City</name>
<state>KS</state>
<rating/>
<url>http://www.greatschools.org/city/Hill_City/KS</url>
<lat>39.3669</lat>
<lon>-99.8465</lon>
<active>1</active>
</city>
<city>
<id>409028</id>
<name>Hillsboro</name>
<state>KS</state>
<rating>6</rating>
<url>http://www.greatschools.org/city/Hillsboro/KS</url>
<lat>38.3507</lat>
<lon>-97.2032</lon>
<active>1</active>
</city>
<city>
<id>408928</id>
<name>Hillsdale</name>
<state>KS</state>
<rating/>
<url>http://www.greatschools.org/city/Hillsdale/KS</url>
<lat>38.7409</lat>
<lon>-94.8375</lon>
<active>1</active>
</city>
<city>
<id>409027</id>
<name>Hoisington</name>
<state>KS</state>
<rating>5</rating>
<url>http://www.greatschools.org/city/Hoisington/KS</url>
<lat>38.5183</lat>
<lon>-98.7777</lon>
<active>1</active>
</city>
<city>
<id>408808</id>
<name>Holcomb</name>
<state>KS</state>
<rating>6</rating>
<url>http://www.greatschools.org/city/Holcomb/KS</url>
<lat>37.984</lat>
<lon>-100.984</lon>
<active>1</active>
</city>
<city>
<id>409026</id>
<name>Holton</name>
<state>KS</state>
<rating>7</rating>
<url>http://www.greatschools.org/city/Holton/KS</url>
<lat>39.4643</lat>
<lon>-95.7396</lon>
<active>1</active>
</city>
<city>
<id>409024</id>
<name>Holyrood</name>
<state>KS</state>
<rating/>
<url>http://www.greatschools.org/city/Holyrood/KS</url>
<lat>38.5868</lat>
<lon>-98.4124</lon>
<active>1</active>
</city>
<city>
<id>409022</id>
<name>Hope</name>
<state>KS</state>
<rating>8</rating>
<url>http://www.greatschools.org/city/Hope/KS</url>
<lat>38.6901</lat>
<lon>-97.0765</lon>
<active>1</active>
</city>
<city>
<id>409019</id>
<name>Horton</name>
<state>KS</state>
<rating>4</rating>
<url>http://www.greatschools.org/city/Horton/KS</url>
<lat>39.665</lat>
<lon>-95.5277</lon>
<active>1</active>
</city>
<city>
<id>409018</id>
<name>Howard</name>
<state>KS</state>
<rating/>
<url>http://www.greatschools.org/city/Howard/KS</url>
<lat>37.4687</lat>
<lon>-96.2622</lon>
<active>1</active>
</city>
<city>
<id>409015</id>
<name>Hoxie</name>
<state>KS</state>
<rating>5</rating>
<url>http://www.greatschools.org/city/Hoxie/KS</url>
<lat>39.3553</lat>
<lon>-100.438</lon>
<active>1</active>
</city>
<city>
<id>408961</id>
<name>Hoyt</name>
<state>KS</state>
<rating>7</rating>
<url>http://www.greatschools.org/city/Hoyt/KS</url>
<lat>39.2492</lat>
<lon>-95.7062</lon>
<active>1</active>
</city>
<city>
<id>408796</id>
<name>Hugoton</name>
<state>KS</state>
<rating>3</rating>
<url>http://www.greatschools.org/city/Hugoton/KS</url>
<lat>37.1758</lat>
<lon>-101.346</lon>
<active>1</active>
</city>
<city>
<id>409014</id>
<name>Humboldt</name>
<state>KS</state>
<rating>6</rating>
<url>http://www.greatschools.org/city/Humboldt/KS</url>
<lat>37.8106</lat>
<lon>-95.4368</lon>
<active>1</active>
</city>
<city>
<id>408767</id>
<name>Hutchinson</name>
<state>KS</state>
<rating>5</rating>
<url>http://www.greatschools.org/city/Hutchinson/KS</url>
<lat>38.0688</lat>
<lon>-97.923</lon>
<active>1</active>
</city>
<city>
<id>408821</id>
<name>Independence</name>
<state>KS</state>
<rating/>
<url>http://www.greatschools.org/city/Independence/KS</url>
<lat>37.2303</lat>
<lon>-95.7105</lon>
<active>1</active>
</city>
<city>
<id>409013</id>
<name>Ingalls</name>
<state>KS</state>
<rating>5</rating>
<url>http://www.greatschools.org/city/Ingalls/KS</url>
<lat>37.8292</lat>
<lon>-100.454</lon>
<active>1</active>
</city>
<city>
<id>409012</id>
<name>Inman</name>
<state>KS</state>
<rating>7</rating>
<url>http://www.greatschools.org/city/Inman/KS</url>
<lat>38.2301</lat>
<lon>-97.772</lon>
<active>1</active>
</city>
<city>
<id>408825</id>
<name>Iola</name>
<state>KS</state>
<rating>5</rating>
<url>http://www.greatschools.org/city/Iola/KS</url>
<lat>37.9264</lat>
<lon>-95.3987</lon>
<active>1</active>
</city>
<city>
<id>409006</id>
<name>Jetmore</name>
<state>KS</state>
<rating>6</rating>
<url>http://www.greatschools.org/city/Jetmore/KS</url>
<lat>38.0838</lat>
<lon>-99.8965</lon>
<active>1</active>
</city>
<city>
<id>409004</id>
<name>Jewell</name>
<state>KS</state>
<rating/>
<url>http://www.greatschools.org/city/Jewell/KS</url>
<lat>39.6709</lat>
<lon>-98.1528</lon>
<active>1</active>
</city>
<city>
<id>409003</id>
<name>Johnson</name>
<state>KS</state>
<rating>3</rating>
<url>http://www.greatschools.org/city/Johnson/KS</url>
<lat>37.5689</lat>
<lon>-101.729</lon>
<active>1</active>
</city>
<city>
<id>408786</id>
<name>Junction City</name>
<state>KS</state>
<rating>4</rating>
<url>http://www.greatschools.org/city/Junction_City/KS</url>
<lat>39.0276</lat>
<lon>-96.8419</lon>
<active>1</active>
</city>
<city>
<id>409067</id>
<name>Kanopolis</name>
<state>KS</state>
<rating>4</rating>
<url>http://www.greatschools.org/city/Kanopolis/KS</url>
<lat>38.7091</lat>
<lon>-98.1571</lon>
<active>1</active>
</city>
<city>
<id>408755</id>
<name>Kansas City</name>
<state>KS</state>
<rating>2</rating>
<url>http://www.greatschools.org/city/Kansas_City/KS</url>
<lat>39.1056</lat>
<lon>-94.6894</lon>
<active>1</active>
</city>
<city>
<id>408997</id>
<name>Kensington</name>
<state>KS</state>
<rating>7</rating>
<url>http://www.greatschools.org/city/Kensington/KS</url>
<lat>39.7663</lat>
<lon>-99.0329</lon>
<active>1</active>
</city>
<city>
<id>408842</id>
<name>Kingman</name>
<state>KS</state>
<rating>6</rating>
<url>http://www.greatschools.org/city/Kingman/KS</url>
<lat>37.6488</lat>
<lon>-98.1138</lon>
<active>1</active>
</city>
<city>
<id>408850</id>
<name>Kinsley</name>
<state>KS</state>
<rating/>
<url>http://www.greatschools.org/city/Kinsley/KS</url>
<lat>37.923</lat>
<lon>-99.4104</lon>
<active>1</active>
</city>
<city>
<id>408993</id>
<name>Kiowa</name>
<state>KS</state>
<rating/>
<url>http://www.greatschools.org/city/Kiowa/KS</url>
<lat>37.0168</lat>
<lon>-98.4846</lon>
<active>1</active>
</city>
<city>
<id>408989</id>
<name>Kismet</name>
<state>KS</state>
<rating>7</rating>
<url>http://www.greatschools.org/city/Kismet/KS</url>
<lat>37.2053</lat>
<lon>-100.702</lon>
<active>1</active>
</city>
<city>
<id>408988</id>
<name>La Crosse</name>
<state>KS</state>
<rating>7</rating>
<url>http://www.greatschools.org/city/La_Crosse/KS</url>
<lat>38.5313</lat>
<lon>-99.309</lon>
<active>1</active>
</city>
<city>
<id>409011</id>
<name>La Harpe</name>
<state>KS</state>
<rating/>
<url>http://www.greatschools.org/city/La_Harpe/KS</url>
<lat>37.9154</lat>
<lon>-95.3002</lon>
<active>1</active>
</city>
<city>
<id>446059</id>
<name>Lacygne</name>
<state>KS</state>
<rating/>
<url>http://www.greatschools.org/city/Lacygne/KS</url>
<lat>38.3467</lat>
<lon>-94.7556</lon>
<active>1</active>
</city>
<city>
<id>408985</id>
<name>Lakin</name>
<state>KS</state>
<rating>8</rating>
<url>http://www.greatschools.org/city/Lakin/KS</url>
<lat>37.9406</lat>
<lon>-101.259</lon>
<active>1</active>
</city>
<city>
<id>409072</id>
<name>Lancaster</name>
<state>KS</state>
<rating/>
<url>http://www.greatschools.org/city/Lancaster/KS</url>
<lat>39.5714</lat>
<lon>-95.3038</lon>
<active>1</active>
</city>
<city>
<id>408982</id>
<name>Langdon</name>
<state>KS</state>
<rating/>
<url>http://www.greatschools.org/city/Langdon/KS</url>
<lat>37.8533</lat>
<lon>-98.3248</lon>
<active>1</active>
</city>
<city>
<id>408981</id>
<name>Lansing</name>
<state>KS</state>
<rating>6</rating>
<url>http://www.greatschools.org/city/Lansing/KS</url>
<lat>39.2522</lat>
<lon>-94.8993</lon>
<active>1</active>
</city>
<city>
<id>408851</id>
<name>Larned</name>
<state>KS</state>
<rating>3</rating>
<url>http://www.greatschools.org/city/Larned/KS</url>
<lat>38.1831</lat>
<lon>-99.1025</lon>
<active>1</active>
</city>
<city>
<id>408774</id>
<name>Lawrence</name>
<state>KS</state>
<rating>5</rating>
<url>http://www.greatschools.org/city/Lawrence/KS</url>
<lat>38.9563</lat>
<lon>-95.258</lon>
<active>1</active>
</city>
<city>
<id>408780</id>
<name>Leavenworth</name>
<state>KS</state>
<rating/>
<url>http://www.greatschools.org/city/Leavenworth/KS</url>
<lat>39.3137</lat>
<lon>-94.9274</lon>
<active>1</active>
</city>
<city>
<id>408784</id>
<name>Leawood</name>
<state>KS</state>
<rating>8</rating>
<url>http://www.greatschools.org/city/Leawood/KS</url>
<lat>38.9152</lat>
<lon>-94.6252</lon>
<active>1</active>
</city>
<city>
<id>408867</id>
<name>Lebo</name>
<state>KS</state>
<rating>8</rating>
<url>http://www.greatschools.org/city/Lebo/KS</url>
<lat>38.4159</lat>
<lon>-95.8592</lon>
<active>1</active>
</city>
<city>
<id>408925</id>
<name>Lecompton</name>
<state>KS</state>
<rating>6</rating>
<url>http://www.greatschools.org/city/Lecompton/KS</url>
<lat>39.0418</lat>
<lon>-95.3954</lon>
<active>1</active>
</city>
<city>
<id>408773</id>
<name>Lenexa</name>
<state>KS</state>
<rating>7</rating>
<url>http://www.greatschools.org/city/Lenexa/KS</url>
<lat>38.9683</lat>
<lon>-94.7533</lon>
<active>1</active>
</city>
<city>
<id>408980</id>
<name>Lenora</name>
<state>KS</state>
<rating/>
<url>http://www.greatschools.org/city/Lenora/KS</url>
<lat>39.6097</lat>
<lon>-100.001</lon>
<active>1</active>
</city>
<city>
<id>408979</id>
<name>Leon</name>
<state>KS</state>
<rating>5</rating>
<url>http://www.greatschools.org/city/Leon/KS</url>
<lat>37.6904</lat>
<lon>-96.7829</lon>
<active>1</active>
</city>
<city>
<id>408978</id>
<name>Leoti</name>
<state>KS</state>
<rating/>
<url>http://www.greatschools.org/city/Leoti/KS</url>
<lat>38.4823</lat>
<lon>-101.359</lon>
<active>1</active>
</city>
<city>
<id>408977</id>
<name>LeRoy</name>
<state>KS</state>
<rating>4</rating>
<url>http://www.greatschools.org/city/LeRoy/KS</url>
<lat>38.0845</lat>
<lon>-95.6341</lon>
<active>1</active>
</city>
<city>
<id>408976</id>
<name>Lewis</name>
<state>KS</state>
<rating>10</rating>
<url>http://www.greatschools.org/city/Lewis/KS</url>
<lat>37.9364</lat>
<lon>-99.255</lon>
<active>1</active>
</city>
<city>
<id>408794</id>
<name>Liberal</name>
<state>KS</state>
<rating>4</rating>
<url>http://www.greatschools.org/city/Liberal/KS</url>
<lat>37.0421</lat>
<lon>-100.928</lon>
<active>1</active>
</city>
<city>
<id>408975</id>
<name>Lincoln</name>
<state>KS</state>
<rating>8</rating>
<url>http://www.greatschools.org/city/Lincoln/KS</url>
<lat>39.031</lat>
<lon>-98.1404</lon>
<active>1</active>
</city>
<city>
<id>408752</id>
<name>Lindsborg</name>
<state>KS</state>
<rating>7</rating>
<url>http://www.greatschools.org/city/Lindsborg/KS</url>
<lat>38.5761</lat>
<lon>-97.6765</lon>
<active>1</active>
</city>
<city>
<id>408837</id>
<name>Linn</name>
<state>KS</state>
<rating>7</rating>
<url>http://www.greatschools.org/city/Linn/KS</url>
<lat>39.6798</lat>
<lon>-97.0868</lon>
<active>1</active>
</city>
<city>
<id>409136</id>
<name>Linwood</name>
<state>KS</state>
<rating>8</rating>
<url>http://www.greatschools.org/city/Linwood/KS</url>
<lat>39.0012</lat>
<lon>-95.0382</lon>
<active>1</active>
</city>
<city>
<id>408974</id>
<name>Little River</name>
<state>KS</state>
<rating>7</rating>
<url>http://www.greatschools.org/city/Little_River/KS</url>
<lat>38.3974</lat>
<lon>-98.0121</lon>
<active>1</active>
</city>
<city>
<id>408972</id>
<name>Logan</name>
<state>KS</state>
<rating>7</rating>
<url>http://www.greatschools.org/city/Logan/KS</url>
<lat>39.6628</lat>
<lon>-99.5711</lon>
<active>1</active>
</city>
<city>
<id>409151</id>
<name>Long Island</name>
<state>KS</state>
<rating>7</rating>
<url>http://www.greatschools.org/city/Long_Island/KS</url>
<lat>39.9477</lat>
<lon>-99.5339</lon>
<active>1</active>
</city>
<city>
<id>409070</id>
<name>Longton</name>
<state>KS</state>
<rating>5</rating>
<url>http://www.greatschools.org/city/Longton/KS</url>
<lat>37.3778</lat>
<lon>-96.0817</lon>
<active>1</active>
</city>
<city>
<id>408971</id>
<name>Lost Springs</name>
<state>KS</state>
<rating/>
<url>http://www.greatschools.org/city/Lost_Springs/KS</url>
<lat>38.5661</lat>
<lon>-96.967</lon>
<active>1</active>
</city>
<city>
<id>408807</id>
<name>Louisburg</name>
<state>KS</state>
<rating>8</rating>
<url>http://www.greatschools.org/city/Louisburg/KS</url>
<lat>38.62</lat>
<lon>-94.6789</lon>
<active>1</active>
</city>
<city>
<id>408902</id>
<name>Lucas</name>
<state>KS</state>
<rating/>
<url>http://www.greatschools.org/city/Lucas/KS</url>
<lat>39.0598</lat>
<lon>-98.538</lon>
<active>1</active>
</city>
<city>
<id>408901</id>
<name>Luray</name>
<state>KS</state>
<rating/>
<url>http://www.greatschools.org/city/Luray/KS</url>
<lat>39.1143</lat>
<lon>-98.692</lon>
<active>1</active>
</city>
<city>
<id>408970</id>
<name>Lyndon</name>
<state>KS</state>
<rating>7</rating>
<url>http://www.greatschools.org/city/Lyndon/KS</url>
<lat>38.6106</lat>
<lon>-95.6849</lon>
<active>1</active>
</city>
<city>
<id>408969</id>
<name>Lyons</name>
<state>KS</state>
<rating>6</rating>
<url>http://www.greatschools.org/city/Lyons/KS</url>
<lat>38.3444</lat>
<lon>-98.2035</lon>
<active>1</active>
</city>
<city>
<id>408968</id>
<name>Macksville</name>
<state>KS</state>
<rating>5</rating>
<url>http://www.greatschools.org/city/Macksville/KS</url>
<lat>37.959</lat>
<lon>-98.9698</lon>
<active>1</active>
</city>
<city>
<id>408967</id>
<name>Madison</name>
<state>KS</state>
<rating>5</rating>
<url>http://www.greatschools.org/city/Madison/KS</url>
<lat>38.134</lat>
<lon>-96.1365</lon>
<active>1</active>
</city>
<city>
<id>408754</id>
<name>Maize</name>
<state>KS</state>
<rating>7</rating>
<url>http://www.greatschools.org/city/Maize/KS</url>
<lat>37.7725</lat>
<lon>-97.4662</lon>
<active>1</active>
</city>
<city>
<id>408830</id>
<name>Manhattan</name>
<state>KS</state>
<rating>6</rating>
<url>http://www.greatschools.org/city/Manhattan/KS</url>
<lat>39.1925</lat>
<lon>-96.5907</lon>
<active>1</active>
</city>
<city>
<id>408963</id>
<name>Mankato</name>
<state>KS</state>
<rating>6</rating>
<url>http://www.greatschools.org/city/Mankato/KS</url>
<lat>39.7874</lat>
<lon>-98.2086</lon>
<active>1</active>
</city>
<city>
<id>409153</id>
<name>Maple Hill</name>
<state>KS</state>
<rating>8</rating>
<url>http://www.greatschools.org/city/Maple_Hill/KS</url>
<lat>39.0857</lat>
<lon>-96.0279</lon>
<active>1</active>
</city>
<city>
<id>408795</id>
<name>Marienthal</name>
<state>KS</state>
<rating/>
<url>http://www.greatschools.org/city/Marienthal/KS</url>
<lat>38.5316</lat>
<lon>-101.092</lon>
<active>1</active>
</city>
<city>
<id>408962</id>
<name>Marion</name>
<state>KS</state>
<rating>7</rating>
<url>http://www.greatschools.org/city/Marion/KS</url>
<lat>38.3484</lat>
<lon>-97.0137</lon>
<active>1</active>
</city>
<city>
<id>409170</id>
<name>Marquette</name>
<state>KS</state>
<rating>7</rating>
<url>http://www.greatschools.org/city/Marquette/KS</url>
<lat>38.5545</lat>
<lon>-97.8338</lon>
<active>1</active>
</city>
<city>
<id>408836</id>
<name>Marysville</name>
<state>KS</state>
<rating>8</rating>
<url>http://www.greatschools.org/city/Marysville/KS</url>
<lat>39.8451</lat>
<lon>-96.6423</lon>
<active>1</active>
</city>
<city>
<id>408960</id>
<name>Mayetta</name>
<state>KS</state>
<rating>6</rating>
<url>http://www.greatschools.org/city/Mayetta/KS</url>
<lat>39.3388</lat>
<lon>-95.7217</lon>
<active>1</active>
</city>
<city>
<id>409106</id>
<name>McCune</name>
<state>KS</state>
<rating>6</rating>
<url>http://www.greatschools.org/city/McCune/KS</url>
<lat>37.354</lat>
<lon>-95.0201</lon>
<active>1</active>
</city>
<city>
<id>408959</id>
<name>McLouth</name>
<state>KS</state>
<rating>6</rating>
<url>http://www.greatschools.org/city/McLouth/KS</url>
<lat>39.195</lat>
<lon>-95.207</lon>
<active>1</active>
</city>
<city>
<id>408829</id>
<name>McPherson</name>
<state>KS</state>
<rating>2</rating>
<url>http://www.greatschools.org/city/McPherson/KS</url>
<lat>38.3749</lat>
<lon>-97.6606</lon>
<active>1</active>
</city>
<city>
<id>408958</id>
<name>Meade</name>
<state>KS</state>
<rating>7</rating>
<url>http://www.greatschools.org/city/Meade/KS</url>
<lat>37.2865</lat>
<lon>-100.339</lon>
<active>1</active>
</city>
<city>
<id>445014</id>
<name>Medicine Ldg</name>
<state>KS</state>
<rating/>
<url>http://www.greatschools.org/city/Medicine_Ldg/KS</url>
<lat>37.2822</lat>
<lon>-98.6161</lon>
<active>1</active>
</city>
<city>
<id>408957</id>
<name>Medicine Lodge</name>
<state>KS</state>
<rating/>
<url>http://www.greatschools.org/city/Medicine_Lodge/KS</url>
<lat>37.286</lat>
<lon>-98.5805</lon>
<active>1</active>
</city>
<city>
<id>408956</id>
<name>Melvern</name>
<state>KS</state>
<rating>7</rating>
<url>http://www.greatschools.org/city/Melvern/KS</url>
<lat>38.5076</lat>
<lon>-95.6383</lon>
<active>1</active>
</city>
<city>
<id>408954</id>
<name>Meriden</name>
<state>KS</state>
<rating>5</rating>
<url>http://www.greatschools.org/city/Meriden/KS</url>
<lat>39.1894</lat>
<lon>-95.5674</lon>
<active>1</active>
</city>
<city>
<id>409002</id>
<name>Milford</name>
<state>KS</state>
<rating>5</rating>
<url>http://www.greatschools.org/city/Milford/KS</url>
<lat>39.1735</lat>
<lon>-96.9118</lon>
<active>1</active>
</city>
<city>
<id>409050</id>
<name>Miltonvale</name>
<state>KS</state>
<rating>6</rating>
<url>http://www.greatschools.org/city/Miltonvale/KS</url>
<lat>39.3498</lat>
<lon>-97.4533</lon>
<active>1</active>
</city>
<city>
<id>408952</id>
<name>Minneapolis</name>
<state>KS</state>
<rating>5</rating>
<url>http://www.greatschools.org/city/Minneapolis/KS</url>
<lat>39.1246</lat>
<lon>-97.7034</lon>
<active>1</active>
</city>
<city>
<id>408951</id>
<name>Minneola</name>
<state>KS</state>
<rating>6</rating>
<url>http://www.greatschools.org/city/Minneola/KS</url>
<lat>37.4411</lat>
<lon>-100.015</lon>
<active>1</active>
</city>
<city>
<id>408857</id>
<name>Mission</name>
<state>KS</state>
<rating/>
<url>http://www.greatschools.org/city/Mission/KS</url>
<lat>39.0292</lat>
<lon>-94.6574</lon>
<active>1</active>
</city>
<city>
<id>409017</id>
<name>Moline</name>
<state>KS</state>
<rating/>
<url>http://www.greatschools.org/city/Moline/KS</url>
<lat>37.364</lat>
<lon>-96.3025</lon>
<active>1</active>
</city>
<city>
<id>408950</id>
<name>Montezuma</name>
<state>KS</state>
<rating>6</rating>
<url>http://www.greatschools.org/city/Montezuma/KS</url>
<lat>37.5949</lat>
<lon>-100.442</lon>
<active>1</active>
</city>
<city>
<id>408949</id>
<name>Moran</name>
<state>KS</state>
<rating>6</rating>
<url>http://www.greatschools.org/city/Moran/KS</url>
<lat>37.9164</lat>
<lon>-95.1717</lon>
<active>1</active>
</city>
<city>
<id>408948</id>
<name>Moscow</name>
<state>KS</state>
<rating>3</rating>
<url>http://www.greatschools.org/city/Moscow/KS</url>
<lat>37.3254</lat>
<lon>-101.206</lon>
<active>1</active>
</city>
<city>
<id>409009</id>
<name>Mound City</name>
<state>KS</state>
<rating>5</rating>
<url>http://www.greatschools.org/city/Mound_City/KS</url>
<lat>38.142</lat>
<lon>-94.8118</lon>
<active>1</active>
</city>
<city>
<id>409147</id>
<name>Mound Valley</name>
<state>KS</state>
<rating>9</rating>
<url>http://www.greatschools.org/city/Mound_Valley/KS</url>
<lat>37.206</lat>
<lon>-95.4051</lon>
<active>1</active>
</city>
<city>
<id>408947</id>
<name>Moundridge</name>
<state>KS</state>
<rating>6</rating>
<url>http://www.greatschools.org/city/Moundridge/KS</url>
<lat>38.2024</lat>
<lon>-97.5189</lon>
<active>1</active>
</city>
<city>
<id>409036</id>
<name>Mount Hope</name>
<state>KS</state>
<rating/>
<url>http://www.greatschools.org/city/Mount_Hope/KS</url>
<lat>37.8687</lat>
<lon>-97.6631</lon>
<active>1</active>
</city>
<city>
<id>408785</id>
<name>Mullinville</name>
<state>KS</state>
<rating/>
<url>http://www.greatschools.org/city/Mullinville/KS</url>
<lat>37.5871</lat>
<lon>-99.4757</lon>
<active>1</active>
</city>
<city>
<id>408765</id>
<name>Mulvane</name>
<state>KS</state>
<rating>7</rating>
<url>http://www.greatschools.org/city/Mulvane/KS</url>
<lat>37.4835</lat>
<lon>-97.2414</lon>
<active>1</active>
</city>
<city>
<id>408946</id>
<name>Natoma</name>
<state>KS</state>
<rating>6</rating>
<url>http://www.greatschools.org/city/Natoma/KS</url>
<lat>39.1897</lat>
<lon>-99.0248</lon>
<active>1</active>
</city>
<city>
<id>408945</id>
<name>Neodesha</name>
<state>KS</state>
<rating>6</rating>
<url>http://www.greatschools.org/city/Neodesha/KS</url>
<lat>37.4241</lat>
<lon>-95.6819</lon>
<active>1</active>
</city>
<city>
<id>409038</id>
<name>Neosho Rapids</name>
<state>KS</state>
<rating>7</rating>
<url>http://www.greatschools.org/city/Neosho_Rapids/KS</url>
<lat>38.3686</lat>
<lon>-95.9917</lon>
<active>1</active>
</city>
<city>
<id>408853</id>
<name>Ness City</name>
<state>KS</state>
<rating>4</rating>
<url>http://www.greatschools.org/city/Ness_City/KS</url>
<lat>38.4537</lat>
<lon>-99.9062</lon>
<active>1</active>
</city>
<city>
<id>408806</id>
<name>Newton</name>
<state>KS</state>
<rating/>
<url>http://www.greatschools.org/city/Newton/KS</url>
<lat>38.0458</lat>
<lon>-97.3464</lon>
<active>1</active>
</city>
<city>
<id>408943</id>
<name>Nickerson</name>
<state>KS</state>
<rating>6</rating>
<url>http://www.greatschools.org/city/Nickerson/KS</url>
<lat>38.1485</lat>
<lon>-98.0834</lon>
<active>1</active>
</city>
<city>
<id>408941</id>
<name>Norton</name>
<state>KS</state>
<rating>5</rating>
<url>http://www.greatschools.org/city/Norton/KS</url>
<lat>39.8342</lat>
<lon>-99.8922</lon>
<active>1</active>
</city>
<city>
<id>408859</id>
<name>Nortonville</name>
<state>KS</state>
<rating>6</rating>
<url>http://www.greatschools.org/city/Nortonville/KS</url>
<lat>39.4166</lat>
<lon>-95.3316</lon>
<active>1</active>
</city>
<city>
<id>408995</id>
<name>Norwich</name>
<state>KS</state>
<rating>9</rating>
<url>http://www.greatschools.org/city/Norwich/KS</url>
<lat>37.4571</lat>
<lon>-97.8478</lon>
<active>1</active>
</city>
<city>
<id>408846</id>
<name>Oakley</name>
<state>KS</state>
<rating>6</rating>
<url>http://www.greatschools.org/city/Oakley/KS</url>
<lat>39.1287</lat>
<lon>-100.854</lon>
<active>1</active>
</city>
<city>
<id>408940</id>
<name>Oberlin</name>
<state>KS</state>
<rating>4</rating>
<url>http://www.greatschools.org/city/Oberlin/KS</url>
<lat>39.8216</lat>
<lon>-100.529</lon>
<active>1</active>
</city>
<city>
<id>408994</id>
<name>Offerle</name>
<state>KS</state>
<rating>6</rating>
<url>http://www.greatschools.org/city/Offerle/KS</url>
<lat>37.8916</lat>
<lon>-99.5595</lon>
<active>1</active>
</city>
<city>
<id>408964</id>
<name>Ogden</name>
<state>KS</state>
<rating>7</rating>
<url>http://www.greatschools.org/city/Ogden/KS</url>
<lat>39.114</lat>
<lon>-96.71</lon>
<active>1</active>
</city>
<city>
<id>408753</id>
<name>Olathe</name>
<state>KS</state>
<rating>7</rating>
<url>http://www.greatschools.org/city/Olathe/KS</url>
<lat>38.882</lat>
<lon>-94.7928</lon>
<active>1</active>
</city>
<city>
<id>408858</id>
<name>Olpe</name>
<state>KS</state>
<rating>6</rating>
<url>http://www.greatschools.org/city/Olpe/KS</url>
<lat>38.2616</lat>
<lon>-96.1669</lon>
<active>1</active>
</city>
<city>
<id>408918</id>
<name>Olsburg</name>
<state>KS</state>
<rating>5</rating>
<url>http://www.greatschools.org/city/Olsburg/KS</url>
<lat>39.4312</lat>
<lon>-96.6154</lon>
<active>1</active>
</city>
<city>
<id>408939</id>
<name>Onaga</name>
<state>KS</state>
<rating>5</rating>
<url>http://www.greatschools.org/city/Onaga/KS</url>
<lat>39.492</lat>
<lon>-96.1705</lon>
<active>1</active>
</city>
<city>
<id>408938</id>
<name>Osage City</name>
<state>KS</state>
<rating>6</rating>
<url>http://www.greatschools.org/city/Osage_City/KS</url>
<lat>38.6337</lat>
<lon>-95.8235</lon>
<active>1</active>
</city>
<city>
<id>408783</id>
<name>Osawatomie</name>
<state>KS</state>
<rating>4</rating>
<url>http://www.greatschools.org/city/Osawatomie/KS</url>
<lat>38.4982</lat>
<lon>-94.9542</lon>
<active>1</active>
</city>
<city>
<id>408937</id>
<name>Osborne</name>
<state>KS</state>
<rating>5</rating>
<url>http://www.greatschools.org/city/Osborne/KS</url>
<lat>39.4398</lat>
<lon>-98.6985</lon>
<active>1</active>
</city>
<city>
<id>408936</id>
<name>Oskaloosa</name>
<state>KS</state>
<rating>5</rating>
<url>http://www.greatschools.org/city/Oskaloosa/KS</url>
<lat>39.2152</lat>
<lon>-95.3152</lon>
<active>1</active>
</city>
<city>
<id>408935</id>
<name>Oswego</name>
<state>KS</state>
<rating>7</rating>
<url>http://www.greatschools.org/city/Oswego/KS</url>
<lat>37.1666</lat>
<lon>-95.1112</lon>
<active>1</active>
</city>
<city>
<id>409128</id>
<name>Otis</name>
<state>KS</state>
<rating>6</rating>
<url>http://www.greatschools.org/city/Otis/KS</url>
<lat>38.5354</lat>
<lon>-99.0524</lon>
<active>1</active>
</city>
<city>
<id>408820</id>
<name>Ottawa</name>
<state>KS</state>
<rating>4</rating>
<url>http://www.greatschools.org/city/Ottawa/KS</url>
<lat>38.6085</lat>
<lon>-95.2679</lon>
<active>1</active>
</city>
<city>
<id>408934</id>
<name>Overbrook</name>
<state>KS</state>
<rating/>
<url>http://www.greatschools.org/city/Overbrook/KS</url>
<lat>38.779</lat>
<lon>-95.559</lon>
<active>1</active>
</city>
<city>
<id>408772</id>
<name>Overland Park</name>
<state>KS</state>
<rating>8</rating>
<url>http://www.greatschools.org/city/Overland_Park/KS</url>
<lat>38.9317</lat>
<lon>-94.6858</lon>
<active>1</active>
</city>
<city>
<id>408931</id>
<name>Oxford</name>
<state>KS</state>
<rating>6</rating>
<url>http://www.greatschools.org/city/Oxford/KS</url>
<lat>37.2757</lat>
<lon>-97.1687</lon>
<active>1</active>
</city>
<city>
<id>408953</id>
<name>Ozawkie</name>
<state>KS</state>
<rating/>
<url>http://www.greatschools.org/city/Ozawkie/KS</url>
<lat>39.2358</lat>
<lon>-95.4657</lon>
<active>1</active>
</city>
<city>
<id>408929</id>
<name>Palco</name>
<state>KS</state>
<rating>4</rating>
<url>http://www.greatschools.org/city/Palco/KS</url>
<lat>39.2532</lat>
<lon>-99.5633</lon>
<active>1</active>
</city>
<city>
<id>408797</id>
<name>Paola</name>
<state>KS</state>
<rating>6</rating>
<url>http://www.greatschools.org/city/Paola/KS</url>
<lat>38.5741</lat>
<lon>-94.8724</lon>
<active>1</active>
</city>
<city>
<id>444468</id>
<name>Park City</name>
<state>KS</state>
<rating/>
<url>http://www.greatschools.org/city/Park_City/KS</url>
<lat>37.8069</lat>
<lon>-97.3254</lon>
<active>1</active>
</city>
<city>
<id>408818</id>
<name>Parker</name>
<state>KS</state>
<rating>9</rating>
<url>http://www.greatschools.org/city/Parker/KS</url>
<lat>38.3284</lat>
<lon>-94.9916</lon>
<active>1</active>
</city>
<city>
<id>408843</id>
<name>Parsons</name>
<state>KS</state>
<rating/>
<url>http://www.greatschools.org/city/Parsons/KS</url>
<lat>37.3388</lat>
<lon>-95.2699</lon>
<active>1</active>
</city>
<city>
<id>409035</id>
<name>Partridge</name>
<state>KS</state>
<rating>7</rating>
<url>http://www.greatschools.org/city/Partridge/KS</url>
<lat>37.967</lat>
<lon>-98.0921</lon>
<active>1</active>
</city>
<city>
<id>409154</id>
<name>Paxico</name>
<state>KS</state>
<rating>7</rating>
<url>http://www.greatschools.org/city/Paxico/KS</url>
<lat>39.0686</lat>
<lon>-96.1675</lon>
<active>1</active>
</city>
<city>
<id>408927</id>
<name>Peabody</name>
<state>KS</state>
<rating>3</rating>
<url>http://www.greatschools.org/city/Peabody/KS</url>
<lat>38.1692</lat>
<lon>-97.108</lon>
<active>1</active>
</city>
<city>
<id>408924</id>
<name>Perry</name>
<state>KS</state>
<rating>5</rating>
<url>http://www.greatschools.org/city/Perry/KS</url>
<lat>39.0761</lat>
<lon>-95.3909</lon>
<active>1</active>
</city>
<city>
<id>408923</id>
<name>Phillipsburg</name>
<state>KS</state>
<rating>8</rating>
<url>http://www.greatschools.org/city/Phillipsburg/KS</url>
<lat>39.7539</lat>
<lon>-99.3225</lon>
<active>1</active>
</city>
<city>
<id>408787</id>
<name>Pittsburg</name>
<state>KS</state>
<rating>3</rating>
<url>http://www.greatschools.org/city/Pittsburg/KS</url>
<lat>37.4061</lat>
<lon>-94.7003</lon>
<active>1</active>
</city>
<city>
<id>408990</id>
<name>Plains</name>
<state>KS</state>
<rating>6</rating>
<url>http://www.greatschools.org/city/Plains/KS</url>
<lat>37.2625</lat>
<lon>-100.593</lon>
<active>1</active>
</city>
<city>
<id>408847</id>
<name>Plainville</name>
<state>KS</state>
<rating>5</rating>
<url>http://www.greatschools.org/city/Plainville/KS</url>
<lat>39.2308</lat>
<lon>-99.3027</lon>
<active>1</active>
</city>
<city>
<id>408922</id>
<name>Pleasanton</name>
<state>KS</state>
<rating>3</rating>
<url>http://www.greatschools.org/city/Pleasanton/KS</url>
<lat>38.176</lat>
<lon>-94.7131</lon>
<active>1</active>
</city>
<city>
<id>408814</id>
<name>Pomona</name>
<state>KS</state>
<rating>7</rating>
<url>http://www.greatschools.org/city/Pomona/KS</url>
<lat>38.6099</lat>
<lon>-95.451</lon>
<active>1</active>
</city>
<city>
<id>409060</id>
<name>Potwin</name>
<state>KS</state>
<rating>7</rating>
<url>http://www.greatschools.org/city/Potwin/KS</url>
<lat>37.9391</lat>
<lon>-97.0184</lon>
<active>1</active>
</city>
<city>
<id>444096</id>
<name>Powhattan</name>
<state>KS</state>
<rating/>
<url>http://www.greatschools.org/city/Powhattan/KS</url>
<lat>39.7615</lat>
<lon>-95.6344</lon>
<active>1</active>
</city>
<city>
<id>408798</id>
<name>Prairie Village</name>
<state>KS</state>
<rating/>
<url>http://www.greatschools.org/city/Prairie_Village/KS</url>
<lat>38.9896</lat>
<lon>-94.6357</lon>
<active>1</active>
</city>
<city>
<id>408805</id>
<name>Pratt</name>
<state>KS</state>
<rating>5</rating>
<url>http://www.greatschools.org/city/Pratt/KS</url>
<lat>37.6463</lat>
<lon>-98.7375</lon>
<active>1</active>
</city>
<city>
<id>408920</id>
<name>Pretty Prairie</name>
<state>KS</state>
<rating>6</rating>
<url>http://www.greatschools.org/city/Pretty_Prairie/KS</url>
<lat>37.78</lat>
<lon>-98.019</lon>
<active>1</active>
</city>
<city>
<id>409093</id>
<name>Protection</name>
<state>KS</state>
<rating>7</rating>
<url>http://www.greatschools.org/city/Protection/KS</url>
<lat>37.2004</lat>
<lon>-99.484</lon>
<active>1</active>
</city>
<city>
<id>408955</id>
<name>Quenemo</name>
<state>KS</state>
<rating>7</rating>
<url>http://www.greatschools.org/city/Quenemo/KS</url>
<lat>38.5804</lat>
<lon>-95.5283</lon>
<active>1</active>
</city>
<city>
<id>408919</id>
<name>Quinter</name>
<state>KS</state>
<rating>7</rating>
<url>http://www.greatschools.org/city/Quinter/KS</url>
<lat>39.0663</lat>
<lon>-100.238</lon>
<active>1</active>
</city>
<city>
<id>409005</id>
<name>Randall</name>
<state>KS</state>
<rating/>
<url>http://www.greatschools.org/city/Randall/KS</url>
<lat>39.6424</lat>
<lon>-98.0451</lon>
<active>1</active>
</city>
<city>
<id>408917</id>
<name>Randolph</name>
<state>KS</state>
<rating>5</rating>
<url>http://www.greatschools.org/city/Randolph/KS</url>
<lat>39.4299</lat>
<lon>-96.759</lon>
<active>1</active>
</city>
<city>
<id>408916</id>
<name>Ransom</name>
<state>KS</state>
<rating>4</rating>
<url>http://www.greatschools.org/city/Ransom/KS</url>
<lat>38.6365</lat>
<lon>-99.9324</lon>
<active>1</active>
</city>
<city>
<id>409155</id>
<name>Reading</name>
<state>KS</state>
<rating/>
<url>http://www.greatschools.org/city/Reading/KS</url>
<lat>38.5194</lat>
<lon>-95.9587</lon>
<active>1</active>
</city>
<city>
<id>408915</id>
<name>Rexford</name>
<state>KS</state>
<rating>7</rating>
<url>http://www.greatschools.org/city/Rexford/KS</url>
<lat>39.4696</lat>
<lon>-100.744</lon>
<active>1</active>
</city>
<city>
<id>409162</id>
<name>Richmond</name>
<state>KS</state>
<rating>4</rating>
<url>http://www.greatschools.org/city/Richmond/KS</url>
<lat>38.4019</lat>
<lon>-95.2531</lon>
<active>1</active>
</city>
<city>
<id>408910</id>
<name>Riley</name>
<state>KS</state>
<rating>6</rating>
<url>http://www.greatschools.org/city/Riley/KS</url>
<lat>39.2992</lat>
<lon>-96.8284</lon>
<active>1</active>
</city>
<city>
<id>408909</id>
<name>Riverton</name>
<state>KS</state>
<rating>5</rating>
<url>http://www.greatschools.org/city/Riverton/KS</url>
<lat>37.0784</lat>
<lon>-94.707</lon>
<active>1</active>
</city>
<city>
<id>408799</id>
<name>Roeland Park</name>
<state>KS</state>
<rating/>
<url>http://www.greatschools.org/city/Roeland_Park/KS</url>
<lat>39.0356</lat>
<lon>-94.6379</lon>
<active>1</active>
</city>
<city>
<id>408908</id>
<name>Rolla</name>
<state>KS</state>
<rating>5</rating>
<url>http://www.greatschools.org/city/Rolla/KS</url>
<lat>37.1181</lat>
<lon>-101.633</lon>
<active>1</active>
</city>
<city>
<id>408906</id>
<name>Rosalia</name>
<state>KS</state>
<rating>6</rating>
<url>http://www.greatschools.org/city/Rosalia/KS</url>
<lat>37.8004</lat>
<lon>-96.6364</lon>
<active>1</active>
</city>
<city>
<id>408905</id>
<name>Rose Hill</name>
<state>KS</state>
<rating>4</rating>
<url>http://www.greatschools.org/city/Rose_Hill/KS</url>
<lat>37.5684</lat>
<lon>-97.1317</lon>
<active>1</active>
</city>
<city>
<id>408999</id>
<name>Rossville</name>
<state>KS</state>
<rating>7</rating>
<url>http://www.greatschools.org/city/Rossville/KS</url>
<lat>39.1375</lat>
<lon>-95.9509</lon>
<active>1</active>
</city>
<city>
<id>408903</id>
<name>Rozel</name>
<state>KS</state>
<rating/>
<url>http://www.greatschools.org/city/Rozel/KS</url>
<lat>38.1962</lat>
<lon>-99.4022</lon>
<active>1</active>
</city>
<city>
<id>408900</id>
<name>Russell</name>
<state>KS</state>
<rating>6</rating>
<url>http://www.greatschools.org/city/Russell/KS</url>
<lat>38.8905</lat>
<lon>-98.8578</lon>
<active>1</active>
</city>
<city>
<id>446060</id>
<name>S. Hutchinson</name>
<state>KS</state>
<rating/>
<url>http://www.greatschools.org/city/S._Hutchinson/KS</url>
<lat>38.0224</lat>
<lon>-97.9379</lon>
<active>1</active>
</city>
<city>
<id>409166</id>
<name>Sabetha</name>
<state>KS</state>
<rating/>
<url>http://www.greatschools.org/city/Sabetha/KS</url>
<lat>39.9034</lat>
<lon>-95.8025</lon>
<active>1</active>
</city>
<city>
<id>408833</id>
<name>Salina</name>
<state>KS</state>
<rating>5</rating>
<url>http://www.greatschools.org/city/Salina/KS</url>
<lat>38.8207</lat>
<lon>-97.6068</lon>
<active>1</active>
</city>
<city>
<id>408899</id>
<name>Satanta</name>
<state>KS</state>
<rating>5</rating>
<url>http://www.greatschools.org/city/Satanta/KS</url>
<lat>37.4354</lat>
<lon>-100.989</lon>
<active>1</active>
</city>
<city>
<id>409091</id>
<name>Scammon</name>
<state>KS</state>
<rating/>
<url>http://www.greatschools.org/city/Scammon/KS</url>
<lat>37.2774</lat>
<lon>-94.8198</lon>
<active>1</active>
</city>
<city>
<id>409083</id>
<name>Scandia</name>
<state>KS</state>
<rating>8</rating>
<url>http://www.greatschools.org/city/Scandia/KS</url>
<lat>39.7958</lat>
<lon>-97.7832</lon>
<active>1</active>
</city>
<city>
<id>409161</id>
<name>Scott City</name>
<state>KS</state>
<rating>6</rating>
<url>http://www.greatschools.org/city/Scott_City/KS</url>
<lat>38.4785</lat>
<lon>-100.908</lon>
<active>1</active>
</city>
<city>
<id>408932</id>
<name>Scranton</name>
<state>KS</state>
<rating>8</rating>
<url>http://www.greatschools.org/city/Scranton/KS</url>
<lat>38.778</lat>
<lon>-95.7379</lon>
<active>1</active>
</city>
<city>
<id>408898</id>
<name>Sedan</name>
<state>KS</state>
<rating>5</rating>
<url>http://www.greatschools.org/city/Sedan/KS</url>
<lat>37.1278</lat>
<lon>-96.1853</lon>
<active>1</active>
</city>
<city>
<id>408897</id>
<name>Sedgwick</name>
<state>KS</state>
<rating>8</rating>
<url>http://www.greatschools.org/city/Sedgwick/KS</url>
<lat>37.9159</lat>
<lon>-97.4237</lon>
<active>1</active>
</city>
<city>
<id>408914</id>
<name>Selden</name>
<state>KS</state>
<rating>6</rating>
<url>http://www.greatschools.org/city/Selden/KS</url>
<lat>39.5408</lat>
<lon>-100.568</lon>
<active>1</active>
</city>
<city>
<id>408860</id>
<name>Seneca</name>
<state>KS</state>
<rating/>
<url>http://www.greatschools.org/city/Seneca/KS</url>
<lat>39.8348</lat>
<lon>-96.0655</lon>
<active>1</active>
</city>
<city>
<id>445015</id>
<name>Severance</name>
<state>KS</state>
<rating/>
<url>http://www.greatschools.org/city/Severance/KS</url>
<lat>39.7672</lat>
<lon>-95.25</lon>
<active>1</active>
</city>
<city>
<id>409016</id>
<name>Severy</name>
<state>KS</state>
<rating/>
<url>http://www.greatschools.org/city/Severy/KS</url>
<lat>37.623</lat>
<lon>-96.2279</lon>
<active>1</active>
</city>
<city>
<id>408896</id>
<name>Sharon Springs</name>
<state>KS</state>
<rating>8</rating>
<url>http://www.greatschools.org/city/Sharon_Springs/KS</url>
<lat>38.8956</lat>
<lon>-101.75</lon>
<active>1</active>
</city>
<city>
<id>445016</id>
<name>Shawnee</name>
<state>KS</state>
<rating/>
<url>http://www.greatschools.org/city/Shawnee/KS</url>
<lat>38.9934</lat>
<lon>-94.8618</lon>
<active>1</active>
</city>
<city>
<id>408771</id>
<name>Shawnee Mission</name>
<state>KS</state>
<rating>7</rating>
<url>http://www.greatschools.org/city/Shawnee_Mission/KS</url>
<lat>39.0159</lat>
<lon>-94.7567</lon>
<active>1</active>
</city>
<city>
<id>408895</id>
<name>Silver Lake</name>
<state>KS</state>
<rating>8</rating>
<url>http://www.greatschools.org/city/Silver_Lake/KS</url>
<lat>39.0997</lat>
<lon>-95.8562</lon>
<active>1</active>
</city>
<city>
<id>409164</id>
<name>Smith Center</name>
<state>KS</state>
<rating>7</rating>
<url>http://www.greatschools.org/city/Smith_Center/KS</url>
<lat>39.7784</lat>
<lon>-98.7842</lon>
<active>1</active>
</city>
<city>
<id>408894</id>
<name>Solomon</name>
<state>KS</state>
<rating>5</rating>
<url>http://www.greatschools.org/city/Solomon/KS</url>
<lat>38.9202</lat>
<lon>-97.3707</lon>
<active>1</active>
</city>
<city>
<id>408893</id>
<name>South Haven</name>
<state>KS</state>
<rating>5</rating>
<url>http://www.greatschools.org/city/South_Haven/KS</url>
<lat>37.05</lat>
<lon>-97.4013</lon>
<active>1</active>
</city>
<city>
<id>408942</id>
<name>South Hutchinson</name>
<state>KS</state>
<rating/>
<url>http://www.greatschools.org/city/South_Hutchinson/KS</url>
<lat>38.0263</lat>
<lon>-97.9423</lon>
<active>1</active>
</city>
<city>
<id>408892</id>
<name>Spearville</name>
<state>KS</state>
<rating>8</rating>
<url>http://www.greatschools.org/city/Spearville/KS</url>
<lat>37.8475</lat>
<lon>-99.7557</lon>
<active>1</active>
</city>
<city>
<id>408891</id>
<name>Spring Hill</name>
<state>KS</state>
<rating>7</rating>
<url>http://www.greatschools.org/city/Spring_Hill/KS</url>
<lat>38.7434</lat>
<lon>-94.8265</lon>
<active>1</active>
</city>
<city>
<id>446061</id>
<name>St Francis</name>
<state>KS</state>
<rating/>
<url>http://www.greatschools.org/city/St_Francis/KS</url>
<lat>39.7728</lat>
<lon>-101.798</lon>
<active>1</active>
</city>
<city>
<id>446062</id>
<name>St George</name>
<state>KS</state>
<rating/>
<url>http://www.greatschools.org/city/St_George/KS</url>
<lat>39.3025</lat>
<lon>-96.4389</lon>
<active>1</active>
</city>
<city>
<id>446063</id>
<name>St Marys</name>
<state>KS</state>
<rating/>
<url>http://www.greatschools.org/city/St_Marys/KS</url>
<lat>39.1888</lat>
<lon>-96.0608</lon>
<active>1</active>
</city>
<city>
<id>444469</id>
<name>St. Benedict</name>
<state>KS</state>
<rating/>
<url>http://www.greatschools.org/city/St._Benedict/KS</url>
<lat>39.8845</lat>
<lon>-96.0981</lon>
<active>1</active>
</city>
<city>
<id>408890</id>
<name>St. Francis</name>
<state>KS</state>
<rating>7</rating>
<url>http://www.greatschools.org/city/St._Francis/KS</url>
<lat>39.7723</lat>
<lon>-101.8</lon>
<active>1</active>
</city>
<city>
<id>409167</id>
<name>St. George</name>
<state>KS</state>
<rating>8</rating>
<url>http://www.greatschools.org/city/St._George/KS</url>
<lat>39.1928</lat>
<lon>-96.4186</lon>
<active>1</active>
</city>
<city>
<id>408888</id>
<name>St. John</name>
<state>KS</state>
<rating>5</rating>
<url>http://www.greatschools.org/city/St._John/KS</url>
<lat>38.0021</lat>
<lon>-98.7608</lon>
<active>1</active>
</city>
<city>
<id>408760</id>
<name>St. Paul</name>
<state>KS</state>
<rating>7</rating>
<url>http://www.greatschools.org/city/St._Paul/KS</url>
<lat>37.5178</lat>
<lon>-95.1709</lon>
<active>1</active>
</city>
<city>
<id>408887</id>
<name>Stafford</name>
<state>KS</state>
<rating>5</rating>
<url>http://www.greatschools.org/city/Stafford/KS</url>
<lat>37.9621</lat>
<lon>-98.5989</lon>
<active>1</active>
</city>
<city>
<id>445017</id>
<name>Stanley</name>
<state>KS</state>
<rating/>
<url>http://www.greatschools.org/city/Stanley/KS</url>
<lat>38.8557</lat>
<lon>-94.6747</lon>
<active>1</active>
</city>
<city>
<id>408885</id>
<name>Sterling</name>
<state>KS</state>
<rating>6</rating>
<url>http://www.greatschools.org/city/Sterling/KS</url>
<lat>38.2134</lat>
<lon>-98.2066</lon>
<active>1</active>
</city>
<city>
<id>408886</id>
<name>Stilwell</name>
<state>KS</state>
<rating>9</rating>
<url>http://www.greatschools.org/city/Stilwell/KS</url>
<lat>38.8022</lat>
<lon>-94.6509</lon>
<active>1</active>
</city>
<city>
<id>408884</id>
<name>Stockton</name>
<state>KS</state>
<rating>5</rating>
<url>http://www.greatschools.org/city/Stockton/KS</url>
<lat>39.4381</lat>
<lon>-99.2724</lon>
<active>1</active>
</city>
<city>
<id>409088</id>
<name>Strong City</name>
<state>KS</state>
<rating/>
<url>http://www.greatschools.org/city/Strong_City/KS</url>
<lat>38.3961</lat>
<lon>-96.537</lon>
<active>1</active>
</city>
<city>
<id>408824</id>
<name>Sublette</name>
<state>KS</state>
<rating>5</rating>
<url>http://www.greatschools.org/city/Sublette/KS</url>
<lat>37.479</lat>
<lon>-100.847</lon>
<active>1</active>
</city>
<city>
<id>409139</id>
<name>Summerfield</name>
<state>KS</state>
<rating/>
<url>http://www.greatschools.org/city/Summerfield/KS</url>
<lat>39.9961</lat>
<lon>-96.3507</lon>
<active>1</active>
</city>
<city>
<id>408883</id>
<name>Sylvan Grove</name>
<state>KS</state>
<rating/>
<url>http://www.greatschools.org/city/Sylvan_Grove/KS</url>
<lat>39.0129</lat>
<lon>-98.3932</lon>
<active>1</active>
</city>
<city>
<id>408983</id>
<name>Sylvia</name>
<state>KS</state>
<rating/>
<url>http://www.greatschools.org/city/Sylvia/KS</url>
<lat>37.9583</lat>
<lon>-98.4093</lon>
<active>1</active>
</city>
<city>
<id>408882</id>
<name>Syracuse</name>
<state>KS</state>
<rating>6</rating>
<url>http://www.greatschools.org/city/Syracuse/KS</url>
<lat>37.9834</lat>
<lon>-101.751</lon>
<active>1</active>
</city>
<city>
<id>408880</id>
<name>Tecumseh</name>
<state>KS</state>
<rating>4</rating>
<url>http://www.greatschools.org/city/Tecumseh/KS</url>
<lat>39.0204</lat>
<lon>-95.5608</lon>
<active>1</active>
</city>
<city>
<id>409130</id>
<name>Tescott</name>
<state>KS</state>
<rating>6</rating>
<url>http://www.greatschools.org/city/Tescott/KS</url>
<lat>39.0118</lat>
<lon>-97.8791</lon>
<active>1</active>
</city>
<city>
<id>409063</id>
<name>Thayer</name>
<state>KS</state>
<rating>7</rating>
<url>http://www.greatschools.org/city/Thayer/KS</url>
<lat>37.4879</lat>
<lon>-95.4751</lon>
<active>1</active>
</city>
<city>
<id>408848</id>
<name>Tipton</name>
<state>KS</state>
<rating/>
<url>http://www.greatschools.org/city/Tipton/KS</url>
<lat>39.3396</lat>
<lon>-98.4705</lon>
<active>1</active>
</city>
<city>
<id>408879</id>
<name>Tonganoxie</name>
<state>KS</state>
<rating>5</rating>
<url>http://www.greatschools.org/city/Tonganoxie/KS</url>
<lat>39.1077</lat>
<lon>-95.0868</lon>
<active>1</active>
</city>
<city>
<id>408763</id>
<name>Topeka</name>
<state>KS</state>
<rating>4</rating>
<url>http://www.greatschools.org/city/Topeka/KS</url>
<lat>39.0328</lat>
<lon>-95.6995</lon>
<active>1</active>
</city>
<city>
<id>408878</id>
<name>Towanda</name>
<state>KS</state>
<rating>5</rating>
<url>http://www.greatschools.org/city/Towanda/KS</url>
<lat>37.7966</lat>
<lon>-96.9977</lon>
<active>1</active>
</city>
<city>
<id>409046</id>
<name>Tribune</name>
<state>KS</state>
<rating>3</rating>
<url>http://www.greatschools.org/city/Tribune/KS</url>
<lat>38.471</lat>
<lon>-101.754</lon>
<active>1</active>
</city>
<city>
<id>408877</id>
<name>Troy</name>
<state>KS</state>
<rating>5</rating>
<url>http://www.greatschools.org/city/Troy/KS</url>
<lat>39.7862</lat>
<lon>-95.0898</lon>
<active>1</active>
</city>
<city>
<id>408828</id>
<name>Tyro</name>
<state>KS</state>
<rating/>
<url>http://www.greatschools.org/city/Tyro/KS</url>
<lat>37.0364</lat>
<lon>-95.8214</lon>
<active>1</active>
</city>
<city>
<id>408813</id>
<name>Udall</name>
<state>KS</state>
<rating>5</rating>
<url>http://www.greatschools.org/city/Udall/KS</url>
<lat>37.3875</lat>
<lon>-97.1193</lon>
<active>1</active>
</city>
<city>
<id>408876</id>
<name>Ulysses</name>
<state>KS</state>
<rating>2</rating>
<url>http://www.greatschools.org/city/Ulysses/KS</url>
<lat>37.581</lat>
<lon>-101.358</lon>
<active>1</active>
</city>
<city>
<id>408875</id>
<name>Uniontown</name>
<state>KS</state>
<rating>8</rating>
<url>http://www.greatschools.org/city/Uniontown/KS</url>
<lat>37.8471</lat>
<lon>-94.9764</lon>
<active>1</active>
</city>
<city>
<id>408874</id>
<name>Valley Center</name>
<state>KS</state>
<rating>6</rating>
<url>http://www.greatschools.org/city/Valley_Center/KS</url>
<lat>37.8342</lat>
<lon>-97.3716</lon>
<active>1</active>
</city>
<city>
<id>408802</id>
<name>Valley Falls</name>
<state>KS</state>
<rating>8</rating>
<url>http://www.greatschools.org/city/Valley_Falls/KS</url>
<lat>39.3412</lat>
<lon>-95.4614</lon>
<active>1</active>
</city>
<city>
<id>408779</id>
<name>Vermillion</name>
<state>KS</state>
<rating/>
<url>http://www.greatschools.org/city/Vermillion/KS</url>
<lat>39.7194</lat>
<lon>-96.2671</lon>
<active>1</active>
</city>
<city>
<id>408873</id>
<name>Victoria</name>
<state>KS</state>
<rating/>
<url>http://www.greatschools.org/city/Victoria/KS</url>
<lat>38.8555</lat>
<lon>-99.1479</lon>
<active>1</active>
</city>
<city>
<id>409159</id>
<name>Wakarusa</name>
<state>KS</state>
<rating>6</rating>
<url>http://www.greatschools.org/city/Wakarusa/KS</url>
<lat>38.9036</lat>
<lon>-95.7131</lon>
<active>1</active>
</city>
<city>
<id>408872</id>
<name>WaKeeney</name>
<state>KS</state>
<rating>7</rating>
<url>http://www.greatschools.org/city/WaKeeney/KS</url>
<lat>39.0269</lat>
<lon>-99.882</lon>
<active>1</active>
</city>
<city>
<id>409097</id>
<name>Wakefield</name>
<state>KS</state>
<rating>7</rating>
<url>http://www.greatschools.org/city/Wakefield/KS</url>
<lat>39.2163</lat>
<lon>-97.0165</lon>
<active>1</active>
</city>
<city>
<id>408944</id>
<name>Walton</name>
<state>KS</state>
<rating/>
<url>http://www.greatschools.org/city/Walton/KS</url>
<lat>38.1188</lat>
<lon>-97.2568</lon>
<active>1</active>
</city>
<city>
<id>409169</id>
<name>Wamego</name>
<state>KS</state>
<rating>6</rating>
<url>http://www.greatschools.org/city/Wamego/KS</url>
<lat>39.2047</lat>
<lon>-96.3098</lon>
<active>1</active>
</city>
<city>
<id>408871</id>
<name>Washington</name>
<state>KS</state>
<rating>5</rating>
<url>http://www.greatschools.org/city/Washington/KS</url>
<lat>39.8177</lat>
<lon>-97.0532</lon>
<active>1</active>
</city>
<city>
<id>408869</id>
<name>Waterville</name>
<state>KS</state>
<rating/>
<url>http://www.greatschools.org/city/Waterville/KS</url>
<lat>39.6917</lat>
<lon>-96.7489</lon>
<active>1</active>
</city>
<city>
<id>408870</id>
<name>Wathena</name>
<state>KS</state>
<rating/>
<url>http://www.greatschools.org/city/Wathena/KS</url>
<lat>39.7632</lat>
<lon>-94.9474</lon>
<active>1</active>
</city>
<city>
<id>408866</id>
<name>Waverly</name>
<state>KS</state>
<rating>5</rating>
<url>http://www.greatschools.org/city/Waverly/KS</url>
<lat>38.3943</lat>
<lon>-95.6037</lon>
<active>1</active>
</city>
<city>
<id>408831</id>
<name>Weir</name>
<state>KS</state>
<rating>4</rating>
<url>http://www.greatschools.org/city/Weir/KS</url>
<lat>37.309</lat>
<lon>-94.7744</lon>
<active>1</active>
</city>
<city>
<id>409054</id>
<name>Welda</name>
<state>KS</state>
<rating/>
<url>http://www.greatschools.org/city/Welda/KS</url>
<lat>38.1724</lat>
<lon>-95.3144</lon>
<active>1</active>
</city>
<city>
<id>408761</id>
<name>Wellington</name>
<state>KS</state>
<rating>5</rating>
<url>http://www.greatschools.org/city/Wellington/KS</url>
<lat>37.2695</lat>
<lon>-97.3986</lon>
<active>1</active>
</city>
<city>
<id>408803</id>
<name>Wellsville</name>
<state>KS</state>
<rating>6</rating>
<url>http://www.greatschools.org/city/Wellsville/KS</url>
<lat>38.7205</lat>
<lon>-95.0814</lon>
<active>1</active>
</city>
<city>
<id>408865</id>
<name>Weskan</name>
<state>KS</state>
<rating>7</rating>
<url>http://www.greatschools.org/city/Weskan/KS</url>
<lat>38.8674</lat>
<lon>-101.956</lon>
<active>1</active>
</city>
<city>
<id>409168</id>
<name>Westmoreland</name>
<state>KS</state>
<rating>9</rating>
<url>http://www.greatschools.org/city/Westmoreland/KS</url>
<lat>39.3945</lat>
<lon>-96.4139</lon>
<active>1</active>
</city>
<city>
<id>409053</id>
<name>Westphalia</name>
<state>KS</state>
<rating>8</rating>
<url>http://www.greatschools.org/city/Westphalia/KS</url>
<lat>38.1823</lat>
<lon>-95.4918</lon>
<active>1</active>
</city>
<city>
<id>441838</id>
<name>Westwood</name>
<state>KS</state>
<rating/>
<url>http://www.greatschools.org/city/Westwood/KS</url>
<lat>39.0393</lat>
<lon>-94.6159</lon>
<active>1</active>
</city>
<city>
<id>409165</id>
<name>Wetmore</name>
<state>KS</state>
<rating/>
<url>http://www.greatschools.org/city/Wetmore/KS</url>
<lat>39.6346</lat>
<lon>-95.8106</lon>
<active>1</active>
</city>
<city>
<id>409021</id>
<name>White City</name>
<state>KS</state>
<rating>6</rating>
<url>http://www.greatschools.org/city/White_City/KS</url>
<lat>38.7948</lat>
<lon>-96.7352</lon>
<active>1</active>
</city>
<city>
<id>409059</id>
<name>Whitewater</name>
<state>KS</state>
<rating>6</rating>
<url>http://www.greatschools.org/city/Whitewater/KS</url>
<lat>37.9636</lat>
<lon>-97.1464</lon>
<active>1</active>
</city>
<city>
<id>408764</id>
<name>Wichita</name>
<state>KS</state>
<rating>3</rating>
<url>http://www.greatschools.org/city/Wichita/KS</url>
<lat>37.6858</lat>
<lon>-97.3388</lon>
<active>1</active>
</city>
<city>
<id>408921</id>
<name>Williamsburg</name>
<state>KS</state>
<rating>4</rating>
<url>http://www.greatschools.org/city/Williamsburg/KS</url>
<lat>38.4807</lat>
<lon>-95.4664</lon>
<active>1</active>
</city>
<city>
<id>409025</id>
<name>Wilson</name>
<state>KS</state>
<rating/>
<url>http://www.greatschools.org/city/Wilson/KS</url>
<lat>38.8255</lat>
<lon>-98.4756</lon>
<active>1</active>
</city>
<city>
<id>408862</id>
<name>Winchester</name>
<state>KS</state>
<rating>8</rating>
<url>http://www.greatschools.org/city/Winchester/KS</url>
<lat>39.3219</lat>
<lon>-95.2683</lon>
<active>1</active>
</city>
<city>
<id>408973</id>
<name>Windom</name>
<state>KS</state>
<rating>7</rating>
<url>http://www.greatschools.org/city/Windom/KS</url>
<lat>38.3833</lat>
<lon>-97.9103</lon>
<active>1</active>
</city>
<city>
<id>408777</id>
<name>Winfield</name>
<state>KS</state>
<rating>5</rating>
<url>http://www.greatschools.org/city/Winfield/KS</url>
<lat>37.2399</lat>
<lon>-96.9853</lon>
<active>1</active>
</city>
<city>
<id>409163</id>
<name>Winona</name>
<state>KS</state>
<rating/>
<url>http://www.greatschools.org/city/Winona/KS</url>
<lat>39.0623</lat>
<lon>-101.244</lon>
<active>1</active>
</city>
<city>
<id>408861</id>
<name>Yates Center</name>
<state>KS</state>
<rating>7</rating>
<url>http://www.greatschools.org/city/Yates_Center/KS</url>
<lat>37.881</lat>
<lon>-95.7316</lon>
<active>1</active>
</city>
<city>
<id>409037</id>
<name>Yoder</name>
<state>KS</state>
<rating>7</rating>
<url>http://www.greatschools.org/city/Yoder/KS</url>
<lat>37.8915</lat>
<lon>-97.7898</lon>
<active>1</active>
</city>
</greatschools-city-feed>
