<?xml version="1.0" encoding="utf-8"?><greatschools-city-feed xmlns:xsi="http://www.w3.org/2001/XMLSchema-instance" xsi:noNamespaceSchemaLocation="http://www.greatschools.org/feeds/greatschools-city2.xsd">
<city>
<id>421210</id>
<name>Alpine</name>
<state>UT</state>
<rating>8</rating>
<url>http://www.greatschools.org/city/Alpine/UT</url>
<lat>40.455</lat>
<lon>-111.772</lon>
<active>1</active>
</city>
<city>
<id>444506</id>
<name>Alta</name>
<state>UT</state>
<rating>7</rating>
<url>http://www.greatschools.org/city/Alta/UT</url>
<lat>40.5825</lat>
<lon>-111.62</lon>
<active>1</active>
</city>
<city>
<id>421295</id>
<name>Altamont</name>
<state>UT</state>
<rating>6</rating>
<url>http://www.greatschools.org/city/Altamont/UT</url>
<lat>40.3591</lat>
<lon>-110.287</lon>
<active>1</active>
</city>
<city>
<id>421163</id>
<name>American Fork</name>
<state>UT</state>
<rating>7</rating>
<url>http://www.greatschools.org/city/American_Fork/UT</url>
<lat>40.3852</lat>
<lon>-111.795</lon>
<active>1</active>
</city>
<city>
<id>421286</id>
<name>Antimony</name>
<state>UT</state>
<rating>7</rating>
<url>http://www.greatschools.org/city/Antimony/UT</url>
<lat>38.1146</lat>
<lon>-111.994</lon>
<active>1</active>
</city>
<city>
<id>421318</id>
<name>Bear River City</name>
<state>UT</state>
<rating>6</rating>
<url>http://www.greatschools.org/city/Bear_River_City/UT</url>
<lat>41.6157</lat>
<lon>-112.125</lon>
<active>1</active>
</city>
<city>
<id>421320</id>
<name>Beaver</name>
<state>UT</state>
<rating>8</rating>
<url>http://www.greatschools.org/city/Beaver/UT</url>
<lat>38.2786</lat>
<lon>-112.639</lon>
<active>1</active>
</city>
<city>
<id>421281</id>
<name>Beryl</name>
<state>UT</state>
<rating>7</rating>
<url>http://www.greatschools.org/city/Beryl/UT</url>
<lat>37.7493</lat>
<lon>-113.677</lon>
<active>1</active>
</city>
<city>
<id>421241</id>
<name>Bicknell</name>
<state>UT</state>
<rating>5</rating>
<url>http://www.greatschools.org/city/Bicknell/UT</url>
<lat>38.3414</lat>
<lon>-111.546</lon>
<active>1</active>
</city>
<city>
<id>421194</id>
<name>Big Water</name>
<state>UT</state>
<rating>9</rating>
<url>http://www.greatschools.org/city/Big_Water/UT</url>
<lat>37.0773</lat>
<lon>-111.658</lon>
<active>1</active>
</city>
<city>
<id>421260</id>
<name>Blanding</name>
<state>UT</state>
<rating>4</rating>
<url>http://www.greatschools.org/city/Blanding/UT</url>
<lat>37.6247</lat>
<lon>-109.48</lon>
<active>1</active>
</city>
<city>
<id>421264</id>
<name>Bluff</name>
<state>UT</state>
<rating>6</rating>
<url>http://www.greatschools.org/city/Bluff/UT</url>
<lat>37.2828</lat>
<lon>-109.558</lon>
<active>1</active>
</city>
<city>
<id>421172</id>
<name>Bluffdale</name>
<state>UT</state>
<rating>6</rating>
<url>http://www.greatschools.org/city/Bluffdale/UT</url>
<lat>40.4864</lat>
<lon>-111.954</lon>
<active>1</active>
</city>
<city>
<id>421282</id>
<name>Boulder</name>
<state>UT</state>
<rating>8</rating>
<url>http://www.greatschools.org/city/Boulder/UT</url>
<lat>37.9185</lat>
<lon>-111.427</lon>
<active>1</active>
</city>
<city>
<id>421200</id>
<name>Bountiful</name>
<state>UT</state>
<rating>7</rating>
<url>http://www.greatschools.org/city/Bountiful/UT</url>
<lat>40.8778</lat>
<lon>-111.873</lon>
<active>1</active>
</city>
<city>
<id>421208</id>
<name>Brigham City</name>
<state>UT</state>
<rating>5</rating>
<url>http://www.greatschools.org/city/Brigham_City/UT</url>
<lat>41.5098</lat>
<lon>-112.015</lon>
<active>1</active>
</city>
<city>
<id>421290</id>
<name>Castle Dale</name>
<state>UT</state>
<rating>5</rating>
<url>http://www.greatschools.org/city/Castle_Dale/UT</url>
<lat>39.2181</lat>
<lon>-111.021</lon>
<active>1</active>
</city>
<city>
<id>421236</id>
<name>Castle Valley</name>
<state>UT</state>
<rating/>
<url>http://www.greatschools.org/city/Castle_Valley/UT</url>
<lat>38.6374</lat>
<lon>-109.408</lon>
<active>1</active>
</city>
<city>
<id>421174</id>
<name>Cedar City</name>
<state>UT</state>
<rating>7</rating>
<url>http://www.greatschools.org/city/Cedar_City/UT</url>
<lat>37.6812</lat>
<lon>-113.071</lon>
<active>1</active>
</city>
<city>
<id>421322</id>
<name>Cedar Fort</name>
<state>UT</state>
<rating>2</rating>
<url>http://www.greatschools.org/city/Cedar_Fort/UT</url>
<lat>40.3277</lat>
<lon>-112.105</lon>
<active>1</active>
</city>
<city>
<id>421223</id>
<name>Cedar Hills</name>
<state>UT</state>
<rating>9</rating>
<url>http://www.greatschools.org/city/Cedar_Hills/UT</url>
<lat>40.4132</lat>
<lon>-111.762</lon>
<active>1</active>
</city>
<city>
<id>445720</id>
<name>Centerfield</name>
<state>UT</state>
<rating/>
<url>http://www.greatschools.org/city/Centerfield/UT</url>
<lat>39.1319</lat>
<lon>-111.813</lon>
<active>1</active>
</city>
<city>
<id>421231</id>
<name>Centerville</name>
<state>UT</state>
<rating>8</rating>
<url>http://www.greatschools.org/city/Centerville/UT</url>
<lat>40.9275</lat>
<lon>-111.879</lon>
<active>1</active>
</city>
<city>
<id>421268</id>
<name>Circleville</name>
<state>UT</state>
<rating>7</rating>
<url>http://www.greatschools.org/city/Circleville/UT</url>
<lat>38.1711</lat>
<lon>-112.273</lon>
<active>1</active>
</city>
<city>
<id>421201</id>
<name>Clearfield</name>
<state>UT</state>
<rating>4</rating>
<url>http://www.greatschools.org/city/Clearfield/UT</url>
<lat>41.1059</lat>
<lon>-112.023</lon>
<active>1</active>
</city>
<city>
<id>421292</id>
<name>Cleveland</name>
<state>UT</state>
<rating>8</rating>
<url>http://www.greatschools.org/city/Cleveland/UT</url>
<lat>39.3494</lat>
<lon>-110.856</lon>
<active>1</active>
</city>
<city>
<id>421296</id>
<name>Clinton</name>
<state>UT</state>
<rating>5</rating>
<url>http://www.greatschools.org/city/Clinton/UT</url>
<lat>41.1392</lat>
<lon>-112.054</lon>
<active>1</active>
</city>
<city>
<id>421269</id>
<name>Coalville</name>
<state>UT</state>
<rating>7</rating>
<url>http://www.greatschools.org/city/Coalville/UT</url>
<lat>40.9158</lat>
<lon>-111.393</lon>
<active>1</active>
</city>
<city>
<id>421317</id>
<name>Corinne</name>
<state>UT</state>
<rating/>
<url>http://www.greatschools.org/city/Corinne/UT</url>
<lat>41.5494</lat>
<lon>-112.114</lon>
<active>1</active>
</city>
<city>
<id>445721</id>
<name>Cottonwd Hgts</name>
<state>UT</state>
<rating/>
<url>http://www.greatschools.org/city/Cottonwd_Hgts/UT</url>
<lat>40.6211</lat>
<lon>-111.817</lon>
<active>1</active>
</city>
<city>
<id>443316</id>
<name>Cottonwood Heights</name>
<state>UT</state>
<rating>7</rating>
<url>http://www.greatschools.org/city/Cottonwood_Heights/UT</url>
<lat>40.6164</lat>
<lon>-111.82</lon>
<active>1</active>
</city>
<city>
<id>444269</id>
<name>Daper</name>
<state>UT</state>
<rating/>
<url>http://www.greatschools.org/city/Daper/UT</url>
<lat>40.5136</lat>
<lon>-111.892</lon>
<active>1</active>
</city>
<city>
<id>421150</id>
<name>Delta</name>
<state>UT</state>
<rating/>
<url>http://www.greatschools.org/city/Delta/UT</url>
<lat>39.3522</lat>
<lon>-112.573</lon>
<active>1</active>
</city>
<city>
<id>421171</id>
<name>Draper</name>
<state>UT</state>
<rating>8</rating>
<url>http://www.greatschools.org/city/Draper/UT</url>
<lat>40.5121</lat>
<lon>-111.876</lon>
<active>1</active>
</city>
<city>
<id>421175</id>
<name>Duchesne</name>
<state>UT</state>
<rating>5</rating>
<url>http://www.greatschools.org/city/Duchesne/UT</url>
<lat>40.1648</lat>
<lon>-110.399</lon>
<active>1</active>
</city>
<city>
<id>421252</id>
<name>Dugway</name>
<state>UT</state>
<rating>5</rating>
<url>http://www.greatschools.org/city/Dugway/UT</url>
<lat>40.2319</lat>
<lon>-112.757</lon>
<active>1</active>
</city>
<city>
<id>421301</id>
<name>Dutch John</name>
<state>UT</state>
<rating>8</rating>
<url>http://www.greatschools.org/city/Dutch_John/UT</url>
<lat>40.9192</lat>
<lon>-109.391</lon>
<active>1</active>
</city>
<city>
<id>421162</id>
<name>Eagle Mountain</name>
<state>UT</state>
<rating>6</rating>
<url>http://www.greatschools.org/city/Eagle_Mountain/UT</url>
<lat>40.3291</lat>
<lon>-112.0</lon>
<active>1</active>
</city>
<city>
<id>446373</id>
<name>East Layton</name>
<state>UT</state>
<rating/>
<url>http://www.greatschools.org/city/East_Layton/UT</url>
<lat>41.0809</lat>
<lon>-111.917</lon>
<active>1</active>
</city>
<city>
<id>421238</id>
<name>Eden</name>
<state>UT</state>
<rating>7</rating>
<url>http://www.greatschools.org/city/Eden/UT</url>
<lat>41.3321</lat>
<lon>-111.849</lon>
<active>1</active>
</city>
<city>
<id>421279</id>
<name>Enoch</name>
<state>UT</state>
<rating>2</rating>
<url>http://www.greatschools.org/city/Enoch/UT</url>
<lat>37.7626</lat>
<lon>-113.035</lon>
<active>1</active>
</city>
<city>
<id>421246</id>
<name>Enterprise</name>
<state>UT</state>
<rating>7</rating>
<url>http://www.greatschools.org/city/Enterprise/UT</url>
<lat>37.57</lat>
<lon>-113.718</lon>
<active>1</active>
</city>
<city>
<id>421146</id>
<name>Ephraim</name>
<state>UT</state>
<rating>7</rating>
<url>http://www.greatschools.org/city/Ephraim/UT</url>
<lat>39.3596</lat>
<lon>-111.583</lon>
<active>1</active>
</city>
<city>
<id>444023</id>
<name>Erda</name>
<state>UT</state>
<rating/>
<url>http://www.greatschools.org/city/Erda/UT</url>
<lat>40.6126</lat>
<lon>-112.309</lon>
<active>1</active>
</city>
<city>
<id>421284</id>
<name>Escalante</name>
<state>UT</state>
<rating>7</rating>
<url>http://www.greatschools.org/city/Escalante/UT</url>
<lat>37.7677</lat>
<lon>-111.601</lon>
<active>1</active>
</city>
<city>
<id>421227</id>
<name>Eskdale</name>
<state>UT</state>
<rating>9</rating>
<url>http://www.greatschools.org/city/Eskdale/UT</url>
<lat>39.1072</lat>
<lon>-113.952</lon>
<active>1</active>
</city>
<city>
<id>421254</id>
<name>Eureka</name>
<state>UT</state>
<rating>5</rating>
<url>http://www.greatschools.org/city/Eureka/UT</url>
<lat>39.9558</lat>
<lon>-112.116</lon>
<active>1</active>
</city>
<city>
<id>421273</id>
<name>Fairview</name>
<state>UT</state>
<rating>6</rating>
<url>http://www.greatschools.org/city/Fairview/UT</url>
<lat>39.6294</lat>
<lon>-111.437</lon>
<active>1</active>
</city>
<city>
<id>421151</id>
<name>Farmington</name>
<state>UT</state>
<rating/>
<url>http://www.greatschools.org/city/Farmington/UT</url>
<lat>40.9865</lat>
<lon>-111.896</lon>
<active>1</active>
</city>
<city>
<id>443315</id>
<name>Farr West</name>
<state>UT</state>
<rating/>
<url>http://www.greatschools.org/city/Farr_West/UT</url>
<lat>41.291</lat>
<lon>-112.03</lon>
<active>1</active>
</city>
<city>
<id>421287</id>
<name>Ferron</name>
<state>UT</state>
<rating>8</rating>
<url>http://www.greatschools.org/city/Ferron/UT</url>
<lat>39.0901</lat>
<lon>-111.135</lon>
<active>1</active>
</city>
<city>
<id>421316</id>
<name>Fielding</name>
<state>UT</state>
<rating>7</rating>
<url>http://www.greatschools.org/city/Fielding/UT</url>
<lat>41.8124</lat>
<lon>-112.117</lon>
<active>1</active>
</city>
<city>
<id>421277</id>
<name>Fillmore</name>
<state>UT</state>
<rating>7</rating>
<url>http://www.greatschools.org/city/Fillmore/UT</url>
<lat>38.9679</lat>
<lon>-112.326</lon>
<active>1</active>
</city>
<city>
<id>421224</id>
<name>Fort Duchesne</name>
<state>UT</state>
<rating>1</rating>
<url>http://www.greatschools.org/city/Fort_Duchesne/UT</url>
<lat>40.2952</lat>
<lon>-109.865</lon>
<active>1</active>
</city>
<city>
<id>421270</id>
<name>Fountain Green</name>
<state>UT</state>
<rating>5</rating>
<url>http://www.greatschools.org/city/Fountain_Green/UT</url>
<lat>39.6281</lat>
<lon>-111.64</lon>
<active>1</active>
</city>
<city>
<id>443560</id>
<name>Francis</name>
<state>UT</state>
<rating/>
<url>http://www.greatschools.org/city/Francis/UT</url>
<lat>40.6103</lat>
<lon>-111.276</lon>
<active>1</active>
</city>
<city>
<id>443314</id>
<name>Garden City</name>
<state>UT</state>
<rating/>
<url>http://www.greatschools.org/city/Garden_City/UT</url>
<lat>41.9318</lat>
<lon>-111.408</lon>
<active>1</active>
</city>
<city>
<id>421315</id>
<name>Garland</name>
<state>UT</state>
<rating>6</rating>
<url>http://www.greatschools.org/city/Garland/UT</url>
<lat>41.7368</lat>
<lon>-112.163</lon>
<active>1</active>
</city>
<city>
<id>421192</id>
<name>Garrison</name>
<state>UT</state>
<rating>8</rating>
<url>http://www.greatschools.org/city/Garrison/UT</url>
<lat>39.1128</lat>
<lon>-113.945</lon>
<active>1</active>
</city>
<city>
<id>443313</id>
<name>Genola</name>
<state>UT</state>
<rating/>
<url>http://www.greatschools.org/city/Genola/UT</url>
<lat>39.9994</lat>
<lon>-111.839</lon>
<active>1</active>
</city>
<city>
<id>421189</id>
<name>Goshen</name>
<state>UT</state>
<rating>7</rating>
<url>http://www.greatschools.org/city/Goshen/UT</url>
<lat>39.9515</lat>
<lon>-111.901</lon>
<active>1</active>
</city>
<city>
<id>421167</id>
<name>Grantsville</name>
<state>UT</state>
<rating>5</rating>
<url>http://www.greatschools.org/city/Grantsville/UT</url>
<lat>40.5975</lat>
<lon>-112.461</lon>
<active>1</active>
</city>
<city>
<id>421289</id>
<name>Green River</name>
<state>UT</state>
<rating>4</rating>
<url>http://www.greatschools.org/city/Green_River/UT</url>
<lat>38.9958</lat>
<lon>-110.158</lon>
<active>1</active>
</city>
<city>
<id>421207</id>
<name>Grouse Creek</name>
<state>UT</state>
<rating>7</rating>
<url>http://www.greatschools.org/city/Grouse_Creek/UT</url>
<lat>41.6377</lat>
<lon>-113.882</lon>
<active>1</active>
</city>
<city>
<id>421229</id>
<name>Gunnison</name>
<state>UT</state>
<rating>7</rating>
<url>http://www.greatschools.org/city/Gunnison/UT</url>
<lat>39.1533</lat>
<lon>-111.815</lon>
<active>1</active>
</city>
<city>
<id>421242</id>
<name>Hanksville</name>
<state>UT</state>
<rating>5</rating>
<url>http://www.greatschools.org/city/Hanksville/UT</url>
<lat>38.015</lat>
<lon>-110.795</lon>
<active>1</active>
</city>
<city>
<id>421185</id>
<name>Harrisville</name>
<state>UT</state>
<rating>7</rating>
<url>http://www.greatschools.org/city/Harrisville/UT</url>
<lat>41.2867</lat>
<lon>-111.986</lon>
<active>1</active>
</city>
<city>
<id>421228</id>
<name>Heber City</name>
<state>UT</state>
<rating>6</rating>
<url>http://www.greatschools.org/city/Heber_City/UT</url>
<lat>40.4973</lat>
<lon>-111.397</lon>
<active>1</active>
</city>
<city>
<id>421303</id>
<name>Helper</name>
<state>UT</state>
<rating>5</rating>
<url>http://www.greatschools.org/city/Helper/UT</url>
<lat>39.6887</lat>
<lon>-110.86</lon>
<active>1</active>
</city>
<city>
<id>421170</id>
<name>Herriman</name>
<state>UT</state>
<rating>7</rating>
<url>http://www.greatschools.org/city/Herriman/UT</url>
<lat>40.5141</lat>
<lon>-112.025</lon>
<active>1</active>
</city>
<city>
<id>421211</id>
<name>Highland</name>
<state>UT</state>
<rating>9</rating>
<url>http://www.greatschools.org/city/Highland/UT</url>
<lat>40.4234</lat>
<lon>-111.794</lon>
<active>1</active>
</city>
<city>
<id>421220</id>
<name>Holladay</name>
<state>UT</state>
<rating/>
<url>http://www.greatschools.org/city/Holladay/UT</url>
<lat>40.6576</lat>
<lon>-111.82</lon>
<active>1</active>
</city>
<city>
<id>443312</id>
<name>Honeyville</name>
<state>UT</state>
<rating/>
<url>http://www.greatschools.org/city/Honeyville/UT</url>
<lat>41.6372</lat>
<lon>-112.077</lon>
<active>1</active>
</city>
<city>
<id>421221</id>
<name>Hooper</name>
<state>UT</state>
<rating>5</rating>
<url>http://www.greatschools.org/city/Hooper/UT</url>
<lat>41.1732</lat>
<lon>-112.121</lon>
<active>1</active>
</city>
<city>
<id>421314</id>
<name>Howell</name>
<state>UT</state>
<rating/>
<url>http://www.greatschools.org/city/Howell/UT</url>
<lat>41.7784</lat>
<lon>-112.442</lon>
<active>1</active>
</city>
<city>
<id>421288</id>
<name>Huntington</name>
<state>UT</state>
<rating>7</rating>
<url>http://www.greatschools.org/city/Huntington/UT</url>
<lat>39.3281</lat>
<lon>-110.965</lon>
<active>1</active>
</city>
<city>
<id>421239</id>
<name>Huntsville</name>
<state>UT</state>
<rating/>
<url>http://www.greatschools.org/city/Huntsville/UT</url>
<lat>41.2601</lat>
<lon>-111.773</lon>
<active>1</active>
</city>
<city>
<id>421244</id>
<name>Hurricane</name>
<state>UT</state>
<rating>7</rating>
<url>http://www.greatschools.org/city/Hurricane/UT</url>
<lat>37.1739</lat>
<lon>-113.318</lon>
<active>1</active>
</city>
<city>
<id>421306</id>
<name>Hyde Park</name>
<state>UT</state>
<rating>8</rating>
<url>http://www.greatschools.org/city/Hyde_Park/UT</url>
<lat>41.8008</lat>
<lon>-111.813</lon>
<active>1</active>
</city>
<city>
<id>421179</id>
<name>Hyrum</name>
<state>UT</state>
<rating>8</rating>
<url>http://www.greatschools.org/city/Hyrum/UT</url>
<lat>41.6324</lat>
<lon>-111.848</lon>
<active>1</active>
</city>
<city>
<id>421251</id>
<name>Ibapah</name>
<state>UT</state>
<rating>5</rating>
<url>http://www.greatschools.org/city/Ibapah/UT</url>
<lat>40.5617</lat>
<lon>-113.982</lon>
<active>1</active>
</city>
<city>
<id>421225</id>
<name>Ivins</name>
<state>UT</state>
<rating>7</rating>
<url>http://www.greatschools.org/city/Ivins/UT</url>
<lat>37.1649</lat>
<lon>-113.677</lon>
<active>1</active>
</city>
<city>
<id>421267</id>
<name>Junction</name>
<state>UT</state>
<rating>8</rating>
<url>http://www.greatschools.org/city/Junction/UT</url>
<lat>38.239</lat>
<lon>-112.221</lon>
<active>1</active>
</city>
<city>
<id>421255</id>
<name>Kamas</name>
<state>UT</state>
<rating>8</rating>
<url>http://www.greatschools.org/city/Kamas/UT</url>
<lat>40.6413</lat>
<lon>-111.278</lon>
<active>1</active>
</city>
<city>
<id>421183</id>
<name>Kanab</name>
<state>UT</state>
<rating>7</rating>
<url>http://www.greatschools.org/city/Kanab/UT</url>
<lat>37.0364</lat>
<lon>-112.532</lon>
<active>1</active>
</city>
<city>
<id>421199</id>
<name>Kaysville</name>
<state>UT</state>
<rating>8</rating>
<url>http://www.greatschools.org/city/Kaysville/UT</url>
<lat>41.0313</lat>
<lon>-111.936</lon>
<active>1</active>
</city>
<city>
<id>421197</id>
<name>Kearns</name>
<state>UT</state>
<rating>2</rating>
<url>http://www.greatschools.org/city/Kearns/UT</url>
<lat>40.6518</lat>
<lon>-112.009</lon>
<active>1</active>
</city>
<city>
<id>421235</id>
<name>Koosharem</name>
<state>UT</state>
<rating>7</rating>
<url>http://www.greatschools.org/city/Koosharem/UT</url>
<lat>38.5098</lat>
<lon>-111.88</lon>
<active>1</active>
</city>
<city>
<id>444270</id>
<name>La Point</name>
<state>UT</state>
<rating>2</rating>
<url>http://www.greatschools.org/city/La_Point/UT</url>
<lat>40.3894</lat>
<lon>-109.843</lon>
<active>1</active>
</city>
<city>
<id>421263</id>
<name>La Sal</name>
<state>UT</state>
<rating>5</rating>
<url>http://www.greatschools.org/city/La_Sal/UT</url>
<lat>38.2999</lat>
<lon>-109.268</lon>
<active>1</active>
</city>
<city>
<id>421234</id>
<name>La Verkin</name>
<state>UT</state>
<rating>6</rating>
<url>http://www.greatschools.org/city/La_Verkin/UT</url>
<lat>37.2055</lat>
<lon>-113.273</lon>
<active>1</active>
</city>
<city>
<id>421193</id>
<name>Lake Powell</name>
<state>UT</state>
<rating>3</rating>
<url>http://www.greatschools.org/city/Lake_Powell/UT</url>
<lat>37.546</lat>
<lon>-110.242</lon>
<active>1</active>
</city>
<city>
<id>421265</id>
<name>Laketown</name>
<state>UT</state>
<rating>8</rating>
<url>http://www.greatschools.org/city/Laketown/UT</url>
<lat>41.8231</lat>
<lon>-111.32</lon>
<active>1</active>
</city>
<city>
<id>421177</id>
<name>Layton</name>
<state>UT</state>
<rating>6</rating>
<url>http://www.greatschools.org/city/Layton/UT</url>
<lat>41.0791</lat>
<lon>-111.958</lon>
<active>1</active>
</city>
<city>
<id>421161</id>
<name>Lehi</name>
<state>UT</state>
<rating>7</rating>
<url>http://www.greatschools.org/city/Lehi/UT</url>
<lat>40.4025</lat>
<lon>-111.855</lon>
<active>1</active>
</city>
<city>
<id>421309</id>
<name>Lewiston</name>
<state>UT</state>
<rating>8</rating>
<url>http://www.greatschools.org/city/Lewiston/UT</url>
<lat>41.9692</lat>
<lon>-111.873</lon>
<active>1</active>
</city>
<city>
<id>421152</id>
<name>Lindon</name>
<state>UT</state>
<rating>7</rating>
<url>http://www.greatschools.org/city/Lindon/UT</url>
<lat>40.3414</lat>
<lon>-111.708</lon>
<active>1</active>
</city>
<city>
<id>421212</id>
<name>Loa</name>
<state>UT</state>
<rating>7</rating>
<url>http://www.greatschools.org/city/Loa/UT</url>
<lat>38.4028</lat>
<lon>-111.644</lon>
<active>1</active>
</city>
<city>
<id>421147</id>
<name>Logan</name>
<state>UT</state>
<rating>6</rating>
<url>http://www.greatschools.org/city/Logan/UT</url>
<lat>41.7402</lat>
<lon>-111.825</lon>
<active>1</active>
</city>
<city>
<id>421217</id>
<name>Magna</name>
<state>UT</state>
<rating>3</rating>
<url>http://www.greatschools.org/city/Magna/UT</url>
<lat>40.6996</lat>
<lon>-112.085</lon>
<active>1</active>
</city>
<city>
<id>421300</id>
<name>Manila</name>
<state>UT</state>
<rating>5</rating>
<url>http://www.greatschools.org/city/Manila/UT</url>
<lat>40.9918</lat>
<lon>-109.722</lon>
<active>1</active>
</city>
<city>
<id>421186</id>
<name>Manti</name>
<state>UT</state>
<rating/>
<url>http://www.greatschools.org/city/Manti/UT</url>
<lat>39.2647</lat>
<lon>-111.637</lon>
<active>1</active>
</city>
<city>
<id>421190</id>
<name>Mapleton</name>
<state>UT</state>
<rating>8</rating>
<url>http://www.greatschools.org/city/Mapleton/UT</url>
<lat>40.1356</lat>
<lon>-111.58</lon>
<active>1</active>
</city>
<city>
<id>446374</id>
<name>Marriott-Slaterville City</name>
<state>UT</state>
<rating/>
<url>http://www.greatschools.org/city/Marriott-Slaterville_City/UT</url>
<lat>41.2694</lat>
<lon>-112.016</lon>
<active>1</active>
</city>
<city>
<id>421222</id>
<name>Marysvale</name>
<state>UT</state>
<rating>6</rating>
<url>http://www.greatschools.org/city/Marysvale/UT</url>
<lat>38.4457</lat>
<lon>-112.239</lon>
<active>1</active>
</city>
<city>
<id>444184</id>
<name>Mendon</name>
<state>UT</state>
<rating>9</rating>
<url>http://www.greatschools.org/city/Mendon/UT</url>
<lat>41.7108</lat>
<lon>-111.978</lon>
<active>1</active>
</city>
<city>
<id>421262</id>
<name>Mexican Hat</name>
<state>UT</state>
<rating/>
<url>http://www.greatschools.org/city/Mexican_Hat/UT</url>
<lat>37.1637</lat>
<lon>-109.852</lon>
<active>1</active>
</city>
<city>
<id>421148</id>
<name>Midvale</name>
<state>UT</state>
<rating>4</rating>
<url>http://www.greatschools.org/city/Midvale/UT</url>
<lat>40.615</lat>
<lon>-111.887</lon>
<active>1</active>
</city>
<city>
<id>421226</id>
<name>Midway</name>
<state>UT</state>
<rating>7</rating>
<url>http://www.greatschools.org/city/Midway/UT</url>
<lat>40.515</lat>
<lon>-111.472</lon>
<active>1</active>
</city>
<city>
<id>421319</id>
<name>Milford</name>
<state>UT</state>
<rating>7</rating>
<url>http://www.greatschools.org/city/Milford/UT</url>
<lat>38.3968</lat>
<lon>-113.015</lon>
<active>1</active>
</city>
<city>
<id>445723</id>
<name>Millcreek</name>
<state>UT</state>
<rating/>
<url>http://www.greatschools.org/city/Millcreek/UT</url>
<lat>40.6952</lat>
<lon>-111.849</lon>
<active>1</active>
</city>
<city>
<id>421307</id>
<name>Millville</name>
<state>UT</state>
<rating>10</rating>
<url>http://www.greatschools.org/city/Millville/UT</url>
<lat>41.6833</lat>
<lon>-111.82</lon>
<active>1</active>
</city>
<city>
<id>421209</id>
<name>Minersville</name>
<state>UT</state>
<rating>9</rating>
<url>http://www.greatschools.org/city/Minersville/UT</url>
<lat>38.2139</lat>
<lon>-112.926</lon>
<active>1</active>
</city>
<city>
<id>421149</id>
<name>Moab</name>
<state>UT</state>
<rating>5</rating>
<url>http://www.greatschools.org/city/Moab/UT</url>
<lat>38.5739</lat>
<lon>-109.551</lon>
<active>1</active>
</city>
<city>
<id>421173</id>
<name>Mona</name>
<state>UT</state>
<rating>8</rating>
<url>http://www.greatschools.org/city/Mona/UT</url>
<lat>39.8166</lat>
<lon>-111.856</lon>
<active>1</active>
</city>
<city>
<id>421257</id>
<name>Monroe</name>
<state>UT</state>
<rating>7</rating>
<url>http://www.greatschools.org/city/Monroe/UT</url>
<lat>38.6292</lat>
<lon>-112.12</lon>
<active>1</active>
</city>
<city>
<id>421259</id>
<name>Montezuma Creek</name>
<state>UT</state>
<rating>3</rating>
<url>http://www.greatschools.org/city/Montezuma_Creek/UT</url>
<lat>37.2638</lat>
<lon>-109.305</lon>
<active>1</active>
</city>
<city>
<id>421261</id>
<name>Monticello</name>
<state>UT</state>
<rating>8</rating>
<url>http://www.greatschools.org/city/Monticello/UT</url>
<lat>37.871</lat>
<lon>-109.343</lon>
<active>1</active>
</city>
<city>
<id>421232</id>
<name>Monument Valley</name>
<state>UT</state>
<rating>2</rating>
<url>http://www.greatschools.org/city/Monument_Valley/UT</url>
<lat>37.0566</lat>
<lon>-110.416</lon>
<active>1</active>
</city>
<city>
<id>421276</id>
<name>Morgan</name>
<state>UT</state>
<rating>8</rating>
<url>http://www.greatschools.org/city/Morgan/UT</url>
<lat>41.039</lat>
<lon>-111.678</lon>
<active>1</active>
</city>
<city>
<id>421272</id>
<name>Moroni</name>
<state>UT</state>
<rating>6</rating>
<url>http://www.greatschools.org/city/Moroni/UT</url>
<lat>39.5271</lat>
<lon>-111.584</lon>
<active>1</active>
</city>
<city>
<id>421188</id>
<name>Mount Pleasant</name>
<state>UT</state>
<rating>5</rating>
<url>http://www.greatschools.org/city/Mount_Pleasant/UT</url>
<lat>39.5444</lat>
<lon>-111.455</lon>
<active>1</active>
</city>
<city>
<id>444183</id>
<name>Mountain Green</name>
<state>UT</state>
<rating>9</rating>
<url>http://www.greatschools.org/city/Mountain_Green/UT</url>
<lat>41.0388</lat>
<lon>-111.714</lon>
<active>1</active>
</city>
<city>
<id>446375</id>
<name>Mt Pleasant</name>
<state>UT</state>
<rating/>
<url>http://www.greatschools.org/city/Mt_Pleasant/UT</url>
<lat>39.5461</lat>
<lon>-111.454</lon>
<active>1</active>
</city>
<city>
<id>421237</id>
<name>Murray</name>
<state>UT</state>
<rating>5</rating>
<url>http://www.greatschools.org/city/Murray/UT</url>
<lat>40.6504</lat>
<lon>-111.893</lon>
<active>1</active>
</city>
<city>
<id>421198</id>
<name>Myton</name>
<state>UT</state>
<rating>4</rating>
<url>http://www.greatschools.org/city/Myton/UT</url>
<lat>40.1957</lat>
<lon>-110.064</lon>
<active>1</active>
</city>
<city>
<id>446376</id>
<name>Navajo Mt</name>
<state>UT</state>
<rating/>
<url>http://www.greatschools.org/city/Navajo_Mt/UT</url>
<lat>37.386</lat>
<lon>-109.226</lon>
<active>1</active>
</city>
<city>
<id>421294</id>
<name>Neola</name>
<state>UT</state>
<rating>5</rating>
<url>http://www.greatschools.org/city/Neola/UT</url>
<lat>40.4359</lat>
<lon>-110.036</lon>
<active>1</active>
</city>
<city>
<id>421195</id>
<name>Nephi</name>
<state>UT</state>
<rating>6</rating>
<url>http://www.greatschools.org/city/Nephi/UT</url>
<lat>39.7116</lat>
<lon>-111.831</lon>
<active>1</active>
</city>
<city>
<id>421178</id>
<name>Nibley</name>
<state>UT</state>
<rating>10</rating>
<url>http://www.greatschools.org/city/Nibley/UT</url>
<lat>41.6713</lat>
<lon>-111.84</lon>
<active>1</active>
</city>
<city>
<id>421205</id>
<name>North Logan</name>
<state>UT</state>
<rating>8</rating>
<url>http://www.greatschools.org/city/North_Logan/UT</url>
<lat>41.7721</lat>
<lon>-111.811</lon>
<active>1</active>
</city>
<city>
<id>443310</id>
<name>North Ogden</name>
<state>UT</state>
<rating/>
<url>http://www.greatschools.org/city/North_Ogden/UT</url>
<lat>41.3102</lat>
<lon>-111.959</lon>
<active>1</active>
</city>
<city>
<id>421176</id>
<name>North Salt Lake</name>
<state>UT</state>
<rating>6</rating>
<url>http://www.greatschools.org/city/North_Salt_Lake/UT</url>
<lat>40.8442</lat>
<lon>-111.901</lon>
<active>1</active>
</city>
<city>
<id>421181</id>
<name>Oakley</name>
<state>UT</state>
<rating/>
<url>http://www.greatschools.org/city/Oakley/UT</url>
<lat>40.7161</lat>
<lon>-111.289</lon>
<active>1</active>
</city>
<city>
<id>421141</id>
<name>Ogden</name>
<state>UT</state>
<rating>4</rating>
<url>http://www.greatschools.org/city/Ogden/UT</url>
<lat>41.229</lat>
<lon>-111.958</lon>
<active>1</active>
</city>
<city>
<id>446377</id>
<name>Oljato-Monument Valley</name>
<state>UT</state>
<rating/>
<url>http://www.greatschools.org/city/Oljato-Monument_Valley/UT</url>
<lat>37.0106</lat>
<lon>-110.243</lon>
<active>1</active>
</city>
<city>
<id>421291</id>
<name>Orangeville</name>
<state>UT</state>
<rating>7</rating>
<url>http://www.greatschools.org/city/Orangeville/UT</url>
<lat>39.2286</lat>
<lon>-111.055</lon>
<active>1</active>
</city>
<city>
<id>421278</id>
<name>Orderville</name>
<state>UT</state>
<rating>7</rating>
<url>http://www.greatschools.org/city/Orderville/UT</url>
<lat>37.265</lat>
<lon>-112.649</lon>
<active>1</active>
</city>
<city>
<id>421142</id>
<name>Orem</name>
<state>UT</state>
<rating>7</rating>
<url>http://www.greatschools.org/city/Orem/UT</url>
<lat>40.2998</lat>
<lon>-111.698</lon>
<active>1</active>
</city>
<city>
<id>421283</id>
<name>Panguitch</name>
<state>UT</state>
<rating>8</rating>
<url>http://www.greatschools.org/city/Panguitch/UT</url>
<lat>37.8227</lat>
<lon>-112.435</lon>
<active>1</active>
</city>
<city>
<id>421218</id>
<name>Park City</name>
<state>UT</state>
<rating>8</rating>
<url>http://www.greatschools.org/city/Park_City/UT</url>
<lat>40.6625</lat>
<lon>-111.499</lon>
<active>1</active>
</city>
<city>
<id>421206</id>
<name>Park Valley</name>
<state>UT</state>
<rating>7</rating>
<url>http://www.greatschools.org/city/Park_Valley/UT</url>
<lat>41.8469</lat>
<lon>-113.368</lon>
<active>1</active>
</city>
<city>
<id>421280</id>
<name>Parowan</name>
<state>UT</state>
<rating>6</rating>
<url>http://www.greatschools.org/city/Parowan/UT</url>
<lat>37.8437</lat>
<lon>-112.831</lon>
<active>1</active>
</city>
<city>
<id>421191</id>
<name>Payson</name>
<state>UT</state>
<rating>5</rating>
<url>http://www.greatschools.org/city/Payson/UT</url>
<lat>40.0394</lat>
<lon>-111.733</lon>
<active>1</active>
</city>
<city>
<id>421313</id>
<name>Perry</name>
<state>UT</state>
<rating>5</rating>
<url>http://www.greatschools.org/city/Perry/UT</url>
<lat>41.4646</lat>
<lon>-112.032</lon>
<active>1</active>
</city>
<city>
<id>421240</id>
<name>Plain City</name>
<state>UT</state>
<rating>5</rating>
<url>http://www.greatschools.org/city/Plain_City/UT</url>
<lat>41.2966</lat>
<lon>-112.079</lon>
<active>1</active>
</city>
<city>
<id>421164</id>
<name>Pleasant Grove</name>
<state>UT</state>
<rating>7</rating>
<url>http://www.greatschools.org/city/Pleasant_Grove/UT</url>
<lat>40.3695</lat>
<lon>-111.735</lon>
<active>1</active>
</city>
<city>
<id>443309</id>
<name>Pleasant View</name>
<state>UT</state>
<rating/>
<url>http://www.greatschools.org/city/Pleasant_View/UT</url>
<lat>41.3233</lat>
<lon>-111.998</lon>
<active>1</active>
</city>
<city>
<id>443308</id>
<name>Plymouth</name>
<state>UT</state>
<rating/>
<url>http://www.greatschools.org/city/Plymouth/UT</url>
<lat>41.8756</lat>
<lon>-112.145</lon>
<active>1</active>
</city>
<city>
<id>421203</id>
<name>Price</name>
<state>UT</state>
<rating>5</rating>
<url>http://www.greatschools.org/city/Price/UT</url>
<lat>39.6035</lat>
<lon>-110.803</lon>
<active>1</active>
</city>
<city>
<id>421305</id>
<name>Providence</name>
<state>UT</state>
<rating>9</rating>
<url>http://www.greatschools.org/city/Providence/UT</url>
<lat>41.7038</lat>
<lon>-111.813</lon>
<active>1</active>
</city>
<city>
<id>421160</id>
<name>Provo</name>
<state>UT</state>
<rating>7</rating>
<url>http://www.greatschools.org/city/Provo/UT</url>
<lat>40.2463</lat>
<lon>-111.659</lon>
<active>1</active>
</city>
<city>
<id>445724</id>
<name>Randlett</name>
<state>UT</state>
<rating/>
<url>http://www.greatschools.org/city/Randlett/UT</url>
<lat>40.2467</lat>
<lon>-109.828</lon>
<active>1</active>
</city>
<city>
<id>421266</id>
<name>Randolph</name>
<state>UT</state>
<rating>8</rating>
<url>http://www.greatschools.org/city/Randolph/UT</url>
<lat>41.6659</lat>
<lon>-111.186</lon>
<active>1</active>
</city>
<city>
<id>421256</id>
<name>Richfield</name>
<state>UT</state>
<rating>7</rating>
<url>http://www.greatschools.org/city/Richfield/UT</url>
<lat>38.7678</lat>
<lon>-112.088</lon>
<active>1</active>
</city>
<city>
<id>421230</id>
<name>Richmond</name>
<state>UT</state>
<rating>9</rating>
<url>http://www.greatschools.org/city/Richmond/UT</url>
<lat>41.92</lat>
<lon>-111.808</lon>
<active>1</active>
</city>
<city>
<id>421204</id>
<name>River Heights</name>
<state>UT</state>
<rating/>
<url>http://www.greatschools.org/city/River_Heights/UT</url>
<lat>41.7234</lat>
<lon>-111.818</lon>
<active>1</active>
</city>
<city>
<id>421233</id>
<name>Riverdale</name>
<state>UT</state>
<rating>8</rating>
<url>http://www.greatschools.org/city/Riverdale/UT</url>
<lat>41.1795</lat>
<lon>-112.002</lon>
<active>1</active>
</city>
<city>
<id>421196</id>
<name>Riverton</name>
<state>UT</state>
<rating>6</rating>
<url>http://www.greatschools.org/city/Riverton/UT</url>
<lat>40.5198</lat>
<lon>-111.954</lon>
<active>1</active>
</city>
<city>
<id>421248</id>
<name>Roosevelt</name>
<state>UT</state>
<rating>4</rating>
<url>http://www.greatschools.org/city/Roosevelt/UT</url>
<lat>40.2995</lat>
<lon>-109.993</lon>
<active>1</active>
</city>
<city>
<id>421184</id>
<name>Roy</name>
<state>UT</state>
<rating>4</rating>
<url>http://www.greatschools.org/city/Roy/UT</url>
<lat>41.1717</lat>
<lon>-112.048</lon>
<active>1</active>
</city>
<city>
<id>444610</id>
<name>Saint George</name>
<state>UT</state>
<rating/>
<url>http://www.greatschools.org/city/Saint_George/UT</url>
<lat>37.202</lat>
<lon>-113.591</lon>
<active>1</active>
</city>
<city>
<id>421274</id>
<name>Salem</name>
<state>UT</state>
<rating>6</rating>
<url>http://www.greatschools.org/city/Salem/UT</url>
<lat>40.0499</lat>
<lon>-111.672</lon>
<active>1</active>
</city>
<city>
<id>421258</id>
<name>Salina</name>
<state>UT</state>
<rating>7</rating>
<url>http://www.greatschools.org/city/Salina/UT</url>
<lat>38.9562</lat>
<lon>-111.861</lon>
<active>1</active>
</city>
<city>
<id>421144</id>
<name>Salt Lake City</name>
<state>UT</state>
<rating>5</rating>
<url>http://www.greatschools.org/city/Salt_Lake_City/UT</url>
<lat>40.754</lat>
<lon>-111.881</lon>
<active>1</active>
</city>
<city>
<id>421182</id>
<name>Sandy</name>
<state>UT</state>
<rating>7</rating>
<url>http://www.greatschools.org/city/Sandy/UT</url>
<lat>40.5723</lat>
<lon>-111.853</lon>
<active>1</active>
</city>
<city>
<id>421155</id>
<name>Santa Clara</name>
<state>UT</state>
<rating>8</rating>
<url>http://www.greatschools.org/city/Santa_Clara/UT</url>
<lat>37.1349</lat>
<lon>-113.651</lon>
<active>1</active>
</city>
<city>
<id>421275</id>
<name>Santaquin</name>
<state>UT</state>
<rating>5</rating>
<url>http://www.greatschools.org/city/Santaquin/UT</url>
<lat>39.9752</lat>
<lon>-111.784</lon>
<active>1</active>
</city>
<city>
<id>421159</id>
<name>Saratoga Springs</name>
<state>UT</state>
<rating>7</rating>
<url>http://www.greatschools.org/city/Saratoga_Springs/UT</url>
<lat>40.3469</lat>
<lon>-111.913</lon>
<active>1</active>
</city>
<city>
<id>421214</id>
<name>Smithfield</name>
<state>UT</state>
<rating>8</rating>
<url>http://www.greatschools.org/city/Smithfield/UT</url>
<lat>41.8357</lat>
<lon>-111.828</lon>
<active>1</active>
</city>
<city>
<id>421312</id>
<name>Snowville</name>
<state>UT</state>
<rating>7</rating>
<url>http://www.greatschools.org/city/Snowville/UT</url>
<lat>41.9709</lat>
<lon>-112.712</lon>
<active>1</active>
</city>
<city>
<id>445727</id>
<name>South Cottonw</name>
<state>UT</state>
<rating/>
<url>http://www.greatschools.org/city/South_Cottonw/UT</url>
<lat>40.6211</lat>
<lon>-111.817</lon>
<active>1</active>
</city>
<city>
<id>421143</id>
<name>South Jordan</name>
<state>UT</state>
<rating>7</rating>
<url>http://www.greatschools.org/city/South_Jordan/UT</url>
<lat>40.5655</lat>
<lon>-111.957</lon>
<active>1</active>
</city>
<city>
<id>421216</id>
<name>South Ogden</name>
<state>UT</state>
<rating/>
<url>http://www.greatschools.org/city/South_Ogden/UT</url>
<lat>41.1746</lat>
<lon>-111.957</lon>
<active>1</active>
</city>
<city>
<id>445728</id>
<name>South Salt Lake</name>
<state>UT</state>
<rating/>
<url>http://www.greatschools.org/city/South_Salt_Lake/UT</url>
<lat>40.7071</lat>
<lon>-111.876</lon>
<active>1</active>
</city>
<city>
<id>421299</id>
<name>South Weber</name>
<state>UT</state>
<rating>8</rating>
<url>http://www.greatschools.org/city/South_Weber/UT</url>
<lat>41.1281</lat>
<lon>-111.931</lon>
<active>1</active>
</city>
<city>
<id>421158</id>
<name>Spanish Fork</name>
<state>UT</state>
<rating>6</rating>
<url>http://www.greatschools.org/city/Spanish_Fork/UT</url>
<lat>40.1066</lat>
<lon>-111.64</lon>
<active>1</active>
</city>
<city>
<id>421271</id>
<name>Spring City</name>
<state>UT</state>
<rating>8</rating>
<url>http://www.greatschools.org/city/Spring_City/UT</url>
<lat>39.4788</lat>
<lon>-111.492</lon>
<active>1</active>
</city>
<city>
<id>421245</id>
<name>Springdale</name>
<state>UT</state>
<rating>5</rating>
<url>http://www.greatschools.org/city/Springdale/UT</url>
<lat>37.183</lat>
<lon>-113.004</lon>
<active>1</active>
</city>
<city>
<id>421157</id>
<name>Springville</name>
<state>UT</state>
<rating>6</rating>
<url>http://www.greatschools.org/city/Springville/UT</url>
<lat>40.1633</lat>
<lon>-111.6</lon>
<active>1</active>
</city>
<city>
<id>445729</id>
<name>Ssl</name>
<state>UT</state>
<rating/>
<url>http://www.greatschools.org/city/Ssl/UT</url>
<lat>40.6621</lat>
<lon>-111.887</lon>
<active>1</active>
</city>
<city>
<id>446378</id>
<name>St George</name>
<state>UT</state>
<rating/>
<url>http://www.greatschools.org/city/St_George/UT</url>
<lat>37.1288</lat>
<lon>-113.635</lon>
<active>1</active>
</city>
<city>
<id>421156</id>
<name>St. George</name>
<state>UT</state>
<rating>7</rating>
<url>http://www.greatschools.org/city/St._George/UT</url>
<lat>37.1002</lat>
<lon>-113.583</lon>
<active>1</active>
</city>
<city>
<id>421249</id>
<name>Stansbury Park</name>
<state>UT</state>
<rating>6</rating>
<url>http://www.greatschools.org/city/Stansbury_Park/UT</url>
<lat>40.6379</lat>
<lon>-112.302</lon>
<active>1</active>
</city>
<city>
<id>421304</id>
<name>Sunnyside</name>
<state>UT</state>
<rating>7</rating>
<url>http://www.greatschools.org/city/Sunnyside/UT</url>
<lat>39.5544</lat>
<lon>-110.391</lon>
<active>1</active>
</city>
<city>
<id>421298</id>
<name>Sunset</name>
<state>UT</state>
<rating>4</rating>
<url>http://www.greatschools.org/city/Sunset/UT</url>
<lat>41.1399</lat>
<lon>-112.031</lon>
<active>1</active>
</city>
<city>
<id>421215</id>
<name>Syracuse</name>
<state>UT</state>
<rating>7</rating>
<url>http://www.greatschools.org/city/Syracuse/UT</url>
<lat>41.0865</lat>
<lon>-112.061</lon>
<active>1</active>
</city>
<city>
<id>421293</id>
<name>Tabiona</name>
<state>UT</state>
<rating>4</rating>
<url>http://www.greatschools.org/city/Tabiona/UT</url>
<lat>40.3548</lat>
<lon>-110.71</lon>
<active>1</active>
</city>
<city>
<id>421213</id>
<name>Taylorsville</name>
<state>UT</state>
<rating>3</rating>
<url>http://www.greatschools.org/city/Taylorsville/UT</url>
<lat>40.6575</lat>
<lon>-111.949</lon>
<active>1</active>
</city>
<city>
<id>421165</id>
<name>Tooele</name>
<state>UT</state>
<rating>5</rating>
<url>http://www.greatschools.org/city/Tooele/UT</url>
<lat>40.5343</lat>
<lon>-112.298</lon>
<active>1</active>
</city>
<city>
<id>445730</id>
<name>Tooele Army D</name>
<state>UT</state>
<rating/>
<url>http://www.greatschools.org/city/Tooele_Army_D/UT</url>
<lat>40.5917</lat>
<lon>-112.31</lon>
<active>1</active>
</city>
<city>
<id>421310</id>
<name>Tremonton</name>
<state>UT</state>
<rating>6</rating>
<url>http://www.greatschools.org/city/Tremonton/UT</url>
<lat>41.7112</lat>
<lon>-112.171</lon>
<active>1</active>
</city>
<city>
<id>421285</id>
<name>Tropic</name>
<state>UT</state>
<rating>6</rating>
<url>http://www.greatschools.org/city/Tropic/UT</url>
<lat>37.6255</lat>
<lon>-112.087</lon>
<active>1</active>
</city>
<city>
<id>444507</id>
<name>Trout Creek</name>
<state>UT</state>
<rating>8</rating>
<url>http://www.greatschools.org/city/Trout_Creek/UT</url>
<lat>39.6439</lat>
<lon>-113.889</lon>
<active>1</active>
</city>
<city>
<id>421219</id>
<name>Vernal</name>
<state>UT</state>
<rating>6</rating>
<url>http://www.greatschools.org/city/Vernal/UT</url>
<lat>40.4541</lat>
<lon>-109.539</lon>
<active>1</active>
</city>
<city>
<id>421250</id>
<name>Vernon</name>
<state>UT</state>
<rating>3</rating>
<url>http://www.greatschools.org/city/Vernon/UT</url>
<lat>40.0943</lat>
<lon>-112.445</lon>
<active>1</active>
</city>
<city>
<id>421321</id>
<name>Vineyard</name>
<state>UT</state>
<rating>5</rating>
<url>http://www.greatschools.org/city/Vineyard/UT</url>
<lat>40.2932</lat>
<lon>-111.744</lon>
<active>1</active>
</city>
<city>
<id>444596</id>
<name>Virgin</name>
<state>UT</state>
<rating/>
<url>http://www.greatschools.org/city/Virgin/UT</url>
<lat>37.2078</lat>
<lon>-113.209</lon>
<active>1</active>
</city>
<city>
<id>421154</id>
<name>Washington</name>
<state>UT</state>
<rating>6</rating>
<url>http://www.greatschools.org/city/Washington/UT</url>
<lat>37.1311</lat>
<lon>-113.505</lon>
<active>1</active>
</city>
<city>
<id>421302</id>
<name>Wellington</name>
<state>UT</state>
<rating>7</rating>
<url>http://www.greatschools.org/city/Wellington/UT</url>
<lat>39.5438</lat>
<lon>-110.733</lon>
<active>1</active>
</city>
<city>
<id>421308</id>
<name>Wellsville</name>
<state>UT</state>
<rating>8</rating>
<url>http://www.greatschools.org/city/Wellsville/UT</url>
<lat>41.6354</lat>
<lon>-111.933</lon>
<active>1</active>
</city>
<city>
<id>421145</id>
<name>Wendover</name>
<state>UT</state>
<rating>3</rating>
<url>http://www.greatschools.org/city/Wendover/UT</url>
<lat>40.7374</lat>
<lon>-114.036</lon>
<active>1</active>
</city>
<city>
<id>421297</id>
<name>West Bountiful</name>
<state>UT</state>
<rating>5</rating>
<url>http://www.greatschools.org/city/West_Bountiful/UT</url>
<lat>40.9029</lat>
<lon>-111.901</lon>
<active>1</active>
</city>
<city>
<id>421153</id>
<name>West Haven</name>
<state>UT</state>
<rating>6</rating>
<url>http://www.greatschools.org/city/West_Haven/UT</url>
<lat>41.208</lat>
<lon>-112.054</lon>
<active>1</active>
</city>
<city>
<id>446379</id>
<name>West Haven City</name>
<state>UT</state>
<rating/>
<url>http://www.greatschools.org/city/West_Haven_City/UT</url>
<lat>41.1771</lat>
<lon>-112.085</lon>
<active>1</active>
</city>
<city>
<id>421169</id>
<name>West Jordan</name>
<state>UT</state>
<rating>4</rating>
<url>http://www.greatschools.org/city/West_Jordan/UT</url>
<lat>40.606</lat>
<lon>-111.967</lon>
<active>1</active>
</city>
<city>
<id>421202</id>
<name>West Point</name>
<state>UT</state>
<rating>6</rating>
<url>http://www.greatschools.org/city/West_Point/UT</url>
<lat>41.1222</lat>
<lon>-112.083</lon>
<active>1</active>
</city>
<city>
<id>421168</id>
<name>West Valley City</name>
<state>UT</state>
<rating>2</rating>
<url>http://www.greatschools.org/city/West_Valley_City/UT</url>
<lat>40.6896</lat>
<lon>-111.991</lon>
<active>1</active>
</city>
<city>
<id>445731</id>
<name>Whiterocks</name>
<state>UT</state>
<rating/>
<url>http://www.greatschools.org/city/Whiterocks/UT</url>
<lat>40.4188</lat>
<lon>-109.935</lon>
<active>1</active>
</city>
<city>
<id>421311</id>
<name>Willard</name>
<state>UT</state>
<rating/>
<url>http://www.greatschools.org/city/Willard/UT</url>
<lat>41.4113</lat>
<lon>-112.037</lon>
<active>1</active>
</city>
<city>
<id>445732</id>
<name>Winchester Hi</name>
<state>UT</state>
<rating/>
<url>http://www.greatschools.org/city/Winchester_Hi/UT</url>
<lat>37.1963</lat>
<lon>-113.597</lon>
<active>1</active>
</city>
<city>
<id>421180</id>
<name>Woods Cross</name>
<state>UT</state>
<rating>6</rating>
<url>http://www.greatschools.org/city/Woods_Cross/UT</url>
<lat>40.874</lat>
<lon>-111.905</lon>
<active>1</active>
</city>
</greatschools-city-feed>
