<?xml version="1.0" encoding="utf-8"?><greatschools-city-feed xmlns:xsi="http://www.w3.org/2001/XMLSchema-instance" xsi:noNamespaceSchemaLocation="http://www.greatschools.org/feeds/greatschools-city2.xsd">
<city>
<id>435701</id>
<name>Aberdeen</name>
<state>WA</state>
<rating>4</rating>
<url>http://www.greatschools.org/city/Aberdeen/WA</url>
<lat>46.9755</lat>
<lon>-123.819</lon>
<active>1</active>
</city>
<city>
<id>435766</id>
<name>Acme</name>
<state>WA</state>
<rating>3</rating>
<url>http://www.greatschools.org/city/Acme/WA</url>
<lat>48.7168</lat>
<lon>-122.217</lon>
<active>1</active>
</city>
<city>
<id>435721</id>
<name>Addy</name>
<state>WA</state>
<rating>3</rating>
<url>http://www.greatschools.org/city/Addy/WA</url>
<lat>48.3771</lat>
<lon>-117.917</lon>
<active>1</active>
</city>
<city>
<id>435818</id>
<name>Airway Heights</name>
<state>WA</state>
<rating>4</rating>
<url>http://www.greatschools.org/city/Airway_Heights/WA</url>
<lat>47.6481</lat>
<lon>-117.584</lon>
<active>1</active>
</city>
<city>
<id>445816</id>
<name>Algona</name>
<state>WA</state>
<rating/>
<url>http://www.greatschools.org/city/Algona/WA</url>
<lat>47.279</lat>
<lon>-122.252</lon>
<active>1</active>
</city>
<city>
<id>435832</id>
<name>Almira</name>
<state>WA</state>
<rating>7</rating>
<url>http://www.greatschools.org/city/Almira/WA</url>
<lat>47.7102</lat>
<lon>-118.943</lon>
<active>1</active>
</city>
<city>
<id>435739</id>
<name>Amanda Park</name>
<state>WA</state>
<rating>3</rating>
<url>http://www.greatschools.org/city/Amanda_Park/WA</url>
<lat>47.4706</lat>
<lon>-123.905</lon>
<active>1</active>
</city>
<city>
<id>444281</id>
<name>Amboy</name>
<state>WA</state>
<rating>7</rating>
<url>http://www.greatschools.org/city/Amboy/WA</url>
<lat>45.9002</lat>
<lon>-122.46</lon>
<active>1</active>
</city>
<city>
<id>435594</id>
<name>Anacortes</name>
<state>WA</state>
<rating>9</rating>
<url>http://www.greatschools.org/city/Anacortes/WA</url>
<lat>48.4994</lat>
<lon>-122.633</lon>
<active>1</active>
</city>
<city>
<id>444279</id>
<name>Anderson Island</name>
<state>WA</state>
<rating/>
<url>http://www.greatschools.org/city/Anderson_Island/WA</url>
<lat>47.162</lat>
<lon>-122.697</lon>
<active>1</active>
</city>
<city>
<id>435703</id>
<name>Ariel</name>
<state>WA</state>
<rating>4</rating>
<url>http://www.greatschools.org/city/Ariel/WA</url>
<lat>45.9896</lat>
<lon>-122.449</lon>
<active>1</active>
</city>
<city>
<id>435546</id>
<name>Arlington</name>
<state>WA</state>
<rating>6</rating>
<url>http://www.greatschools.org/city/Arlington/WA</url>
<lat>48.1727</lat>
<lon>-122.142</lon>
<active>1</active>
</city>
<city>
<id>435679</id>
<name>Ashford</name>
<state>WA</state>
<rating>4</rating>
<url>http://www.greatschools.org/city/Ashford/WA</url>
<lat>46.754</lat>
<lon>-122.024</lon>
<active>1</active>
</city>
<city>
<id>435831</id>
<name>Asotin</name>
<state>WA</state>
<rating>8</rating>
<url>http://www.greatschools.org/city/Asotin/WA</url>
<lat>46.3368</lat>
<lon>-117.043</lon>
<active>1</active>
</city>
<city>
<id>435512</id>
<name>Auburn</name>
<state>WA</state>
<rating>5</rating>
<url>http://www.greatschools.org/city/Auburn/WA</url>
<lat>47.2981</lat>
<lon>-122.213</lon>
<active>1</active>
</city>
<city>
<id>435488</id>
<name>Bainbridge Island</name>
<state>WA</state>
<rating>9</rating>
<url>http://www.greatschools.org/city/Bainbridge_Island/WA</url>
<lat>47.6448</lat>
<lon>-122.534</lon>
<active>1</active>
</city>
<city>
<id>435565</id>
<name>Battle Ground</name>
<state>WA</state>
<rating>7</rating>
<url>http://www.greatschools.org/city/Battle_Ground/WA</url>
<lat>45.7822</lat>
<lon>-122.541</lon>
<active>1</active>
</city>
<city>
<id>435538</id>
<name>Belfair</name>
<state>WA</state>
<rating>5</rating>
<url>http://www.greatschools.org/city/Belfair/WA</url>
<lat>47.4359</lat>
<lon>-122.872</lon>
<active>1</active>
</city>
<city>
<id>435536</id>
<name>Bellevue</name>
<state>WA</state>
<rating>8</rating>
<url>http://www.greatschools.org/city/Bellevue/WA</url>
<lat>47.5992</lat>
<lon>-122.154</lon>
<active>1</active>
</city>
<city>
<id>435542</id>
<name>Bellingham</name>
<state>WA</state>
<rating>6</rating>
<url>http://www.greatschools.org/city/Bellingham/WA</url>
<lat>48.7515</lat>
<lon>-122.472</lon>
<active>1</active>
</city>
<city>
<id>435828</id>
<name>Benge</name>
<state>WA</state>
<rating/>
<url>http://www.greatschools.org/city/Benge/WA</url>
<lat>46.9018</lat>
<lon>-118.088</lon>
<active>1</active>
</city>
<city>
<id>435779</id>
<name>Benton City</name>
<state>WA</state>
<rating>3</rating>
<url>http://www.greatschools.org/city/Benton_City/WA</url>
<lat>46.2682</lat>
<lon>-119.488</lon>
<active>1</active>
</city>
<city>
<id>435664</id>
<name>Bickleton</name>
<state>WA</state>
<rating>7</rating>
<url>http://www.greatschools.org/city/Bickleton/WA</url>
<lat>45.9955</lat>
<lon>-120.309</lon>
<active>1</active>
</city>
<city>
<id>443441</id>
<name>Bingen</name>
<state>WA</state>
<rating/>
<url>http://www.greatschools.org/city/Bingen/WA</url>
<lat>45.7156</lat>
<lon>-121.466</lon>
<active>1</active>
</city>
<city>
<id>435780</id>
<name>Black Diamond</name>
<state>WA</state>
<rating>8</rating>
<url>http://www.greatschools.org/city/Black_Diamond/WA</url>
<lat>47.3243</lat>
<lon>-122.021</lon>
<active>1</active>
</city>
<city>
<id>435591</id>
<name>Blaine</name>
<state>WA</state>
<rating>5</rating>
<url>http://www.greatschools.org/city/Blaine/WA</url>
<lat>48.9894</lat>
<lon>-122.745</lon>
<active>1</active>
</city>
<city>
<id>435590</id>
<name>Bonney Lake</name>
<state>WA</state>
<rating>7</rating>
<url>http://www.greatschools.org/city/Bonney_Lake/WA</url>
<lat>47.1865</lat>
<lon>-122.17</lon>
<active>1</active>
</city>
<city>
<id>435487</id>
<name>Bothell</name>
<state>WA</state>
<rating>9</rating>
<url>http://www.greatschools.org/city/Bothell/WA</url>
<lat>47.7745</lat>
<lon>-122.207</lon>
<active>1</active>
</city>
<city>
<id>435824</id>
<name>Bow</name>
<state>WA</state>
<rating>2</rating>
<url>http://www.greatschools.org/city/Bow/WA</url>
<lat>48.5552</lat>
<lon>-122.419</lon>
<active>1</active>
</city>
<city>
<id>446404</id>
<name>Bremeron</name>
<state>WA</state>
<rating/>
<url>http://www.greatschools.org/city/Bremeron/WA</url>
<lat>47.5649</lat>
<lon>-122.669</lon>
<active>1</active>
</city>
<city>
<id>435529</id>
<name>Bremerton</name>
<state>WA</state>
<rating>5</rating>
<url>http://www.greatschools.org/city/Bremerton/WA</url>
<lat>47.5772</lat>
<lon>-122.648</lon>
<active>1</active>
</city>
<city>
<id>435693</id>
<name>Brewster</name>
<state>WA</state>
<rating>2</rating>
<url>http://www.greatschools.org/city/Brewster/WA</url>
<lat>48.0978</lat>
<lon>-119.781</lon>
<active>1</active>
</city>
<city>
<id>435655</id>
<name>Bridgeport</name>
<state>WA</state>
<rating>3</rating>
<url>http://www.greatschools.org/city/Bridgeport/WA</url>
<lat>48.007</lat>
<lon>-119.673</lon>
<active>1</active>
</city>
<city>
<id>435803</id>
<name>Brier</name>
<state>WA</state>
<rating>7</rating>
<url>http://www.greatschools.org/city/Brier/WA</url>
<lat>47.7923</lat>
<lon>-122.274</lon>
<active>1</active>
</city>
<city>
<id>435825</id>
<name>Brinnon</name>
<state>WA</state>
<rating/>
<url>http://www.greatschools.org/city/Brinnon/WA</url>
<lat>47.6651</lat>
<lon>-122.926</lon>
<active>1</active>
</city>
<city>
<id>443440</id>
<name>Brownstown</name>
<state>WA</state>
<rating/>
<url>http://www.greatschools.org/city/Brownstown/WA</url>
<lat>46.4062</lat>
<lon>-120.577</lon>
<active>1</active>
</city>
<city>
<id>435638</id>
<name>Brush Prairie</name>
<state>WA</state>
<rating>7</rating>
<url>http://www.greatschools.org/city/Brush_Prairie/WA</url>
<lat>45.7282</lat>
<lon>-122.548</lon>
<active>1</active>
</city>
<city>
<id>435567</id>
<name>Buckley</name>
<state>WA</state>
<rating>7</rating>
<url>http://www.greatschools.org/city/Buckley/WA</url>
<lat>47.1613</lat>
<lon>-122.023</lon>
<active>1</active>
</city>
<city>
<id>435815</id>
<name>Burbank</name>
<state>WA</state>
<rating>4</rating>
<url>http://www.greatschools.org/city/Burbank/WA</url>
<lat>46.1991</lat>
<lon>-118.992</lon>
<active>1</active>
</city>
<city>
<id>435490</id>
<name>Burien</name>
<state>WA</state>
<rating>3</rating>
<url>http://www.greatschools.org/city/Burien/WA</url>
<lat>47.4703</lat>
<lon>-122.344</lon>
<active>1</active>
</city>
<city>
<id>435643</id>
<name>Burlington</name>
<state>WA</state>
<rating>5</rating>
<url>http://www.greatschools.org/city/Burlington/WA</url>
<lat>48.472</lat>
<lon>-122.328</lon>
<active>1</active>
</city>
<city>
<id>435544</id>
<name>Camano Island</name>
<state>WA</state>
<rating>6</rating>
<url>http://www.greatschools.org/city/Camano_Island/WA</url>
<lat>48.2302</lat>
<lon>-122.494</lon>
<active>1</active>
</city>
<city>
<id>435482</id>
<name>Camas</name>
<state>WA</state>
<rating>8</rating>
<url>http://www.greatschools.org/city/Camas/WA</url>
<lat>45.5946</lat>
<lon>-122.421</lon>
<active>1</active>
</city>
<city>
<id>435822</id>
<name>Carbonado</name>
<state>WA</state>
<rating>8</rating>
<url>http://www.greatschools.org/city/Carbonado/WA</url>
<lat>47.08</lat>
<lon>-122.052</lon>
<active>1</active>
</city>
<city>
<id>443439</id>
<name>Carlsborg</name>
<state>WA</state>
<rating/>
<url>http://www.greatschools.org/city/Carlsborg/WA</url>
<lat>48.0844</lat>
<lon>-123.17</lon>
<active>1</active>
</city>
<city>
<id>435659</id>
<name>Carnation</name>
<state>WA</state>
<rating>7</rating>
<url>http://www.greatschools.org/city/Carnation/WA</url>
<lat>47.6471</lat>
<lon>-121.908</lon>
<active>1</active>
</city>
<city>
<id>444278</id>
<name>Carson</name>
<state>WA</state>
<rating>3</rating>
<url>http://www.greatschools.org/city/Carson/WA</url>
<lat>45.7527</lat>
<lon>-121.84</lon>
<active>1</active>
</city>
<city>
<id>435688</id>
<name>Cashmere</name>
<state>WA</state>
<rating>6</rating>
<url>http://www.greatschools.org/city/Cashmere/WA</url>
<lat>47.5185</lat>
<lon>-120.471</lon>
<active>1</active>
</city>
<city>
<id>435820</id>
<name>Castle Rock</name>
<state>WA</state>
<rating>3</rating>
<url>http://www.greatschools.org/city/Castle_Rock/WA</url>
<lat>46.2743</lat>
<lon>-122.907</lon>
<active>1</active>
</city>
<city>
<id>435713</id>
<name>Cathlamet</name>
<state>WA</state>
<rating>6</rating>
<url>http://www.greatschools.org/city/Cathlamet/WA</url>
<lat>46.2009</lat>
<lon>-123.38</lon>
<active>1</active>
</city>
<city>
<id>435819</id>
<name>Centerville</name>
<state>WA</state>
<rating>5</rating>
<url>http://www.greatschools.org/city/Centerville/WA</url>
<lat>45.7515</lat>
<lon>-120.902</lon>
<active>1</active>
</city>
<city>
<id>435534</id>
<name>Centralia</name>
<state>WA</state>
<rating>5</rating>
<url>http://www.greatschools.org/city/Centralia/WA</url>
<lat>46.7221</lat>
<lon>-122.965</lon>
<active>1</active>
</city>
<city>
<id>435572</id>
<name>Chattaroy</name>
<state>WA</state>
<rating>6</rating>
<url>http://www.greatschools.org/city/Chattaroy/WA</url>
<lat>47.9234</lat>
<lon>-117.32</lon>
<active>1</active>
</city>
<city>
<id>435696</id>
<name>Chehalis</name>
<state>WA</state>
<rating>6</rating>
<url>http://www.greatschools.org/city/Chehalis/WA</url>
<lat>46.6566</lat>
<lon>-122.96</lon>
<active>1</active>
</city>
<city>
<id>435588</id>
<name>Chelan</name>
<state>WA</state>
<rating>5</rating>
<url>http://www.greatschools.org/city/Chelan/WA</url>
<lat>47.8431</lat>
<lon>-120.024</lon>
<active>1</active>
</city>
<city>
<id>443438</id>
<name>Chelan Falls</name>
<state>WA</state>
<rating/>
<url>http://www.greatschools.org/city/Chelan_Falls/WA</url>
<lat>47.7091</lat>
<lon>-120.166</lon>
<active>1</active>
</city>
<city>
<id>435583</id>
<name>Cheney</name>
<state>WA</state>
<rating>7</rating>
<url>http://www.greatschools.org/city/Cheney/WA</url>
<lat>47.4905</lat>
<lon>-117.582</lon>
<active>1</active>
</city>
<city>
<id>435619</id>
<name>Chewelah</name>
<state>WA</state>
<rating>6</rating>
<url>http://www.greatschools.org/city/Chewelah/WA</url>
<lat>48.2811</lat>
<lon>-117.723</lon>
<active>1</active>
</city>
<city>
<id>435636</id>
<name>Chimacum</name>
<state>WA</state>
<rating>5</rating>
<url>http://www.greatschools.org/city/Chimacum/WA</url>
<lat>48.0014</lat>
<lon>-122.782</lon>
<active>1</active>
</city>
<city>
<id>435644</id>
<name>Clallam Bay</name>
<state>WA</state>
<rating>7</rating>
<url>http://www.greatschools.org/city/Clallam_Bay/WA</url>
<lat>48.2453</lat>
<lon>-124.276</lon>
<active>1</active>
</city>
<city>
<id>435495</id>
<name>Clarkston</name>
<state>WA</state>
<rating>6</rating>
<url>http://www.greatschools.org/city/Clarkston/WA</url>
<lat>46.4119</lat>
<lon>-117.051</lon>
<active>1</active>
</city>
<city>
<id>435587</id>
<name>CLE Elum</name>
<state>WA</state>
<rating>5</rating>
<url>http://www.greatschools.org/city/CLE_Elum/WA</url>
<lat>47.1954</lat>
<lon>-120.937</lon>
<active>1</active>
</city>
<city>
<id>446405</id>
<name>Cle Eum</name>
<state>WA</state>
<rating/>
<url>http://www.greatschools.org/city/Cle_Eum/WA</url>
<lat>47.2038</lat>
<lon>-120.973</lon>
<active>1</active>
</city>
<city>
<id>435734</id>
<name>Clear Lake</name>
<state>WA</state>
<rating>5</rating>
<url>http://www.greatschools.org/city/Clear_Lake/WA</url>
<lat>48.4585</lat>
<lon>-122.239</lon>
<active>1</active>
</city>
<city>
<id>435681</id>
<name>Clinton</name>
<state>WA</state>
<rating/>
<url>http://www.greatschools.org/city/Clinton/WA</url>
<lat>47.9731</lat>
<lon>-122.356</lon>
<active>1</active>
</city>
<city>
<id>435508</id>
<name>Clyde Hill</name>
<state>WA</state>
<rating/>
<url>http://www.greatschools.org/city/Clyde_Hill/WA</url>
<lat>47.6305</lat>
<lon>-122.218</lon>
<active>1</active>
</city>
<city>
<id>435518</id>
<name>Colbert</name>
<state>WA</state>
<rating>9</rating>
<url>http://www.greatschools.org/city/Colbert/WA</url>
<lat>47.8334</lat>
<lon>-117.366</lon>
<active>1</active>
</city>
<city>
<id>435816</id>
<name>Colfax</name>
<state>WA</state>
<rating>8</rating>
<url>http://www.greatschools.org/city/Colfax/WA</url>
<lat>46.8798</lat>
<lon>-117.363</lon>
<active>1</active>
</city>
<city>
<id>435510</id>
<name>College Place</name>
<state>WA</state>
<rating>3</rating>
<url>http://www.greatschools.org/city/College_Place/WA</url>
<lat>46.0449</lat>
<lon>-118.385</lon>
<active>1</active>
</city>
<city>
<id>435700</id>
<name>Colton</name>
<state>WA</state>
<rating>7</rating>
<url>http://www.greatschools.org/city/Colton/WA</url>
<lat>46.5664</lat>
<lon>-117.127</lon>
<active>1</active>
</city>
<city>
<id>435478</id>
<name>Colville</name>
<state>WA</state>
<rating>7</rating>
<url>http://www.greatschools.org/city/Colville/WA</url>
<lat>48.5438</lat>
<lon>-117.899</lon>
<active>1</active>
</city>
<city>
<id>435814</id>
<name>Concrete</name>
<state>WA</state>
<rating>3</rating>
<url>http://www.greatschools.org/city/Concrete/WA</url>
<lat>48.5367</lat>
<lon>-121.755</lon>
<active>1</active>
</city>
<city>
<id>435758</id>
<name>Connell</name>
<state>WA</state>
<rating>3</rating>
<url>http://www.greatschools.org/city/Connell/WA</url>
<lat>46.6599</lat>
<lon>-118.86</lon>
<active>1</active>
</city>
<city>
<id>435677</id>
<name>Cook</name>
<state>WA</state>
<rating/>
<url>http://www.greatschools.org/city/Cook/WA</url>
<lat>45.8031</lat>
<lon>-121.633</lon>
<active>1</active>
</city>
<city>
<id>435757</id>
<name>Cosmopolis</name>
<state>WA</state>
<rating>7</rating>
<url>http://www.greatschools.org/city/Cosmopolis/WA</url>
<lat>46.9529</lat>
<lon>-123.778</lon>
<active>1</active>
</city>
<city>
<id>435787</id>
<name>Coulee City</name>
<state>WA</state>
<rating>5</rating>
<url>http://www.greatschools.org/city/Coulee_City/WA</url>
<lat>47.612</lat>
<lon>-119.289</lon>
<active>1</active>
</city>
<city>
<id>435793</id>
<name>Coulee Dam</name>
<state>WA</state>
<rating>4</rating>
<url>http://www.greatschools.org/city/Coulee_Dam/WA</url>
<lat>47.9704</lat>
<lon>-118.972</lon>
<active>1</active>
</city>
<city>
<id>435653</id>
<name>Coupeville</name>
<state>WA</state>
<rating>6</rating>
<url>http://www.greatschools.org/city/Coupeville/WA</url>
<lat>48.2151</lat>
<lon>-122.684</lon>
<active>1</active>
</city>
<city>
<id>435513</id>
<name>Covington</name>
<state>WA</state>
<rating>9</rating>
<url>http://www.greatschools.org/city/Covington/WA</url>
<lat>47.367</lat>
<lon>-122.098</lon>
<active>1</active>
</city>
<city>
<id>435642</id>
<name>Cowiche</name>
<state>WA</state>
<rating>5</rating>
<url>http://www.greatschools.org/city/Cowiche/WA</url>
<lat>46.669</lat>
<lon>-120.71</lon>
<active>1</active>
</city>
<city>
<id>435812</id>
<name>Creston</name>
<state>WA</state>
<rating>2</rating>
<url>http://www.greatschools.org/city/Creston/WA</url>
<lat>47.7593</lat>
<lon>-118.52</lon>
<active>1</active>
</city>
<city>
<id>435652</id>
<name>Curlew</name>
<state>WA</state>
<rating/>
<url>http://www.greatschools.org/city/Curlew/WA</url>
<lat>48.9085</lat>
<lon>-118.657</lon>
<active>1</active>
</city>
<city>
<id>435826</id>
<name>Curtis</name>
<state>WA</state>
<rating>4</rating>
<url>http://www.greatschools.org/city/Curtis/WA</url>
<lat>46.5241</lat>
<lon>-123.121</lon>
<active>1</active>
</city>
<city>
<id>435811</id>
<name>Cusick</name>
<state>WA</state>
<rating>4</rating>
<url>http://www.greatschools.org/city/Cusick/WA</url>
<lat>48.336</lat>
<lon>-117.297</lon>
<active>1</active>
</city>
<city>
<id>435797</id>
<name>Custer</name>
<state>WA</state>
<rating>5</rating>
<url>http://www.greatschools.org/city/Custer/WA</url>
<lat>48.9167</lat>
<lon>-122.645</lon>
<active>1</active>
</city>
<city>
<id>435771</id>
<name>Dallesport</name>
<state>WA</state>
<rating>1</rating>
<url>http://www.greatschools.org/city/Dallesport/WA</url>
<lat>45.629</lat>
<lon>-121.182</lon>
<active>1</active>
</city>
<city>
<id>435810</id>
<name>Darrington</name>
<state>WA</state>
<rating>4</rating>
<url>http://www.greatschools.org/city/Darrington/WA</url>
<lat>48.2517</lat>
<lon>-121.606</lon>
<active>1</active>
</city>
<city>
<id>435809</id>
<name>Davenport</name>
<state>WA</state>
<rating>5</rating>
<url>http://www.greatschools.org/city/Davenport/WA</url>
<lat>47.652</lat>
<lon>-118.151</lon>
<active>1</active>
</city>
<city>
<id>435537</id>
<name>Dayton</name>
<state>WA</state>
<rating>5</rating>
<url>http://www.greatschools.org/city/Dayton/WA</url>
<lat>46.3181</lat>
<lon>-117.977</lon>
<active>1</active>
</city>
<city>
<id>435557</id>
<name>Deer Park</name>
<state>WA</state>
<rating>6</rating>
<url>http://www.greatschools.org/city/Deer_Park/WA</url>
<lat>47.956</lat>
<lon>-117.468</lon>
<active>1</active>
</city>
<city>
<id>435649</id>
<name>Deming</name>
<state>WA</state>
<rating>6</rating>
<url>http://www.greatschools.org/city/Deming/WA</url>
<lat>48.832</lat>
<lon>-122.232</lon>
<active>1</active>
</city>
<city>
<id>435595</id>
<name>Des Moines</name>
<state>WA</state>
<rating>5</rating>
<url>http://www.greatschools.org/city/Des_Moines/WA</url>
<lat>47.3947</lat>
<lon>-122.314</lon>
<active>1</active>
</city>
<city>
<id>435808</id>
<name>Dixie</name>
<state>WA</state>
<rating/>
<url>http://www.greatschools.org/city/Dixie/WA</url>
<lat>46.1397</lat>
<lon>-118.153</lon>
<active>1</active>
</city>
<city>
<id>435570</id>
<name>DuPont</name>
<state>WA</state>
<rating>9</rating>
<url>http://www.greatschools.org/city/DuPont/WA</url>
<lat>47.1003</lat>
<lon>-122.637</lon>
<active>1</active>
</city>
<city>
<id>435496</id>
<name>Duvall</name>
<state>WA</state>
<rating>8</rating>
<url>http://www.greatschools.org/city/Duvall/WA</url>
<lat>47.7353</lat>
<lon>-121.971</lon>
<active>1</active>
</city>
<city>
<id>435683</id>
<name>East Olympia</name>
<state>WA</state>
<rating/>
<url>http://www.greatschools.org/city/East_Olympia/WA</url>
<lat>46.9667</lat>
<lon>-122.837</lon>
<active>1</active>
</city>
<city>
<id>435586</id>
<name>East Wenatchee</name>
<state>WA</state>
<rating>6</rating>
<url>http://www.greatschools.org/city/East_Wenatchee/WA</url>
<lat>47.4222</lat>
<lon>-120.286</lon>
<active>1</active>
</city>
<city>
<id>435805</id>
<name>Easton</name>
<state>WA</state>
<rating>2</rating>
<url>http://www.greatschools.org/city/Easton/WA</url>
<lat>47.2533</lat>
<lon>-121.187</lon>
<active>1</active>
</city>
<city>
<id>435606</id>
<name>Eastsound</name>
<state>WA</state>
<rating>5</rating>
<url>http://www.greatschools.org/city/Eastsound/WA</url>
<lat>48.6668</lat>
<lon>-122.929</lon>
<active>1</active>
</city>
<city>
<id>435804</id>
<name>Eatonville</name>
<state>WA</state>
<rating>5</rating>
<url>http://www.greatschools.org/city/Eatonville/WA</url>
<lat>46.868</lat>
<lon>-122.269</lon>
<active>1</active>
</city>
<city>
<id>435507</id>
<name>Edgewood</name>
<state>WA</state>
<rating>7</rating>
<url>http://www.greatschools.org/city/Edgewood/WA</url>
<lat>47.2306</lat>
<lon>-122.284</lon>
<active>1</active>
</city>
<city>
<id>435823</id>
<name>Edison</name>
<state>WA</state>
<rating>7</rating>
<url>http://www.greatschools.org/city/Edison/WA</url>
<lat>48.5613</lat>
<lon>-122.437</lon>
<active>1</active>
</city>
<city>
<id>435556</id>
<name>Edmonds</name>
<state>WA</state>
<rating>6</rating>
<url>http://www.greatschools.org/city/Edmonds/WA</url>
<lat>47.8077</lat>
<lon>-122.353</lon>
<active>1</active>
</city>
<city>
<id>435690</id>
<name>Edwall</name>
<state>WA</state>
<rating/>
<url>http://www.greatschools.org/city/Edwall/WA</url>
<lat>47.5304</lat>
<lon>-117.914</lon>
<active>1</active>
</city>
<city>
<id>435560</id>
<name>Ellensburg</name>
<state>WA</state>
<rating>6</rating>
<url>http://www.greatschools.org/city/Ellensburg/WA</url>
<lat>47.0023</lat>
<lon>-120.54</lon>
<active>1</active>
</city>
<city>
<id>435645</id>
<name>Elma</name>
<state>WA</state>
<rating>4</rating>
<url>http://www.greatschools.org/city/Elma/WA</url>
<lat>47.0068</lat>
<lon>-123.408</lon>
<active>1</active>
</city>
<city>
<id>435802</id>
<name>Endicott</name>
<state>WA</state>
<rating>8</rating>
<url>http://www.greatschools.org/city/Endicott/WA</url>
<lat>46.9273</lat>
<lon>-117.684</lon>
<active>1</active>
</city>
<city>
<id>435801</id>
<name>Entiat</name>
<state>WA</state>
<rating>5</rating>
<url>http://www.greatschools.org/city/Entiat/WA</url>
<lat>47.6759</lat>
<lon>-120.212</lon>
<active>1</active>
</city>
<city>
<id>435514</id>
<name>Enumclaw</name>
<state>WA</state>
<rating>6</rating>
<url>http://www.greatschools.org/city/Enumclaw/WA</url>
<lat>47.2018</lat>
<lon>-121.996</lon>
<active>1</active>
</city>
<city>
<id>435501</id>
<name>Ephrata</name>
<state>WA</state>
<rating>6</rating>
<url>http://www.greatschools.org/city/Ephrata/WA</url>
<lat>47.3167</lat>
<lon>-119.551</lon>
<active>1</active>
</city>
<city>
<id>435543</id>
<name>Everett</name>
<state>WA</state>
<rating>6</rating>
<url>http://www.greatschools.org/city/Everett/WA</url>
<lat>47.9471</lat>
<lon>-122.22</lon>
<active>1</active>
</city>
<city>
<id>435675</id>
<name>Everson</name>
<state>WA</state>
<rating>7</rating>
<url>http://www.greatschools.org/city/Everson/WA</url>
<lat>48.9205</lat>
<lon>-122.341</lon>
<active>1</active>
</city>
<city>
<id>435617</id>
<name>Fairchild AFB</name>
<state>WA</state>
<rating>5</rating>
<url>http://www.greatschools.org/city/Fairchild_AFB/WA</url>
<lat>47.622</lat>
<lon>-117.649</lon>
<active>1</active>
</city>
<city>
<id>443437</id>
<name>Fairfield</name>
<state>WA</state>
<rating/>
<url>http://www.greatschools.org/city/Fairfield/WA</url>
<lat>47.3848</lat>
<lon>-117.175</lon>
<active>1</active>
</city>
<city>
<id>435698</id>
<name>Fall City</name>
<state>WA</state>
<rating>10</rating>
<url>http://www.greatschools.org/city/Fall_City/WA</url>
<lat>47.5663</lat>
<lon>-121.9</lon>
<active>1</active>
</city>
<city>
<id>435611</id>
<name>Farmington</name>
<state>WA</state>
<rating/>
<url>http://www.greatschools.org/city/Farmington/WA</url>
<lat>47.0905</lat>
<lon>-117.045</lon>
<active>1</active>
</city>
<city>
<id>435596</id>
<name>Federal Way</name>
<state>WA</state>
<rating>4</rating>
<url>http://www.greatschools.org/city/Federal_Way/WA</url>
<lat>47.316</lat>
<lon>-122.341</lon>
<active>1</active>
</city>
<city>
<id>435516</id>
<name>Ferndale</name>
<state>WA</state>
<rating>6</rating>
<url>http://www.greatschools.org/city/Ferndale/WA</url>
<lat>48.8568</lat>
<lon>-122.601</lon>
<active>1</active>
</city>
<city>
<id>435545</id>
<name>Fife</name>
<state>WA</state>
<rating/>
<url>http://www.greatschools.org/city/Fife/WA</url>
<lat>47.2354</lat>
<lon>-122.351</lon>
<active>1</active>
</city>
<city>
<id>443436</id>
<name>Fircrest</name>
<state>WA</state>
<rating/>
<url>http://www.greatschools.org/city/Fircrest/WA</url>
<lat>47.2309</lat>
<lon>-122.516</lon>
<active>1</active>
</city>
<city>
<id>435562</id>
<name>Forks</name>
<state>WA</state>
<rating>4</rating>
<url>http://www.greatschools.org/city/Forks/WA</url>
<lat>47.9512</lat>
<lon>-124.382</lon>
<active>1</active>
</city>
<city>
<id>435817</id>
<name>Fort Lewis</name>
<state>WA</state>
<rating>4</rating>
<url>http://www.greatschools.org/city/Fort_Lewis/WA</url>
<lat>47.099</lat>
<lon>-122.583</lon>
<active>1</active>
</city>
<city>
<id>445817</id>
<name>Freeland</name>
<state>WA</state>
<rating/>
<url>http://www.greatschools.org/city/Freeland/WA</url>
<lat>48.0095</lat>
<lon>-122.526</lon>
<active>1</active>
</city>
<city>
<id>435646</id>
<name>Friday Harbor</name>
<state>WA</state>
<rating>8</rating>
<url>http://www.greatschools.org/city/Friday_Harbor/WA</url>
<lat>48.5351</lat>
<lon>-123.021</lon>
<active>1</active>
</city>
<city>
<id>435795</id>
<name>Garfield</name>
<state>WA</state>
<rating>9</rating>
<url>http://www.greatschools.org/city/Garfield/WA</url>
<lat>47.0086</lat>
<lon>-117.142</lon>
<active>1</active>
</city>
<city>
<id>443434</id>
<name>George</name>
<state>WA</state>
<rating/>
<url>http://www.greatschools.org/city/George/WA</url>
<lat>47.0779</lat>
<lon>-119.855</lon>
<active>1</active>
</city>
<city>
<id>435799</id>
<name>Gifford</name>
<state>WA</state>
<rating/>
<url>http://www.greatschools.org/city/Gifford/WA</url>
<lat>48.2952</lat>
<lon>-118.114</lon>
<active>1</active>
</city>
<city>
<id>435486</id>
<name>Gig Harbor</name>
<state>WA</state>
<rating>8</rating>
<url>http://www.greatschools.org/city/Gig_Harbor/WA</url>
<lat>47.3218</lat>
<lon>-122.588</lon>
<active>1</active>
</city>
<city>
<id>435794</id>
<name>Glenwood</name>
<state>WA</state>
<rating/>
<url>http://www.greatschools.org/city/Glenwood/WA</url>
<lat>46.01</lat>
<lon>-121.284</lon>
<active>1</active>
</city>
<city>
<id>435722</id>
<name>Gold Bar</name>
<state>WA</state>
<rating>4</rating>
<url>http://www.greatschools.org/city/Gold_Bar/WA</url>
<lat>47.856</lat>
<lon>-121.693</lon>
<active>1</active>
</city>
<city>
<id>435563</id>
<name>Goldendale</name>
<state>WA</state>
<rating>4</rating>
<url>http://www.greatschools.org/city/Goldendale/WA</url>
<lat>45.8203</lat>
<lon>-120.821</lon>
<active>1</active>
</city>
<city>
<id>435505</id>
<name>Graham</name>
<state>WA</state>
<rating>6</rating>
<url>http://www.greatschools.org/city/Graham/WA</url>
<lat>47.0405</lat>
<lon>-122.288</lon>
<active>1</active>
</city>
<city>
<id>435792</id>
<name>Grand Coulee</name>
<state>WA</state>
<rating>3</rating>
<url>http://www.greatschools.org/city/Grand_Coulee/WA</url>
<lat>47.9389</lat>
<lon>-119.0</lon>
<active>1</active>
</city>
<city>
<id>435633</id>
<name>Grandview</name>
<state>WA</state>
<rating>3</rating>
<url>http://www.greatschools.org/city/Grandview/WA</url>
<lat>46.2519</lat>
<lon>-119.91</lon>
<active>1</active>
</city>
<city>
<id>435584</id>
<name>Granger</name>
<state>WA</state>
<rating>3</rating>
<url>http://www.greatschools.org/city/Granger/WA</url>
<lat>46.3432</lat>
<lon>-120.192</lon>
<active>1</active>
</city>
<city>
<id>435791</id>
<name>Granite Falls</name>
<state>WA</state>
<rating>6</rating>
<url>http://www.greatschools.org/city/Granite_Falls/WA</url>
<lat>48.0847</lat>
<lon>-121.97</lon>
<active>1</active>
</city>
<city>
<id>446406</id>
<name>Grant County</name>
<state>WA</state>
<rating/>
<url>http://www.greatschools.org/city/Grant_County/WA</url>
<lat>47.3529</lat>
<lon>-119.038</lon>
<active>1</active>
</city>
<city>
<id>435790</id>
<name>Grapeview</name>
<state>WA</state>
<rating/>
<url>http://www.greatschools.org/city/Grapeview/WA</url>
<lat>47.3186</lat>
<lon>-122.939</lon>
<active>1</active>
</city>
<city>
<id>443433</id>
<name>Grayland</name>
<state>WA</state>
<rating/>
<url>http://www.greatschools.org/city/Grayland/WA</url>
<lat>46.8203</lat>
<lon>-124.096</lon>
<active>1</active>
</city>
<city>
<id>435835</id>
<name>Greenacres</name>
<state>WA</state>
<rating>8</rating>
<url>http://www.greatschools.org/city/Greenacres/WA</url>
<lat>47.6545</lat>
<lon>-117.158</lon>
<active>1</active>
</city>
<city>
<id>445818</id>
<name>Hansville</name>
<state>WA</state>
<rating/>
<url>http://www.greatschools.org/city/Hansville/WA</url>
<lat>47.9186</lat>
<lon>-122.554</lon>
<active>1</active>
</city>
<city>
<id>435689</id>
<name>Harrah</name>
<state>WA</state>
<rating>1</rating>
<url>http://www.greatschools.org/city/Harrah/WA</url>
<lat>46.4056</lat>
<lon>-120.543</lon>
<active>1</active>
</city>
<city>
<id>435789</id>
<name>Harrington</name>
<state>WA</state>
<rating>2</rating>
<url>http://www.greatschools.org/city/Harrington/WA</url>
<lat>47.4794</lat>
<lon>-118.254</lon>
<active>1</active>
</city>
<city>
<id>435784</id>
<name>Hoquiam</name>
<state>WA</state>
<rating>3</rating>
<url>http://www.greatschools.org/city/Hoquiam/WA</url>
<lat>46.9814</lat>
<lon>-123.882</lon>
<active>1</active>
</city>
<city>
<id>435635</id>
<name>Hunters</name>
<state>WA</state>
<rating>4</rating>
<url>http://www.greatschools.org/city/Hunters/WA</url>
<lat>48.1649</lat>
<lon>-118.118</lon>
<active>1</active>
</city>
<city>
<id>435751</id>
<name>Ilwaco</name>
<state>WA</state>
<rating>5</rating>
<url>http://www.greatschools.org/city/Ilwaco/WA</url>
<lat>46.3109</lat>
<lon>-124.042</lon>
<active>1</active>
</city>
<city>
<id>435669</id>
<name>Inchelium</name>
<state>WA</state>
<rating>2</rating>
<url>http://www.greatschools.org/city/Inchelium/WA</url>
<lat>48.3114</lat>
<lon>-118.226</lon>
<active>1</active>
</city>
<city>
<id>435783</id>
<name>Index</name>
<state>WA</state>
<rating/>
<url>http://www.greatschools.org/city/Index/WA</url>
<lat>47.8209</lat>
<lon>-121.555</lon>
<active>1</active>
</city>
<city>
<id>435732</id>
<name>Ione</name>
<state>WA</state>
<rating/>
<url>http://www.greatschools.org/city/Ione/WA</url>
<lat>48.7413</lat>
<lon>-117.424</lon>
<active>1</active>
</city>
<city>
<id>435575</id>
<name>Issaquah</name>
<state>WA</state>
<rating>9</rating>
<url>http://www.greatschools.org/city/Issaquah/WA</url>
<lat>47.5331</lat>
<lon>-122.048</lon>
<active>1</active>
</city>
<city>
<id>435662</id>
<name>Kahlotus</name>
<state>WA</state>
<rating/>
<url>http://www.greatschools.org/city/Kahlotus/WA</url>
<lat>46.6426</lat>
<lon>-118.557</lon>
<active>1</active>
</city>
<city>
<id>435782</id>
<name>Kalama</name>
<state>WA</state>
<rating>5</rating>
<url>http://www.greatschools.org/city/Kalama/WA</url>
<lat>46.0089</lat>
<lon>-122.838</lon>
<active>1</active>
</city>
<city>
<id>435781</id>
<name>Keller</name>
<state>WA</state>
<rating/>
<url>http://www.greatschools.org/city/Keller/WA</url>
<lat>48.0917</lat>
<lon>-118.683</lon>
<active>1</active>
</city>
<city>
<id>435492</id>
<name>Kelso</name>
<state>WA</state>
<rating>6</rating>
<url>http://www.greatschools.org/city/Kelso/WA</url>
<lat>46.1443</lat>
<lon>-122.903</lon>
<active>1</active>
</city>
<city>
<id>435549</id>
<name>Kenmore</name>
<state>WA</state>
<rating>9</rating>
<url>http://www.greatschools.org/city/Kenmore/WA</url>
<lat>47.7551</lat>
<lon>-122.247</lon>
<active>1</active>
</city>
<city>
<id>435480</id>
<name>Kennewick</name>
<state>WA</state>
<rating>5</rating>
<url>http://www.greatschools.org/city/Kennewick/WA</url>
<lat>46.2025</lat>
<lon>-119.164</lon>
<active>1</active>
</city>
<city>
<id>435559</id>
<name>Kent</name>
<state>WA</state>
<rating>5</rating>
<url>http://www.greatschools.org/city/Kent/WA</url>
<lat>47.3765</lat>
<lon>-122.216</lon>
<active>1</active>
</city>
<city>
<id>435618</id>
<name>Kettle Falls</name>
<state>WA</state>
<rating>5</rating>
<url>http://www.greatschools.org/city/Kettle_Falls/WA</url>
<lat>48.6045</lat>
<lon>-118.059</lon>
<active>1</active>
</city>
<city>
<id>435558</id>
<name>Kingston</name>
<state>WA</state>
<rating>7</rating>
<url>http://www.greatschools.org/city/Kingston/WA</url>
<lat>47.8015</lat>
<lon>-122.498</lon>
<active>1</active>
</city>
<city>
<id>435599</id>
<name>Kirkland</name>
<state>WA</state>
<rating>8</rating>
<url>http://www.greatschools.org/city/Kirkland/WA</url>
<lat>47.689</lat>
<lon>-122.192</lon>
<active>1</active>
</city>
<city>
<id>435778</id>
<name>Kittitas</name>
<state>WA</state>
<rating>6</rating>
<url>http://www.greatschools.org/city/Kittitas/WA</url>
<lat>46.9871</lat>
<lon>-120.419</lon>
<active>1</active>
</city>
<city>
<id>435663</id>
<name>Klickitat</name>
<state>WA</state>
<rating>2</rating>
<url>http://www.greatschools.org/city/Klickitat/WA</url>
<lat>45.8161</lat>
<lon>-121.158</lon>
<active>1</active>
</city>
<city>
<id>435775</id>
<name>La Center</name>
<state>WA</state>
<rating>7</rating>
<url>http://www.greatschools.org/city/La_Center/WA</url>
<lat>45.8663</lat>
<lon>-122.667</lon>
<active>1</active>
</city>
<city>
<id>435777</id>
<name>La Conner</name>
<state>WA</state>
<rating>4</rating>
<url>http://www.greatschools.org/city/La_Conner/WA</url>
<lat>48.3901</lat>
<lon>-122.494</lon>
<active>1</active>
</city>
<city>
<id>441913</id>
<name>La Push</name>
<state>WA</state>
<rating/>
<url>http://www.greatschools.org/city/La_Push/WA</url>
<lat>47.9272</lat>
<lon>-124.401</lon>
<active>1</active>
</city>
<city>
<id>435600</id>
<name>Lacey</name>
<state>WA</state>
<rating>6</rating>
<url>http://www.greatschools.org/city/Lacey/WA</url>
<lat>47.0228</lat>
<lon>-122.808</lon>
<active>1</active>
</city>
<city>
<id>435776</id>
<name>Lacrosse</name>
<state>WA</state>
<rating/>
<url>http://www.greatschools.org/city/Lacrosse/WA</url>
<lat>46.7793</lat>
<lon>-117.834</lon>
<active>1</active>
</city>
<city>
<id>435615</id>
<name>Lake Forest Park</name>
<state>WA</state>
<rating>8</rating>
<url>http://www.greatschools.org/city/Lake_Forest_Park/WA</url>
<lat>47.7591</lat>
<lon>-122.289</lon>
<active>1</active>
</city>
<city>
<id>435602</id>
<name>Lake Stevens</name>
<state>WA</state>
<rating>7</rating>
<url>http://www.greatschools.org/city/Lake_Stevens/WA</url>
<lat>48.0173</lat>
<lon>-122.068</lon>
<active>1</active>
</city>
<city>
<id>435668</id>
<name>Lake Tapps</name>
<state>WA</state>
<rating>9</rating>
<url>http://www.greatschools.org/city/Lake_Tapps/WA</url>
<lat>47.2307</lat>
<lon>-122.171</lon>
<active>1</active>
</city>
<city>
<id>435741</id>
<name>Lakebay</name>
<state>WA</state>
<rating>7</rating>
<url>http://www.greatschools.org/city/Lakebay/WA</url>
<lat>47.2498</lat>
<lon>-122.753</lon>
<active>1</active>
</city>
<city>
<id>435592</id>
<name>Lakewood</name>
<state>WA</state>
<rating>5</rating>
<url>http://www.greatschools.org/city/Lakewood/WA</url>
<lat>47.1638</lat>
<lon>-122.529</lon>
<active>1</active>
</city>
<city>
<id>435774</id>
<name>Lamont</name>
<state>WA</state>
<rating>1</rating>
<url>http://www.greatschools.org/city/Lamont/WA</url>
<lat>47.2007</lat>
<lon>-117.904</lon>
<active>1</active>
</city>
<city>
<id>435641</id>
<name>Langley</name>
<state>WA</state>
<rating>6</rating>
<url>http://www.greatschools.org/city/Langley/WA</url>
<lat>48.036</lat>
<lon>-122.405</lon>
<active>1</active>
</city>
<city>
<id>435639</id>
<name>Leavenworth</name>
<state>WA</state>
<rating>7</rating>
<url>http://www.greatschools.org/city/Leavenworth/WA</url>
<lat>47.5955</lat>
<lon>-120.666</lon>
<active>1</active>
</city>
<city>
<id>435597</id>
<name>Liberty Lake</name>
<state>WA</state>
<rating>9</rating>
<url>http://www.greatschools.org/city/Liberty_Lake/WA</url>
<lat>47.6599</lat>
<lon>-117.086</lon>
<active>1</active>
</city>
<city>
<id>435773</id>
<name>Lind</name>
<state>WA</state>
<rating>7</rating>
<url>http://www.greatschools.org/city/Lind/WA</url>
<lat>46.9729</lat>
<lon>-118.615</lon>
<active>1</active>
</city>
<city>
<id>435753</id>
<name>Long Beach</name>
<state>WA</state>
<rating>5</rating>
<url>http://www.greatschools.org/city/Long_Beach/WA</url>
<lat>46.3545</lat>
<lon>-124.054</lon>
<active>1</active>
</city>
<city>
<id>435491</id>
<name>Longview</name>
<state>WA</state>
<rating>4</rating>
<url>http://www.greatschools.org/city/Longview/WA</url>
<lat>46.1436</lat>
<lon>-122.959</lon>
<active>1</active>
</city>
<city>
<id>435651</id>
<name>Loon Lake</name>
<state>WA</state>
<rating>3</rating>
<url>http://www.greatschools.org/city/Loon_Lake/WA</url>
<lat>48.0847</lat>
<lon>-117.605</lon>
<active>1</active>
</city>
<city>
<id>435772</id>
<name>Lopez Island</name>
<state>WA</state>
<rating>7</rating>
<url>http://www.greatschools.org/city/Lopez_Island/WA</url>
<lat>48.5034</lat>
<lon>-122.897</lon>
<active>1</active>
</city>
<city>
<id>435798</id>
<name>Lummi Island</name>
<state>WA</state>
<rating/>
<url>http://www.greatschools.org/city/Lummi_Island/WA</url>
<lat>48.71</lat>
<lon>-122.681</lon>
<active>1</active>
</city>
<city>
<id>435658</id>
<name>Lyle</name>
<state>WA</state>
<rating>3</rating>
<url>http://www.greatschools.org/city/Lyle/WA</url>
<lat>45.6932</lat>
<lon>-121.277</lon>
<active>1</active>
</city>
<city>
<id>435733</id>
<name>Lyman</name>
<state>WA</state>
<rating>8</rating>
<url>http://www.greatschools.org/city/Lyman/WA</url>
<lat>48.5271</lat>
<lon>-122.064</lon>
<active>1</active>
</city>
<city>
<id>435515</id>
<name>Lynden</name>
<state>WA</state>
<rating>7</rating>
<url>http://www.greatschools.org/city/Lynden/WA</url>
<lat>48.9499</lat>
<lon>-122.453</lon>
<active>1</active>
</city>
<city>
<id>435500</id>
<name>Lynnwood</name>
<state>WA</state>
<rating>6</rating>
<url>http://www.greatschools.org/city/Lynnwood/WA</url>
<lat>47.8292</lat>
<lon>-122.306</lon>
<active>1</active>
</city>
<city>
<id>435770</id>
<name>Mabton</name>
<state>WA</state>
<rating/>
<url>http://www.greatschools.org/city/Mabton/WA</url>
<lat>46.2123</lat>
<lon>-119.998</lon>
<active>1</active>
</city>
<city>
<id>435692</id>
<name>Manchester</name>
<state>WA</state>
<rating/>
<url>http://www.greatschools.org/city/Manchester/WA</url>
<lat>47.5468</lat>
<lon>-122.555</lon>
<active>1</active>
</city>
<city>
<id>435657</id>
<name>Mansfield</name>
<state>WA</state>
<rating>3</rating>
<url>http://www.greatschools.org/city/Mansfield/WA</url>
<lat>47.8122</lat>
<lon>-119.64</lon>
<active>1</active>
</city>
<city>
<id>435769</id>
<name>Manson</name>
<state>WA</state>
<rating>4</rating>
<url>http://www.greatschools.org/city/Manson/WA</url>
<lat>47.897</lat>
<lon>-120.15</lon>
<active>1</active>
</city>
<city>
<id>435676</id>
<name>Maple Falls</name>
<state>WA</state>
<rating>4</rating>
<url>http://www.greatschools.org/city/Maple_Falls/WA</url>
<lat>48.9162</lat>
<lon>-122.098</lon>
<active>1</active>
</city>
<city>
<id>435568</id>
<name>Maple Valley</name>
<state>WA</state>
<rating>9</rating>
<url>http://www.greatschools.org/city/Maple_Valley/WA</url>
<lat>47.367</lat>
<lon>-122.042</lon>
<active>1</active>
</city>
<city>
<id>435531</id>
<name>Marysville</name>
<state>WA</state>
<rating>4</rating>
<url>http://www.greatschools.org/city/Marysville/WA</url>
<lat>48.0627</lat>
<lon>-122.154</lon>
<active>1</active>
</city>
<city>
<id>435671</id>
<name>Mattawa</name>
<state>WA</state>
<rating>2</rating>
<url>http://www.greatschools.org/city/Mattawa/WA</url>
<lat>46.7361</lat>
<lon>-119.903</lon>
<active>1</active>
</city>
<city>
<id>443432</id>
<name>McChord AFB</name>
<state>WA</state>
<rating/>
<url>http://www.greatschools.org/city/McChord_AFB/WA</url>
<lat>47.134</lat>
<lon>-122.497</lon>
<active>1</active>
</city>
<city>
<id>435768</id>
<name>McCleary</name>
<state>WA</state>
<rating>3</rating>
<url>http://www.greatschools.org/city/McCleary/WA</url>
<lat>47.0555</lat>
<lon>-123.267</lon>
<active>1</active>
</city>
<city>
<id>443431</id>
<name>McKenna</name>
<state>WA</state>
<rating>7</rating>
<url>http://www.greatschools.org/city/McKenna/WA</url>
<lat>46.9115</lat>
<lon>-122.58</lon>
<active>1</active>
</city>
<city>
<id>435533</id>
<name>Mead</name>
<state>WA</state>
<rating>9</rating>
<url>http://www.greatschools.org/city/Mead/WA</url>
<lat>47.7914</lat>
<lon>-117.328</lon>
<active>1</active>
</city>
<city>
<id>435582</id>
<name>Medical Lake</name>
<state>WA</state>
<rating>7</rating>
<url>http://www.greatschools.org/city/Medical_Lake/WA</url>
<lat>47.5752</lat>
<lon>-117.682</lon>
<active>1</active>
</city>
<city>
<id>435605</id>
<name>Medina</name>
<state>WA</state>
<rating/>
<url>http://www.greatschools.org/city/Medina/WA</url>
<lat>47.6254</lat>
<lon>-122.233</lon>
<active>1</active>
</city>
<city>
<id>435705</id>
<name>Menlo</name>
<state>WA</state>
<rating/>
<url>http://www.greatschools.org/city/Menlo/WA</url>
<lat>46.6671</lat>
<lon>-123.701</lon>
<active>1</active>
</city>
<city>
<id>435554</id>
<name>Mercer Island</name>
<state>WA</state>
<rating>10</rating>
<url>http://www.greatschools.org/city/Mercer_Island/WA</url>
<lat>47.5639</lat>
<lon>-122.227</lon>
<active>1</active>
</city>
<city>
<id>443430</id>
<name>Mesa</name>
<state>WA</state>
<rating>2</rating>
<url>http://www.greatschools.org/city/Mesa/WA</url>
<lat>46.5793</lat>
<lon>-119.005</lon>
<active>1</active>
</city>
<city>
<id>435552</id>
<name>Metaline Falls</name>
<state>WA</state>
<rating>9</rating>
<url>http://www.greatschools.org/city/Metaline_Falls/WA</url>
<lat>48.8618</lat>
<lon>-117.372</lon>
<active>1</active>
</city>
<city>
<id>445819</id>
<name>Milan</name>
<state>WA</state>
<rating/>
<url>http://www.greatschools.org/city/Milan/WA</url>
<lat>47.9668</lat>
<lon>-117.332</lon>
<active>1</active>
</city>
<city>
<id>435686</id>
<name>Mill Creek</name>
<state>WA</state>
<rating>8</rating>
<url>http://www.greatschools.org/city/Mill_Creek/WA</url>
<lat>47.8596</lat>
<lon>-122.204</lon>
<active>1</active>
</city>
<city>
<id>435796</id>
<name>Milton</name>
<state>WA</state>
<rating>4</rating>
<url>http://www.greatschools.org/city/Milton/WA</url>
<lat>47.2501</lat>
<lon>-122.312</lon>
<active>1</active>
</city>
<city>
<id>445820</id>
<name>Mineral</name>
<state>WA</state>
<rating/>
<url>http://www.greatschools.org/city/Mineral/WA</url>
<lat>46.7168</lat>
<lon>-122.182</lon>
<active>1</active>
</city>
<city>
<id>435525</id>
<name>Monroe</name>
<state>WA</state>
<rating>5</rating>
<url>http://www.greatschools.org/city/Monroe/WA</url>
<lat>47.856</lat>
<lon>-121.992</lon>
<active>1</active>
</city>
<city>
<id>435581</id>
<name>Montesano</name>
<state>WA</state>
<rating>6</rating>
<url>http://www.greatschools.org/city/Montesano/WA</url>
<lat>46.9837</lat>
<lon>-123.599</lon>
<active>1</active>
</city>
<city>
<id>435697</id>
<name>Morton</name>
<state>WA</state>
<rating>5</rating>
<url>http://www.greatschools.org/city/Morton/WA</url>
<lat>46.5571</lat>
<lon>-122.281</lon>
<active>1</active>
</city>
<city>
<id>435603</id>
<name>Moses Lake</name>
<state>WA</state>
<rating>5</rating>
<url>http://www.greatschools.org/city/Moses_Lake/WA</url>
<lat>47.1211</lat>
<lon>-119.285</lon>
<active>1</active>
</city>
<city>
<id>435767</id>
<name>Mossyrock</name>
<state>WA</state>
<rating>4</rating>
<url>http://www.greatschools.org/city/Mossyrock/WA</url>
<lat>46.5295</lat>
<lon>-122.482</lon>
<active>1</active>
</city>
<city>
<id>435571</id>
<name>Mount Vernon</name>
<state>WA</state>
<rating>5</rating>
<url>http://www.greatschools.org/city/Mount_Vernon/WA</url>
<lat>48.4242</lat>
<lon>-122.315</lon>
<active>1</active>
</city>
<city>
<id>435520</id>
<name>Mountlake Terrace</name>
<state>WA</state>
<rating>6</rating>
<url>http://www.greatschools.org/city/Mountlake_Terrace/WA</url>
<lat>47.7931</lat>
<lon>-122.304</lon>
<active>1</active>
</city>
<city>
<id>435765</id>
<name>Moxee</name>
<state>WA</state>
<rating>6</rating>
<url>http://www.greatschools.org/city/Moxee/WA</url>
<lat>46.5551</lat>
<lon>-120.388</lon>
<active>1</active>
</city>
<city>
<id>446407</id>
<name>Mtlk Terrace</name>
<state>WA</state>
<rating/>
<url>http://www.greatschools.org/city/Mtlk_Terrace/WA</url>
<lat>47.7968</lat>
<lon>-122.288</lon>
<active>1</active>
</city>
<city>
<id>435524</id>
<name>Mukilteo</name>
<state>WA</state>
<rating>9</rating>
<url>http://www.greatschools.org/city/Mukilteo/WA</url>
<lat>47.9083</lat>
<lon>-122.304</lon>
<active>1</active>
</city>
<city>
<id>435687</id>
<name>Naches</name>
<state>WA</state>
<rating>5</rating>
<url>http://www.greatschools.org/city/Naches/WA</url>
<lat>46.7303</lat>
<lon>-120.699</lon>
<active>1</active>
</city>
<city>
<id>435699</id>
<name>Napavine</name>
<state>WA</state>
<rating>6</rating>
<url>http://www.greatschools.org/city/Napavine/WA</url>
<lat>46.5795</lat>
<lon>-122.912</lon>
<active>1</active>
</city>
<city>
<id>435763</id>
<name>Naselle</name>
<state>WA</state>
<rating>7</rating>
<url>http://www.greatschools.org/city/Naselle/WA</url>
<lat>46.3728</lat>
<lon>-123.793</lon>
<active>1</active>
</city>
<city>
<id>435580</id>
<name>Neah Bay</name>
<state>WA</state>
<rating>6</rating>
<url>http://www.greatschools.org/city/Neah_Bay/WA</url>
<lat>48.3659</lat>
<lon>-124.615</lon>
<active>1</active>
</city>
<city>
<id>435762</id>
<name>Nespelem</name>
<state>WA</state>
<rating/>
<url>http://www.greatschools.org/city/Nespelem/WA</url>
<lat>48.1668</lat>
<lon>-118.974</lon>
<active>1</active>
</city>
<city>
<id>435553</id>
<name>Newcastle</name>
<state>WA</state>
<rating>9</rating>
<url>http://www.greatschools.org/city/Newcastle/WA</url>
<lat>47.5321</lat>
<lon>-122.17</lon>
<active>1</active>
</city>
<city>
<id>435625</id>
<name>Newman Lake</name>
<state>WA</state>
<rating>5</rating>
<url>http://www.greatschools.org/city/Newman_Lake/WA</url>
<lat>47.7301</lat>
<lon>-117.067</lon>
<active>1</active>
</city>
<city>
<id>435479</id>
<name>Newport</name>
<state>WA</state>
<rating>6</rating>
<url>http://www.greatschools.org/city/Newport/WA</url>
<lat>48.18</lat>
<lon>-117.05</lon>
<active>1</active>
</city>
<city>
<id>435678</id>
<name>Nine Mile Falls</name>
<state>WA</state>
<rating>8</rating>
<url>http://www.greatschools.org/city/Nine_Mile_Falls/WA</url>
<lat>47.8018</lat>
<lon>-117.587</lon>
<active>1</active>
</city>
<city>
<id>435785</id>
<name>Normandy Park</name>
<state>WA</state>
<rating>8</rating>
<url>http://www.greatschools.org/city/Normandy_Park/WA</url>
<lat>47.4356</lat>
<lon>-122.343</lon>
<active>1</active>
</city>
<city>
<id>435522</id>
<name>North Bend</name>
<state>WA</state>
<rating>8</rating>
<url>http://www.greatschools.org/city/North_Bend/WA</url>
<lat>47.4899</lat>
<lon>-121.786</lon>
<active>1</active>
</city>
<city>
<id>435756</id>
<name>Northport</name>
<state>WA</state>
<rating>6</rating>
<url>http://www.greatschools.org/city/Northport/WA</url>
<lat>48.9144</lat>
<lon>-117.784</lon>
<active>1</active>
</city>
<city>
<id>435631</id>
<name>Oak Harbor</name>
<state>WA</state>
<rating>6</rating>
<url>http://www.greatschools.org/city/Oak_Harbor/WA</url>
<lat>48.2972</lat>
<lon>-122.649</lon>
<active>1</active>
</city>
<city>
<id>435755</id>
<name>Oakesdale</name>
<state>WA</state>
<rating>5</rating>
<url>http://www.greatschools.org/city/Oakesdale/WA</url>
<lat>47.1283</lat>
<lon>-117.246</lon>
<active>1</active>
</city>
<city>
<id>435754</id>
<name>Oakville</name>
<state>WA</state>
<rating>4</rating>
<url>http://www.greatschools.org/city/Oakville/WA</url>
<lat>46.8389</lat>
<lon>-123.234</lon>
<active>1</active>
</city>
<city>
<id>435752</id>
<name>Ocean Park</name>
<state>WA</state>
<rating>2</rating>
<url>http://www.greatschools.org/city/Ocean_Park/WA</url>
<lat>46.4938</lat>
<lon>-124.045</lon>
<active>1</active>
</city>
<city>
<id>435759</id>
<name>Ocean Shores</name>
<state>WA</state>
<rating>4</rating>
<url>http://www.greatschools.org/city/Ocean_Shores/WA</url>
<lat>46.982</lat>
<lon>-124.154</lon>
<active>1</active>
</city>
<city>
<id>435499</id>
<name>Odessa</name>
<state>WA</state>
<rating>7</rating>
<url>http://www.greatschools.org/city/Odessa/WA</url>
<lat>47.3316</lat>
<lon>-118.687</lon>
<active>1</active>
</city>
<city>
<id>435550</id>
<name>Okanogan</name>
<state>WA</state>
<rating>4</rating>
<url>http://www.greatschools.org/city/Okanogan/WA</url>
<lat>48.3649</lat>
<lon>-119.583</lon>
<active>1</active>
</city>
<city>
<id>435609</id>
<name>Olalla</name>
<state>WA</state>
<rating/>
<url>http://www.greatschools.org/city/Olalla/WA</url>
<lat>47.4281</lat>
<lon>-122.58</lon>
<active>1</active>
</city>
<city>
<id>435497</id>
<name>Olympia</name>
<state>WA</state>
<rating>8</rating>
<url>http://www.greatschools.org/city/Olympia/WA</url>
<lat>46.9667</lat>
<lon>-122.837</lon>
<active>1</active>
</city>
<city>
<id>435577</id>
<name>Omak</name>
<state>WA</state>
<rating>3</rating>
<url>http://www.greatschools.org/city/Omak/WA</url>
<lat>48.4107</lat>
<lon>-119.528</lon>
<active>1</active>
</city>
<city>
<id>435749</id>
<name>Onalaska</name>
<state>WA</state>
<rating>5</rating>
<url>http://www.greatschools.org/city/Onalaska/WA</url>
<lat>46.5766</lat>
<lon>-122.701</lon>
<active>1</active>
</city>
<city>
<id>435747</id>
<name>Orient</name>
<state>WA</state>
<rating/>
<url>http://www.greatschools.org/city/Orient/WA</url>
<lat>48.7769</lat>
<lon>-118.252</lon>
<active>1</active>
</city>
<city>
<id>435746</id>
<name>Orondo</name>
<state>WA</state>
<rating>3</rating>
<url>http://www.greatschools.org/city/Orondo/WA</url>
<lat>47.7091</lat>
<lon>-120.166</lon>
<active>1</active>
</city>
<city>
<id>435521</id>
<name>Oroville</name>
<state>WA</state>
<rating>3</rating>
<url>http://www.greatschools.org/city/Oroville/WA</url>
<lat>48.9357</lat>
<lon>-119.436</lon>
<active>1</active>
</city>
<city>
<id>435576</id>
<name>Orting</name>
<state>WA</state>
<rating>5</rating>
<url>http://www.greatschools.org/city/Orting/WA</url>
<lat>47.0969</lat>
<lon>-122.208</lon>
<active>1</active>
</city>
<city>
<id>435627</id>
<name>Othello</name>
<state>WA</state>
<rating>3</rating>
<url>http://www.greatschools.org/city/Othello/WA</url>
<lat>46.8234</lat>
<lon>-119.165</lon>
<active>1</active>
</city>
<city>
<id>435807</id>
<name>Otis Orchards</name>
<state>WA</state>
<rating>6</rating>
<url>http://www.greatschools.org/city/Otis_Orchards/WA</url>
<lat>47.6996</lat>
<lon>-117.112</lon>
<active>1</active>
</city>
<city>
<id>444277</id>
<name>Outlook</name>
<state>WA</state>
<rating>2</rating>
<url>http://www.greatschools.org/city/Outlook/WA</url>
<lat>46.3506</lat>
<lon>-120.096</lon>
<active>1</active>
</city>
<city>
<id>435830</id>
<name>Pacific</name>
<state>WA</state>
<rating>7</rating>
<url>http://www.greatschools.org/city/Pacific/WA</url>
<lat>47.2654</lat>
<lon>-122.245</lon>
<active>1</active>
</city>
<city>
<id>435760</id>
<name>Pacific Beach</name>
<state>WA</state>
<rating>7</rating>
<url>http://www.greatschools.org/city/Pacific_Beach/WA</url>
<lat>47.2015</lat>
<lon>-124.174</lon>
<active>1</active>
</city>
<city>
<id>435745</id>
<name>Palisades</name>
<state>WA</state>
<rating/>
<url>http://www.greatschools.org/city/Palisades/WA</url>
<lat>47.4585</lat>
<lon>-119.796</lon>
<active>1</active>
</city>
<city>
<id>435647</id>
<name>Palouse</name>
<state>WA</state>
<rating>8</rating>
<url>http://www.greatschools.org/city/Palouse/WA</url>
<lat>46.9113</lat>
<lon>-117.074</lon>
<active>1</active>
</city>
<city>
<id>435503</id>
<name>Pasco</name>
<state>WA</state>
<rating>3</rating>
<url>http://www.greatschools.org/city/Pasco/WA</url>
<lat>46.2402</lat>
<lon>-119.113</lon>
<active>1</active>
</city>
<city>
<id>435744</id>
<name>Pateros</name>
<state>WA</state>
<rating>6</rating>
<url>http://www.greatschools.org/city/Pateros/WA</url>
<lat>48.0539</lat>
<lon>-119.904</lon>
<active>1</active>
</city>
<city>
<id>435743</id>
<name>Paterson</name>
<state>WA</state>
<rating>6</rating>
<url>http://www.greatschools.org/city/Paterson/WA</url>
<lat>46.2103</lat>
<lon>-119.772</lon>
<active>1</active>
</city>
<city>
<id>435650</id>
<name>Pe Ell</name>
<state>WA</state>
<rating>6</rating>
<url>http://www.greatschools.org/city/Pe_Ell/WA</url>
<lat>46.571</lat>
<lon>-123.298</lon>
<active>1</active>
</city>
<city>
<id>435821</id>
<name>Peshastin</name>
<state>WA</state>
<rating/>
<url>http://www.greatschools.org/city/Peshastin/WA</url>
<lat>47.4217</lat>
<lon>-120.638</lon>
<active>1</active>
</city>
<city>
<id>444280</id>
<name>Point Roberts</name>
<state>WA</state>
<rating/>
<url>http://www.greatschools.org/city/Point_Roberts/WA</url>
<lat>48.9894</lat>
<lon>-123.054</lon>
<active>1</active>
</city>
<city>
<id>435740</id>
<name>Pomeroy</name>
<state>WA</state>
<rating>6</rating>
<url>http://www.greatschools.org/city/Pomeroy/WA</url>
<lat>46.4735</lat>
<lon>-117.596</lon>
<active>1</active>
</city>
<city>
<id>435484</id>
<name>Port Angeles</name>
<state>WA</state>
<rating>7</rating>
<url>http://www.greatschools.org/city/Port_Angeles/WA</url>
<lat>48.1124</lat>
<lon>-123.446</lon>
<active>1</active>
</city>
<city>
<id>435551</id>
<name>Port Hadlock</name>
<state>WA</state>
<rating/>
<url>http://www.greatschools.org/city/Port_Hadlock/WA</url>
<lat>48.0328</lat>
<lon>-122.767</lon>
<active>1</active>
</city>
<city>
<id>446408</id>
<name>Port Hadlock-Irondale</name>
<state>WA</state>
<rating/>
<url>http://www.greatschools.org/city/Port_Hadlock-Irondale/WA</url>
<lat>48.0367</lat>
<lon>-122.775</lon>
<active>1</active>
</city>
<city>
<id>435506</id>
<name>Port Orchard</name>
<state>WA</state>
<rating>7</rating>
<url>http://www.greatschools.org/city/Port_Orchard/WA</url>
<lat>47.5281</lat>
<lon>-122.642</lon>
<active>1</active>
</city>
<city>
<id>435561</id>
<name>Port Townsend</name>
<state>WA</state>
<rating>7</rating>
<url>http://www.greatschools.org/city/Port_Townsend/WA</url>
<lat>48.1186</lat>
<lon>-122.782</lon>
<active>1</active>
</city>
<city>
<id>435607</id>
<name>Poulsbo</name>
<state>WA</state>
<rating>8</rating>
<url>http://www.greatschools.org/city/Poulsbo/WA</url>
<lat>47.7389</lat>
<lon>-122.636</lon>
<active>1</active>
</city>
<city>
<id>435604</id>
<name>Prescott</name>
<state>WA</state>
<rating>3</rating>
<url>http://www.greatschools.org/city/Prescott/WA</url>
<lat>46.2998</lat>
<lon>-118.314</lon>
<active>1</active>
</city>
<city>
<id>435634</id>
<name>Prosser</name>
<state>WA</state>
<rating>6</rating>
<url>http://www.greatschools.org/city/Prosser/WA</url>
<lat>46.2037</lat>
<lon>-119.77</lon>
<active>1</active>
</city>
<city>
<id>435509</id>
<name>Pullman</name>
<state>WA</state>
<rating>8</rating>
<url>http://www.greatschools.org/city/Pullman/WA</url>
<lat>46.7346</lat>
<lon>-117.172</lon>
<active>1</active>
</city>
<city>
<id>435564</id>
<name>Puyallup</name>
<state>WA</state>
<rating>6</rating>
<url>http://www.greatschools.org/city/Puyallup/WA</url>
<lat>47.1796</lat>
<lon>-122.286</lon>
<active>1</active>
</city>
<city>
<id>435566</id>
<name>Quilcene</name>
<state>WA</state>
<rating>7</rating>
<url>http://www.greatschools.org/city/Quilcene/WA</url>
<lat>47.8269</lat>
<lon>-122.888</lon>
<active>1</active>
</city>
<city>
<id>435477</id>
<name>Quincy</name>
<state>WA</state>
<rating>3</rating>
<url>http://www.greatschools.org/city/Quincy/WA</url>
<lat>47.2329</lat>
<lon>-119.853</lon>
<active>1</active>
</city>
<city>
<id>435540</id>
<name>Rainier</name>
<state>WA</state>
<rating>4</rating>
<url>http://www.greatschools.org/city/Rainier/WA</url>
<lat>46.8921</lat>
<lon>-122.688</lon>
<active>1</active>
</city>
<city>
<id>435708</id>
<name>Randle</name>
<state>WA</state>
<rating>3</rating>
<url>http://www.greatschools.org/city/Randle/WA</url>
<lat>46.5402</lat>
<lon>-121.867</lon>
<active>1</active>
</city>
<city>
<id>435640</id>
<name>Ravensdale</name>
<state>WA</state>
<rating>8</rating>
<url>http://www.greatschools.org/city/Ravensdale/WA</url>
<lat>47.3563</lat>
<lon>-121.964</lon>
<active>1</active>
</city>
<city>
<id>435616</id>
<name>Raymond</name>
<state>WA</state>
<rating>5</rating>
<url>http://www.greatschools.org/city/Raymond/WA</url>
<lat>46.6843</lat>
<lon>-123.736</lon>
<active>1</active>
</city>
<city>
<id>435684</id>
<name>Reardan</name>
<state>WA</state>
<rating>7</rating>
<url>http://www.greatschools.org/city/Reardan/WA</url>
<lat>47.669</lat>
<lon>-117.878</lon>
<active>1</active>
</city>
<city>
<id>435527</id>
<name>Redmond</name>
<state>WA</state>
<rating>9</rating>
<url>http://www.greatschools.org/city/Redmond/WA</url>
<lat>47.6717</lat>
<lon>-122.122</lon>
<active>1</active>
</city>
<city>
<id>435511</id>
<name>Renton</name>
<state>WA</state>
<rating>7</rating>
<url>http://www.greatschools.org/city/Renton/WA</url>
<lat>47.4873</lat>
<lon>-122.188</lon>
<active>1</active>
</city>
<city>
<id>435574</id>
<name>Republic</name>
<state>WA</state>
<rating>5</rating>
<url>http://www.greatschools.org/city/Republic/WA</url>
<lat>48.6484</lat>
<lon>-118.734</lon>
<active>1</active>
</city>
<city>
<id>435517</id>
<name>Richland</name>
<state>WA</state>
<rating>6</rating>
<url>http://www.greatschools.org/city/Richland/WA</url>
<lat>46.2762</lat>
<lon>-119.281</lon>
<active>1</active>
</city>
<city>
<id>435685</id>
<name>Ridgefield</name>
<state>WA</state>
<rating>9</rating>
<url>http://www.greatschools.org/city/Ridgefield/WA</url>
<lat>45.8133</lat>
<lon>-122.733</lon>
<active>1</active>
</city>
<city>
<id>435682</id>
<name>Ritzville</name>
<state>WA</state>
<rating>5</rating>
<url>http://www.greatschools.org/city/Ritzville/WA</url>
<lat>47.1254</lat>
<lon>-118.377</lon>
<active>1</active>
</city>
<city>
<id>435673</id>
<name>Rochester</name>
<state>WA</state>
<rating>7</rating>
<url>http://www.greatschools.org/city/Rochester/WA</url>
<lat>46.8283</lat>
<lon>-123.074</lon>
<active>1</active>
</city>
<city>
<id>435806</id>
<name>Rock Island</name>
<state>WA</state>
<rating>4</rating>
<url>http://www.greatschools.org/city/Rock_Island/WA</url>
<lat>47.3746</lat>
<lon>-120.144</lon>
<active>1</active>
</city>
<city>
<id>435585</id>
<name>Rockford</name>
<state>WA</state>
<rating>7</rating>
<url>http://www.greatschools.org/city/Rockford/WA</url>
<lat>47.4514</lat>
<lon>-117.13</lon>
<active>1</active>
</city>
<city>
<id>445821</id>
<name>Rollingbay</name>
<state>WA</state>
<rating/>
<url>http://www.greatschools.org/city/Rollingbay/WA</url>
<lat>47.6647</lat>
<lon>-122.511</lon>
<active>1</active>
</city>
<city>
<id>435738</id>
<name>Roosevelt</name>
<state>WA</state>
<rating/>
<url>http://www.greatschools.org/city/Roosevelt/WA</url>
<lat>45.7472</lat>
<lon>-120.207</lon>
<active>1</active>
</city>
<city>
<id>435737</id>
<name>Rosalia</name>
<state>WA</state>
<rating>8</rating>
<url>http://www.greatschools.org/city/Rosalia/WA</url>
<lat>47.236</lat>
<lon>-117.369</lon>
<active>1</active>
</city>
<city>
<id>443427</id>
<name>Rosburg</name>
<state>WA</state>
<rating/>
<url>http://www.greatschools.org/city/Rosburg/WA</url>
<lat>46.3163</lat>
<lon>-123.658</lon>
<active>1</active>
</city>
<city>
<id>443426</id>
<name>Roslyn</name>
<state>WA</state>
<rating/>
<url>http://www.greatschools.org/city/Roslyn/WA</url>
<lat>47.2228</lat>
<lon>-120.995</lon>
<active>1</active>
</city>
<city>
<id>435827</id>
<name>Roy</name>
<state>WA</state>
<rating>3</rating>
<url>http://www.greatschools.org/city/Roy/WA</url>
<lat>47.0029</lat>
<lon>-122.545</lon>
<active>1</active>
</city>
<city>
<id>435736</id>
<name>Royal City</name>
<state>WA</state>
<rating>4</rating>
<url>http://www.greatschools.org/city/Royal_City/WA</url>
<lat>46.9027</lat>
<lon>-119.629</lon>
<active>1</active>
</city>
<city>
<id>443425</id>
<name>Ruston</name>
<state>WA</state>
<rating/>
<url>http://www.greatschools.org/city/Ruston/WA</url>
<lat>47.2979</lat>
<lon>-122.513</lon>
<active>1</active>
</city>
<city>
<id>446409</id>
<name>Saint John</name>
<state>WA</state>
<rating/>
<url>http://www.greatschools.org/city/Saint_John/WA</url>
<lat>47.0878</lat>
<lon>-117.585</lon>
<active>1</active>
</city>
<city>
<id>445822</id>
<name>Salkum</name>
<state>WA</state>
<rating/>
<url>http://www.greatschools.org/city/Salkum/WA</url>
<lat>46.5287</lat>
<lon>-122.621</lon>
<active>1</active>
</city>
<city>
<id>435535</id>
<name>Sammamish</name>
<state>WA</state>
<rating>9</rating>
<url>http://www.greatschools.org/city/Sammamish/WA</url>
<lat>47.6091</lat>
<lon>-122.039</lon>
<active>1</active>
</city>
<city>
<id>444600</id>
<name>San Diego</name>
<state>WA</state>
<rating/>
<url>http://www.greatschools.org/city/San_Diego/WA</url>
<lat>32.7031</lat>
<lon>-117.024</lon>
<active>1</active>
</city>
<city>
<id>435735</id>
<name>Satsop</name>
<state>WA</state>
<rating>10</rating>
<url>http://www.greatschools.org/city/Satsop/WA</url>
<lat>47.0112</lat>
<lon>-123.472</lon>
<active>1</active>
</city>
<city>
<id>435555</id>
<name>SeaTac</name>
<state>WA</state>
<rating>3</rating>
<url>http://www.greatschools.org/city/SeaTac/WA</url>
<lat>47.4421</lat>
<lon>-122.292</lon>
<active>1</active>
</city>
<city>
<id>435481</id>
<name>Seattle</name>
<state>WA</state>
<rating>6</rating>
<url>http://www.greatschools.org/city/Seattle/WA</url>
<lat>47.6283</lat>
<lon>-122.332</lon>
<active>1</active>
</city>
<city>
<id>443424</id>
<name>Seaview</name>
<state>WA</state>
<rating/>
<url>http://www.greatschools.org/city/Seaview/WA</url>
<lat>46.373</lat>
<lon>-124.048</lon>
<active>1</active>
</city>
<city>
<id>435610</id>
<name>Sedro-Woolley</name>
<state>WA</state>
<rating>5</rating>
<url>http://www.greatschools.org/city/Sedro-Woolley/WA</url>
<lat>48.5065</lat>
<lon>-122.233</lon>
<active>1</active>
</city>
<city>
<id>435620</id>
<name>Sekiu</name>
<state>WA</state>
<rating/>
<url>http://www.greatschools.org/city/Sekiu/WA</url>
<lat>48.3322</lat>
<lon>-124.56</lon>
<active>1</active>
</city>
<city>
<id>435629</id>
<name>Selah</name>
<state>WA</state>
<rating>6</rating>
<url>http://www.greatschools.org/city/Selah/WA</url>
<lat>46.6543</lat>
<lon>-120.537</lon>
<active>1</active>
</city>
<city>
<id>435680</id>
<name>Sequim</name>
<state>WA</state>
<rating>7</rating>
<url>http://www.greatschools.org/city/Sequim/WA</url>
<lat>48.0791</lat>
<lon>-123.107</lon>
<active>1</active>
</city>
<city>
<id>435731</id>
<name>Shaw Island</name>
<state>WA</state>
<rating/>
<url>http://www.greatschools.org/city/Shaw_Island/WA</url>
<lat>48.6539</lat>
<lon>-122.828</lon>
<active>1</active>
</city>
<city>
<id>435547</id>
<name>Shelton</name>
<state>WA</state>
<rating>5</rating>
<url>http://www.greatschools.org/city/Shelton/WA</url>
<lat>47.2132</lat>
<lon>-123.107</lon>
<active>1</active>
</city>
<city>
<id>435530</id>
<name>Shoreline</name>
<state>WA</state>
<rating>8</rating>
<url>http://www.greatschools.org/city/Shoreline/WA</url>
<lat>47.758</lat>
<lon>-122.338</lon>
<active>1</active>
</city>
<city>
<id>435593</id>
<name>Silverdale</name>
<state>WA</state>
<rating>7</rating>
<url>http://www.greatschools.org/city/Silverdale/WA</url>
<lat>47.6623</lat>
<lon>-122.679</lon>
<active>1</active>
</city>
<city>
<id>435730</id>
<name>Skamania</name>
<state>WA</state>
<rating>6</rating>
<url>http://www.greatschools.org/city/Skamania/WA</url>
<lat>45.6154</lat>
<lon>-122.05</lon>
<active>1</active>
</city>
<city>
<id>435729</id>
<name>Skykomish</name>
<state>WA</state>
<rating/>
<url>http://www.greatschools.org/city/Skykomish/WA</url>
<lat>47.7088</lat>
<lon>-121.359</lon>
<active>1</active>
</city>
<city>
<id>435485</id>
<name>Snohomish</name>
<state>WA</state>
<rating>7</rating>
<url>http://www.greatschools.org/city/Snohomish/WA</url>
<lat>47.9225</lat>
<lon>-122.091</lon>
<active>1</active>
</city>
<city>
<id>435589</id>
<name>Snoqualmie</name>
<state>WA</state>
<rating>9</rating>
<url>http://www.greatschools.org/city/Snoqualmie/WA</url>
<lat>47.5264</lat>
<lon>-121.825</lon>
<active>1</active>
</city>
<city>
<id>435656</id>
<name>Soap Lake</name>
<state>WA</state>
<rating>3</rating>
<url>http://www.greatschools.org/city/Soap_Lake/WA</url>
<lat>47.388</lat>
<lon>-119.488</lon>
<active>1</active>
</city>
<city>
<id>435728</id>
<name>South Bend</name>
<state>WA</state>
<rating>4</rating>
<url>http://www.greatschools.org/city/South_Bend/WA</url>
<lat>46.6648</lat>
<lon>-123.801</lon>
<active>1</active>
</city>
<city>
<id>435621</id>
<name>Spanaway</name>
<state>WA</state>
<rating>5</rating>
<url>http://www.greatschools.org/city/Spanaway/WA</url>
<lat>47.0986</lat>
<lon>-122.42</lon>
<active>1</active>
</city>
<city>
<id>435694</id>
<name>Spangle</name>
<state>WA</state>
<rating>6</rating>
<url>http://www.greatschools.org/city/Spangle/WA</url>
<lat>47.43</lat>
<lon>-117.377</lon>
<active>1</active>
</city>
<city>
<id>435489</id>
<name>Spokane</name>
<state>WA</state>
<rating>6</rating>
<url>http://www.greatschools.org/city/Spokane/WA</url>
<lat>47.6775</lat>
<lon>-117.412</lon>
<active>1</active>
</city>
<city>
<id>446410</id>
<name>Spokane County</name>
<state>WA</state>
<rating/>
<url>http://www.greatschools.org/city/Spokane_County/WA</url>
<lat>47.6276</lat>
<lon>-117.201</lon>
<active>1</active>
</city>
<city>
<id>435578</id>
<name>Spokane Valley</name>
<state>WA</state>
<rating>5</rating>
<url>http://www.greatschools.org/city/Spokane_Valley/WA</url>
<lat>47.6633</lat>
<lon>-117.195</lon>
<active>1</active>
</city>
<city>
<id>435726</id>
<name>Sprague</name>
<state>WA</state>
<rating>8</rating>
<url>http://www.greatschools.org/city/Sprague/WA</url>
<lat>47.2986</lat>
<lon>-117.979</lon>
<active>1</active>
</city>
<city>
<id>435660</id>
<name>Springdale</name>
<state>WA</state>
<rating>4</rating>
<url>http://www.greatschools.org/city/Springdale/WA</url>
<lat>48.0575</lat>
<lon>-117.744</lon>
<active>1</active>
</city>
<city>
<id>435483</id>
<name>Stanwood</name>
<state>WA</state>
<rating>8</rating>
<url>http://www.greatschools.org/city/Stanwood/WA</url>
<lat>48.243</lat>
<lon>-122.345</lon>
<active>1</active>
</city>
<city>
<id>435666</id>
<name>Starbuck</name>
<state>WA</state>
<rating/>
<url>http://www.greatschools.org/city/Starbuck/WA</url>
<lat>46.5187</lat>
<lon>-118.127</lon>
<active>1</active>
</city>
<city>
<id>435724</id>
<name>Stehekin</name>
<state>WA</state>
<rating/>
<url>http://www.greatschools.org/city/Stehekin/WA</url>
<lat>48.3539</lat>
<lon>-120.657</lon>
<active>1</active>
</city>
<city>
<id>435624</id>
<name>Steilacoom</name>
<state>WA</state>
<rating>7</rating>
<url>http://www.greatschools.org/city/Steilacoom/WA</url>
<lat>47.1702</lat>
<lon>-122.591</lon>
<active>1</active>
</city>
<city>
<id>435723</id>
<name>Steptoe</name>
<state>WA</state>
<rating/>
<url>http://www.greatschools.org/city/Steptoe/WA</url>
<lat>47.1187</lat>
<lon>-117.381</lon>
<active>1</active>
</city>
<city>
<id>435667</id>
<name>Stevenson</name>
<state>WA</state>
<rating/>
<url>http://www.greatschools.org/city/Stevenson/WA</url>
<lat>45.6967</lat>
<lon>-121.887</lon>
<active>1</active>
</city>
<city>
<id>435623</id>
<name>Sultan</name>
<state>WA</state>
<rating>6</rating>
<url>http://www.greatschools.org/city/Sultan/WA</url>
<lat>47.8677</lat>
<lon>-121.811</lon>
<active>1</active>
</city>
<city>
<id>435761</id>
<name>Sumas</name>
<state>WA</state>
<rating>7</rating>
<url>http://www.greatschools.org/city/Sumas/WA</url>
<lat>48.9968</lat>
<lon>-122.262</lon>
<active>1</active>
</city>
<city>
<id>435598</id>
<name>Sumner</name>
<state>WA</state>
<rating>8</rating>
<url>http://www.greatschools.org/city/Sumner/WA</url>
<lat>47.2026</lat>
<lon>-122.231</lon>
<active>1</active>
</city>
<city>
<id>435498</id>
<name>Sunnyside</name>
<state>WA</state>
<rating>3</rating>
<url>http://www.greatschools.org/city/Sunnyside/WA</url>
<lat>46.3217</lat>
<lon>-120.014</lon>
<active>1</active>
</city>
<city>
<id>435630</id>
<name>Suquamish</name>
<state>WA</state>
<rating>5</rating>
<url>http://www.greatschools.org/city/Suquamish/WA</url>
<lat>47.7268</lat>
<lon>-122.57</lon>
<active>1</active>
</city>
<city>
<id>435493</id>
<name>Tacoma</name>
<state>WA</state>
<rating>4</rating>
<url>http://www.greatschools.org/city/Tacoma/WA</url>
<lat>47.2381</lat>
<lon>-122.462</lon>
<active>1</active>
</city>
<city>
<id>435569</id>
<name>Taholah</name>
<state>WA</state>
<rating>1</rating>
<url>http://www.greatschools.org/city/Taholah/WA</url>
<lat>47.3413</lat>
<lon>-124.287</lon>
<active>1</active>
</city>
<city>
<id>435720</id>
<name>Tekoa</name>
<state>WA</state>
<rating>5</rating>
<url>http://www.greatschools.org/city/Tekoa/WA</url>
<lat>47.2247</lat>
<lon>-117.073</lon>
<active>1</active>
</city>
<city>
<id>435719</id>
<name>Tenino</name>
<state>WA</state>
<rating>5</rating>
<url>http://www.greatschools.org/city/Tenino/WA</url>
<lat>46.8569</lat>
<lon>-122.849</lon>
<active>1</active>
</city>
<city>
<id>435661</id>
<name>Thorp</name>
<state>WA</state>
<rating>3</rating>
<url>http://www.greatschools.org/city/Thorp/WA</url>
<lat>47.0675</lat>
<lon>-120.674</lon>
<active>1</active>
</city>
<city>
<id>435786</id>
<name>Tieton</name>
<state>WA</state>
<rating>3</rating>
<url>http://www.greatschools.org/city/Tieton/WA</url>
<lat>46.7039</lat>
<lon>-120.758</lon>
<active>1</active>
</city>
<city>
<id>435718</id>
<name>Toledo</name>
<state>WA</state>
<rating>4</rating>
<url>http://www.greatschools.org/city/Toledo/WA</url>
<lat>46.4398</lat>
<lon>-122.848</lon>
<active>1</active>
</city>
<city>
<id>435695</id>
<name>Tonasket</name>
<state>WA</state>
<rating>4</rating>
<url>http://www.greatschools.org/city/Tonasket/WA</url>
<lat>48.7052</lat>
<lon>-119.438</lon>
<active>1</active>
</city>
<city>
<id>435476</id>
<name>Toppenish</name>
<state>WA</state>
<rating>2</rating>
<url>http://www.greatschools.org/city/Toppenish/WA</url>
<lat>46.378</lat>
<lon>-120.311</lon>
<active>1</active>
</city>
<city>
<id>435717</id>
<name>Touchet</name>
<state>WA</state>
<rating/>
<url>http://www.greatschools.org/city/Touchet/WA</url>
<lat>46.0404</lat>
<lon>-118.672</lon>
<active>1</active>
</city>
<city>
<id>435716</id>
<name>Toutle</name>
<state>WA</state>
<rating>6</rating>
<url>http://www.greatschools.org/city/Toutle/WA</url>
<lat>46.3251</lat>
<lon>-122.689</lon>
<active>1</active>
</city>
<city>
<id>435715</id>
<name>Trout Lake</name>
<state>WA</state>
<rating>6</rating>
<url>http://www.greatschools.org/city/Trout_Lake/WA</url>
<lat>45.9939</lat>
<lon>-121.527</lon>
<active>1</active>
</city>
<city>
<id>435727</id>
<name>Tukwila</name>
<state>WA</state>
<rating>7</rating>
<url>http://www.greatschools.org/city/Tukwila/WA</url>
<lat>47.4739</lat>
<lon>-122.276</lon>
<active>1</active>
</city>
<city>
<id>445825</id>
<name>Tulalip</name>
<state>WA</state>
<rating/>
<url>http://www.greatschools.org/city/Tulalip/WA</url>
<lat>48.0666</lat>
<lon>-122.283</lon>
<active>1</active>
</city>
<city>
<id>435579</id>
<name>Tumwater</name>
<state>WA</state>
<rating>7</rating>
<url>http://www.greatschools.org/city/Tumwater/WA</url>
<lat>47.0052</lat>
<lon>-122.913</lon>
<active>1</active>
</city>
<city>
<id>435526</id>
<name>Twisp</name>
<state>WA</state>
<rating/>
<url>http://www.greatschools.org/city/Twisp/WA</url>
<lat>48.3638</lat>
<lon>-120.121</lon>
<active>1</active>
</city>
<city>
<id>435628</id>
<name>Union Gap</name>
<state>WA</state>
<rating>6</rating>
<url>http://www.greatschools.org/city/Union_Gap/WA</url>
<lat>46.5598</lat>
<lon>-120.492</lon>
<active>1</active>
</city>
<city>
<id>445826</id>
<name>University Ci</name>
<state>WA</state>
<rating/>
<url>http://www.greatschools.org/city/University_Ci/WA</url>
<lat>47.6098</lat>
<lon>-117.245</lon>
<active>1</active>
</city>
<city>
<id>446411</id>
<name>University Pla</name>
<state>WA</state>
<rating/>
<url>http://www.greatschools.org/city/University_Pla/WA</url>
<lat>47.2179</lat>
<lon>-122.542</lon>
<active>1</active>
</city>
<city>
<id>435541</id>
<name>University Place</name>
<state>WA</state>
<rating>7</rating>
<url>http://www.greatschools.org/city/University_Place/WA</url>
<lat>47.2175</lat>
<lon>-122.541</lon>
<active>1</active>
</city>
<city>
<id>443418</id>
<name>Usk</name>
<state>WA</state>
<rating/>
<url>http://www.greatschools.org/city/Usk/WA</url>
<lat>48.2947</lat>
<lon>-117.315</lon>
<active>1</active>
</city>
<city>
<id>435614</id>
<name>Valley</name>
<state>WA</state>
<rating>1</rating>
<url>http://www.greatschools.org/city/Valley/WA</url>
<lat>48.139</lat>
<lon>-117.768</lon>
<active>1</active>
</city>
<city>
<id>435523</id>
<name>Vancouver</name>
<state>WA</state>
<rating>5</rating>
<url>http://www.greatschools.org/city/Vancouver/WA</url>
<lat>45.6323</lat>
<lon>-122.578</lon>
<active>1</active>
</city>
<city>
<id>435648</id>
<name>Vashon</name>
<state>WA</state>
<rating>8</rating>
<url>http://www.greatschools.org/city/Vashon/WA</url>
<lat>47.4209</lat>
<lon>-122.467</lon>
<active>1</active>
</city>
<city>
<id>435742</id>
<name>Vaughn</name>
<state>WA</state>
<rating>6</rating>
<url>http://www.greatschools.org/city/Vaughn/WA</url>
<lat>47.3207</lat>
<lon>-122.78</lon>
<active>1</active>
</city>
<city>
<id>435539</id>
<name>Veradale</name>
<state>WA</state>
<rating>7</rating>
<url>http://www.greatschools.org/city/Veradale/WA</url>
<lat>47.6496</lat>
<lon>-117.209</lon>
<active>1</active>
</city>
<city>
<id>444601</id>
<name>Wahkiacus</name>
<state>WA</state>
<rating/>
<url>http://www.greatschools.org/city/Wahkiacus/WA</url>
<lat>45.8965</lat>
<lon>-121.157</lon>
<active>1</active>
</city>
<city>
<id>435712</id>
<name>Waitsburg</name>
<state>WA</state>
<rating>5</rating>
<url>http://www.greatschools.org/city/Waitsburg/WA</url>
<lat>46.2683</lat>
<lon>-118.153</lon>
<active>1</active>
</city>
<city>
<id>435748</id>
<name>Waldron Island</name>
<state>WA</state>
<rating/>
<url>http://www.greatschools.org/city/Waldron_Island/WA</url>
<lat>48.6875</lat>
<lon>-123.037</lon>
<active>1</active>
</city>
<city>
<id>435494</id>
<name>Walla Walla</name>
<state>WA</state>
<rating>5</rating>
<url>http://www.greatschools.org/city/Walla_Walla/WA</url>
<lat>46.0656</lat>
<lon>-118.331</lon>
<active>1</active>
</city>
<city>
<id>435711</id>
<name>Wapato</name>
<state>WA</state>
<rating>2</rating>
<url>http://www.greatschools.org/city/Wapato/WA</url>
<lat>46.4463</lat>
<lon>-120.422</lon>
<active>1</active>
</city>
<city>
<id>435528</id>
<name>Warden</name>
<state>WA</state>
<rating>4</rating>
<url>http://www.greatschools.org/city/Warden/WA</url>
<lat>46.9657</lat>
<lon>-119.043</lon>
<active>1</active>
</city>
<city>
<id>435613</id>
<name>Washougal</name>
<state>WA</state>
<rating>6</rating>
<url>http://www.greatschools.org/city/Washougal/WA</url>
<lat>45.582</lat>
<lon>-122.342</lon>
<active>1</active>
</city>
<city>
<id>435710</id>
<name>Washtucna</name>
<state>WA</state>
<rating>5</rating>
<url>http://www.greatschools.org/city/Washtucna/WA</url>
<lat>46.752</lat>
<lon>-118.313</lon>
<active>1</active>
</city>
<city>
<id>435709</id>
<name>Waterville</name>
<state>WA</state>
<rating>5</rating>
<url>http://www.greatschools.org/city/Waterville/WA</url>
<lat>47.6475</lat>
<lon>-120.072</lon>
<active>1</active>
</city>
<city>
<id>435612</id>
<name>Wellpinit</name>
<state>WA</state>
<rating>2</rating>
<url>http://www.greatschools.org/city/Wellpinit/WA</url>
<lat>47.8854</lat>
<lon>-117.949</lon>
<active>1</active>
</city>
<city>
<id>435502</id>
<name>Wenatchee</name>
<state>WA</state>
<rating>4</rating>
<url>http://www.greatschools.org/city/Wenatchee/WA</url>
<lat>47.4224</lat>
<lon>-120.327</lon>
<active>1</active>
</city>
<city>
<id>435674</id>
<name>West Richland</name>
<state>WA</state>
<rating>8</rating>
<url>http://www.greatschools.org/city/West_Richland/WA</url>
<lat>46.2863</lat>
<lon>-119.352</lon>
<active>1</active>
</city>
<city>
<id>435750</id>
<name>Westport</name>
<state>WA</state>
<rating>4</rating>
<url>http://www.greatschools.org/city/Westport/WA</url>
<lat>46.8871</lat>
<lon>-124.108</lon>
<active>1</active>
</city>
<city>
<id>435548</id>
<name>White Salmon</name>
<state>WA</state>
<rating>4</rating>
<url>http://www.greatschools.org/city/White_Salmon/WA</url>
<lat>45.7286</lat>
<lon>-121.483</lon>
<active>1</active>
</city>
<city>
<id>435654</id>
<name>White Swan</name>
<state>WA</state>
<rating>2</rating>
<url>http://www.greatschools.org/city/White_Swan/WA</url>
<lat>46.3844</lat>
<lon>-120.706</lon>
<active>1</active>
</city>
<city>
<id>435706</id>
<name>Wilbur</name>
<state>WA</state>
<rating>8</rating>
<url>http://www.greatschools.org/city/Wilbur/WA</url>
<lat>47.7571</lat>
<lon>-118.705</lon>
<active>1</active>
</city>
<city>
<id>435707</id>
<name>Wilkeson</name>
<state>WA</state>
<rating>6</rating>
<url>http://www.greatschools.org/city/Wilkeson/WA</url>
<lat>47.1072</lat>
<lon>-122.046</lon>
<active>1</active>
</city>
<city>
<id>435704</id>
<name>Wilson Creek</name>
<state>WA</state>
<rating>6</rating>
<url>http://www.greatschools.org/city/Wilson_Creek/WA</url>
<lat>47.4242</lat>
<lon>-119.121</lon>
<active>1</active>
</city>
<city>
<id>435672</id>
<name>Winlock</name>
<state>WA</state>
<rating>4</rating>
<url>http://www.greatschools.org/city/Winlock/WA</url>
<lat>46.4908</lat>
<lon>-122.937</lon>
<active>1</active>
</city>
<city>
<id>435626</id>
<name>Winthrop</name>
<state>WA</state>
<rating>7</rating>
<url>http://www.greatschools.org/city/Winthrop/WA</url>
<lat>48.4735</lat>
<lon>-120.178</lon>
<active>1</active>
</city>
<city>
<id>435665</id>
<name>Wishram</name>
<state>WA</state>
<rating>1</rating>
<url>http://www.greatschools.org/city/Wishram/WA</url>
<lat>45.6603</lat>
<lon>-120.963</lon>
<active>1</active>
</city>
<city>
<id>435519</id>
<name>Woodinville</name>
<state>WA</state>
<rating>9</rating>
<url>http://www.greatschools.org/city/Woodinville/WA</url>
<lat>47.7562</lat>
<lon>-122.151</lon>
<active>1</active>
</city>
<city>
<id>435622</id>
<name>Woodland</name>
<state>WA</state>
<rating>6</rating>
<url>http://www.greatschools.org/city/Woodland/WA</url>
<lat>45.9137</lat>
<lon>-122.741</lon>
<active>1</active>
</city>
<city>
<id>435829</id>
<name>Yacolt</name>
<state>WA</state>
<rating>7</rating>
<url>http://www.greatschools.org/city/Yacolt/WA</url>
<lat>45.866</lat>
<lon>-122.406</lon>
<active>1</active>
</city>
<city>
<id>435504</id>
<name>Yakima</name>
<state>WA</state>
<rating>4</rating>
<url>http://www.greatschools.org/city/Yakima/WA</url>
<lat>46.5961</lat>
<lon>-120.53</lon>
<active>1</active>
</city>
<city>
<id>435573</id>
<name>Yelm</name>
<state>WA</state>
<rating>6</rating>
<url>http://www.greatschools.org/city/Yelm/WA</url>
<lat>46.9448</lat>
<lon>-122.606</lon>
<active>1</active>
</city>
<city>
<id>435632</id>
<name>Zillah</name>
<state>WA</state>
<rating>3</rating>
<url>http://www.greatschools.org/city/Zillah/WA</url>
<lat>46.4034</lat>
<lon>-120.258</lon>
<active>1</active>
</city>
</greatschools-city-feed>
