<?xml version="1.0" encoding="utf-8"?><greatschools-city-feed xmlns:xsi="http://www.w3.org/2001/XMLSchema-instance" xsi:noNamespaceSchemaLocation="http://www.greatschools.org/feeds/greatschools-city2.xsd">
<city>
<id>410559</id>
<name>Aberdeen</name>
<state>MD</state>
<rating>5</rating>
<url>http://www.greatschools.org/city/Aberdeen/MD</url>
<lat>39.5132</lat>
<lon>-76.171</lon>
<active>1</active>
</city>
<city>
<id>410402</id>
<name>Abingdon</name>
<state>MD</state>
<rating>6</rating>
<url>http://www.greatschools.org/city/Abingdon/MD</url>
<lat>39.4734</lat>
<lon>-76.3008</lon>
<active>1</active>
</city>
<city>
<id>410604</id>
<name>Accident</name>
<state>MD</state>
<rating>8</rating>
<url>http://www.greatschools.org/city/Accident/MD</url>
<lat>39.6276</lat>
<lon>-79.3211</lon>
<active>1</active>
</city>
<city>
<id>410475</id>
<name>Accokeek</name>
<state>MD</state>
<rating>5</rating>
<url>http://www.greatschools.org/city/Accokeek/MD</url>
<lat>38.6656</lat>
<lon>-77.0156</lon>
<active>1</active>
</city>
<city>
<id>410614</id>
<name>Adamstown</name>
<state>MD</state>
<rating>9</rating>
<url>http://www.greatschools.org/city/Adamstown/MD</url>
<lat>39.3087</lat>
<lon>-77.4447</lon>
<active>1</active>
</city>
<city>
<id>410483</id>
<name>Adelphi</name>
<state>MD</state>
<rating>4</rating>
<url>http://www.greatschools.org/city/Adelphi/MD</url>
<lat>39.0023</lat>
<lon>-76.969</lon>
<active>1</active>
</city>
<city>
<id>444667</id>
<name>Andrews Air Force Base</name>
<state>MD</state>
<rating/>
<url>http://www.greatschools.org/city/Andrews_Air_Force_Base/MD</url>
<lat>38.8069</lat>
<lon>-76.8748</lon>
<active>1</active>
</city>
<city>
<id>410428</id>
<name>Annapolis</name>
<state>MD</state>
<rating>6</rating>
<url>http://www.greatschools.org/city/Annapolis/MD</url>
<lat>38.9681</lat>
<lon>-76.5033</lon>
<active>1</active>
</city>
<city>
<id>442477</id>
<name>Annapolis Junction</name>
<state>MD</state>
<rating/>
<url>http://www.greatschools.org/city/Annapolis_Junction/MD</url>
<lat>39.1299</lat>
<lon>-76.7773</lon>
<active>1</active>
</city>
<city>
<id>441846</id>
<name>Arbutus</name>
<state>MD</state>
<rating/>
<url>http://www.greatschools.org/city/Arbutus/MD</url>
<lat>39.2427</lat>
<lon>-76.6921</lon>
<active>1</active>
</city>
<city>
<id>410476</id>
<name>Arnold</name>
<state>MD</state>
<rating>9</rating>
<url>http://www.greatschools.org/city/Arnold/MD</url>
<lat>39.0466</lat>
<lon>-76.4931</lon>
<active>1</active>
</city>
<city>
<id>410530</id>
<name>Ashton</name>
<state>MD</state>
<rating/>
<url>http://www.greatschools.org/city/Ashton/MD</url>
<lat>39.1518</lat>
<lon>-76.9907</lon>
<active>1</active>
</city>
<city>
<id>446079</id>
<name>Ashton-Sandy Spring</name>
<state>MD</state>
<rating/>
<url>http://www.greatschools.org/city/Ashton-Sandy_Spring/MD</url>
<lat>39.157</lat>
<lon>-76.9996</lon>
<active>1</active>
</city>
<city>
<id>410541</id>
<name>Avenue</name>
<state>MD</state>
<rating/>
<url>http://www.greatschools.org/city/Avenue/MD</url>
<lat>38.2723</lat>
<lon>-76.7513</lon>
<active>1</active>
</city>
<city>
<id>410643</id>
<name>Baldwin</name>
<state>MD</state>
<rating>9</rating>
<url>http://www.greatschools.org/city/Baldwin/MD</url>
<lat>39.5165</lat>
<lon>-76.4983</lon>
<active>1</active>
</city>
<city>
<id>410356</id>
<name>Baltimore</name>
<state>MD</state>
<rating>4</rating>
<url>http://www.greatschools.org/city/Baltimore/MD</url>
<lat>39.3149</lat>
<lon>-76.6207</lon>
<active>1</active>
</city>
<city>
<id>410555</id>
<name>Barnesville</name>
<state>MD</state>
<rating/>
<url>http://www.greatschools.org/city/Barnesville/MD</url>
<lat>39.2205</lat>
<lon>-77.3774</lon>
<active>1</active>
</city>
<city>
<id>410398</id>
<name>Bel Air</name>
<state>MD</state>
<rating>9</rating>
<url>http://www.greatschools.org/city/Bel_Air/MD</url>
<lat>39.5379</lat>
<lon>-76.3469</lon>
<active>1</active>
</city>
<city>
<id>442476</id>
<name>Bel Alton</name>
<state>MD</state>
<rating/>
<url>http://www.greatschools.org/city/Bel_Alton/MD</url>
<lat>38.4708</lat>
<lon>-76.9818</lon>
<active>1</active>
</city>
<city>
<id>410603</id>
<name>Belcamp</name>
<state>MD</state>
<rating>6</rating>
<url>http://www.greatschools.org/city/Belcamp/MD</url>
<lat>39.4747</lat>
<lon>-76.2459</lon>
<active>1</active>
</city>
<city>
<id>410421</id>
<name>Beltsville</name>
<state>MD</state>
<rating>5</rating>
<url>http://www.greatschools.org/city/Beltsville/MD</url>
<lat>39.0415</lat>
<lon>-76.9302</lon>
<active>1</active>
</city>
<city>
<id>410481</id>
<name>Berlin</name>
<state>MD</state>
<rating>8</rating>
<url>http://www.greatschools.org/city/Berlin/MD</url>
<lat>38.3257</lat>
<lon>-75.2145</lon>
<active>1</active>
</city>
<city>
<id>410482</id>
<name>Berwyn Heights</name>
<state>MD</state>
<rating>4</rating>
<url>http://www.greatschools.org/city/Berwyn_Heights/MD</url>
<lat>38.992</lat>
<lon>-76.9121</lon>
<active>1</active>
</city>
<city>
<id>410384</id>
<name>Bethesda</name>
<state>MD</state>
<rating>9</rating>
<url>http://www.greatschools.org/city/Bethesda/MD</url>
<lat>38.9856</lat>
<lon>-77.1145</lon>
<active>1</active>
</city>
<city>
<id>442475</id>
<name>Bishopville</name>
<state>MD</state>
<rating/>
<url>http://www.greatschools.org/city/Bishopville/MD</url>
<lat>38.4291</lat>
<lon>-75.1837</lon>
<active>1</active>
</city>
<city>
<id>410526</id>
<name>Bittinger</name>
<state>MD</state>
<rating/>
<url>http://www.greatschools.org/city/Bittinger/MD</url>
<lat>39.6062</lat>
<lon>-79.2159</lon>
<active>1</active>
</city>
<city>
<id>410363</id>
<name>Bladensburg</name>
<state>MD</state>
<rating>2</rating>
<url>http://www.greatschools.org/city/Bladensburg/MD</url>
<lat>38.9432</lat>
<lon>-76.9201</lon>
<active>1</active>
</city>
<city>
<id>410607</id>
<name>Bloomington</name>
<state>MD</state>
<rating/>
<url>http://www.greatschools.org/city/Bloomington/MD</url>
<lat>39.489</lat>
<lon>-79.0927</lon>
<active>1</active>
</city>
<city>
<id>410495</id>
<name>Boonsboro</name>
<state>MD</state>
<rating>8</rating>
<url>http://www.greatschools.org/city/Boonsboro/MD</url>
<lat>39.5093</lat>
<lon>-77.654</lon>
<active>1</active>
</city>
<city>
<id>410348</id>
<name>Bowie</name>
<state>MD</state>
<rating>6</rating>
<url>http://www.greatschools.org/city/Bowie/MD</url>
<lat>38.9547</lat>
<lon>-76.7421</lon>
<active>1</active>
</city>
<city>
<id>410478</id>
<name>Boyds</name>
<state>MD</state>
<rating/>
<url>http://www.greatschools.org/city/Boyds/MD</url>
<lat>39.2009</lat>
<lon>-77.2961</lon>
<active>1</active>
</city>
<city>
<id>410500</id>
<name>Braddock Heights</name>
<state>MD</state>
<rating/>
<url>http://www.greatschools.org/city/Braddock_Heights/MD</url>
<lat>39.4181</lat>
<lon>-77.5078</lon>
<active>1</active>
</city>
<city>
<id>410380</id>
<name>Brandywine</name>
<state>MD</state>
<rating>4</rating>
<url>http://www.greatschools.org/city/Brandywine/MD</url>
<lat>38.7033</lat>
<lon>-76.8476</lon>
<active>1</active>
</city>
<city>
<id>442474</id>
<name>Brentwood</name>
<state>MD</state>
<rating/>
<url>http://www.greatschools.org/city/Brentwood/MD</url>
<lat>38.9444</lat>
<lon>-76.9578</lon>
<active>1</active>
</city>
<city>
<id>410443</id>
<name>Brookeville</name>
<state>MD</state>
<rating>9</rating>
<url>http://www.greatschools.org/city/Brookeville/MD</url>
<lat>39.181</lat>
<lon>-77.0592</lon>
<active>1</active>
</city>
<city>
<id>410472</id>
<name>Brooklandville</name>
<state>MD</state>
<rating/>
<url>http://www.greatschools.org/city/Brooklandville/MD</url>
<lat>39.4395</lat>
<lon>-76.6352</lon>
<active>1</active>
</city>
<city>
<id>442473</id>
<name>Brooklyn</name>
<state>MD</state>
<rating/>
<url>http://www.greatschools.org/city/Brooklyn/MD</url>
<lat>39.2322</lat>
<lon>-76.6141</lon>
<active>1</active>
</city>
<city>
<id>410513</id>
<name>Brooklyn Park</name>
<state>MD</state>
<rating/>
<url>http://www.greatschools.org/city/Brooklyn_Park/MD</url>
<lat>39.2239</lat>
<lon>-76.6129</lon>
<active>1</active>
</city>
<city>
<id>410610</id>
<name>Brunswick</name>
<state>MD</state>
<rating>7</rating>
<url>http://www.greatschools.org/city/Brunswick/MD</url>
<lat>39.3165</lat>
<lon>-77.6228</lon>
<active>1</active>
</city>
<city>
<id>410393</id>
<name>Bryans Road</name>
<state>MD</state>
<rating/>
<url>http://www.greatschools.org/city/Bryans_Road/MD</url>
<lat>38.6342</lat>
<lon>-77.079</lon>
<active>1</active>
</city>
<city>
<id>410535</id>
<name>Bryantown</name>
<state>MD</state>
<rating>6</rating>
<url>http://www.greatschools.org/city/Bryantown/MD</url>
<lat>38.5476</lat>
<lon>-76.8421</lon>
<active>1</active>
</city>
<city>
<id>446080</id>
<name>Buckeystown</name>
<state>MD</state>
<rating/>
<url>http://www.greatschools.org/city/Buckeystown/MD</url>
<lat>39.3323</lat>
<lon>-77.4308</lon>
<active>1</active>
</city>
<city>
<id>410444</id>
<name>Burtonsville</name>
<state>MD</state>
<rating>6</rating>
<url>http://www.greatschools.org/city/Burtonsville/MD</url>
<lat>39.1034</lat>
<lon>-76.9298</lon>
<active>1</active>
</city>
<city>
<id>442471</id>
<name>Cabin John</name>
<state>MD</state>
<rating/>
<url>http://www.greatschools.org/city/Cabin_John/MD</url>
<lat>38.9759</lat>
<lon>-77.1601</lon>
<active>1</active>
</city>
<city>
<id>410390</id>
<name>California</name>
<state>MD</state>
<rating>9</rating>
<url>http://www.greatschools.org/city/California/MD</url>
<lat>38.29</lat>
<lon>-76.4939</lon>
<active>1</active>
</city>
<city>
<id>410509</id>
<name>Callaway</name>
<state>MD</state>
<rating/>
<url>http://www.greatschools.org/city/Callaway/MD</url>
<lat>38.2345</lat>
<lon>-76.528</lon>
<active>1</active>
</city>
<city>
<id>410411</id>
<name>Cambridge</name>
<state>MD</state>
<rating>3</rating>
<url>http://www.greatschools.org/city/Cambridge/MD</url>
<lat>38.5667</lat>
<lon>-76.0799</lon>
<active>1</active>
</city>
<city>
<id>410415</id>
<name>Camp Springs</name>
<state>MD</state>
<rating/>
<url>http://www.greatschools.org/city/Camp_Springs/MD</url>
<lat>38.805</lat>
<lon>-76.9181</lon>
<active>1</active>
</city>
<city>
<id>446081</id>
<name>Capital Heights</name>
<state>MD</state>
<rating/>
<url>http://www.greatschools.org/city/Capital_Heights/MD</url>
<lat>38.9088</lat>
<lon>-76.9224</lon>
<active>1</active>
</city>
<city>
<id>410347</id>
<name>Capitol Heights</name>
<state>MD</state>
<rating>3</rating>
<url>http://www.greatschools.org/city/Capitol_Heights/MD</url>
<lat>38.8768</lat>
<lon>-76.9077</lon>
<active>1</active>
</city>
<city>
<id>445090</id>
<name>Capitol Hgts</name>
<state>MD</state>
<rating/>
<url>http://www.greatschools.org/city/Capitol_Hgts/MD</url>
<lat>38.8845</lat>
<lon>-76.8894</lon>
<active>1</active>
</city>
<city>
<id>410574</id>
<name>Cascade</name>
<state>MD</state>
<rating>7</rating>
<url>http://www.greatschools.org/city/Cascade/MD</url>
<lat>39.7096</lat>
<lon>-77.4905</lon>
<active>1</active>
</city>
<city>
<id>410370</id>
<name>Catonsville</name>
<state>MD</state>
<rating>9</rating>
<url>http://www.greatschools.org/city/Catonsville/MD</url>
<lat>39.2719</lat>
<lon>-76.7343</lon>
<active>1</active>
</city>
<city>
<id>410626</id>
<name>Cecilton</name>
<state>MD</state>
<rating>5</rating>
<url>http://www.greatschools.org/city/Cecilton/MD</url>
<lat>39.4037</lat>
<lon>-75.8679</lon>
<active>1</active>
</city>
<city>
<id>410546</id>
<name>Centreville</name>
<state>MD</state>
<rating>7</rating>
<url>http://www.greatschools.org/city/Centreville/MD</url>
<lat>39.0452</lat>
<lon>-76.0646</lon>
<active>1</active>
</city>
<city>
<id>410580</id>
<name>Chaptico</name>
<state>MD</state>
<rating>5</rating>
<url>http://www.greatschools.org/city/Chaptico/MD</url>
<lat>38.3328</lat>
<lon>-76.7869</lon>
<active>1</active>
</city>
<city>
<id>410625</id>
<name>Charlestown</name>
<state>MD</state>
<rating>6</rating>
<url>http://www.greatschools.org/city/Charlestown/MD</url>
<lat>39.5769</lat>
<lon>-75.9776</lon>
<active>1</active>
</city>
<city>
<id>410504</id>
<name>Charlotte Hall</name>
<state>MD</state>
<rating/>
<url>http://www.greatschools.org/city/Charlotte_Hall/MD</url>
<lat>38.4767</lat>
<lon>-76.7827</lon>
<active>1</active>
</city>
<city>
<id>410426</id>
<name>Cheltenham</name>
<state>MD</state>
<rating>1</rating>
<url>http://www.greatschools.org/city/Cheltenham/MD</url>
<lat>38.7456</lat>
<lon>-76.8325</lon>
<active>1</active>
</city>
<city>
<id>410637</id>
<name>Chesapeake Beach</name>
<state>MD</state>
<rating>8</rating>
<url>http://www.greatschools.org/city/Chesapeake_Beach/MD</url>
<lat>38.6911</lat>
<lon>-76.5413</lon>
<active>1</active>
</city>
<city>
<id>410622</id>
<name>Chesapeake City</name>
<state>MD</state>
<rating>6</rating>
<url>http://www.greatschools.org/city/Chesapeake_City/MD</url>
<lat>39.5288</lat>
<lon>-75.8106</lon>
<active>1</active>
</city>
<city>
<id>442469</id>
<name>Chester</name>
<state>MD</state>
<rating/>
<url>http://www.greatschools.org/city/Chester/MD</url>
<lat>38.9718</lat>
<lon>-76.2874</lon>
<active>1</active>
</city>
<city>
<id>410507</id>
<name>Chestertown</name>
<state>MD</state>
<rating>4</rating>
<url>http://www.greatschools.org/city/Chestertown/MD</url>
<lat>39.2178</lat>
<lon>-76.0682</lon>
<active>1</active>
</city>
<city>
<id>410477</id>
<name>Cheverly</name>
<state>MD</state>
<rating>7</rating>
<url>http://www.greatschools.org/city/Cheverly/MD</url>
<lat>38.9267</lat>
<lon>-76.9111</lon>
<active>1</active>
</city>
<city>
<id>410449</id>
<name>Chevy Chase</name>
<state>MD</state>
<rating>8</rating>
<url>http://www.greatschools.org/city/Chevy_Chase/MD</url>
<lat>38.982</lat>
<lon>-77.0835</lon>
<active>1</active>
</city>
<city>
<id>410543</id>
<name>Childs</name>
<state>MD</state>
<rating/>
<url>http://www.greatschools.org/city/Childs/MD</url>
<lat>39.6247</lat>
<lon>-75.8434</lon>
<active>1</active>
</city>
<city>
<id>410470</id>
<name>Chillum</name>
<state>MD</state>
<rating/>
<url>http://www.greatschools.org/city/Chillum/MD</url>
<lat>38.9689</lat>
<lon>-76.9791</lon>
<active>1</active>
</city>
<city>
<id>410616</id>
<name>Church Creek</name>
<state>MD</state>
<rating>9</rating>
<url>http://www.greatschools.org/city/Church_Creek/MD</url>
<lat>38.5036</lat>
<lon>-76.153</lon>
<active>1</active>
</city>
<city>
<id>410587</id>
<name>Church Hill</name>
<state>MD</state>
<rating>7</rating>
<url>http://www.greatschools.org/city/Church_Hill/MD</url>
<lat>39.1433</lat>
<lon>-75.9829</lon>
<active>1</active>
</city>
<city>
<id>410404</id>
<name>Churchville</name>
<state>MD</state>
<rating>8</rating>
<url>http://www.greatschools.org/city/Churchville/MD</url>
<lat>39.5666</lat>
<lon>-76.2466</lon>
<active>1</active>
</city>
<city>
<id>410592</id>
<name>Clarksburg</name>
<state>MD</state>
<rating>7</rating>
<url>http://www.greatschools.org/city/Clarksburg/MD</url>
<lat>39.2231</lat>
<lon>-77.2746</lon>
<active>1</active>
</city>
<city>
<id>410474</id>
<name>Clarksville</name>
<state>MD</state>
<rating>10</rating>
<url>http://www.greatschools.org/city/Clarksville/MD</url>
<lat>39.2015</lat>
<lon>-76.9425</lon>
<active>1</active>
</city>
<city>
<id>410422</id>
<name>Clear Spring</name>
<state>MD</state>
<rating>8</rating>
<url>http://www.greatschools.org/city/Clear_Spring/MD</url>
<lat>39.6564</lat>
<lon>-77.9303</lon>
<active>1</active>
</city>
<city>
<id>410425</id>
<name>Clinton</name>
<state>MD</state>
<rating>3</rating>
<url>http://www.greatschools.org/city/Clinton/MD</url>
<lat>38.7593</lat>
<lon>-76.8956</lon>
<active>1</active>
</city>
<city>
<id>410375</id>
<name>Cockeysville</name>
<state>MD</state>
<rating>7</rating>
<url>http://www.greatschools.org/city/Cockeysville/MD</url>
<lat>39.4722</lat>
<lon>-76.6192</lon>
<active>1</active>
</city>
<city>
<id>410469</id>
<name>College Park</name>
<state>MD</state>
<rating>6</rating>
<url>http://www.greatschools.org/city/College_Park/MD</url>
<lat>38.9951</lat>
<lon>-76.9369</lon>
<active>1</active>
</city>
<city>
<id>410508</id>
<name>Colmar Manor</name>
<state>MD</state>
<rating/>
<url>http://www.greatschools.org/city/Colmar_Manor/MD</url>
<lat>38.9336</lat>
<lon>-76.9461</lon>
<active>1</active>
</city>
<city>
<id>410552</id>
<name>Colora</name>
<state>MD</state>
<rating/>
<url>http://www.greatschools.org/city/Colora/MD</url>
<lat>39.6711</lat>
<lon>-76.093</lon>
<active>1</active>
</city>
<city>
<id>410360</id>
<name>Columbia</name>
<state>MD</state>
<rating>7</rating>
<url>http://www.greatschools.org/city/Columbia/MD</url>
<lat>39.204</lat>
<lon>-76.8609</lon>
<active>1</active>
</city>
<city>
<id>410624</id>
<name>Conowingo</name>
<state>MD</state>
<rating>5</rating>
<url>http://www.greatschools.org/city/Conowingo/MD</url>
<lat>39.6752</lat>
<lon>-76.1542</lon>
<active>1</active>
</city>
<city>
<id>410577</id>
<name>Cordova</name>
<state>MD</state>
<rating>5</rating>
<url>http://www.greatschools.org/city/Cordova/MD</url>
<lat>38.8704</lat>
<lon>-75.9976</lon>
<active>1</active>
</city>
<city>
<id>410371</id>
<name>Cresaptown</name>
<state>MD</state>
<rating>8</rating>
<url>http://www.greatschools.org/city/Cresaptown/MD</url>
<lat>39.6518</lat>
<lon>-78.7632</lon>
<active>1</active>
</city>
<city>
<id>410529</id>
<name>Crisfield</name>
<state>MD</state>
<rating>6</rating>
<url>http://www.greatschools.org/city/Crisfield/MD</url>
<lat>37.9827</lat>
<lon>-75.849</lon>
<active>1</active>
</city>
<city>
<id>410438</id>
<name>Crofton</name>
<state>MD</state>
<rating>9</rating>
<url>http://www.greatschools.org/city/Crofton/MD</url>
<lat>39.0097</lat>
<lon>-76.6824</lon>
<active>1</active>
</city>
<city>
<id>410374</id>
<name>Crownsville</name>
<state>MD</state>
<rating>9</rating>
<url>http://www.greatschools.org/city/Crownsville/MD</url>
<lat>39.0249</lat>
<lon>-76.5904</lon>
<active>1</active>
</city>
<city>
<id>410358</id>
<name>Cumberland</name>
<state>MD</state>
<rating>5</rating>
<url>http://www.greatschools.org/city/Cumberland/MD</url>
<lat>39.6481</lat>
<lon>-78.7626</lon>
<active>1</active>
</city>
<city>
<id>442468</id>
<name>Curtis Bay</name>
<state>MD</state>
<rating/>
<url>http://www.greatschools.org/city/Curtis_Bay/MD</url>
<lat>39.1982</lat>
<lon>-76.5592</lon>
<active>1</active>
</city>
<city>
<id>410468</id>
<name>Damascus</name>
<state>MD</state>
<rating>8</rating>
<url>http://www.greatschools.org/city/Damascus/MD</url>
<lat>39.2684</lat>
<lon>-77.2101</lon>
<active>1</active>
</city>
<city>
<id>410548</id>
<name>Darlington</name>
<state>MD</state>
<rating>5</rating>
<url>http://www.greatschools.org/city/Darlington/MD</url>
<lat>39.654</lat>
<lon>-76.2285</lon>
<active>1</active>
</city>
<city>
<id>410497</id>
<name>Darnestown</name>
<state>MD</state>
<rating/>
<url>http://www.greatschools.org/city/Darnestown/MD</url>
<lat>39.1066</lat>
<lon>-77.2856</lon>
<active>1</active>
</city>
<city>
<id>410647</id>
<name>Davidsonville</name>
<state>MD</state>
<rating>9</rating>
<url>http://www.greatschools.org/city/Davidsonville/MD</url>
<lat>38.9362</lat>
<lon>-76.6313</lon>
<active>1</active>
</city>
<city>
<id>443567</id>
<name>Dayton</name>
<state>MD</state>
<rating>9</rating>
<url>http://www.greatschools.org/city/Dayton/MD</url>
<lat>39.2405</lat>
<lon>-76.9975</lon>
<active>1</active>
</city>
<city>
<id>410585</id>
<name>Deal Island</name>
<state>MD</state>
<rating>8</rating>
<url>http://www.greatschools.org/city/Deal_Island/MD</url>
<lat>38.1458</lat>
<lon>-75.9462</lon>
<active>1</active>
</city>
<city>
<id>410410</id>
<name>Deale</name>
<state>MD</state>
<rating>8</rating>
<url>http://www.greatschools.org/city/Deale/MD</url>
<lat>38.7926</lat>
<lon>-76.5356</lon>
<active>1</active>
</city>
<city>
<id>410568</id>
<name>Delmar</name>
<state>MD</state>
<rating>7</rating>
<url>http://www.greatschools.org/city/Delmar/MD</url>
<lat>38.4524</lat>
<lon>-75.5717</lon>
<active>1</active>
</city>
<city>
<id>410503</id>
<name>Denton</name>
<state>MD</state>
<rating>7</rating>
<url>http://www.greatschools.org/city/Denton/MD</url>
<lat>38.8845</lat>
<lon>-75.8259</lon>
<active>1</active>
</city>
<city>
<id>410409</id>
<name>Derwood</name>
<state>MD</state>
<rating>5</rating>
<url>http://www.greatschools.org/city/Derwood/MD</url>
<lat>39.1341</lat>
<lon>-77.1461</lon>
<active>1</active>
</city>
<city>
<id>410591</id>
<name>Dickerson</name>
<state>MD</state>
<rating>6</rating>
<url>http://www.greatschools.org/city/Dickerson/MD</url>
<lat>39.2222</lat>
<lon>-77.4023</lon>
<active>1</active>
</city>
<city>
<id>410485</id>
<name>District Heights</name>
<state>MD</state>
<rating>2</rating>
<url>http://www.greatschools.org/city/District_Heights/MD</url>
<lat>38.8594</lat>
<lon>-76.8876</lon>
<active>1</active>
</city>
<city>
<id>441849</id>
<name>Dundalk</name>
<state>MD</state>
<rating/>
<url>http://www.greatschools.org/city/Dundalk/MD</url>
<lat>39.2683</lat>
<lon>-76.5038</lon>
<active>1</active>
</city>
<city>
<id>442466</id>
<name>Dunkirk</name>
<state>MD</state>
<rating/>
<url>http://www.greatschools.org/city/Dunkirk/MD</url>
<lat>38.7174</lat>
<lon>-76.6666</lon>
<active>1</active>
</city>
<city>
<id>410473</id>
<name>Easton</name>
<state>MD</state>
<rating>5</rating>
<url>http://www.greatschools.org/city/Easton/MD</url>
<lat>38.7713</lat>
<lon>-76.0677</lon>
<active>1</active>
</city>
<city>
<id>442465</id>
<name>Eden</name>
<state>MD</state>
<rating/>
<url>http://www.greatschools.org/city/Eden/MD</url>
<lat>38.2822</lat>
<lon>-75.6561</lon>
<active>1</active>
</city>
<city>
<id>410368</id>
<name>Edgewater</name>
<state>MD</state>
<rating>9</rating>
<url>http://www.greatschools.org/city/Edgewater/MD</url>
<lat>38.9223</lat>
<lon>-76.5388</lon>
<active>1</active>
</city>
<city>
<id>410602</id>
<name>Edgewood</name>
<state>MD</state>
<rating>4</rating>
<url>http://www.greatschools.org/city/Edgewood/MD</url>
<lat>39.4278</lat>
<lon>-76.3031</lon>
<active>1</active>
</city>
<city>
<id>410441</id>
<name>Eldersburg</name>
<state>MD</state>
<rating>10</rating>
<url>http://www.greatschools.org/city/Eldersburg/MD</url>
<lat>39.4024</lat>
<lon>-76.9506</lon>
<active>1</active>
</city>
<city>
<id>410521</id>
<name>Elkridge</name>
<state>MD</state>
<rating>8</rating>
<url>http://www.greatschools.org/city/Elkridge/MD</url>
<lat>39.2012</lat>
<lon>-76.759</lon>
<active>1</active>
</city>
<city>
<id>410451</id>
<name>Elkton</name>
<state>MD</state>
<rating>4</rating>
<url>http://www.greatschools.org/city/Elkton/MD</url>
<lat>39.6078</lat>
<lon>-75.8199</lon>
<active>1</active>
</city>
<city>
<id>445091</id>
<name>Ellerslie</name>
<state>MD</state>
<rating/>
<url>http://www.greatschools.org/city/Ellerslie/MD</url>
<lat>39.7147</lat>
<lon>-78.7802</lon>
<active>1</active>
</city>
<city>
<id>410427</id>
<name>Ellicott City</name>
<state>MD</state>
<rating>9</rating>
<url>http://www.greatschools.org/city/Ellicott_City/MD</url>
<lat>39.2695</lat>
<lon>-76.8305</lon>
<active>1</active>
</city>
<city>
<id>410557</id>
<name>Emmitsburg</name>
<state>MD</state>
<rating>4</rating>
<url>http://www.greatschools.org/city/Emmitsburg/MD</url>
<lat>39.7049</lat>
<lon>-77.3256</lon>
<active>1</active>
</city>
<city>
<id>410558</id>
<name>Essex</name>
<state>MD</state>
<rating/>
<url>http://www.greatschools.org/city/Essex/MD</url>
<lat>39.3072</lat>
<lon>-76.4528</lon>
<active>1</active>
</city>
<city>
<id>445111</id>
<name>Fairmount Height</name>
<state>MD</state>
<rating/>
<url>http://www.greatschools.org/city/Fairmount_Height/MD</url>
<lat>38.8845</lat>
<lon>-76.8894</lon>
<active>1</active>
</city>
<city>
<id>445093</id>
<name>Fairplay</name>
<state>MD</state>
<rating/>
<url>http://www.greatschools.org/city/Fairplay/MD</url>
<lat>39.5644</lat>
<lon>-77.7531</lon>
<active>1</active>
</city>
<city>
<id>410599</id>
<name>Fallston</name>
<state>MD</state>
<rating>9</rating>
<url>http://www.greatschools.org/city/Fallston/MD</url>
<lat>39.5322</lat>
<lon>-76.4451</lon>
<active>1</active>
</city>
<city>
<id>410633</id>
<name>Federalsburg</name>
<state>MD</state>
<rating>5</rating>
<url>http://www.greatschools.org/city/Federalsburg/MD</url>
<lat>38.695</lat>
<lon>-75.7755</lon>
<active>1</active>
</city>
<city>
<id>410628</id>
<name>Finksburg</name>
<state>MD</state>
<rating>8</rating>
<url>http://www.greatschools.org/city/Finksburg/MD</url>
<lat>39.5051</lat>
<lon>-76.9148</lon>
<active>1</active>
</city>
<city>
<id>410650</id>
<name>Flintstone</name>
<state>MD</state>
<rating>7</rating>
<url>http://www.greatschools.org/city/Flintstone/MD</url>
<lat>39.6961</lat>
<lon>-78.5426</lon>
<active>1</active>
</city>
<city>
<id>410408</id>
<name>Forest Hill</name>
<state>MD</state>
<rating>8</rating>
<url>http://www.greatschools.org/city/Forest_Hill/MD</url>
<lat>39.574</lat>
<lon>-76.389</lon>
<active>1</active>
</city>
<city>
<id>410388</id>
<name>Forestville</name>
<state>MD</state>
<rating>3</rating>
<url>http://www.greatschools.org/city/Forestville/MD</url>
<lat>38.8521</lat>
<lon>-76.8732</lon>
<active>1</active>
</city>
<city>
<id>410514</id>
<name>Fort Howard</name>
<state>MD</state>
<rating/>
<url>http://www.greatschools.org/city/Fort_Howard/MD</url>
<lat>39.2308</lat>
<lon>-76.4443</lon>
<active>1</active>
</city>
<city>
<id>410435</id>
<name>Fort Meade</name>
<state>MD</state>
<rating>5</rating>
<url>http://www.greatschools.org/city/Fort_Meade/MD</url>
<lat>39.114</lat>
<lon>-76.7456</lon>
<active>1</active>
</city>
<city>
<id>410412</id>
<name>Fort Washington</name>
<state>MD</state>
<rating>3</rating>
<url>http://www.greatschools.org/city/Fort_Washington/MD</url>
<lat>38.7438</lat>
<lon>-77.0056</lon>
<active>1</active>
</city>
<city>
<id>410353</id>
<name>Frederick</name>
<state>MD</state>
<rating>7</rating>
<url>http://www.greatschools.org/city/Frederick/MD</url>
<lat>39.4265</lat>
<lon>-77.4267</lon>
<active>1</active>
</city>
<city>
<id>410640</id>
<name>Freeland</name>
<state>MD</state>
<rating>10</rating>
<url>http://www.greatschools.org/city/Freeland/MD</url>
<lat>39.6891</lat>
<lon>-76.7152</lon>
<active>1</active>
</city>
<city>
<id>410606</id>
<name>Friendsville</name>
<state>MD</state>
<rating>5</rating>
<url>http://www.greatschools.org/city/Friendsville/MD</url>
<lat>39.6632</lat>
<lon>-79.4032</lon>
<active>1</active>
</city>
<city>
<id>410430</id>
<name>Frostburg</name>
<state>MD</state>
<rating>6</rating>
<url>http://www.greatschools.org/city/Frostburg/MD</url>
<lat>39.6525</lat>
<lon>-78.9278</lon>
<active>1</active>
</city>
<city>
<id>410439</id>
<name>Fruitland</name>
<state>MD</state>
<rating>6</rating>
<url>http://www.greatschools.org/city/Fruitland/MD</url>
<lat>38.3247</lat>
<lon>-75.6235</lon>
<active>1</active>
</city>
<city>
<id>410463</id>
<name>Fulton</name>
<state>MD</state>
<rating>9</rating>
<url>http://www.greatschools.org/city/Fulton/MD</url>
<lat>39.1575</lat>
<lon>-76.9333</lon>
<active>1</active>
</city>
<city>
<id>410350</id>
<name>Gaithersburg</name>
<state>MD</state>
<rating>6</rating>
<url>http://www.greatschools.org/city/Gaithersburg/MD</url>
<lat>39.1235</lat>
<lon>-77.2011</lon>
<active>1</active>
</city>
<city>
<id>410595</id>
<name>Galena</name>
<state>MD</state>
<rating>8</rating>
<url>http://www.greatschools.org/city/Galena/MD</url>
<lat>39.3431</lat>
<lon>-75.8786</lon>
<active>1</active>
</city>
<city>
<id>410378</id>
<name>Gambrills</name>
<state>MD</state>
<rating>8</rating>
<url>http://www.greatschools.org/city/Gambrills/MD</url>
<lat>39.0348</lat>
<lon>-76.673</lon>
<active>1</active>
</city>
<city>
<id>410540</id>
<name>Garrett Park</name>
<state>MD</state>
<rating/>
<url>http://www.greatschools.org/city/Garrett_Park/MD</url>
<lat>39.0359</lat>
<lon>-77.0933</lon>
<active>1</active>
</city>
<city>
<id>410394</id>
<name>Germantown</name>
<state>MD</state>
<rating>6</rating>
<url>http://www.greatschools.org/city/Germantown/MD</url>
<lat>39.1767</lat>
<lon>-77.262</lon>
<active>1</active>
</city>
<city>
<id>442464</id>
<name>Glen Arm</name>
<state>MD</state>
<rating/>
<url>http://www.greatschools.org/city/Glen_Arm/MD</url>
<lat>39.4498</lat>
<lon>-76.5105</lon>
<active>1</active>
</city>
<city>
<id>410416</id>
<name>Glen Burnie</name>
<state>MD</state>
<rating>6</rating>
<url>http://www.greatschools.org/city/Glen_Burnie/MD</url>
<lat>39.1578</lat>
<lon>-76.6058</lon>
<active>1</active>
</city>
<city>
<id>410494</id>
<name>Glenarden</name>
<state>MD</state>
<rating>6</rating>
<url>http://www.greatschools.org/city/Glenarden/MD</url>
<lat>38.9308</lat>
<lon>-76.8612</lon>
<active>1</active>
</city>
<city>
<id>410434</id>
<name>Glencoe</name>
<state>MD</state>
<rating/>
<url>http://www.greatschools.org/city/Glencoe/MD</url>
<lat>39.555</lat>
<lon>-76.6273</lon>
<active>1</active>
</city>
<city>
<id>410549</id>
<name>Glenelg</name>
<state>MD</state>
<rating>10</rating>
<url>http://www.greatschools.org/city/Glenelg/MD</url>
<lat>39.2545</lat>
<lon>-77.0187</lon>
<active>1</active>
</city>
<city>
<id>410462</id>
<name>Glenn Dale</name>
<state>MD</state>
<rating>7</rating>
<url>http://www.greatschools.org/city/Glenn_Dale/MD</url>
<lat>38.9867</lat>
<lon>-76.8059</lon>
<active>1</active>
</city>
<city>
<id>410420</id>
<name>Glenwood</name>
<state>MD</state>
<rating>9</rating>
<url>http://www.greatschools.org/city/Glenwood/MD</url>
<lat>39.2776</lat>
<lon>-77.0171</lon>
<active>1</active>
</city>
<city>
<id>410418</id>
<name>Glyndon</name>
<state>MD</state>
<rating/>
<url>http://www.greatschools.org/city/Glyndon/MD</url>
<lat>39.4741</lat>
<lon>-76.8153</lon>
<active>1</active>
</city>
<city>
<id>446082</id>
<name>Goddard</name>
<state>MD</state>
<rating/>
<url>http://www.greatschools.org/city/Goddard/MD</url>
<lat>38.9796</lat>
<lon>-76.8617</lon>
<active>1</active>
</city>
<city>
<id>410382</id>
<name>Grantsville</name>
<state>MD</state>
<rating>4</rating>
<url>http://www.greatschools.org/city/Grantsville/MD</url>
<lat>39.6971</lat>
<lon>-79.1578</lon>
<active>1</active>
</city>
<city>
<id>410586</id>
<name>Grasonville</name>
<state>MD</state>
<rating>7</rating>
<url>http://www.greatschools.org/city/Grasonville/MD</url>
<lat>38.9566</lat>
<lon>-76.1989</lon>
<active>1</active>
</city>
<city>
<id>410533</id>
<name>Great Mills</name>
<state>MD</state>
<rating>5</rating>
<url>http://www.greatschools.org/city/Great_Mills/MD</url>
<lat>38.265</lat>
<lon>-76.4939</lon>
<active>1</active>
</city>
<city>
<id>410471</id>
<name>Greenbelt</name>
<state>MD</state>
<rating>5</rating>
<url>http://www.greatschools.org/city/Greenbelt/MD</url>
<lat>38.9987</lat>
<lon>-76.8838</lon>
<active>1</active>
</city>
<city>
<id>410632</id>
<name>Greensboro</name>
<state>MD</state>
<rating>7</rating>
<url>http://www.greatschools.org/city/Greensboro/MD</url>
<lat>38.9761</lat>
<lon>-75.806</lon>
<active>1</active>
</city>
<city>
<id>442463</id>
<name>Gwynn Oak</name>
<state>MD</state>
<rating/>
<url>http://www.greatschools.org/city/Gwynn_Oak/MD</url>
<lat>39.3247</lat>
<lon>-76.7186</lon>
<active>1</active>
</city>
<city>
<id>410392</id>
<name>Hagerstown</name>
<state>MD</state>
<rating>5</rating>
<url>http://www.greatschools.org/city/Hagerstown/MD</url>
<lat>39.6434</lat>
<lon>-77.7213</lon>
<active>1</active>
</city>
<city>
<id>410641</id>
<name>Halethorpe</name>
<state>MD</state>
<rating>6</rating>
<url>http://www.greatschools.org/city/Halethorpe/MD</url>
<lat>39.2431</lat>
<lon>-76.6742</lon>
<active>1</active>
</city>
<city>
<id>410490</id>
<name>Hampstead</name>
<state>MD</state>
<rating>8</rating>
<url>http://www.greatschools.org/city/Hampstead/MD</url>
<lat>39.6151</lat>
<lon>-76.8563</lon>
<active>1</active>
</city>
<city>
<id>410573</id>
<name>Hancock</name>
<state>MD</state>
<rating>7</rating>
<url>http://www.greatschools.org/city/Hancock/MD</url>
<lat>39.7027</lat>
<lon>-78.1801</lon>
<active>1</active>
</city>
<city>
<id>410461</id>
<name>Hanover</name>
<state>MD</state>
<rating>7</rating>
<url>http://www.greatschools.org/city/Hanover/MD</url>
<lat>39.2004</lat>
<lon>-76.7587</lon>
<active>1</active>
</city>
<city>
<id>410644</id>
<name>Harwood</name>
<state>MD</state>
<rating>8</rating>
<url>http://www.greatschools.org/city/Harwood/MD</url>
<lat>38.8681</lat>
<lon>-76.6165</lon>
<active>1</active>
</city>
<city>
<id>410405</id>
<name>Havre de Grace</name>
<state>MD</state>
<rating>7</rating>
<url>http://www.greatschools.org/city/Havre_de_Grace/MD</url>
<lat>39.5486</lat>
<lon>-76.103</lon>
<active>1</active>
</city>
<city>
<id>410493</id>
<name>Hebron</name>
<state>MD</state>
<rating>6</rating>
<url>http://www.greatschools.org/city/Hebron/MD</url>
<lat>38.4178</lat>
<lon>-75.6868</lon>
<active>1</active>
</city>
<city>
<id>410539</id>
<name>Helen</name>
<state>MD</state>
<rating>6</rating>
<url>http://www.greatschools.org/city/Helen/MD</url>
<lat>38.3328</lat>
<lon>-76.7869</lon>
<active>1</active>
</city>
<city>
<id>442462</id>
<name>Highland</name>
<state>MD</state>
<rating/>
<url>http://www.greatschools.org/city/Highland/MD</url>
<lat>39.1823</lat>
<lon>-76.97</lon>
<active>1</active>
</city>
<city>
<id>410562</id>
<name>Hillcrest Heights</name>
<state>MD</state>
<rating/>
<url>http://www.greatschools.org/city/Hillcrest_Heights/MD</url>
<lat>38.8377</lat>
<lon>-76.9612</lon>
<active>1</active>
</city>
<city>
<id>410537</id>
<name>Hollywood</name>
<state>MD</state>
<rating>5</rating>
<url>http://www.greatschools.org/city/Hollywood/MD</url>
<lat>38.3505</lat>
<lon>-76.5652</lon>
<active>1</active>
</city>
<city>
<id>442461</id>
<name>Hughesville</name>
<state>MD</state>
<rating/>
<url>http://www.greatschools.org/city/Hughesville/MD</url>
<lat>38.5339</lat>
<lon>-76.7764</lon>
<active>1</active>
</city>
<city>
<id>441847</id>
<name>Hunt Valley</name>
<state>MD</state>
<rating/>
<url>http://www.greatschools.org/city/Hunt_Valley/MD</url>
<lat>39.4901</lat>
<lon>-76.652</lon>
<active>1</active>
</city>
<city>
<id>410367</id>
<name>Huntingtown</name>
<state>MD</state>
<rating>10</rating>
<url>http://www.greatschools.org/city/Huntingtown/MD</url>
<lat>38.6105</lat>
<lon>-76.6171</lon>
<active>1</active>
</city>
<city>
<id>410617</id>
<name>Hurlock</name>
<state>MD</state>
<rating>4</rating>
<url>http://www.greatschools.org/city/Hurlock/MD</url>
<lat>38.6334</lat>
<lon>-75.8621</lon>
<active>1</active>
</city>
<city>
<id>445094</id>
<name>Hvre De Grace</name>
<state>MD</state>
<rating/>
<url>http://www.greatschools.org/city/Hvre_De_Grace/MD</url>
<lat>39.5676</lat>
<lon>-76.1436</lon>
<active>1</active>
</city>
<city>
<id>410397</id>
<name>Hyattsville</name>
<state>MD</state>
<rating>4</rating>
<url>http://www.greatschools.org/city/Hyattsville/MD</url>
<lat>38.9582</lat>
<lon>-76.9554</lon>
<active>1</active>
</city>
<city>
<id>410560</id>
<name>Hydes</name>
<state>MD</state>
<rating/>
<url>http://www.greatschools.org/city/Hydes/MD</url>
<lat>39.4807</lat>
<lon>-76.4845</lon>
<active>1</active>
</city>
<city>
<id>410487</id>
<name>Ijamsville</name>
<state>MD</state>
<rating>8</rating>
<url>http://www.greatschools.org/city/Ijamsville/MD</url>
<lat>39.3372</lat>
<lon>-77.2979</lon>
<active>1</active>
</city>
<city>
<id>410531</id>
<name>Indian Head</name>
<state>MD</state>
<rating>4</rating>
<url>http://www.greatschools.org/city/Indian_Head/MD</url>
<lat>38.5969</lat>
<lon>-77.1568</lon>
<active>1</active>
</city>
<city>
<id>410450</id>
<name>Jarrettsville</name>
<state>MD</state>
<rating>8</rating>
<url>http://www.greatschools.org/city/Jarrettsville/MD</url>
<lat>39.6015</lat>
<lon>-76.4765</lon>
<active>1</active>
</city>
<city>
<id>410506</id>
<name>Jefferson</name>
<state>MD</state>
<rating>8</rating>
<url>http://www.greatschools.org/city/Jefferson/MD</url>
<lat>39.3662</lat>
<lon>-77.5465</lon>
<active>1</active>
</city>
<city>
<id>410596</id>
<name>Jessup</name>
<state>MD</state>
<rating>6</rating>
<url>http://www.greatschools.org/city/Jessup/MD</url>
<lat>39.1451</lat>
<lon>-76.771</lon>
<active>1</active>
</city>
<city>
<id>445095</id>
<name>Joint Base Andrews</name>
<state>MD</state>
<rating/>
<url>http://www.greatschools.org/city/Joint_Base_Andrews/MD</url>
<lat>38.795</lat>
<lon>-76.8864</lon>
<active>1</active>
</city>
<city>
<id>410501</id>
<name>Joppa</name>
<state>MD</state>
<rating>4</rating>
<url>http://www.greatschools.org/city/Joppa/MD</url>
<lat>39.425</lat>
<lon>-76.3553</lon>
<active>1</active>
</city>
<city>
<id>442460</id>
<name>Keedysville</name>
<state>MD</state>
<rating/>
<url>http://www.greatschools.org/city/Keedysville/MD</url>
<lat>39.4871</lat>
<lon>-77.6994</lon>
<active>1</active>
</city>
<city>
<id>442459</id>
<name>Kennedyville</name>
<state>MD</state>
<rating/>
<url>http://www.greatschools.org/city/Kennedyville/MD</url>
<lat>39.3137</lat>
<lon>-75.9633</lon>
<active>1</active>
</city>
<city>
<id>410395</id>
<name>Kensington</name>
<state>MD</state>
<rating>6</rating>
<url>http://www.greatschools.org/city/Kensington/MD</url>
<lat>39.0258</lat>
<lon>-77.0728</lon>
<active>1</active>
</city>
<city>
<id>410457</id>
<name>Keymar</name>
<state>MD</state>
<rating>7</rating>
<url>http://www.greatschools.org/city/Keymar/MD</url>
<lat>39.5922</lat>
<lon>-77.2557</lon>
<active>1</active>
</city>
<city>
<id>410480</id>
<name>Kingsville</name>
<state>MD</state>
<rating>9</rating>
<url>http://www.greatschools.org/city/Kingsville/MD</url>
<lat>39.4503</lat>
<lon>-76.4184</lon>
<active>1</active>
</city>
<city>
<id>410605</id>
<name>Kitzmiller</name>
<state>MD</state>
<rating/>
<url>http://www.greatschools.org/city/Kitzmiller/MD</url>
<lat>39.3889</lat>
<lon>-79.1841</lon>
<active>1</active>
</city>
<city>
<id>410571</id>
<name>Knoxville</name>
<state>MD</state>
<rating>6</rating>
<url>http://www.greatschools.org/city/Knoxville/MD</url>
<lat>39.3438</lat>
<lon>-77.6561</lon>
<active>1</active>
</city>
<city>
<id>410488</id>
<name>La Plata</name>
<state>MD</state>
<rating>7</rating>
<url>http://www.greatschools.org/city/La_Plata/MD</url>
<lat>38.5306</lat>
<lon>-76.9698</lon>
<active>1</active>
</city>
<city>
<id>445096</id>
<name>La Vale</name>
<state>MD</state>
<rating/>
<url>http://www.greatschools.org/city/La_Vale/MD</url>
<lat>39.6703</lat>
<lon>-78.8133</lon>
<active>1</active>
</city>
<city>
<id>410381</id>
<name>Landover</name>
<state>MD</state>
<rating>4</rating>
<url>http://www.greatschools.org/city/Landover/MD</url>
<lat>38.9195</lat>
<lon>-76.8867</lon>
<active>1</active>
</city>
<city>
<id>410522</id>
<name>Landover Hills</name>
<state>MD</state>
<rating>3</rating>
<url>http://www.greatschools.org/city/Landover_Hills/MD</url>
<lat>38.9424</lat>
<lon>-76.8914</lon>
<active>1</active>
</city>
<city>
<id>410401</id>
<name>Lanham</name>
<state>MD</state>
<rating>3</rating>
<url>http://www.greatschools.org/city/Lanham/MD</url>
<lat>38.9672</lat>
<lon>-76.8548</lon>
<active>1</active>
</city>
<city>
<id>443962</id>
<name>Lanham-Seabrook</name>
<state>MD</state>
<rating/>
<url>http://www.greatschools.org/city/Lanham-Seabrook/MD</url>
<lat>38.9705</lat>
<lon>-76.8467</lon>
<active>1</active>
</city>
<city>
<id>442458</id>
<name>Lansdowne</name>
<state>MD</state>
<rating/>
<url>http://www.greatschools.org/city/Lansdowne/MD</url>
<lat>39.2365</lat>
<lon>-76.6548</lon>
<active>1</active>
</city>
<city>
<id>410527</id>
<name>Largo</name>
<state>MD</state>
<rating>5</rating>
<url>http://www.greatschools.org/city/Largo/MD</url>
<lat>38.8838</lat>
<lon>-76.8289</lon>
<active>1</active>
</city>
<city>
<id>410455</id>
<name>Laurel</name>
<state>MD</state>
<rating>5</rating>
<url>http://www.greatschools.org/city/Laurel/MD</url>
<lat>39.0978</lat>
<lon>-76.863</lon>
<active>1</active>
</city>
<city>
<id>410648</id>
<name>LaVale</name>
<state>MD</state>
<rating>7</rating>
<url>http://www.greatschools.org/city/LaVale/MD</url>
<lat>39.6556</lat>
<lon>-78.8162</lon>
<active>1</active>
</city>
<city>
<id>410496</id>
<name>Leonardtown</name>
<state>MD</state>
<rating>8</rating>
<url>http://www.greatschools.org/city/Leonardtown/MD</url>
<lat>38.2973</lat>
<lon>-76.6389</lon>
<active>1</active>
</city>
<city>
<id>410479</id>
<name>Lexington Park</name>
<state>MD</state>
<rating>6</rating>
<url>http://www.greatschools.org/city/Lexington_Park/MD</url>
<lat>38.2611</lat>
<lon>-76.4529</lon>
<active>1</active>
</city>
<city>
<id>410386</id>
<name>Linthicum</name>
<state>MD</state>
<rating>7</rating>
<url>http://www.greatschools.org/city/Linthicum/MD</url>
<lat>39.205</lat>
<lon>-76.6577</lon>
<active>1</active>
</city>
<city>
<id>445097</id>
<name>Linthicum Heights</name>
<state>MD</state>
<rating/>
<url>http://www.greatschools.org/city/Linthicum_Heights/MD</url>
<lat>39.2005</lat>
<lon>-76.6789</lon>
<active>1</active>
</city>
<city>
<id>442457</id>
<name>Lisbon</name>
<state>MD</state>
<rating/>
<url>http://www.greatschools.org/city/Lisbon/MD</url>
<lat>39.3143</lat>
<lon>-77.0051</lon>
<active>1</active>
</city>
<city>
<id>446083</id>
<name>Lochearn</name>
<state>MD</state>
<rating/>
<url>http://www.greatschools.org/city/Lochearn/MD</url>
<lat>39.3462</lat>
<lon>-76.7371</lon>
<active>1</active>
</city>
<city>
<id>410649</id>
<name>Lonaconing</name>
<state>MD</state>
<rating>6</rating>
<url>http://www.greatschools.org/city/Lonaconing/MD</url>
<lat>39.5655</lat>
<lon>-78.9792</lon>
<active>1</active>
</city>
<city>
<id>410419</id>
<name>Lothian</name>
<state>MD</state>
<rating>8</rating>
<url>http://www.greatschools.org/city/Lothian/MD</url>
<lat>38.8046</lat>
<lon>-76.6662</lon>
<active>1</active>
</city>
<city>
<id>410582</id>
<name>Loveville</name>
<state>MD</state>
<rating>6</rating>
<url>http://www.greatschools.org/city/Loveville/MD</url>
<lat>38.3515</lat>
<lon>-76.6688</lon>
<active>1</active>
</city>
<city>
<id>410491</id>
<name>Lusby</name>
<state>MD</state>
<rating>8</rating>
<url>http://www.greatschools.org/city/Lusby/MD</url>
<lat>38.3641</lat>
<lon>-76.4344</lon>
<active>1</active>
</city>
<city>
<id>410452</id>
<name>Lutherville</name>
<state>MD</state>
<rating>9</rating>
<url>http://www.greatschools.org/city/Lutherville/MD</url>
<lat>39.424</lat>
<lon>-76.6177</lon>
<active>1</active>
</city>
<city>
<id>443568</id>
<name>Lutherville-Timonium</name>
<state>MD</state>
<rating/>
<url>http://www.greatschools.org/city/Lutherville-Timonium/MD</url>
<lat>39.4373</lat>
<lon>-76.6157</lon>
<active>1</active>
</city>
<city>
<id>410447</id>
<name>Manchester</name>
<state>MD</state>
<rating>9</rating>
<url>http://www.greatschools.org/city/Manchester/MD</url>
<lat>39.6602</lat>
<lon>-76.8891</lon>
<active>1</active>
</city>
<city>
<id>410621</id>
<name>Marbury</name>
<state>MD</state>
<rating>4</rating>
<url>http://www.greatschools.org/city/Marbury/MD</url>
<lat>38.5643</lat>
<lon>-77.1618</lon>
<active>1</active>
</city>
<city>
<id>410436</id>
<name>Mardela Springs</name>
<state>MD</state>
<rating>7</rating>
<url>http://www.greatschools.org/city/Mardela_Springs/MD</url>
<lat>38.459</lat>
<lon>-75.7572</lon>
<active>1</active>
</city>
<city>
<id>410583</id>
<name>Marion</name>
<state>MD</state>
<rating/>
<url>http://www.greatschools.org/city/Marion/MD</url>
<lat>38.0412</lat>
<lon>-75.7475</lon>
<active>1</active>
</city>
<city>
<id>410352</id>
<name>Marriottsville</name>
<state>MD</state>
<rating>10</rating>
<url>http://www.greatschools.org/city/Marriottsville/MD</url>
<lat>39.3568</lat>
<lon>-76.916</lon>
<active>1</active>
</city>
<city>
<id>445099</id>
<name>Marriottsvl</name>
<state>MD</state>
<rating/>
<url>http://www.greatschools.org/city/Marriottsvl/MD</url>
<lat>39.3318</lat>
<lon>-76.9067</lon>
<active>1</active>
</city>
<city>
<id>410572</id>
<name>Maugansville</name>
<state>MD</state>
<rating>5</rating>
<url>http://www.greatschools.org/city/Maugansville/MD</url>
<lat>39.694</lat>
<lon>-77.7481</lon>
<active>1</active>
</city>
<city>
<id>410524</id>
<name>McHenry</name>
<state>MD</state>
<rating/>
<url>http://www.greatschools.org/city/McHenry/MD</url>
<lat>39.5548</lat>
<lon>-79.3531</lon>
<active>1</active>
</city>
<city>
<id>410437</id>
<name>Mechanicsville</name>
<state>MD</state>
<rating>7</rating>
<url>http://www.greatschools.org/city/Mechanicsville/MD</url>
<lat>38.4279</lat>
<lon>-76.7315</lon>
<active>1</active>
</city>
<city>
<id>445100</id>
<name>Mechanicsvlle</name>
<state>MD</state>
<rating/>
<url>http://www.greatschools.org/city/Mechanicsvlle/MD</url>
<lat>38.4158</lat>
<lon>-76.7106</lon>
<active>1</active>
</city>
<city>
<id>442454</id>
<name>Middle River</name>
<state>MD</state>
<rating/>
<url>http://www.greatschools.org/city/Middle_River/MD</url>
<lat>39.3357</lat>
<lon>-76.4415</lon>
<active>1</active>
</city>
<city>
<id>410389</id>
<name>Middletown</name>
<state>MD</state>
<rating>9</rating>
<url>http://www.greatschools.org/city/Middletown/MD</url>
<lat>39.4419</lat>
<lon>-77.5419</lon>
<active>1</active>
</city>
<city>
<id>446084</id>
<name>Milford Mill</name>
<state>MD</state>
<rating/>
<url>http://www.greatschools.org/city/Milford_Mill/MD</url>
<lat>39.3225</lat>
<lon>-76.7502</lon>
<active>1</active>
</city>
<city>
<id>410429</id>
<name>Millersville</name>
<state>MD</state>
<rating>7</rating>
<url>http://www.greatschools.org/city/Millersville/MD</url>
<lat>39.1059</lat>
<lon>-76.615</lon>
<active>1</active>
</city>
<city>
<id>410594</id>
<name>Millington</name>
<state>MD</state>
<rating>9</rating>
<url>http://www.greatschools.org/city/Millington/MD</url>
<lat>39.2588</lat>
<lon>-75.839</lon>
<active>1</active>
</city>
<city>
<id>410359</id>
<name>Mitchellville</name>
<state>MD</state>
<rating>5</rating>
<url>http://www.greatschools.org/city/Mitchellville/MD</url>
<lat>38.937</lat>
<lon>-76.8131</lon>
<active>1</active>
</city>
<city>
<id>410554</id>
<name>Monkton</name>
<state>MD</state>
<rating>10</rating>
<url>http://www.greatschools.org/city/Monkton/MD</url>
<lat>39.5786</lat>
<lon>-76.5967</lon>
<active>1</active>
</city>
<city>
<id>410609</id>
<name>Monrovia</name>
<state>MD</state>
<rating>7</rating>
<url>http://www.greatschools.org/city/Monrovia/MD</url>
<lat>39.3494</lat>
<lon>-77.2498</lon>
<active>1</active>
</city>
<city>
<id>441848</id>
<name>Montgomery Village</name>
<state>MD</state>
<rating>3</rating>
<url>http://www.greatschools.org/city/Montgomery_Village/MD</url>
<lat>39.1765</lat>
<lon>-77.1943</lon>
<active>1</active>
</city>
<city>
<id>445101</id>
<name>Montgomry Vlg</name>
<state>MD</state>
<rating/>
<url>http://www.greatschools.org/city/Montgomry_Vlg/MD</url>
<lat>39.1861</lat>
<lon>-77.2003</lon>
<active>1</active>
</city>
<city>
<id>410581</id>
<name>Morganza</name>
<state>MD</state>
<rating>7</rating>
<url>http://www.greatschools.org/city/Morganza/MD</url>
<lat>38.3515</lat>
<lon>-76.6688</lon>
<active>1</active>
</city>
<city>
<id>410588</id>
<name>Morningside</name>
<state>MD</state>
<rating>7</rating>
<url>http://www.greatschools.org/city/Morningside/MD</url>
<lat>38.8284</lat>
<lon>-76.8911</lon>
<active>1</active>
</city>
<city>
<id>410355</id>
<name>Mount Airy</name>
<state>MD</state>
<rating>9</rating>
<url>http://www.greatschools.org/city/Mount_Airy/MD</url>
<lat>39.3753</lat>
<lon>-77.1598</lon>
<active>1</active>
</city>
<city>
<id>410456</id>
<name>Mount Rainier</name>
<state>MD</state>
<rating>2</rating>
<url>http://www.greatschools.org/city/Mount_Rainier/MD</url>
<lat>38.9438</lat>
<lon>-76.965</lon>
<active>1</active>
</city>
<city>
<id>410431</id>
<name>Mount Savage</name>
<state>MD</state>
<rating>7</rating>
<url>http://www.greatschools.org/city/Mount_Savage/MD</url>
<lat>39.7003</lat>
<lon>-78.8614</lon>
<active>1</active>
</city>
<city>
<id>445102</id>
<name>Mountain Lake Park</name>
<state>MD</state>
<rating/>
<url>http://www.greatschools.org/city/Mountain_Lake_Park/MD</url>
<lat>39.3958</lat>
<lon>-79.3713</lon>
<active>1</active>
</city>
<city>
<id>446085</id>
<name>Mt Airy</name>
<state>MD</state>
<rating/>
<url>http://www.greatschools.org/city/Mt_Airy/MD</url>
<lat>39.3705</lat>
<lon>-77.1759</lon>
<active>1</active>
</city>
<city>
<id>446086</id>
<name>Mt Rainier</name>
<state>MD</state>
<rating/>
<url>http://www.greatschools.org/city/Mt_Rainier/MD</url>
<lat>38.9389</lat>
<lon>-76.9629</lon>
<active>1</active>
</city>
<city>
<id>446087</id>
<name>Mt Savage</name>
<state>MD</state>
<rating/>
<url>http://www.greatschools.org/city/Mt_Savage/MD</url>
<lat>39.7011</lat>
<lon>-78.88</lon>
<active>1</active>
</city>
<city>
<id>410612</id>
<name>Myersville</name>
<state>MD</state>
<rating>8</rating>
<url>http://www.greatschools.org/city/Myersville/MD</url>
<lat>39.5076</lat>
<lon>-77.5685</lon>
<active>1</active>
</city>
<city>
<id>410618</id>
<name>Nanjemoy</name>
<state>MD</state>
<rating>6</rating>
<url>http://www.greatschools.org/city/Nanjemoy/MD</url>
<lat>38.4427</lat>
<lon>-77.1955</lon>
<active>1</active>
</city>
<city>
<id>410424</id>
<name>New Carrollton</name>
<state>MD</state>
<rating>4</rating>
<url>http://www.greatschools.org/city/New_Carrollton/MD</url>
<lat>38.9631</lat>
<lon>-76.8763</lon>
<active>1</active>
</city>
<city>
<id>410611</id>
<name>New Market</name>
<state>MD</state>
<rating>10</rating>
<url>http://www.greatschools.org/city/New_Market/MD</url>
<lat>39.3879</lat>
<lon>-77.2743</lon>
<active>1</active>
</city>
<city>
<id>410629</id>
<name>New Windsor</name>
<state>MD</state>
<rating>7</rating>
<url>http://www.greatschools.org/city/New_Windsor/MD</url>
<lat>39.5429</lat>
<lon>-77.1075</lon>
<active>1</active>
</city>
<city>
<id>410564</id>
<name>Newark</name>
<state>MD</state>
<rating/>
<url>http://www.greatschools.org/city/Newark/MD</url>
<lat>38.2616</lat>
<lon>-75.2748</lon>
<active>1</active>
</city>
<city>
<id>410619</id>
<name>Newburg</name>
<state>MD</state>
<rating>8</rating>
<url>http://www.greatschools.org/city/Newburg/MD</url>
<lat>38.3526</lat>
<lon>-76.9341</lon>
<active>1</active>
</city>
<city>
<id>410542</id>
<name>North Bethesda</name>
<state>MD</state>
<rating/>
<url>http://www.greatschools.org/city/North_Bethesda/MD</url>
<lat>39.0405</lat>
<lon>-77.1157</lon>
<active>1</active>
</city>
<city>
<id>410550</id>
<name>North East</name>
<state>MD</state>
<rating>6</rating>
<url>http://www.greatschools.org/city/North_East/MD</url>
<lat>39.6031</lat>
<lon>-75.9428</lon>
<active>1</active>
</city>
<city>
<id>410454</id>
<name>North Potomac</name>
<state>MD</state>
<rating>9</rating>
<url>http://www.greatschools.org/city/North_Potomac/MD</url>
<lat>39.0966</lat>
<lon>-77.2353</lon>
<active>1</active>
</city>
<city>
<id>410516</id>
<name>Nottingham</name>
<state>MD</state>
<rating/>
<url>http://www.greatschools.org/city/Nottingham/MD</url>
<lat>39.3916</lat>
<lon>-76.4875</lon>
<active>1</active>
</city>
<city>
<id>410383</id>
<name>Oakland</name>
<state>MD</state>
<rating>7</rating>
<url>http://www.greatschools.org/city/Oakland/MD</url>
<lat>39.4115</lat>
<lon>-79.4061</lon>
<active>1</active>
</city>
<city>
<id>410446</id>
<name>Ocean City</name>
<state>MD</state>
<rating>10</rating>
<url>http://www.greatschools.org/city/Ocean_City/MD</url>
<lat>38.3985</lat>
<lon>-75.0667</lon>
<active>1</active>
</city>
<city>
<id>410492</id>
<name>Odenton</name>
<state>MD</state>
<rating>8</rating>
<url>http://www.greatschools.org/city/Odenton/MD</url>
<lat>39.0689</lat>
<lon>-76.7006</lon>
<active>1</active>
</city>
<city>
<id>410523</id>
<name>Oldtown</name>
<state>MD</state>
<rating/>
<url>http://www.greatschools.org/city/Oldtown/MD</url>
<lat>39.5786</lat>
<lon>-78.6079</lon>
<active>1</active>
</city>
<city>
<id>410399</id>
<name>Olney</name>
<state>MD</state>
<rating>9</rating>
<url>http://www.greatschools.org/city/Olney/MD</url>
<lat>39.1522</lat>
<lon>-77.0721</lon>
<active>1</active>
</city>
<city>
<id>410403</id>
<name>Owings</name>
<state>MD</state>
<rating>10</rating>
<url>http://www.greatschools.org/city/Owings/MD</url>
<lat>38.7103</lat>
<lon>-76.6016</lon>
<active>1</active>
</city>
<city>
<id>410391</id>
<name>Owings Mills</name>
<state>MD</state>
<rating>7</rating>
<url>http://www.greatschools.org/city/Owings_Mills/MD</url>
<lat>39.4126</lat>
<lon>-76.7964</lon>
<active>1</active>
</city>
<city>
<id>410423</id>
<name>Oxon Hill</name>
<state>MD</state>
<rating>3</rating>
<url>http://www.greatschools.org/city/Oxon_Hill/MD</url>
<lat>38.8102</lat>
<lon>-76.9895</lon>
<active>1</active>
</city>
<city>
<id>446088</id>
<name>Oxon Hill-Glassmanor</name>
<state>MD</state>
<rating/>
<url>http://www.greatschools.org/city/Oxon_Hill-Glassmanor/MD</url>
<lat>38.7826</lat>
<lon>-76.9922</lon>
<active>1</active>
</city>
<city>
<id>410579</id>
<name>Park Hall</name>
<state>MD</state>
<rating>4</rating>
<url>http://www.greatschools.org/city/Park_Hall/MD</url>
<lat>38.2165</lat>
<lon>-76.4402</lon>
<active>1</active>
</city>
<city>
<id>410445</id>
<name>Parkton</name>
<state>MD</state>
<rating>10</rating>
<url>http://www.greatschools.org/city/Parkton/MD</url>
<lat>39.6469</lat>
<lon>-76.6748</lon>
<active>1</active>
</city>
<city>
<id>410638</id>
<name>Parkville</name>
<state>MD</state>
<rating>1</rating>
<url>http://www.greatschools.org/city/Parkville/MD</url>
<lat>39.3828</lat>
<lon>-76.5547</lon>
<active>1</active>
</city>
<city>
<id>410520</id>
<name>Parsonsburg</name>
<state>MD</state>
<rating/>
<url>http://www.greatschools.org/city/Parsonsburg/MD</url>
<lat>38.3888</lat>
<lon>-75.4805</lon>
<active>1</active>
</city>
<city>
<id>410379</id>
<name>Pasadena</name>
<state>MD</state>
<rating>8</rating>
<url>http://www.greatschools.org/city/Pasadena/MD</url>
<lat>39.1096</lat>
<lon>-76.5496</lon>
<active>1</active>
</city>
<city>
<id>442453</id>
<name>Patuxent River</name>
<state>MD</state>
<rating/>
<url>http://www.greatschools.org/city/Patuxent_River/MD</url>
<lat>38.2769</lat>
<lon>-76.4496</lon>
<active>1</active>
</city>
<city>
<id>410547</id>
<name>Perry Hall</name>
<state>MD</state>
<rating>10</rating>
<url>http://www.greatschools.org/city/Perry_Hall/MD</url>
<lat>39.402</lat>
<lon>-76.4815</lon>
<active>1</active>
</city>
<city>
<id>410544</id>
<name>Perryville</name>
<state>MD</state>
<rating>5</rating>
<url>http://www.greatschools.org/city/Perryville/MD</url>
<lat>39.5695</lat>
<lon>-76.0688</lon>
<active>1</active>
</city>
<city>
<id>410406</id>
<name>Phoenix</name>
<state>MD</state>
<rating>9</rating>
<url>http://www.greatschools.org/city/Phoenix/MD</url>
<lat>39.5059</lat>
<lon>-76.5661</lon>
<active>1</active>
</city>
<city>
<id>410467</id>
<name>Pikesville</name>
<state>MD</state>
<rating>8</rating>
<url>http://www.greatschools.org/city/Pikesville/MD</url>
<lat>39.3804</lat>
<lon>-76.6996</lon>
<active>1</active>
</city>
<city>
<id>410567</id>
<name>Pittsville</name>
<state>MD</state>
<rating>7</rating>
<url>http://www.greatschools.org/city/Pittsville/MD</url>
<lat>38.3933</lat>
<lon>-75.411</lon>
<active>1</active>
</city>
<city>
<id>410563</id>
<name>Pocomoke City</name>
<state>MD</state>
<rating>8</rating>
<url>http://www.greatschools.org/city/Pocomoke_City/MD</url>
<lat>38.0698</lat>
<lon>-75.5621</lon>
<active>1</active>
</city>
<city>
<id>410620</id>
<name>Pomfret</name>
<state>MD</state>
<rating>7</rating>
<url>http://www.greatschools.org/city/Pomfret/MD</url>
<lat>38.5835</lat>
<lon>-77.014</lon>
<active>1</active>
</city>
<city>
<id>410590</id>
<name>Poolesville</name>
<state>MD</state>
<rating>9</rating>
<url>http://www.greatschools.org/city/Poolesville/MD</url>
<lat>39.1401</lat>
<lon>-77.4077</lon>
<active>1</active>
</city>
<city>
<id>410499</id>
<name>Port Deposit</name>
<state>MD</state>
<rating>4</rating>
<url>http://www.greatschools.org/city/Port_Deposit/MD</url>
<lat>39.6098</lat>
<lon>-76.1184</lon>
<active>1</active>
</city>
<city>
<id>410636</id>
<name>Port Republic</name>
<state>MD</state>
<rating>9</rating>
<url>http://www.greatschools.org/city/Port_Republic/MD</url>
<lat>38.4883</lat>
<lon>-76.5364</lon>
<active>1</active>
</city>
<city>
<id>442452</id>
<name>Port Tobacco</name>
<state>MD</state>
<rating/>
<url>http://www.greatschools.org/city/Port_Tobacco/MD</url>
<lat>38.5045</lat>
<lon>-77.0371</lon>
<active>1</active>
</city>
<city>
<id>410376</id>
<name>Potomac</name>
<state>MD</state>
<rating>9</rating>
<url>http://www.greatschools.org/city/Potomac/MD</url>
<lat>39.0272</lat>
<lon>-77.1832</lon>
<active>1</active>
</city>
<city>
<id>445103</id>
<name>Pr Frederick</name>
<state>MD</state>
<rating/>
<url>http://www.greatschools.org/city/Pr_Frederick/MD</url>
<lat>38.5291</lat>
<lon>-76.6182</lon>
<active>1</active>
</city>
<city>
<id>410631</id>
<name>Preston</name>
<state>MD</state>
<rating>5</rating>
<url>http://www.greatschools.org/city/Preston/MD</url>
<lat>38.7114</lat>
<lon>-75.9093</lon>
<active>1</active>
</city>
<city>
<id>410366</id>
<name>Prince Frederick</name>
<state>MD</state>
<rating>7</rating>
<url>http://www.greatschools.org/city/Prince_Frederick/MD</url>
<lat>38.5467</lat>
<lon>-76.5878</lon>
<active>1</active>
</city>
<city>
<id>410362</id>
<name>Princess Anne</name>
<state>MD</state>
<rating>5</rating>
<url>http://www.greatschools.org/city/Princess_Anne/MD</url>
<lat>38.2039</lat>
<lon>-75.6944</lon>
<active>1</active>
</city>
<city>
<id>445104</id>
<name>Prnc Frederck</name>
<state>MD</state>
<rating/>
<url>http://www.greatschools.org/city/Prnc_Frederck/MD</url>
<lat>38.5291</lat>
<lon>-76.6182</lon>
<active>1</active>
</city>
<city>
<id>445105</id>
<name>Pumphrey</name>
<state>MD</state>
<rating/>
<url>http://www.greatschools.org/city/Pumphrey/MD</url>
<lat>39.2117</lat>
<lon>-76.6294</lon>
<active>1</active>
</city>
<city>
<id>410600</id>
<name>Pylesville</name>
<state>MD</state>
<rating>9</rating>
<url>http://www.greatschools.org/city/Pylesville/MD</url>
<lat>39.695</lat>
<lon>-76.4186</lon>
<active>1</active>
</city>
<city>
<id>410566</id>
<name>Quantico</name>
<state>MD</state>
<rating/>
<url>http://www.greatschools.org/city/Quantico/MD</url>
<lat>38.3335</lat>
<lon>-75.7888</lon>
<active>1</active>
</city>
<city>
<id>410413</id>
<name>Randallstown</name>
<state>MD</state>
<rating>5</rating>
<url>http://www.greatschools.org/city/Randallstown/MD</url>
<lat>39.3749</lat>
<lon>-76.795</lon>
<active>1</active>
</city>
<city>
<id>442450</id>
<name>Rawlings</name>
<state>MD</state>
<rating/>
<url>http://www.greatschools.org/city/Rawlings/MD</url>
<lat>39.5133</lat>
<lon>-78.917</lon>
<active>1</active>
</city>
<city>
<id>410372</id>
<name>Reisterstown</name>
<state>MD</state>
<rating>6</rating>
<url>http://www.greatschools.org/city/Reisterstown/MD</url>
<lat>39.4521</lat>
<lon>-76.8096</lon>
<active>1</active>
</city>
<city>
<id>410534</id>
<name>Ridge</name>
<state>MD</state>
<rating>5</rating>
<url>http://www.greatschools.org/city/Ridge/MD</url>
<lat>38.1179</lat>
<lon>-76.3705</lon>
<active>1</active>
</city>
<city>
<id>410460</id>
<name>Ridgely</name>
<state>MD</state>
<rating>6</rating>
<url>http://www.greatschools.org/city/Ridgely/MD</url>
<lat>38.9444</lat>
<lon>-75.883</lon>
<active>1</active>
</city>
<city>
<id>410623</id>
<name>Rising Sun</name>
<state>MD</state>
<rating>6</rating>
<url>http://www.greatschools.org/city/Rising_Sun/MD</url>
<lat>39.699</lat>
<lon>-76.0618</lon>
<active>1</active>
</city>
<city>
<id>410377</id>
<name>Riverdale</name>
<state>MD</state>
<rating>3</rating>
<url>http://www.greatschools.org/city/Riverdale/MD</url>
<lat>38.96</lat>
<lon>-76.9138</lon>
<active>1</active>
</city>
<city>
<id>445106</id>
<name>Riverdale Park</name>
<state>MD</state>
<rating/>
<url>http://www.greatschools.org/city/Riverdale_Park/MD</url>
<lat>38.9658</lat>
<lon>-76.9384</lon>
<active>1</active>
</city>
<city>
<id>410593</id>
<name>Rock Hall</name>
<state>MD</state>
<rating>5</rating>
<url>http://www.greatschools.org/city/Rock_Hall/MD</url>
<lat>39.1381</lat>
<lon>-76.2403</lon>
<active>1</active>
</city>
<city>
<id>410364</id>
<name>Rockville</name>
<state>MD</state>
<rating>8</rating>
<url>http://www.greatschools.org/city/Rockville/MD</url>
<lat>39.0793</lat>
<lon>-77.1492</lon>
<active>1</active>
</city>
<city>
<id>442449</id>
<name>Rohrersville</name>
<state>MD</state>
<rating/>
<url>http://www.greatschools.org/city/Rohrersville/MD</url>
<lat>39.4325</lat>
<lon>-77.6666</lon>
<active>1</active>
</city>
<city>
<id>442448</id>
<name>Rosedale</name>
<state>MD</state>
<rating/>
<url>http://www.greatschools.org/city/Rosedale/MD</url>
<lat>39.3307</lat>
<lon>-76.5135</lon>
<active>1</active>
</city>
<city>
<id>410510</id>
<name>Sabillasville</name>
<state>MD</state>
<rating>6</rating>
<url>http://www.greatschools.org/city/Sabillasville/MD</url>
<lat>39.6849</lat>
<lon>-77.4678</lon>
<active>1</active>
</city>
<city>
<id>410387</id>
<name>Salisbury</name>
<state>MD</state>
<rating>5</rating>
<url>http://www.greatschools.org/city/Salisbury/MD</url>
<lat>38.3629</lat>
<lon>-75.5929</lon>
<active>1</active>
</city>
<city>
<id>410589</id>
<name>Sandy Spring</name>
<state>MD</state>
<rating>8</rating>
<url>http://www.greatschools.org/city/Sandy_Spring/MD</url>
<lat>39.1475</lat>
<lon>-77.0259</lon>
<active>1</active>
</city>
<city>
<id>410528</id>
<name>Savage</name>
<state>MD</state>
<rating/>
<url>http://www.greatschools.org/city/Savage/MD</url>
<lat>39.1388</lat>
<lon>-76.8211</lon>
<active>1</active>
</city>
<city>
<id>410484</id>
<name>Seabrook</name>
<state>MD</state>
<rating>6</rating>
<url>http://www.greatschools.org/city/Seabrook/MD</url>
<lat>38.9857</lat>
<lon>-76.8391</lon>
<active>1</active>
</city>
<city>
<id>410536</id>
<name>Seat Pleasant</name>
<state>MD</state>
<rating>4</rating>
<url>http://www.greatschools.org/city/Seat_Pleasant/MD</url>
<lat>38.8966</lat>
<lon>-76.9014</lon>
<active>1</active>
</city>
<city>
<id>410615</id>
<name>Secretary</name>
<state>MD</state>
<rating>6</rating>
<url>http://www.greatschools.org/city/Secretary/MD</url>
<lat>38.6074</lat>
<lon>-75.9479</lon>
<active>1</active>
</city>
<city>
<id>410532</id>
<name>Severn</name>
<state>MD</state>
<rating>6</rating>
<url>http://www.greatschools.org/city/Severn/MD</url>
<lat>39.1282</lat>
<lon>-76.7031</lon>
<active>1</active>
</city>
<city>
<id>410442</id>
<name>Severna Park</name>
<state>MD</state>
<rating>10</rating>
<url>http://www.greatschools.org/city/Severna_Park/MD</url>
<lat>39.085</lat>
<lon>-76.5724</lon>
<active>1</active>
</city>
<city>
<id>410645</id>
<name>Shady Side</name>
<state>MD</state>
<rating>8</rating>
<url>http://www.greatschools.org/city/Shady_Side/MD</url>
<lat>38.8276</lat>
<lon>-76.5223</lon>
<active>1</active>
</city>
<city>
<id>410570</id>
<name>Sharpsburg</name>
<state>MD</state>
<rating>7</rating>
<url>http://www.greatschools.org/city/Sharpsburg/MD</url>
<lat>39.4578</lat>
<lon>-77.7499</lon>
<active>1</active>
</city>
<city>
<id>410351</id>
<name>Silver Spring</name>
<state>MD</state>
<rating>5</rating>
<url>http://www.greatschools.org/city/Silver_Spring/MD</url>
<lat>39.0033</lat>
<lon>-77.0149</lon>
<active>1</active>
</city>
<city>
<id>445107</id>
<name>Simpsonville</name>
<state>MD</state>
<rating/>
<url>http://www.greatschools.org/city/Simpsonville/MD</url>
<lat>39.1842</lat>
<lon>-76.8711</lon>
<active>1</active>
</city>
<city>
<id>410569</id>
<name>Smithsburg</name>
<state>MD</state>
<rating>9</rating>
<url>http://www.greatschools.org/city/Smithsburg/MD</url>
<lat>39.6553</lat>
<lon>-77.5774</lon>
<active>1</active>
</city>
<city>
<id>410519</id>
<name>Snow Hill</name>
<state>MD</state>
<rating>9</rating>
<url>http://www.greatschools.org/city/Snow_Hill/MD</url>
<lat>38.1725</lat>
<lon>-75.3926</lon>
<active>1</active>
</city>
<city>
<id>410538</id>
<name>Solomons</name>
<state>MD</state>
<rating/>
<url>http://www.greatschools.org/city/Solomons/MD</url>
<lat>38.3402</lat>
<lon>-76.4619</lon>
<active>1</active>
</city>
<city>
<id>410369</id>
<name>Sparks</name>
<state>MD</state>
<rating>10</rating>
<url>http://www.greatschools.org/city/Sparks/MD</url>
<lat>39.5483</lat>
<lon>-76.6708</lon>
<active>1</active>
</city>
<city>
<id>442446</id>
<name>Sparks Glencoe</name>
<state>MD</state>
<rating/>
<url>http://www.greatschools.org/city/Sparks_Glencoe/MD</url>
<lat>39.5367</lat>
<lon>-76.6591</lon>
<active>1</active>
</city>
<city>
<id>410639</id>
<name>Sparrows Point</name>
<state>MD</state>
<rating>7</rating>
<url>http://www.greatschools.org/city/Sparrows_Point/MD</url>
<lat>39.2308</lat>
<lon>-76.4443</lon>
<active>1</active>
</city>
<city>
<id>410489</id>
<name>Springdale</name>
<state>MD</state>
<rating>5</rating>
<url>http://www.greatschools.org/city/Springdale/MD</url>
<lat>38.9401</lat>
<lon>-76.8431</lon>
<active>1</active>
</city>
<city>
<id>446089</id>
<name>St Leonard</name>
<state>MD</state>
<rating/>
<url>http://www.greatschools.org/city/St_Leonard/MD</url>
<lat>38.4639</lat>
<lon>-76.4992</lon>
<active>1</active>
</city>
<city>
<id>446090</id>
<name>St Michaels</name>
<state>MD</state>
<rating/>
<url>http://www.greatschools.org/city/St_Michaels/MD</url>
<lat>38.7798</lat>
<lon>-76.2183</lon>
<active>1</active>
</city>
<city>
<id>410553</id>
<name>St. James</name>
<state>MD</state>
<rating/>
<url>http://www.greatschools.org/city/St._James/MD</url>
<lat>39.5789</lat>
<lon>-77.7401</lon>
<active>1</active>
</city>
<city>
<id>410635</id>
<name>St. Leonard</name>
<state>MD</state>
<rating>7</rating>
<url>http://www.greatschools.org/city/St._Leonard/MD</url>
<lat>38.4759</lat>
<lon>-76.5083</lon>
<active>1</active>
</city>
<city>
<id>410433</id>
<name>St. Michaels</name>
<state>MD</state>
<rating>6</rating>
<url>http://www.greatschools.org/city/St._Michaels/MD</url>
<lat>38.7854</lat>
<lon>-76.2238</lon>
<active>1</active>
</city>
<city>
<id>410498</id>
<name>Stevenson</name>
<state>MD</state>
<rating/>
<url>http://www.greatschools.org/city/Stevenson/MD</url>
<lat>39.3756</lat>
<lon>-76.7311</lon>
<active>1</active>
</city>
<city>
<id>410407</id>
<name>Stevensville</name>
<state>MD</state>
<rating>8</rating>
<url>http://www.greatschools.org/city/Stevensville/MD</url>
<lat>38.9751</lat>
<lon>-76.317</lon>
<active>1</active>
</city>
<city>
<id>442445</id>
<name>Stockton</name>
<state>MD</state>
<rating/>
<url>http://www.greatschools.org/city/Stockton/MD</url>
<lat>38.0633</lat>
<lon>-75.4116</lon>
<active>1</active>
</city>
<city>
<id>410466</id>
<name>Street</name>
<state>MD</state>
<rating>6</rating>
<url>http://www.greatschools.org/city/Street/MD</url>
<lat>39.6516</lat>
<lon>-76.3379</lon>
<active>1</active>
</city>
<city>
<id>410545</id>
<name>Sudlersville</name>
<state>MD</state>
<rating>6</rating>
<url>http://www.greatschools.org/city/Sudlersville/MD</url>
<lat>39.1852</lat>
<lon>-75.8577</lon>
<active>1</active>
</city>
<city>
<id>410349</id>
<name>Suitland</name>
<state>MD</state>
<rating>2</rating>
<url>http://www.greatschools.org/city/Suitland/MD</url>
<lat>38.8416</lat>
<lon>-76.9227</lon>
<active>1</active>
</city>
<city>
<id>446091</id>
<name>Suitland-Silver Hill</name>
<state>MD</state>
<rating/>
<url>http://www.greatschools.org/city/Suitland-Silver_Hill/MD</url>
<lat>38.8499</lat>
<lon>-76.9268</lon>
<active>1</active>
</city>
<city>
<id>410634</id>
<name>Sunderland</name>
<state>MD</state>
<rating>10</rating>
<url>http://www.greatschools.org/city/Sunderland/MD</url>
<lat>38.6666</lat>
<lon>-76.5869</lon>
<active>1</active>
</city>
<city>
<id>410517</id>
<name>Swanton</name>
<state>MD</state>
<rating/>
<url>http://www.greatschools.org/city/Swanton/MD</url>
<lat>39.483</lat>
<lon>-79.2266</lon>
<active>1</active>
</city>
<city>
<id>410400</id>
<name>Sykesville</name>
<state>MD</state>
<rating>9</rating>
<url>http://www.greatschools.org/city/Sykesville/MD</url>
<lat>39.3713</lat>
<lon>-76.9745</lon>
<active>1</active>
</city>
<city>
<id>410515</id>
<name>Takoma Park</name>
<state>MD</state>
<rating>4</rating>
<url>http://www.greatschools.org/city/Takoma_Park/MD</url>
<lat>38.9823</lat>
<lon>-77.0028</lon>
<active>1</active>
</city>
<city>
<id>410578</id>
<name>Tall Timbers</name>
<state>MD</state>
<rating>6</rating>
<url>http://www.greatschools.org/city/Tall_Timbers/MD</url>
<lat>38.1598</lat>
<lon>-76.5328</lon>
<active>1</active>
</city>
<city>
<id>410627</id>
<name>Taneytown</name>
<state>MD</state>
<rating>5</rating>
<url>http://www.greatschools.org/city/Taneytown/MD</url>
<lat>39.6562</lat>
<lon>-77.1667</lon>
<active>1</active>
</city>
<city>
<id>410385</id>
<name>Temple Hills</name>
<state>MD</state>
<rating>3</rating>
<url>http://www.greatschools.org/city/Temple_Hills/MD</url>
<lat>38.8086</lat>
<lon>-76.9523</lon>
<active>1</active>
</city>
<city>
<id>410486</id>
<name>Thurmont</name>
<state>MD</state>
<rating>7</rating>
<url>http://www.greatschools.org/city/Thurmont/MD</url>
<lat>39.6224</lat>
<lon>-77.4064</lon>
<active>1</active>
</city>
<city>
<id>410576</id>
<name>Tilghman</name>
<state>MD</state>
<rating>5</rating>
<url>http://www.greatschools.org/city/Tilghman/MD</url>
<lat>38.7096</lat>
<lon>-76.3362</lon>
<active>1</active>
</city>
<city>
<id>410373</id>
<name>Timonium</name>
<state>MD</state>
<rating>9</rating>
<url>http://www.greatschools.org/city/Timonium/MD</url>
<lat>39.4508</lat>
<lon>-76.6071</lon>
<active>1</active>
</city>
<city>
<id>445109</id>
<name>Town Point</name>
<state>MD</state>
<rating/>
<url>http://www.greatschools.org/city/Town_Point/MD</url>
<lat>39.5103</lat>
<lon>-75.8418</lon>
<active>1</active>
</city>
<city>
<id>410465</id>
<name>Towson</name>
<state>MD</state>
<rating>9</rating>
<url>http://www.greatschools.org/city/Towson/MD</url>
<lat>39.3937</lat>
<lon>-76.6074</lon>
<active>1</active>
</city>
<city>
<id>446092</id>
<name>Traceys Landing</name>
<state>MD</state>
<rating/>
<url>http://www.greatschools.org/city/Traceys_Landing/MD</url>
<lat>38.7796</lat>
<lon>-76.5938</lon>
<active>1</active>
</city>
<city>
<id>410575</id>
<name>Trappe</name>
<state>MD</state>
<rating>7</rating>
<url>http://www.greatschools.org/city/Trappe/MD</url>
<lat>38.6586</lat>
<lon>-76.0592</lon>
<active>1</active>
</city>
<city>
<id>410630</id>
<name>Union Bridge</name>
<state>MD</state>
<rating>7</rating>
<url>http://www.greatschools.org/city/Union_Bridge/MD</url>
<lat>39.5687</lat>
<lon>-77.1761</lon>
<active>1</active>
</city>
<city>
<id>442444</id>
<name>Upper Falls</name>
<state>MD</state>
<rating/>
<url>http://www.greatschools.org/city/Upper_Falls/MD</url>
<lat>39.437</lat>
<lon>-76.3897</lon>
<active>1</active>
</city>
<city>
<id>410414</id>
<name>Upper Marlboro</name>
<state>MD</state>
<rating>4</rating>
<url>http://www.greatschools.org/city/Upper_Marlboro/MD</url>
<lat>38.8176</lat>
<lon>-76.7569</lon>
<active>1</active>
</city>
<city>
<id>410642</id>
<name>Upperco</name>
<state>MD</state>
<rating>10</rating>
<url>http://www.greatschools.org/city/Upperco/MD</url>
<lat>39.5661</lat>
<lon>-76.8106</lon>
<active>1</active>
</city>
<city>
<id>410453</id>
<name>Vienna</name>
<state>MD</state>
<rating>5</rating>
<url>http://www.greatschools.org/city/Vienna/MD</url>
<lat>38.4844</lat>
<lon>-75.8263</lon>
<active>1</active>
</city>
<city>
<id>410354</id>
<name>Waldorf</name>
<state>MD</state>
<rating>6</rating>
<url>http://www.greatschools.org/city/Waldorf/MD</url>
<lat>38.6447</lat>
<lon>-76.9036</lon>
<active>1</active>
</city>
<city>
<id>410440</id>
<name>Walkersville</name>
<state>MD</state>
<rating>7</rating>
<url>http://www.greatschools.org/city/Walkersville/MD</url>
<lat>39.486</lat>
<lon>-77.3439</lon>
<active>1</active>
</city>
<city>
<id>410597</id>
<name>West Friendship</name>
<state>MD</state>
<rating>9</rating>
<url>http://www.greatschools.org/city/West_Friendship/MD</url>
<lat>39.295</lat>
<lon>-76.969</lon>
<active>1</active>
</city>
<city>
<id>445110</id>
<name>West River</name>
<state>MD</state>
<rating/>
<url>http://www.greatschools.org/city/West_River/MD</url>
<lat>38.816</lat>
<lon>-76.5391</lon>
<active>1</active>
</city>
<city>
<id>410561</id>
<name>Westernport</name>
<state>MD</state>
<rating>4</rating>
<url>http://www.greatschools.org/city/Westernport/MD</url>
<lat>39.4874</lat>
<lon>-79.0435</lon>
<active>1</active>
</city>
<city>
<id>410365</id>
<name>Westminster</name>
<state>MD</state>
<rating>7</rating>
<url>http://www.greatschools.org/city/Westminster/MD</url>
<lat>39.5792</lat>
<lon>-77.0073</lon>
<active>1</active>
</city>
<city>
<id>410361</id>
<name>Westover</name>
<state>MD</state>
<rating>7</rating>
<url>http://www.greatschools.org/city/Westover/MD</url>
<lat>38.1936</lat>
<lon>-75.7075</lon>
<active>1</active>
</city>
<city>
<id>410525</id>
<name>Wheaton</name>
<state>MD</state>
<rating/>
<url>http://www.greatschools.org/city/Wheaton/MD</url>
<lat>39.046</lat>
<lon>-77.0383</lon>
<active>1</active>
</city>
<city>
<id>446093</id>
<name>Wheaton-Glenmont</name>
<state>MD</state>
<rating/>
<url>http://www.greatschools.org/city/Wheaton-Glenmont/MD</url>
<lat>39.0304</lat>
<lon>-77.0482</lon>
<active>1</active>
</city>
<city>
<id>410601</id>
<name>White Hall</name>
<state>MD</state>
<rating>9</rating>
<url>http://www.greatschools.org/city/White_Hall/MD</url>
<lat>39.6631</lat>
<lon>-76.5663</lon>
<active>1</active>
</city>
<city>
<id>442443</id>
<name>White Marsh</name>
<state>MD</state>
<rating>9</rating>
<url>http://www.greatschools.org/city/White_Marsh/MD</url>
<lat>39.3868</lat>
<lon>-76.4611</lon>
<active>1</active>
</city>
<city>
<id>410511</id>
<name>White Plains</name>
<state>MD</state>
<rating/>
<url>http://www.greatschools.org/city/White_Plains/MD</url>
<lat>38.5989</lat>
<lon>-76.9873</lon>
<active>1</active>
</city>
<city>
<id>442442</id>
<name>Whiteford</name>
<state>MD</state>
<rating/>
<url>http://www.greatschools.org/city/Whiteford/MD</url>
<lat>39.7079</lat>
<lon>-76.3232</lon>
<active>1</active>
</city>
<city>
<id>410565</id>
<name>Willards</name>
<state>MD</state>
<rating/>
<url>http://www.greatschools.org/city/Willards/MD</url>
<lat>38.393</lat>
<lon>-75.3502</lon>
<active>1</active>
</city>
<city>
<id>410417</id>
<name>Williamsport</name>
<state>MD</state>
<rating>6</rating>
<url>http://www.greatschools.org/city/Williamsport/MD</url>
<lat>39.5988</lat>
<lon>-77.8196</lon>
<active>1</active>
</city>
<city>
<id>442441</id>
<name>Windsor Mill</name>
<state>MD</state>
<rating/>
<url>http://www.greatschools.org/city/Windsor_Mill/MD</url>
<lat>39.3349</lat>
<lon>-76.7654</lon>
<active>1</active>
</city>
<city>
<id>410598</id>
<name>Woodbine</name>
<state>MD</state>
<rating>8</rating>
<url>http://www.greatschools.org/city/Woodbine/MD</url>
<lat>39.3431</lat>
<lon>-77.0645</lon>
<active>1</active>
</city>
<city>
<id>442440</id>
<name>Woodsboro</name>
<state>MD</state>
<rating/>
<url>http://www.greatschools.org/city/Woodsboro/MD</url>
<lat>39.5337</lat>
<lon>-77.3108</lon>
<active>1</active>
</city>
<city>
<id>442439</id>
<name>Woodstock</name>
<state>MD</state>
<rating/>
<url>http://www.greatschools.org/city/Woodstock/MD</url>
<lat>39.3427</lat>
<lon>-76.8503</lon>
<active>1</active>
</city>
<city>
<id>410432</id>
<name>Worton</name>
<state>MD</state>
<rating>3</rating>
<url>http://www.greatschools.org/city/Worton/MD</url>
<lat>39.2984</lat>
<lon>-76.0949</lon>
<active>1</active>
</city>
<city>
<id>441844</id>
<name>Wye Mills</name>
<state>MD</state>
<rating/>
<url>http://www.greatschools.org/city/Wye_Mills/MD</url>
<lat>38.9165</lat>
<lon>-76.09</lon>
<active>1</active>
</city>
</greatschools-city-feed>
