<?xml version="1.0" encoding="utf-8"?><greatschools-city-feed xmlns:xsi="http://www.w3.org/2001/XMLSchema-instance" xsi:noNamespaceSchemaLocation="http://www.greatschools.org/feeds/greatschools-city2.xsd">
<city>
<id>410997</id>
<name>Acton</name>
<state>ME</state>
<rating>7</rating>
<url>http://www.greatschools.org/city/Acton/ME</url>
<lat>43.5217</lat>
<lon>-70.9183</lon>
<active>1</active>
</city>
<city>
<id>410882</id>
<name>Addison</name>
<state>ME</state>
<rating>9</rating>
<url>http://www.greatschools.org/city/Addison/ME</url>
<lat>44.5823</lat>
<lon>-67.7143</lon>
<active>1</active>
</city>
<city>
<id>410812</id>
<name>Albion</name>
<state>ME</state>
<rating>4</rating>
<url>http://www.greatschools.org/city/Albion/ME</url>
<lat>44.5204</lat>
<lon>-69.4489</lon>
<active>1</active>
</city>
<city>
<id>410750</id>
<name>Alexander</name>
<state>ME</state>
<rating/>
<url>http://www.greatschools.org/city/Alexander/ME</url>
<lat>45.0921</lat>
<lon>-67.4781</lon>
<active>1</active>
</city>
<city>
<id>410779</id>
<name>Alfred</name>
<state>ME</state>
<rating>9</rating>
<url>http://www.greatschools.org/city/Alfred/ME</url>
<lat>43.4901</lat>
<lon>-70.667</lon>
<active>1</active>
</city>
<city>
<id>445112</id>
<name>Alna</name>
<state>ME</state>
<rating/>
<url>http://www.greatschools.org/city/Alna/ME</url>
<lat>44.0703</lat>
<lon>-69.6119</lon>
<active>1</active>
</city>
<city>
<id>410996</id>
<name>Alton</name>
<state>ME</state>
<rating/>
<url>http://www.greatschools.org/city/Alton/ME</url>
<lat>45.0465</lat>
<lon>-68.7237</lon>
<active>1</active>
</city>
<city>
<id>410864</id>
<name>Andover</name>
<state>ME</state>
<rating/>
<url>http://www.greatschools.org/city/Andover/ME</url>
<lat>44.6709</lat>
<lon>-70.8067</lon>
<active>1</active>
</city>
<city>
<id>410656</id>
<name>Anson</name>
<state>ME</state>
<rating>5</rating>
<url>http://www.greatschools.org/city/Anson/ME</url>
<lat>44.7994</lat>
<lon>-69.8942</lon>
<active>1</active>
</city>
<city>
<id>410725</id>
<name>Arundel</name>
<state>ME</state>
<rating>9</rating>
<url>http://www.greatschools.org/city/Arundel/ME</url>
<lat>43.416</lat>
<lon>-70.501</lon>
<active>1</active>
</city>
<city>
<id>410891</id>
<name>Ashland</name>
<state>ME</state>
<rating>4</rating>
<url>http://www.greatschools.org/city/Ashland/ME</url>
<lat>46.6218</lat>
<lon>-68.3908</lon>
<active>1</active>
</city>
<city>
<id>410792</id>
<name>Athens</name>
<state>ME</state>
<rating>5</rating>
<url>http://www.greatschools.org/city/Athens/ME</url>
<lat>44.9423</lat>
<lon>-69.6678</lon>
<active>1</active>
</city>
<city>
<id>410697</id>
<name>Auburn</name>
<state>ME</state>
<rating>5</rating>
<url>http://www.greatschools.org/city/Auburn/ME</url>
<lat>44.0932</lat>
<lon>-70.2406</lon>
<active>1</active>
</city>
<city>
<id>410681</id>
<name>Augusta</name>
<state>ME</state>
<rating>6</rating>
<url>http://www.greatschools.org/city/Augusta/ME</url>
<lat>44.3238</lat>
<lon>-69.764</lon>
<active>1</active>
</city>
<city>
<id>410995</id>
<name>Aurora</name>
<state>ME</state>
<rating/>
<url>http://www.greatschools.org/city/Aurora/ME</url>
<lat>44.8797</lat>
<lon>-68.3014</lon>
<active>1</active>
</city>
<city>
<id>444237</id>
<name>Aylett</name>
<state>ME</state>
<rating/>
<url>http://www.greatschools.org/city/Aylett/ME</url>
<lat>44.6519</lat>
<lon>-68.4415</lon>
<active>1</active>
</city>
<city>
<id>410993</id>
<name>Baileyville</name>
<state>ME</state>
<rating>8</rating>
<url>http://www.greatschools.org/city/Baileyville/ME</url>
<lat>45.1295</lat>
<lon>-67.4226</lon>
<active>1</active>
</city>
<city>
<id>410684</id>
<name>Bangor</name>
<state>ME</state>
<rating>8</rating>
<url>http://www.greatschools.org/city/Bangor/ME</url>
<lat>44.8162</lat>
<lon>-68.7839</lon>
<active>1</active>
</city>
<city>
<id>410685</id>
<name>Bar Harbor</name>
<state>ME</state>
<rating>9</rating>
<url>http://www.greatschools.org/city/Bar_Harbor/ME</url>
<lat>44.3862</lat>
<lon>-68.211</lon>
<active>1</active>
</city>
<city>
<id>423359</id>
<name>Bar Mills</name>
<state>ME</state>
<rating/>
<url>http://www.greatschools.org/city/Bar_Mills/ME</url>
<lat>43.6556</lat>
<lon>-70.5438</lon>
<active>1</active>
</city>
<city>
<id>443583</id>
<name>Bass Harbor</name>
<state>ME</state>
<rating>7</rating>
<url>http://www.greatschools.org/city/Bass_Harbor/ME</url>
<lat>44.2383</lat>
<lon>-68.341</lon>
<active>1</active>
</city>
<city>
<id>410695</id>
<name>Bath</name>
<state>ME</state>
<rating>6</rating>
<url>http://www.greatschools.org/city/Bath/ME</url>
<lat>43.9162</lat>
<lon>-69.8225</lon>
<active>1</active>
</city>
<city>
<id>410992</id>
<name>Beals</name>
<state>ME</state>
<rating/>
<url>http://www.greatschools.org/city/Beals/ME</url>
<lat>44.4898</lat>
<lon>-67.5917</lon>
<active>1</active>
</city>
<city>
<id>410655</id>
<name>Belfast</name>
<state>ME</state>
<rating>5</rating>
<url>http://www.greatschools.org/city/Belfast/ME</url>
<lat>44.427</lat>
<lon>-69.0182</lon>
<active>1</active>
</city>
<city>
<id>410809</id>
<name>Belgrade</name>
<state>ME</state>
<rating>5</rating>
<url>http://www.greatschools.org/city/Belgrade/ME</url>
<lat>44.4751</lat>
<lon>-69.845</lon>
<active>1</active>
</city>
<city>
<id>442520</id>
<name>Belgrade Lakes</name>
<state>ME</state>
<rating/>
<url>http://www.greatschools.org/city/Belgrade_Lakes/ME</url>
<lat>44.5019</lat>
<lon>-69.8539</lon>
<active>1</active>
</city>
<city>
<id>445113</id>
<name>Belmont</name>
<state>ME</state>
<rating/>
<url>http://www.greatschools.org/city/Belmont/ME</url>
<lat>44.4044</lat>
<lon>-69.1377</lon>
<active>1</active>
</city>
<city>
<id>410810</id>
<name>Benton</name>
<state>ME</state>
<rating>5</rating>
<url>http://www.greatschools.org/city/Benton/ME</url>
<lat>44.5877</lat>
<lon>-69.5764</lon>
<active>1</active>
</city>
<city>
<id>445114</id>
<name>Bernard</name>
<state>ME</state>
<rating/>
<url>http://www.greatschools.org/city/Bernard/ME</url>
<lat>44.2509</lat>
<lon>-68.3658</lon>
<active>1</active>
</city>
<city>
<id>410776</id>
<name>Berwick</name>
<state>ME</state>
<rating>7</rating>
<url>http://www.greatschools.org/city/Berwick/ME</url>
<lat>43.2687</lat>
<lon>-70.8631</lon>
<active>1</active>
</city>
<city>
<id>410756</id>
<name>Bethel</name>
<state>ME</state>
<rating>5</rating>
<url>http://www.greatschools.org/city/Bethel/ME</url>
<lat>44.4121</lat>
<lon>-70.8012</lon>
<active>1</active>
</city>
<city>
<id>410665</id>
<name>Biddeford</name>
<state>ME</state>
<rating>4</rating>
<url>http://www.greatschools.org/city/Biddeford/ME</url>
<lat>43.4809</lat>
<lon>-70.4531</lon>
<active>1</active>
</city>
<city>
<id>410920</id>
<name>Bingham</name>
<state>ME</state>
<rating>4</rating>
<url>http://www.greatschools.org/city/Bingham/ME</url>
<lat>45.0564</lat>
<lon>-69.8785</lon>
<active>1</active>
</city>
<city>
<id>442519</id>
<name>Blaine</name>
<state>ME</state>
<rating/>
<url>http://www.greatschools.org/city/Blaine/ME</url>
<lat>46.4867</lat>
<lon>-67.8407</lon>
<active>1</active>
</city>
<city>
<id>410720</id>
<name>Blue Hill</name>
<state>ME</state>
<rating>8</rating>
<url>http://www.greatschools.org/city/Blue_Hill/ME</url>
<lat>44.4334</lat>
<lon>-68.5866</lon>
<active>1</active>
</city>
<city>
<id>442518</id>
<name>Boothbay</name>
<state>ME</state>
<rating/>
<url>http://www.greatschools.org/city/Boothbay/ME</url>
<lat>43.8979</lat>
<lon>-69.6242</lon>
<active>1</active>
</city>
<city>
<id>410991</id>
<name>Boothbay Harbor</name>
<state>ME</state>
<rating>7</rating>
<url>http://www.greatschools.org/city/Boothbay_Harbor/ME</url>
<lat>43.8543</lat>
<lon>-69.6246</lon>
<active>1</active>
</city>
<city>
<id>410765</id>
<name>Bowdoin</name>
<state>ME</state>
<rating>6</rating>
<url>http://www.greatschools.org/city/Bowdoin/ME</url>
<lat>44.0526</lat>
<lon>-69.9666</lon>
<active>1</active>
</city>
<city>
<id>410764</id>
<name>Bowdoinham</name>
<state>ME</state>
<rating>7</rating>
<url>http://www.greatschools.org/city/Bowdoinham/ME</url>
<lat>44.0437</lat>
<lon>-69.8751</lon>
<active>1</active>
</city>
<city>
<id>410803</id>
<name>Bradford</name>
<state>ME</state>
<rating/>
<url>http://www.greatschools.org/city/Bradford/ME</url>
<lat>45.0836</lat>
<lon>-68.9194</lon>
<active>1</active>
</city>
<city>
<id>410990</id>
<name>Bradley</name>
<state>ME</state>
<rating>6</rating>
<url>http://www.greatschools.org/city/Bradley/ME</url>
<lat>44.8964</lat>
<lon>-68.6119</lon>
<active>1</active>
</city>
<city>
<id>410743</id>
<name>Brewer</name>
<state>ME</state>
<rating>8</rating>
<url>http://www.greatschools.org/city/Brewer/ME</url>
<lat>44.7874</lat>
<lon>-68.7527</lon>
<active>1</active>
</city>
<city>
<id>411000</id>
<name>Bridgewater</name>
<state>ME</state>
<rating/>
<url>http://www.greatschools.org/city/Bridgewater/ME</url>
<lat>46.4245</lat>
<lon>-67.845</lon>
<active>1</active>
</city>
<city>
<id>410721</id>
<name>Bridgton</name>
<state>ME</state>
<rating>7</rating>
<url>http://www.greatschools.org/city/Bridgton/ME</url>
<lat>44.0647</lat>
<lon>-70.7071</lon>
<active>1</active>
</city>
<city>
<id>410989</id>
<name>Bristol</name>
<state>ME</state>
<rating/>
<url>http://www.greatschools.org/city/Bristol/ME</url>
<lat>43.9551</lat>
<lon>-69.5027</lon>
<active>1</active>
</city>
<city>
<id>410988</id>
<name>Brooklin</name>
<state>ME</state>
<rating>2</rating>
<url>http://www.greatschools.org/city/Brooklin/ME</url>
<lat>44.2972</lat>
<lon>-68.5698</lon>
<active>1</active>
</city>
<city>
<id>410875</id>
<name>Brooks</name>
<state>ME</state>
<rating>3</rating>
<url>http://www.greatschools.org/city/Brooks/ME</url>
<lat>44.5693</lat>
<lon>-69.1315</lon>
<active>1</active>
</city>
<city>
<id>410987</id>
<name>Brooksville</name>
<state>ME</state>
<rating/>
<url>http://www.greatschools.org/city/Brooksville/ME</url>
<lat>44.3734</lat>
<lon>-68.7275</lon>
<active>1</active>
</city>
<city>
<id>442517</id>
<name>Brookton</name>
<state>ME</state>
<rating/>
<url>http://www.greatschools.org/city/Brookton/ME</url>
<lat>45.5662</lat>
<lon>-67.7073</lon>
<active>1</active>
</city>
<city>
<id>410771</id>
<name>Brownfield</name>
<state>ME</state>
<rating/>
<url>http://www.greatschools.org/city/Brownfield/ME</url>
<lat>43.9639</lat>
<lon>-70.8992</lon>
<active>1</active>
</city>
<city>
<id>410866</id>
<name>Brownville</name>
<state>ME</state>
<rating>3</rating>
<url>http://www.greatschools.org/city/Brownville/ME</url>
<lat>45.3406</lat>
<lon>-69.0405</lon>
<active>1</active>
</city>
<city>
<id>410735</id>
<name>Brunswick</name>
<state>ME</state>
<rating>9</rating>
<url>http://www.greatschools.org/city/Brunswick/ME</url>
<lat>43.9087</lat>
<lon>-69.9578</lon>
<active>1</active>
</city>
<city>
<id>410760</id>
<name>Bryant Pond</name>
<state>ME</state>
<rating>7</rating>
<url>http://www.greatschools.org/city/Bryant_Pond/ME</url>
<lat>44.3912</lat>
<lon>-70.6349</lon>
<active>1</active>
</city>
<city>
<id>410877</id>
<name>Buckfield</name>
<state>ME</state>
<rating>4</rating>
<url>http://www.greatschools.org/city/Buckfield/ME</url>
<lat>44.2885</lat>
<lon>-70.3663</lon>
<active>1</active>
</city>
<city>
<id>410680</id>
<name>Bucksport</name>
<state>ME</state>
<rating>4</rating>
<url>http://www.greatschools.org/city/Bucksport/ME</url>
<lat>44.586</lat>
<lon>-68.7888</lon>
<active>1</active>
</city>
<city>
<id>410786</id>
<name>Burnham</name>
<state>ME</state>
<rating/>
<url>http://www.greatschools.org/city/Burnham/ME</url>
<lat>44.6829</lat>
<lon>-69.3774</lon>
<active>1</active>
</city>
<city>
<id>410702</id>
<name>Buxton</name>
<state>ME</state>
<rating>4</rating>
<url>http://www.greatschools.org/city/Buxton/ME</url>
<lat>43.6556</lat>
<lon>-70.5438</lon>
<active>1</active>
</city>
<city>
<id>410986</id>
<name>Calais</name>
<state>ME</state>
<rating>2</rating>
<url>http://www.greatschools.org/city/Calais/ME</url>
<lat>45.172</lat>
<lon>-67.2646</lon>
<active>1</active>
</city>
<city>
<id>410704</id>
<name>Camden</name>
<state>ME</state>
<rating>9</rating>
<url>http://www.greatschools.org/city/Camden/ME</url>
<lat>44.2109</lat>
<lon>-69.0713</lon>
<active>1</active>
</city>
<city>
<id>410790</id>
<name>Canaan</name>
<state>ME</state>
<rating>7</rating>
<url>http://www.greatschools.org/city/Canaan/ME</url>
<lat>44.7422</lat>
<lon>-69.5472</lon>
<active>1</active>
</city>
<city>
<id>442516</id>
<name>Canton</name>
<state>ME</state>
<rating/>
<url>http://www.greatschools.org/city/Canton/ME</url>
<lat>44.4171</lat>
<lon>-70.3232</lon>
<active>1</active>
</city>
<city>
<id>410672</id>
<name>Cape Elizabeth</name>
<state>ME</state>
<rating>10</rating>
<url>http://www.greatschools.org/city/Cape_Elizabeth/ME</url>
<lat>43.6016</lat>
<lon>-70.2298</lon>
<active>1</active>
</city>
<city>
<id>442515</id>
<name>Caratunk</name>
<state>ME</state>
<rating/>
<url>http://www.greatschools.org/city/Caratunk/ME</url>
<lat>45.2356</lat>
<lon>-69.9442</lon>
<active>1</active>
</city>
<city>
<id>410716</id>
<name>Caribou</name>
<state>ME</state>
<rating>5</rating>
<url>http://www.greatschools.org/city/Caribou/ME</url>
<lat>46.8649</lat>
<lon>-68.0038</lon>
<active>1</active>
</city>
<city>
<id>410903</id>
<name>Carmel</name>
<state>ME</state>
<rating>6</rating>
<url>http://www.greatschools.org/city/Carmel/ME</url>
<lat>44.8093</lat>
<lon>-68.9914</lon>
<active>1</active>
</city>
<city>
<id>443590</id>
<name>Carrabassett</name>
<state>ME</state>
<rating/>
<url>http://www.greatschools.org/city/Carrabassett/ME</url>
<lat>45.0928</lat>
<lon>-70.2518</lon>
<active>1</active>
</city>
<city>
<id>410818</id>
<name>Casco</name>
<state>ME</state>
<rating/>
<url>http://www.greatschools.org/city/Casco/ME</url>
<lat>43.9641</lat>
<lon>-70.5237</lon>
<active>1</active>
</city>
<city>
<id>410985</id>
<name>Castine</name>
<state>ME</state>
<rating/>
<url>http://www.greatschools.org/city/Castine/ME</url>
<lat>44.397</lat>
<lon>-68.8002</lon>
<active>1</active>
</city>
<city>
<id>445115</id>
<name>Castle Hill</name>
<state>ME</state>
<rating/>
<url>http://www.greatschools.org/city/Castle_Hill/ME</url>
<lat>46.6889</lat>
<lon>-68.1847</lon>
<active>1</active>
</city>
<city>
<id>410984</id>
<name>Caswell</name>
<state>ME</state>
<rating/>
<url>http://www.greatschools.org/city/Caswell/ME</url>
<lat>46.9798</lat>
<lon>-67.8205</lon>
<active>1</active>
</city>
<city>
<id>410710</id>
<name>Charleston</name>
<state>ME</state>
<rating/>
<url>http://www.greatschools.org/city/Charleston/ME</url>
<lat>45.0706</lat>
<lon>-69.044</lon>
<active>1</active>
</city>
<city>
<id>410983</id>
<name>Charlotte</name>
<state>ME</state>
<rating/>
<url>http://www.greatschools.org/city/Charlotte/ME</url>
<lat>45.0096</lat>
<lon>-67.2822</lon>
<active>1</active>
</city>
<city>
<id>443582</id>
<name>Chebeague Island</name>
<state>ME</state>
<rating/>
<url>http://www.greatschools.org/city/Chebeague_Island/ME</url>
<lat>43.7341</lat>
<lon>-70.1152</lon>
<active>1</active>
</city>
<city>
<id>410982</id>
<name>Chelsea</name>
<state>ME</state>
<rating>5</rating>
<url>http://www.greatschools.org/city/Chelsea/ME</url>
<lat>44.2571</lat>
<lon>-69.7602</lon>
<active>1</active>
</city>
<city>
<id>410742</id>
<name>Cherryfield</name>
<state>ME</state>
<rating>4</rating>
<url>http://www.greatschools.org/city/Cherryfield/ME</url>
<lat>44.6172</lat>
<lon>-67.938</lon>
<active>1</active>
</city>
<city>
<id>445116</id>
<name>Chesterville</name>
<state>ME</state>
<rating/>
<url>http://www.greatschools.org/city/Chesterville/ME</url>
<lat>44.5731</lat>
<lon>-70.0998</lon>
<active>1</active>
</city>
<city>
<id>410811</id>
<name>Clinton</name>
<state>ME</state>
<rating>4</rating>
<url>http://www.greatschools.org/city/Clinton/ME</url>
<lat>44.6409</lat>
<lon>-69.4955</lon>
<active>1</active>
</city>
<city>
<id>410883</id>
<name>Columbia Falls</name>
<state>ME</state>
<rating/>
<url>http://www.greatschools.org/city/Columbia_Falls/ME</url>
<lat>44.6732</lat>
<lon>-67.7457</lon>
<active>1</active>
</city>
<city>
<id>446094</id>
<name>Connor Twp</name>
<state>ME</state>
<rating/>
<url>http://www.greatschools.org/city/Connor_Twp/ME</url>
<lat>46.9743</lat>
<lon>-68.0357</lon>
<active>1</active>
</city>
<city>
<id>442513</id>
<name>Coopers Mills</name>
<state>ME</state>
<rating/>
<url>http://www.greatschools.org/city/Coopers_Mills/ME</url>
<lat>44.3265</lat>
<lon>-69.4255</lon>
<active>1</active>
</city>
<city>
<id>410797</id>
<name>Corinna</name>
<state>ME</state>
<rating>3</rating>
<url>http://www.greatschools.org/city/Corinna/ME</url>
<lat>44.9455</lat>
<lon>-69.2524</lon>
<active>1</active>
</city>
<city>
<id>410801</id>
<name>Corinth</name>
<state>ME</state>
<rating/>
<url>http://www.greatschools.org/city/Corinth/ME</url>
<lat>44.9814</lat>
<lon>-69.0074</lon>
<active>1</active>
</city>
<city>
<id>410724</id>
<name>Cornish</name>
<state>ME</state>
<rating>5</rating>
<url>http://www.greatschools.org/city/Cornish/ME</url>
<lat>43.7804</lat>
<lon>-70.7715</lon>
<active>1</active>
</city>
<city>
<id>410789</id>
<name>Cornville</name>
<state>ME</state>
<rating/>
<url>http://www.greatschools.org/city/Cornville/ME</url>
<lat>44.8765</lat>
<lon>-69.6893</lon>
<active>1</active>
</city>
<city>
<id>410657</id>
<name>Cumberland</name>
<state>ME</state>
<rating/>
<url>http://www.greatschools.org/city/Cumberland/ME</url>
<lat>43.791</lat>
<lon>-70.2483</lon>
<active>1</active>
</city>
<city>
<id>423360</id>
<name>Cumberland Center</name>
<state>ME</state>
<rating>9</rating>
<url>http://www.greatschools.org/city/Cumberland_Center/ME</url>
<lat>43.7991</lat>
<lon>-70.2512</lon>
<active>1</active>
</city>
<city>
<id>410807</id>
<name>Cushing</name>
<state>ME</state>
<rating>9</rating>
<url>http://www.greatschools.org/city/Cushing/ME</url>
<lat>44.001</lat>
<lon>-69.2627</lon>
<active>1</active>
</city>
<city>
<id>410847</id>
<name>Cutler</name>
<state>ME</state>
<rating/>
<url>http://www.greatschools.org/city/Cutler/ME</url>
<lat>44.6772</lat>
<lon>-67.2544</lon>
<active>1</active>
</city>
<city>
<id>410729</id>
<name>Damariscotta</name>
<state>ME</state>
<rating>7</rating>
<url>http://www.greatschools.org/city/Damariscotta/ME</url>
<lat>44.0305</lat>
<lon>-69.505</lon>
<active>1</active>
</city>
<city>
<id>410919</id>
<name>Danforth</name>
<state>ME</state>
<rating>2</rating>
<url>http://www.greatschools.org/city/Danforth/ME</url>
<lat>45.6615</lat>
<lon>-67.8684</lon>
<active>1</active>
</city>
<city>
<id>410979</id>
<name>Dayton</name>
<state>ME</state>
<rating>7</rating>
<url>http://www.greatschools.org/city/Dayton/ME</url>
<lat>43.5451</lat>
<lon>-70.5933</lon>
<active>1</active>
</city>
<city>
<id>410978</id>
<name>Dedham</name>
<state>ME</state>
<rating>7</rating>
<url>http://www.greatschools.org/city/Dedham/ME</url>
<lat>44.7939</lat>
<lon>-68.5888</lon>
<active>1</active>
</city>
<city>
<id>410713</id>
<name>Deer Isle</name>
<state>ME</state>
<rating>3</rating>
<url>http://www.greatschools.org/city/Deer_Isle/ME</url>
<lat>44.232</lat>
<lon>-68.6442</lon>
<active>1</active>
</city>
<city>
<id>410769</id>
<name>Denmark</name>
<state>ME</state>
<rating>9</rating>
<url>http://www.greatschools.org/city/Denmark/ME</url>
<lat>43.9795</lat>
<lon>-70.7932</lon>
<active>1</active>
</city>
<city>
<id>410740</id>
<name>Dexter</name>
<state>ME</state>
<rating>3</rating>
<url>http://www.greatschools.org/city/Dexter/ME</url>
<lat>45.0197</lat>
<lon>-69.2919</lon>
<active>1</active>
</city>
<city>
<id>410701</id>
<name>Dixfield</name>
<state>ME</state>
<rating>3</rating>
<url>http://www.greatschools.org/city/Dixfield/ME</url>
<lat>44.5383</lat>
<lon>-70.4534</lon>
<active>1</active>
</city>
<city>
<id>410661</id>
<name>Dover-Foxcroft</name>
<state>ME</state>
<rating>5</rating>
<url>http://www.greatschools.org/city/Dover-Foxcroft/ME</url>
<lat>45.1879</lat>
<lon>-69.2276</lon>
<active>1</active>
</city>
<city>
<id>410977</id>
<name>Dresden</name>
<state>ME</state>
<rating>6</rating>
<url>http://www.greatschools.org/city/Dresden/ME</url>
<lat>44.0807</lat>
<lon>-69.7429</lon>
<active>1</active>
</city>
<city>
<id>410976</id>
<name>Durham</name>
<state>ME</state>
<rating>7</rating>
<url>http://www.greatschools.org/city/Durham/ME</url>
<lat>43.9639</lat>
<lon>-70.1151</lon>
<active>1</active>
</city>
<city>
<id>410840</id>
<name>Dyer Brook</name>
<state>ME</state>
<rating>4</rating>
<url>http://www.greatschools.org/city/Dyer_Brook/ME</url>
<lat>46.0814</lat>
<lon>-68.1836</lon>
<active>1</active>
</city>
<city>
<id>410899</id>
<name>Eagle Lake</name>
<state>ME</state>
<rating>6</rating>
<url>http://www.greatschools.org/city/Eagle_Lake/ME</url>
<lat>47.1546</lat>
<lon>-68.5995</lon>
<active>1</active>
</city>
<city>
<id>442509</id>
<name>East Baldwin</name>
<state>ME</state>
<rating/>
<url>http://www.greatschools.org/city/East_Baldwin/ME</url>
<lat>43.8187</lat>
<lon>-70.6682</lon>
<active>1</active>
</city>
<city>
<id>423361</id>
<name>East Corinth</name>
<state>ME</state>
<rating>3</rating>
<url>http://www.greatschools.org/city/East_Corinth/ME</url>
<lat>44.9969</lat>
<lon>-69.0204</lon>
<active>1</active>
</city>
<city>
<id>443581</id>
<name>East Lebanon</name>
<state>ME</state>
<rating>5</rating>
<url>http://www.greatschools.org/city/East_Lebanon/ME</url>
<lat>43.4024</lat>
<lon>-70.9089</lon>
<active>1</active>
</city>
<city>
<id>442511</id>
<name>East Livermore</name>
<state>ME</state>
<rating/>
<url>http://www.greatschools.org/city/East_Livermore/ME</url>
<lat>44.3928</lat>
<lon>-70.1387</lon>
<active>1</active>
</city>
<city>
<id>410757</id>
<name>East Machias</name>
<state>ME</state>
<rating>3</rating>
<url>http://www.greatschools.org/city/East_Machias/ME</url>
<lat>44.7452</lat>
<lon>-67.3806</lon>
<active>1</active>
</city>
<city>
<id>410975</id>
<name>East Millinocket</name>
<state>ME</state>
<rating>4</rating>
<url>http://www.greatschools.org/city/East_Millinocket/ME</url>
<lat>45.6281</lat>
<lon>-68.5715</lon>
<active>1</active>
</city>
<city>
<id>446095</id>
<name>East Sebago</name>
<state>ME</state>
<rating/>
<url>http://www.greatschools.org/city/East_Sebago/ME</url>
<lat>43.8552</lat>
<lon>-70.6381</lon>
<active>1</active>
</city>
<city>
<id>442510</id>
<name>East Waterboro</name>
<state>ME</state>
<rating>5</rating>
<url>http://www.greatschools.org/city/East_Waterboro/ME</url>
<lat>43.6006</lat>
<lon>-70.691</lon>
<active>1</active>
</city>
<city>
<id>442508</id>
<name>East Wilton</name>
<state>ME</state>
<rating/>
<url>http://www.greatschools.org/city/East_Wilton/ME</url>
<lat>44.6032</lat>
<lon>-70.2279</lon>
<active>1</active>
</city>
<city>
<id>410900</id>
<name>Eastbrook</name>
<state>ME</state>
<rating>4</rating>
<url>http://www.greatschools.org/city/Eastbrook/ME</url>
<lat>44.6696</lat>
<lon>-68.2647</lon>
<active>1</active>
</city>
<city>
<id>410974</id>
<name>Easton</name>
<state>ME</state>
<rating>6</rating>
<url>http://www.greatschools.org/city/Easton/ME</url>
<lat>46.6401</lat>
<lon>-67.8874</lon>
<active>1</active>
</city>
<city>
<id>410973</id>
<name>Eastport</name>
<state>ME</state>
<rating>5</rating>
<url>http://www.greatschools.org/city/Eastport/ME</url>
<lat>44.9097</lat>
<lon>-66.9968</lon>
<active>1</active>
</city>
<city>
<id>410799</id>
<name>Eddington</name>
<state>ME</state>
<rating>4</rating>
<url>http://www.greatschools.org/city/Eddington/ME</url>
<lat>44.8142</lat>
<lon>-68.6066</lon>
<active>1</active>
</city>
<city>
<id>410734</id>
<name>Edgecomb</name>
<state>ME</state>
<rating>6</rating>
<url>http://www.greatschools.org/city/Edgecomb/ME</url>
<lat>43.9699</lat>
<lon>-69.6262</lon>
<active>1</active>
</city>
<city>
<id>444474</id>
<name>Edmunds Township</name>
<state>ME</state>
<rating/>
<url>http://www.greatschools.org/city/Edmunds_Township/ME</url>
<lat>44.8891</lat>
<lon>-67.2304</lon>
<active>1</active>
</city>
<city>
<id>410690</id>
<name>Eliot</name>
<state>ME</state>
<rating>8</rating>
<url>http://www.greatschools.org/city/Eliot/ME</url>
<lat>43.1367</lat>
<lon>-70.7882</lon>
<active>1</active>
</city>
<city>
<id>410730</id>
<name>Ellsworth</name>
<state>ME</state>
<rating>7</rating>
<url>http://www.greatschools.org/city/Ellsworth/ME</url>
<lat>44.5561</lat>
<lon>-68.4505</lon>
<active>1</active>
</city>
<city>
<id>410893</id>
<name>Enfield</name>
<state>ME</state>
<rating>6</rating>
<url>http://www.greatschools.org/city/Enfield/ME</url>
<lat>45.244</lat>
<lon>-68.6142</lon>
<active>1</active>
</city>
<city>
<id>410879</id>
<name>Etna</name>
<state>ME</state>
<rating>8</rating>
<url>http://www.greatschools.org/city/Etna/ME</url>
<lat>44.7932</lat>
<lon>-69.1342</lon>
<active>1</active>
</city>
<city>
<id>410794</id>
<name>Exeter</name>
<state>ME</state>
<rating/>
<url>http://www.greatschools.org/city/Exeter/ME</url>
<lat>44.9596</lat>
<lon>-69.1295</lon>
<active>1</active>
</city>
<city>
<id>410663</id>
<name>Fairfield</name>
<state>ME</state>
<rating>5</rating>
<url>http://www.greatschools.org/city/Fairfield/ME</url>
<lat>44.5869</lat>
<lon>-69.6022</lon>
<active>1</active>
</city>
<city>
<id>410700</id>
<name>Falmouth</name>
<state>ME</state>
<rating>10</rating>
<url>http://www.greatschools.org/city/Falmouth/ME</url>
<lat>43.7361</lat>
<lon>-70.2652</lon>
<active>1</active>
</city>
<city>
<id>410916</id>
<name>Farmingdale</name>
<state>ME</state>
<rating>5</rating>
<url>http://www.greatschools.org/city/Farmingdale/ME</url>
<lat>44.2511</lat>
<lon>-69.7834</lon>
<active>1</active>
</city>
<city>
<id>410851</id>
<name>Farmington</name>
<state>ME</state>
<rating>6</rating>
<url>http://www.greatschools.org/city/Farmington/ME</url>
<lat>44.6697</lat>
<lon>-70.1463</lon>
<active>1</active>
</city>
<city>
<id>442507</id>
<name>Farmington Falls</name>
<state>ME</state>
<rating/>
<url>http://www.greatschools.org/city/Farmington_Falls/ME</url>
<lat>44.6649</lat>
<lon>-70.1301</lon>
<active>1</active>
</city>
<city>
<id>410999</id>
<name>Fayette</name>
<state>ME</state>
<rating>10</rating>
<url>http://www.greatschools.org/city/Fayette/ME</url>
<lat>44.4055</lat>
<lon>-70.0049</lon>
<active>1</active>
</city>
<city>
<id>410908</id>
<name>Fort Fairfield</name>
<state>ME</state>
<rating>4</rating>
<url>http://www.greatschools.org/city/Fort_Fairfield/ME</url>
<lat>46.7683</lat>
<lon>-67.8332</lon>
<active>1</active>
</city>
<city>
<id>410898</id>
<name>Fort Kent</name>
<state>ME</state>
<rating>7</rating>
<url>http://www.greatschools.org/city/Fort_Kent/ME</url>
<lat>47.2563</lat>
<lon>-68.5888</lon>
<active>1</active>
</city>
<city>
<id>410785</id>
<name>Frankfort</name>
<state>ME</state>
<rating>2</rating>
<url>http://www.greatschools.org/city/Frankfort/ME</url>
<lat>44.5961</lat>
<lon>-68.9394</lon>
<active>1</active>
</city>
<city>
<id>444236</id>
<name>Franklin</name>
<state>ME</state>
<rating/>
<url>http://www.greatschools.org/city/Franklin/ME</url>
<lat>44.5877</lat>
<lon>-68.229</lon>
<active>1</active>
</city>
<city>
<id>444456</id>
<name>Freedom</name>
<state>ME</state>
<rating/>
<url>http://www.greatschools.org/city/Freedom/ME</url>
<lat>44.4892</lat>
<lon>-69.3277</lon>
<active>1</active>
</city>
<city>
<id>410660</id>
<name>Freeport</name>
<state>ME</state>
<rating>9</rating>
<url>http://www.greatschools.org/city/Freeport/ME</url>
<lat>43.8564</lat>
<lon>-70.1022</lon>
<active>1</active>
</city>
<city>
<id>410954</id>
<name>Frenchboro</name>
<state>ME</state>
<rating/>
<url>http://www.greatschools.org/city/Frenchboro/ME</url>
<lat>44.1155</lat>
<lon>-68.3603</lon>
<active>1</active>
</city>
<city>
<id>410890</id>
<name>Frenchville</name>
<state>ME</state>
<rating>8</rating>
<url>http://www.greatschools.org/city/Frenchville/ME</url>
<lat>47.2763</lat>
<lon>-68.3941</lon>
<active>1</active>
</city>
<city>
<id>410871</id>
<name>Friendship</name>
<state>ME</state>
<rating>6</rating>
<url>http://www.greatschools.org/city/Friendship/ME</url>
<lat>44.0097</lat>
<lon>-69.289</lon>
<active>1</active>
</city>
<city>
<id>410738</id>
<name>Fryeburg</name>
<state>ME</state>
<rating>5</rating>
<url>http://www.greatschools.org/city/Fryeburg/ME</url>
<lat>44.0177</lat>
<lon>-70.9722</lon>
<active>1</active>
</city>
<city>
<id>410925</id>
<name>Gardiner</name>
<state>ME</state>
<rating>5</rating>
<url>http://www.greatschools.org/city/Gardiner/ME</url>
<lat>44.2124</lat>
<lon>-69.7843</lon>
<active>1</active>
</city>
<city>
<id>410793</id>
<name>Garland</name>
<state>ME</state>
<rating/>
<url>http://www.greatschools.org/city/Garland/ME</url>
<lat>45.042</lat>
<lon>-69.1571</lon>
<active>1</active>
</city>
<city>
<id>410971</id>
<name>Georgetown</name>
<state>ME</state>
<rating>5</rating>
<url>http://www.greatschools.org/city/Georgetown/ME</url>
<lat>43.8157</lat>
<lon>-69.7432</lon>
<active>1</active>
</city>
<city>
<id>410970</id>
<name>Glenburn</name>
<state>ME</state>
<rating>7</rating>
<url>http://www.greatschools.org/city/Glenburn/ME</url>
<lat>44.9367</lat>
<lon>-68.8488</lon>
<active>1</active>
</city>
<city>
<id>410679</id>
<name>Gorham</name>
<state>ME</state>
<rating>9</rating>
<url>http://www.greatschools.org/city/Gorham/ME</url>
<lat>43.6826</lat>
<lon>-70.4407</lon>
<active>1</active>
</city>
<city>
<id>410918</id>
<name>Gray</name>
<state>ME</state>
<rating>6</rating>
<url>http://www.greatschools.org/city/Gray/ME</url>
<lat>43.8898</lat>
<lon>-70.3423</lon>
<active>1</active>
</city>
<city>
<id>410969</id>
<name>Greenbush</name>
<state>ME</state>
<rating>5</rating>
<url>http://www.greatschools.org/city/Greenbush/ME</url>
<lat>45.0541</lat>
<lon>-68.5809</lon>
<active>1</active>
</city>
<city>
<id>410824</id>
<name>Greene</name>
<state>ME</state>
<rating>5</rating>
<url>http://www.greatschools.org/city/Greene/ME</url>
<lat>44.1901</lat>
<lon>-70.1451</lon>
<active>1</active>
</city>
<city>
<id>410968</id>
<name>Greenville</name>
<state>ME</state>
<rating/>
<url>http://www.greatschools.org/city/Greenville/ME</url>
<lat>45.4616</lat>
<lon>-69.5967</lon>
<active>1</active>
</city>
<city>
<id>445118</id>
<name>GREENVLLE JCT</name>
<state>ME</state>
<rating/>
<url>http://www.greatschools.org/city/GREENVLLE_JCT/ME</url>
<lat>45.523</lat>
<lon>-69.734</lon>
<active>1</active>
</city>
<city>
<id>442505</id>
<name>Greenwood</name>
<state>ME</state>
<rating/>
<url>http://www.greatschools.org/city/Greenwood/ME</url>
<lat>44.3132</lat>
<lon>-70.6706</lon>
<active>1</active>
</city>
<city>
<id>410860</id>
<name>Guilford</name>
<state>ME</state>
<rating>5</rating>
<url>http://www.greatschools.org/city/Guilford/ME</url>
<lat>45.169</lat>
<lon>-69.3889</lon>
<active>1</active>
</city>
<city>
<id>410917</id>
<name>Hallowell</name>
<state>ME</state>
<rating>7</rating>
<url>http://www.greatschools.org/city/Hallowell/ME</url>
<lat>44.2867</lat>
<lon>-69.7993</lon>
<active>1</active>
</city>
<city>
<id>410907</id>
<name>Hampden</name>
<state>ME</state>
<rating>10</rating>
<url>http://www.greatschools.org/city/Hampden/ME</url>
<lat>44.751</lat>
<lon>-68.8297</lon>
<active>1</active>
</city>
<city>
<id>410967</id>
<name>Hancock</name>
<state>ME</state>
<rating>5</rating>
<url>http://www.greatschools.org/city/Hancock/ME</url>
<lat>44.5049</lat>
<lon>-68.2394</lon>
<active>1</active>
</city>
<city>
<id>410966</id>
<name>Harmony</name>
<state>ME</state>
<rating>2</rating>
<url>http://www.greatschools.org/city/Harmony/ME</url>
<lat>44.9995</lat>
<lon>-69.5676</lon>
<active>1</active>
</city>
<city>
<id>410763</id>
<name>Harpswell</name>
<state>ME</state>
<rating>6</rating>
<url>http://www.greatschools.org/city/Harpswell/ME</url>
<lat>43.8181</lat>
<lon>-69.9245</lon>
<active>1</active>
</city>
<city>
<id>410880</id>
<name>Harrington</name>
<state>ME</state>
<rating>7</rating>
<url>http://www.greatschools.org/city/Harrington/ME</url>
<lat>44.6127</lat>
<lon>-67.8173</lon>
<active>1</active>
</city>
<city>
<id>410912</id>
<name>Harrison</name>
<state>ME</state>
<rating>6</rating>
<url>http://www.greatschools.org/city/Harrison/ME</url>
<lat>44.103</lat>
<lon>-70.6536</lon>
<active>1</active>
</city>
<city>
<id>410708</id>
<name>Hartland</name>
<state>ME</state>
<rating>1</rating>
<url>http://www.greatschools.org/city/Hartland/ME</url>
<lat>44.8838</lat>
<lon>-69.4521</lon>
<active>1</active>
</city>
<city>
<id>410709</id>
<name>Hebron</name>
<state>ME</state>
<rating>9</rating>
<url>http://www.greatschools.org/city/Hebron/ME</url>
<lat>44.2048</lat>
<lon>-70.3741</lon>
<active>1</active>
</city>
<city>
<id>410965</id>
<name>Hermon</name>
<state>ME</state>
<rating>7</rating>
<url>http://www.greatschools.org/city/Hermon/ME</url>
<lat>44.8036</lat>
<lon>-68.8956</lon>
<active>1</active>
</city>
<city>
<id>410754</id>
<name>Hinckley</name>
<state>ME</state>
<rating/>
<url>http://www.greatschools.org/city/Hinckley/ME</url>
<lat>44.6211</lat>
<lon>-69.6418</lon>
<active>1</active>
</city>
<city>
<id>410821</id>
<name>Hiram</name>
<state>ME</state>
<rating>6</rating>
<url>http://www.greatschools.org/city/Hiram/ME</url>
<lat>43.8581</lat>
<lon>-70.8346</lon>
<active>1</active>
</city>
<city>
<id>410773</id>
<name>Hodgdon</name>
<state>ME</state>
<rating>6</rating>
<url>http://www.greatschools.org/city/Hodgdon/ME</url>
<lat>46.0539</lat>
<lon>-67.8858</lon>
<active>1</active>
</city>
<city>
<id>410798</id>
<name>Holden</name>
<state>ME</state>
<rating>6</rating>
<url>http://www.greatschools.org/city/Holden/ME</url>
<lat>44.7379</lat>
<lon>-68.6471</lon>
<active>1</active>
</city>
<city>
<id>410856</id>
<name>Hollis</name>
<state>ME</state>
<rating>4</rating>
<url>http://www.greatschools.org/city/Hollis/ME</url>
<lat>43.6381</lat>
<lon>-70.6032</lon>
<active>1</active>
</city>
<city>
<id>442504</id>
<name>Hollis Center</name>
<state>ME</state>
<rating/>
<url>http://www.greatschools.org/city/Hollis_Center/ME</url>
<lat>43.6187</lat>
<lon>-70.6215</lon>
<active>1</active>
</city>
<city>
<id>410964</id>
<name>Hope</name>
<state>ME</state>
<rating>9</rating>
<url>http://www.greatschools.org/city/Hope/ME</url>
<lat>44.2446</lat>
<lon>-69.1887</lon>
<active>1</active>
</city>
<city>
<id>410727</id>
<name>Houlton</name>
<state>ME</state>
<rating>7</rating>
<url>http://www.greatschools.org/city/Houlton/ME</url>
<lat>46.122</lat>
<lon>-67.8365</lon>
<active>1</active>
</city>
<city>
<id>410892</id>
<name>Howland</name>
<state>ME</state>
<rating>4</rating>
<url>http://www.greatschools.org/city/Howland/ME</url>
<lat>45.2506</lat>
<lon>-68.6654</lon>
<active>1</active>
</city>
<city>
<id>410800</id>
<name>Hudson</name>
<state>ME</state>
<rating>7</rating>
<url>http://www.greatschools.org/city/Hudson/ME</url>
<lat>44.9932</lat>
<lon>-68.8888</lon>
<active>1</active>
</city>
<city>
<id>443578</id>
<name>Indian Island</name>
<state>ME</state>
<rating/>
<url>http://www.greatschools.org/city/Indian_Island/ME</url>
<lat>44.947</lat>
<lon>-68.6497</lon>
<active>1</active>
</city>
<city>
<id>442503</id>
<name>Island Falls</name>
<state>ME</state>
<rating/>
<url>http://www.greatschools.org/city/Island_Falls/ME</url>
<lat>46.0156</lat>
<lon>-68.267</lon>
<active>1</active>
</city>
<city>
<id>410963</id>
<name>Isle Au Haut</name>
<state>ME</state>
<rating/>
<url>http://www.greatschools.org/city/Isle_Au_Haut/ME</url>
<lat>44.0626</lat>
<lon>-68.6261</lon>
<active>1</active>
</city>
<city>
<id>410962</id>
<name>Islesboro</name>
<state>ME</state>
<rating>3</rating>
<url>http://www.greatschools.org/city/Islesboro/ME</url>
<lat>44.3242</lat>
<lon>-68.9014</lon>
<active>1</active>
</city>
<city>
<id>444112</id>
<name>Islesford</name>
<state>ME</state>
<rating/>
<url>http://www.greatschools.org/city/Islesford/ME</url>
<lat>44.2613</lat>
<lon>-68.2321</lon>
<active>1</active>
</city>
<city>
<id>410922</id>
<name>Jackman</name>
<state>ME</state>
<rating>2</rating>
<url>http://www.greatschools.org/city/Jackman/ME</url>
<lat>45.6319</lat>
<lon>-70.2467</lon>
<active>1</active>
</city>
<city>
<id>445119</id>
<name>Jackson</name>
<state>ME</state>
<rating/>
<url>http://www.greatschools.org/city/Jackson/ME</url>
<lat>44.5986</lat>
<lon>-69.1421</lon>
<active>1</active>
</city>
<city>
<id>410961</id>
<name>Jay</name>
<state>ME</state>
<rating>5</rating>
<url>http://www.greatschools.org/city/Jay/ME</url>
<lat>44.5233</lat>
<lon>-70.2102</lon>
<active>1</active>
</city>
<city>
<id>410960</id>
<name>Jefferson</name>
<state>ME</state>
<rating>7</rating>
<url>http://www.greatschools.org/city/Jefferson/ME</url>
<lat>44.2157</lat>
<lon>-69.4936</lon>
<active>1</active>
</city>
<city>
<id>410959</id>
<name>Jonesboro</name>
<state>ME</state>
<rating/>
<url>http://www.greatschools.org/city/Jonesboro/ME</url>
<lat>44.6559</lat>
<lon>-67.5745</lon>
<active>1</active>
</city>
<city>
<id>410944</id>
<name>Jonesport</name>
<state>ME</state>
<rating>5</rating>
<url>http://www.greatschools.org/city/Jonesport/ME</url>
<lat>44.5601</lat>
<lon>-67.604</lon>
<active>1</active>
</city>
<city>
<id>410802</id>
<name>Kenduskeag</name>
<state>ME</state>
<rating/>
<url>http://www.greatschools.org/city/Kenduskeag/ME</url>
<lat>44.916</lat>
<lon>-68.9343</lon>
<active>1</active>
</city>
<city>
<id>410654</id>
<name>Kennebunk</name>
<state>ME</state>
<rating>10</rating>
<url>http://www.greatschools.org/city/Kennebunk/ME</url>
<lat>43.3862</lat>
<lon>-70.5408</lon>
<active>1</active>
</city>
<city>
<id>410772</id>
<name>Kennebunkport</name>
<state>ME</state>
<rating>9</rating>
<url>http://www.greatschools.org/city/Kennebunkport/ME</url>
<lat>43.3601</lat>
<lon>-70.4637</lon>
<active>1</active>
</city>
<city>
<id>410758</id>
<name>Kents Hill</name>
<state>ME</state>
<rating/>
<url>http://www.greatschools.org/city/Kents_Hill/ME</url>
<lat>44.439</lat>
<lon>-70.074</lon>
<active>1</active>
</city>
<city>
<id>410718</id>
<name>Kingfield</name>
<state>ME</state>
<rating>6</rating>
<url>http://www.greatschools.org/city/Kingfield/ME</url>
<lat>44.9921</lat>
<lon>-70.1907</lon>
<active>1</active>
</city>
<city>
<id>444475</id>
<name>Kingman</name>
<state>ME</state>
<rating/>
<url>http://www.greatschools.org/city/Kingman/ME</url>
<lat>45.5502</lat>
<lon>-68.1953</lon>
<active>1</active>
</city>
<city>
<id>410958</id>
<name>Kittery</name>
<state>ME</state>
<rating>8</rating>
<url>http://www.greatschools.org/city/Kittery/ME</url>
<lat>43.0903</lat>
<lon>-70.7373</lon>
<active>1</active>
</city>
<city>
<id>442502</id>
<name>Kittery Point</name>
<state>ME</state>
<rating>10</rating>
<url>http://www.greatschools.org/city/Kittery_Point/ME</url>
<lat>43.0884</lat>
<lon>-70.6959</lon>
<active>1</active>
</city>
<city>
<id>445120</id>
<name>Knox</name>
<state>ME</state>
<rating/>
<url>http://www.greatschools.org/city/Knox/ME</url>
<lat>44.5109</lat>
<lon>-69.2224</lon>
<active>1</active>
</city>
<city>
<id>410867</id>
<name>Lagrange</name>
<state>ME</state>
<rating>3</rating>
<url>http://www.greatschools.org/city/Lagrange/ME</url>
<lat>45.1798</lat>
<lon>-68.8346</lon>
<active>1</active>
</city>
<city>
<id>410957</id>
<name>Lamoine</name>
<state>ME</state>
<rating>8</rating>
<url>http://www.greatschools.org/city/Lamoine/ME</url>
<lat>44.4786</lat>
<lon>-68.3425</lon>
<active>1</active>
</city>
<city>
<id>410777</id>
<name>Lebanon</name>
<state>ME</state>
<rating/>
<url>http://www.greatschools.org/city/Lebanon/ME</url>
<lat>43.3961</lat>
<lon>-70.9091</lon>
<active>1</active>
</city>
<city>
<id>410761</id>
<name>Lee</name>
<state>ME</state>
<rating>3</rating>
<url>http://www.greatschools.org/city/Lee/ME</url>
<lat>45.3668</lat>
<lon>-68.2942</lon>
<active>1</active>
</city>
<city>
<id>410823</id>
<name>Leeds</name>
<state>ME</state>
<rating>7</rating>
<url>http://www.greatschools.org/city/Leeds/ME</url>
<lat>44.2798</lat>
<lon>-70.1252</lon>
<active>1</active>
</city>
<city>
<id>410904</id>
<name>Levant</name>
<state>ME</state>
<rating>5</rating>
<url>http://www.greatschools.org/city/Levant/ME</url>
<lat>44.8817</lat>
<lon>-68.9857</lon>
<active>1</active>
</city>
<city>
<id>410689</id>
<name>Lewiston</name>
<state>ME</state>
<rating>4</rating>
<url>http://www.greatschools.org/city/Lewiston/ME</url>
<lat>44.0993</lat>
<lon>-70.1906</lon>
<active>1</active>
</city>
<city>
<id>410726</id>
<name>Liberty</name>
<state>ME</state>
<rating>5</rating>
<url>http://www.greatschools.org/city/Liberty/ME</url>
<lat>44.3734</lat>
<lon>-69.3323</lon>
<active>1</active>
</city>
<city>
<id>410778</id>
<name>Limerick</name>
<state>ME</state>
<rating/>
<url>http://www.greatschools.org/city/Limerick/ME</url>
<lat>43.6895</lat>
<lon>-70.7548</lon>
<active>1</active>
</city>
<city>
<id>410956</id>
<name>Limestone</name>
<state>ME</state>
<rating>4</rating>
<url>http://www.greatschools.org/city/Limestone/ME</url>
<lat>46.9095</lat>
<lon>-67.8319</lon>
<active>1</active>
</city>
<city>
<id>410857</id>
<name>Limington</name>
<state>ME</state>
<rating>3</rating>
<url>http://www.greatschools.org/city/Limington/ME</url>
<lat>43.735</lat>
<lon>-70.6798</lon>
<active>1</active>
</city>
<city>
<id>410664</id>
<name>Lincoln</name>
<state>ME</state>
<rating>5</rating>
<url>http://www.greatschools.org/city/Lincoln/ME</url>
<lat>45.3624</lat>
<lon>-68.4999</lon>
<active>1</active>
</city>
<city>
<id>410653</id>
<name>Lincolnville</name>
<state>ME</state>
<rating>9</rating>
<url>http://www.greatschools.org/city/Lincolnville/ME</url>
<lat>44.3222</lat>
<lon>-69.061</lon>
<active>1</active>
</city>
<city>
<id>410659</id>
<name>Lisbon</name>
<state>ME</state>
<rating>6</rating>
<url>http://www.greatschools.org/city/Lisbon/ME</url>
<lat>44.0255</lat>
<lon>-70.1119</lon>
<active>1</active>
</city>
<city>
<id>410751</id>
<name>Lisbon Falls</name>
<state>ME</state>
<rating>4</rating>
<url>http://www.greatschools.org/city/Lisbon_Falls/ME</url>
<lat>44.0055</lat>
<lon>-70.0583</lon>
<active>1</active>
</city>
<city>
<id>410955</id>
<name>Litchfield</name>
<state>ME</state>
<rating>4</rating>
<url>http://www.greatschools.org/city/Litchfield/ME</url>
<lat>44.1601</lat>
<lon>-69.9508</lon>
<active>1</active>
</city>
<city>
<id>410885</id>
<name>Livermore</name>
<state>ME</state>
<rating>3</rating>
<url>http://www.greatschools.org/city/Livermore/ME</url>
<lat>44.4109</lat>
<lon>-70.2195</lon>
<active>1</active>
</city>
<city>
<id>410884</id>
<name>Livermore Falls</name>
<state>ME</state>
<rating>4</rating>
<url>http://www.greatschools.org/city/Livermore_Falls/ME</url>
<lat>44.4745</lat>
<lon>-70.1855</lon>
<active>1</active>
</city>
<city>
<id>410998</id>
<name>Long Island</name>
<state>ME</state>
<rating/>
<url>http://www.greatschools.org/city/Long_Island/ME</url>
<lat>43.6918</lat>
<lon>-70.1554</lon>
<active>1</active>
</city>
<city>
<id>445121</id>
<name>Loring Cm Ctr</name>
<state>ME</state>
<rating/>
<url>http://www.greatschools.org/city/Loring_Cm_Ctr/ME</url>
<lat>46.9229</lat>
<lon>-67.8726</lon>
<active>1</active>
</city>
<city>
<id>410770</id>
<name>Lovell</name>
<state>ME</state>
<rating>5</rating>
<url>http://www.greatschools.org/city/Lovell/ME</url>
<lat>44.1613</lat>
<lon>-70.9295</lon>
<active>1</active>
</city>
<city>
<id>410910</id>
<name>Lubec</name>
<state>ME</state>
<rating>5</rating>
<url>http://www.greatschools.org/city/Lubec/ME</url>
<lat>44.8214</lat>
<lon>-67.0499</lon>
<active>1</active>
</city>
<city>
<id>410780</id>
<name>Lyman</name>
<state>ME</state>
<rating>4</rating>
<url>http://www.greatschools.org/city/Lyman/ME</url>
<lat>43.486</lat>
<lon>-70.6328</lon>
<active>1</active>
</city>
<city>
<id>410744</id>
<name>Machias</name>
<state>ME</state>
<rating>5</rating>
<url>http://www.greatschools.org/city/Machias/ME</url>
<lat>44.7126</lat>
<lon>-67.4672</lon>
<active>1</active>
</city>
<city>
<id>410849</id>
<name>Machiasport</name>
<state>ME</state>
<rating>3</rating>
<url>http://www.greatschools.org/city/Machiasport/ME</url>
<lat>44.6607</lat>
<lon>-67.3975</lon>
<active>1</active>
</city>
<city>
<id>410953</id>
<name>Madawaska</name>
<state>ME</state>
<rating>6</rating>
<url>http://www.greatschools.org/city/Madawaska/ME</url>
<lat>47.3501</lat>
<lon>-68.3283</lon>
<active>1</active>
</city>
<city>
<id>410706</id>
<name>Madison</name>
<state>ME</state>
<rating>5</rating>
<url>http://www.greatschools.org/city/Madison/ME</url>
<lat>44.7986</lat>
<lon>-69.874</lon>
<active>1</active>
</city>
<city>
<id>410952</id>
<name>Manchester</name>
<state>ME</state>
<rating>8</rating>
<url>http://www.greatschools.org/city/Manchester/ME</url>
<lat>44.3294</lat>
<lon>-69.8647</lon>
<active>1</active>
</city>
<city>
<id>410909</id>
<name>Mapleton</name>
<state>ME</state>
<rating>8</rating>
<url>http://www.greatschools.org/city/Mapleton/ME</url>
<lat>46.6867</lat>
<lon>-68.1335</lon>
<active>1</active>
</city>
<city>
<id>410865</id>
<name>Mars Hill</name>
<state>ME</state>
<rating>5</rating>
<url>http://www.greatschools.org/city/Mars_Hill/ME</url>
<lat>46.5285</lat>
<lon>-67.868</lon>
<active>1</active>
</city>
<city>
<id>446096</id>
<name>Matinicus Isle Plantation</name>
<state>ME</state>
<rating/>
<url>http://www.greatschools.org/city/Matinicus_Isle_Plantation/ME</url>
<lat>43.8619</lat>
<lon>-68.8956</lon>
<active>1</active>
</city>
<city>
<id>410775</id>
<name>Mattawamkeag</name>
<state>ME</state>
<rating/>
<url>http://www.greatschools.org/city/Mattawamkeag/ME</url>
<lat>45.5353</lat>
<lon>-68.3444</lon>
<active>1</active>
</city>
<city>
<id>410951</id>
<name>Mechanic Falls</name>
<state>ME</state>
<rating>8</rating>
<url>http://www.greatschools.org/city/Mechanic_Falls/ME</url>
<lat>44.1099</lat>
<lon>-70.39</lon>
<active>1</active>
</city>
<city>
<id>410950</id>
<name>Medway</name>
<state>ME</state>
<rating>3</rating>
<url>http://www.greatschools.org/city/Medway/ME</url>
<lat>45.6048</lat>
<lon>-68.5156</lon>
<active>1</active>
</city>
<city>
<id>410687</id>
<name>Mexico</name>
<state>ME</state>
<rating>3</rating>
<url>http://www.greatschools.org/city/Mexico/ME</url>
<lat>44.5571</lat>
<lon>-70.5399</lon>
<active>1</active>
</city>
<city>
<id>410881</id>
<name>Milbridge</name>
<state>ME</state>
<rating>5</rating>
<url>http://www.greatschools.org/city/Milbridge/ME</url>
<lat>44.5445</lat>
<lon>-67.8819</lon>
<active>1</active>
</city>
<city>
<id>410949</id>
<name>Milford</name>
<state>ME</state>
<rating>5</rating>
<url>http://www.greatschools.org/city/Milford/ME</url>
<lat>44.9483</lat>
<lon>-68.6352</lon>
<active>1</active>
</city>
<city>
<id>410948</id>
<name>Millinocket</name>
<state>ME</state>
<rating>6</rating>
<url>http://www.greatschools.org/city/Millinocket/ME</url>
<lat>45.659</lat>
<lon>-68.7041</lon>
<active>1</active>
</city>
<city>
<id>410868</id>
<name>Milo</name>
<state>ME</state>
<rating>2</rating>
<url>http://www.greatschools.org/city/Milo/ME</url>
<lat>45.2464</lat>
<lon>-68.9818</lon>
<active>1</active>
</city>
<city>
<id>410947</id>
<name>Minot</name>
<state>ME</state>
<rating>9</rating>
<url>http://www.greatschools.org/city/Minot/ME</url>
<lat>44.1419</lat>
<lon>-70.3394</lon>
<active>1</active>
</city>
<city>
<id>446097</id>
<name>Monhegan Plantation</name>
<state>ME</state>
<rating/>
<url>http://www.greatschools.org/city/Monhegan_Plantation/ME</url>
<lat>43.7653</lat>
<lon>-69.3119</lon>
<active>1</active>
</city>
<city>
<id>410945</id>
<name>Monmouth</name>
<state>ME</state>
<rating>4</rating>
<url>http://www.greatschools.org/city/Monmouth/ME</url>
<lat>44.2256</lat>
<lon>-70.017</lon>
<active>1</active>
</city>
<city>
<id>410876</id>
<name>Monroe</name>
<state>ME</state>
<rating>2</rating>
<url>http://www.greatschools.org/city/Monroe/ME</url>
<lat>44.5641</lat>
<lon>-69.0411</lon>
<active>1</active>
</city>
<city>
<id>410774</id>
<name>Monson</name>
<state>ME</state>
<rating/>
<url>http://www.greatschools.org/city/Monson/ME</url>
<lat>45.2834</lat>
<lon>-69.5052</lon>
<active>1</active>
</city>
<city>
<id>410895</id>
<name>Monticello</name>
<state>ME</state>
<rating>5</rating>
<url>http://www.greatschools.org/city/Monticello/ME</url>
<lat>46.315</lat>
<lon>-67.8457</lon>
<active>1</active>
</city>
<city>
<id>445122</id>
<name>Montville</name>
<state>ME</state>
<rating/>
<url>http://www.greatschools.org/city/Montville/ME</url>
<lat>44.3888</lat>
<lon>-69.2596</lon>
<active>1</active>
</city>
<city>
<id>442501</id>
<name>Moody</name>
<state>ME</state>
<rating/>
<url>http://www.greatschools.org/city/Moody/ME</url>
<lat>43.3212</lat>
<lon>-70.6244</lon>
<active>1</active>
</city>
<city>
<id>410887</id>
<name>Morrill</name>
<state>ME</state>
<rating/>
<url>http://www.greatschools.org/city/Morrill/ME</url>
<lat>44.4096</lat>
<lon>-69.1482</lon>
<active>1</active>
</city>
<city>
<id>410943</id>
<name>Mount Desert</name>
<state>ME</state>
<rating>8</rating>
<url>http://www.greatschools.org/city/Mount_Desert/ME</url>
<lat>44.3323</lat>
<lon>-68.3545</lon>
<active>1</active>
</city>
<city>
<id>410942</id>
<name>Mount Vernon</name>
<state>ME</state>
<rating>4</rating>
<url>http://www.greatschools.org/city/Mount_Vernon/ME</url>
<lat>44.4742</lat>
<lon>-69.9731</lon>
<active>1</active>
</city>
<city>
<id>410817</id>
<name>Naples</name>
<state>ME</state>
<rating>6</rating>
<url>http://www.greatschools.org/city/Naples/ME</url>
<lat>43.9678</lat>
<lon>-70.6015</lon>
<active>1</active>
</city>
<city>
<id>410667</id>
<name>New Gloucester</name>
<state>ME</state>
<rating>7</rating>
<url>http://www.greatschools.org/city/New_Gloucester/ME</url>
<lat>43.9634</lat>
<lon>-70.3002</lon>
<active>1</active>
</city>
<city>
<id>445123</id>
<name>New Gloucestr</name>
<state>ME</state>
<rating/>
<url>http://www.greatschools.org/city/New_Gloucestr/ME</url>
<lat>43.9684</lat>
<lon>-70.3035</lon>
<active>1</active>
</city>
<city>
<id>410768</id>
<name>New Portland</name>
<state>ME</state>
<rating/>
<url>http://www.greatschools.org/city/New_Portland/ME</url>
<lat>44.9564</lat>
<lon>-70.0479</lon>
<active>1</active>
</city>
<city>
<id>410853</id>
<name>New Sharon</name>
<state>ME</state>
<rating>6</rating>
<url>http://www.greatschools.org/city/New_Sharon/ME</url>
<lat>44.6443</lat>
<lon>-70.0123</lon>
<active>1</active>
</city>
<city>
<id>410941</id>
<name>New Sweden</name>
<state>ME</state>
<rating>7</rating>
<url>http://www.greatschools.org/city/New_Sweden/ME</url>
<lat>46.9661</lat>
<lon>-68.1208</lon>
<active>1</active>
</city>
<city>
<id>410737</id>
<name>New Vineyard</name>
<state>ME</state>
<rating/>
<url>http://www.greatschools.org/city/New_Vineyard/ME</url>
<lat>44.7921</lat>
<lon>-70.1271</lon>
<active>1</active>
</city>
<city>
<id>410905</id>
<name>Newburgh</name>
<state>ME</state>
<rating/>
<url>http://www.greatschools.org/city/Newburgh/ME</url>
<lat>44.7246</lat>
<lon>-68.9936</lon>
<active>1</active>
</city>
<city>
<id>410759</id>
<name>Newcastle</name>
<state>ME</state>
<rating/>
<url>http://www.greatschools.org/city/Newcastle/ME</url>
<lat>44.0474</lat>
<lon>-69.5479</lon>
<active>1</active>
</city>
<city>
<id>445124</id>
<name>Newfield</name>
<state>ME</state>
<rating/>
<url>http://www.greatschools.org/city/Newfield/ME</url>
<lat>43.6506</lat>
<lon>-70.8554</lon>
<active>1</active>
</city>
<city>
<id>410707</id>
<name>Newport</name>
<state>ME</state>
<rating>4</rating>
<url>http://www.greatschools.org/city/Newport/ME</url>
<lat>44.8347</lat>
<lon>-69.2696</lon>
<active>1</active>
</city>
<city>
<id>442498</id>
<name>Newry</name>
<state>ME</state>
<rating/>
<url>http://www.greatschools.org/city/Newry/ME</url>
<lat>44.5201</lat>
<lon>-70.7973</lon>
<active>1</active>
</city>
<city>
<id>410940</id>
<name>Nobleboro</name>
<state>ME</state>
<rating>7</rating>
<url>http://www.greatschools.org/city/Nobleboro/ME</url>
<lat>44.0979</lat>
<lon>-69.4792</lon>
<active>1</active>
</city>
<city>
<id>410749</id>
<name>Norridgewock</name>
<state>ME</state>
<rating>4</rating>
<url>http://www.greatschools.org/city/Norridgewock/ME</url>
<lat>44.7109</lat>
<lon>-69.791</lon>
<active>1</active>
</city>
<city>
<id>443579</id>
<name>North Anson</name>
<state>ME</state>
<rating>5</rating>
<url>http://www.greatschools.org/city/North_Anson/ME</url>
<lat>44.8891</lat>
<lon>-69.9133</lon>
<active>1</active>
</city>
<city>
<id>410711</id>
<name>North Berwick</name>
<state>ME</state>
<rating>6</rating>
<url>http://www.greatschools.org/city/North_Berwick/ME</url>
<lat>43.3024</lat>
<lon>-70.7354</lon>
<active>1</active>
</city>
<city>
<id>410671</id>
<name>North Bridgton</name>
<state>ME</state>
<rating/>
<url>http://www.greatschools.org/city/North_Bridgton/ME</url>
<lat>44.0535</lat>
<lon>-70.725</lon>
<active>1</active>
</city>
<city>
<id>410854</id>
<name>North Haven</name>
<state>ME</state>
<rating/>
<url>http://www.greatschools.org/city/North_Haven/ME</url>
<lat>44.1447</lat>
<lon>-68.8668</lon>
<active>1</active>
</city>
<city>
<id>442500</id>
<name>North Monmouth</name>
<state>ME</state>
<rating/>
<url>http://www.greatschools.org/city/North_Monmouth/ME</url>
<lat>44.272</lat>
<lon>-70.0328</lon>
<active>1</active>
</city>
<city>
<id>442499</id>
<name>North Waterboro</name>
<state>ME</state>
<rating/>
<url>http://www.greatschools.org/city/North_Waterboro/ME</url>
<lat>43.6434</lat>
<lon>-70.7268</lon>
<active>1</active>
</city>
<city>
<id>410691</id>
<name>North Yarmouth</name>
<state>ME</state>
<rating>10</rating>
<url>http://www.greatschools.org/city/North_Yarmouth/ME</url>
<lat>43.847</lat>
<lon>-70.2372</lon>
<active>1</active>
</city>
<city>
<id>442496</id>
<name>Northeast Harbor</name>
<state>ME</state>
<rating>10</rating>
<url>http://www.greatschools.org/city/Northeast_Harbor/ME</url>
<lat>44.2794</lat>
<lon>-68.3259</lon>
<active>1</active>
</city>
<city>
<id>410888</id>
<name>Northport</name>
<state>ME</state>
<rating>7</rating>
<url>http://www.greatschools.org/city/Northport/ME</url>
<lat>44.3819</lat>
<lon>-68.9774</lon>
<active>1</active>
</city>
<city>
<id>410842</id>
<name>Norway</name>
<state>ME</state>
<rating>4</rating>
<url>http://www.greatschools.org/city/Norway/ME</url>
<lat>44.2109</lat>
<lon>-70.5409</lon>
<active>1</active>
</city>
<city>
<id>442495</id>
<name>Oakfield</name>
<state>ME</state>
<rating/>
<url>http://www.greatschools.org/city/Oakfield/ME</url>
<lat>46.1133</lat>
<lon>-68.1248</lon>
<active>1</active>
</city>
<city>
<id>410673</id>
<name>Oakland</name>
<state>ME</state>
<rating>6</rating>
<url>http://www.greatschools.org/city/Oakland/ME</url>
<lat>44.5468</lat>
<lon>-69.7164</lon>
<active>1</active>
</city>
<city>
<id>410939</id>
<name>Old Orchard Beach</name>
<state>ME</state>
<rating>4</rating>
<url>http://www.greatschools.org/city/Old_Orchard_Beach/ME</url>
<lat>43.517</lat>
<lon>-70.3897</lon>
<active>1</active>
</city>
<city>
<id>445125</id>
<name>OLD ORCHD BCH</name>
<state>ME</state>
<rating/>
<url>http://www.greatschools.org/city/OLD_ORCHD_BCH/ME</url>
<lat>43.5228</lat>
<lon>-70.3911</lon>
<active>1</active>
</city>
<city>
<id>410678</id>
<name>Old Town</name>
<state>ME</state>
<rating>6</rating>
<url>http://www.greatschools.org/city/Old_Town/ME</url>
<lat>44.9317</lat>
<lon>-68.668</lon>
<active>1</active>
</city>
<city>
<id>410938</id>
<name>Orland</name>
<state>ME</state>
<rating/>
<url>http://www.greatschools.org/city/Orland/ME</url>
<lat>44.5621</lat>
<lon>-68.7127</lon>
<active>1</active>
</city>
<city>
<id>410696</id>
<name>Orono</name>
<state>ME</state>
<rating>9</rating>
<url>http://www.greatschools.org/city/Orono/ME</url>
<lat>44.8919</lat>
<lon>-68.6707</lon>
<active>1</active>
</city>
<city>
<id>410670</id>
<name>Orrington</name>
<state>ME</state>
<rating>6</rating>
<url>http://www.greatschools.org/city/Orrington/ME</url>
<lat>44.7249</lat>
<lon>-68.7857</lon>
<active>1</active>
</city>
<city>
<id>410937</id>
<name>Otis</name>
<state>ME</state>
<rating>10</rating>
<url>http://www.greatschools.org/city/Otis/ME</url>
<lat>44.7607</lat>
<lon>-68.4686</lon>
<active>1</active>
</city>
<city>
<id>410911</id>
<name>Otisfield</name>
<state>ME</state>
<rating>7</rating>
<url>http://www.greatschools.org/city/Otisfield/ME</url>
<lat>44.0903</lat>
<lon>-70.5492</lon>
<active>1</active>
</city>
<city>
<id>410858</id>
<name>Owls Head</name>
<state>ME</state>
<rating>7</rating>
<url>http://www.greatschools.org/city/Owls_Head/ME</url>
<lat>44.0719</lat>
<lon>-69.0949</lon>
<active>1</active>
</city>
<city>
<id>410715</id>
<name>Oxford</name>
<state>ME</state>
<rating>3</rating>
<url>http://www.greatschools.org/city/Oxford/ME</url>
<lat>44.1403</lat>
<lon>-70.5005</lon>
<active>1</active>
</city>
<city>
<id>410936</id>
<name>Palermo</name>
<state>ME</state>
<rating>6</rating>
<url>http://www.greatschools.org/city/Palermo/ME</url>
<lat>44.3936</lat>
<lon>-69.4301</lon>
<active>1</active>
</city>
<city>
<id>410796</id>
<name>Palmyra</name>
<state>ME</state>
<rating/>
<url>http://www.greatschools.org/city/Palmyra/ME</url>
<lat>44.8482</lat>
<lon>-69.3649</lon>
<active>1</active>
</city>
<city>
<id>410861</id>
<name>Parkman</name>
<state>ME</state>
<rating/>
<url>http://www.greatschools.org/city/Parkman/ME</url>
<lat>45.1567</lat>
<lon>-69.3915</lon>
<active>1</active>
</city>
<city>
<id>410820</id>
<name>Parsonsfield</name>
<state>ME</state>
<rating/>
<url>http://www.greatschools.org/city/Parsonsfield/ME</url>
<lat>43.7556</lat>
<lon>-70.8917</lon>
<active>1</active>
</city>
<city>
<id>442494</id>
<name>Peaks Island</name>
<state>ME</state>
<rating>10</rating>
<url>http://www.greatschools.org/city/Peaks_Island/ME</url>
<lat>43.6608</lat>
<lon>-70.193</lon>
<active>1</active>
</city>
<city>
<id>442493</id>
<name>Pemaquid</name>
<state>ME</state>
<rating>7</rating>
<url>http://www.greatschools.org/city/Pemaquid/ME</url>
<lat>43.8925</lat>
<lon>-69.5221</lon>
<active>1</active>
</city>
<city>
<id>410935</id>
<name>Pembroke</name>
<state>ME</state>
<rating>5</rating>
<url>http://www.greatschools.org/city/Pembroke/ME</url>
<lat>44.9666</lat>
<lon>-67.201</lon>
<active>1</active>
</city>
<city>
<id>410934</id>
<name>Penobscot</name>
<state>ME</state>
<rating/>
<url>http://www.greatschools.org/city/Penobscot/ME</url>
<lat>44.4738</lat>
<lon>-68.7116</lon>
<active>1</active>
</city>
<city>
<id>410933</id>
<name>Perry</name>
<state>ME</state>
<rating>4</rating>
<url>http://www.greatschools.org/city/Perry/ME</url>
<lat>44.9812</lat>
<lon>-67.0885</lon>
<active>1</active>
</city>
<city>
<id>410932</id>
<name>Peru</name>
<state>ME</state>
<rating>3</rating>
<url>http://www.greatschools.org/city/Peru/ME</url>
<lat>44.4872</lat>
<lon>-70.4431</lon>
<active>1</active>
</city>
<city>
<id>410814</id>
<name>Phillips</name>
<state>ME</state>
<rating>7</rating>
<url>http://www.greatschools.org/city/Phillips/ME</url>
<lat>44.8357</lat>
<lon>-70.3577</lon>
<active>1</active>
</city>
<city>
<id>410931</id>
<name>Phippsburg</name>
<state>ME</state>
<rating>7</rating>
<url>http://www.greatschools.org/city/Phippsburg/ME</url>
<lat>43.7874</lat>
<lon>-69.8256</lon>
<active>1</active>
</city>
<city>
<id>410652</id>
<name>Pittsfield</name>
<state>ME</state>
<rating>5</rating>
<url>http://www.greatschools.org/city/Pittsfield/ME</url>
<lat>44.7828</lat>
<lon>-69.3838</lon>
<active>1</active>
</city>
<city>
<id>410924</id>
<name>Pittston</name>
<state>ME</state>
<rating>9</rating>
<url>http://www.greatschools.org/city/Pittston/ME</url>
<lat>44.2193</lat>
<lon>-69.754</lon>
<active>1</active>
</city>
<city>
<id>442492</id>
<name>Plymouth</name>
<state>ME</state>
<rating/>
<url>http://www.greatschools.org/city/Plymouth/ME</url>
<lat>44.7663</lat>
<lon>-69.2208</lon>
<active>1</active>
</city>
<city>
<id>410666</id>
<name>Poland</name>
<state>ME</state>
<rating>7</rating>
<url>http://www.greatschools.org/city/Poland/ME</url>
<lat>44.0504</lat>
<lon>-70.3799</lon>
<active>1</active>
</city>
<city>
<id>442491</id>
<name>Porter</name>
<state>ME</state>
<rating/>
<url>http://www.greatschools.org/city/Porter/ME</url>
<lat>43.8226</lat>
<lon>-70.9158</lon>
<active>1</active>
</city>
<city>
<id>410651</id>
<name>Portland</name>
<state>ME</state>
<rating>5</rating>
<url>http://www.greatschools.org/city/Portland/ME</url>
<lat>43.6731</lat>
<lon>-70.2788</lon>
<active>1</active>
</city>
<city>
<id>410816</id>
<name>Pownal</name>
<state>ME</state>
<rating>8</rating>
<url>http://www.greatschools.org/city/Pownal/ME</url>
<lat>43.8931</lat>
<lon>-70.1846</lon>
<active>1</active>
</city>
<city>
<id>410669</id>
<name>Presque Isle</name>
<state>ME</state>
<rating>7</rating>
<url>http://www.greatschools.org/city/Presque_Isle/ME</url>
<lat>46.684</lat>
<lon>-68.0059</lon>
<active>1</active>
</city>
<city>
<id>410930</id>
<name>Princeton</name>
<state>ME</state>
<rating>6</rating>
<url>http://www.greatschools.org/city/Princeton/ME</url>
<lat>45.2155</lat>
<lon>-67.5935</lon>
<active>1</active>
</city>
<city>
<id>444476</id>
<name>Prospect Harbor</name>
<state>ME</state>
<rating>8</rating>
<url>http://www.greatschools.org/city/Prospect_Harbor/ME</url>
<lat>44.4058</lat>
<lon>-68.0266</lon>
<active>1</active>
</city>
<city>
<id>410923</id>
<name>Randolph</name>
<state>ME</state>
<rating>6</rating>
<url>http://www.greatschools.org/city/Randolph/ME</url>
<lat>44.2355</lat>
<lon>-69.7559</lon>
<active>1</active>
</city>
<city>
<id>410929</id>
<name>Rangeley</name>
<state>ME</state>
<rating>5</rating>
<url>http://www.greatschools.org/city/Rangeley/ME</url>
<lat>44.9608</lat>
<lon>-70.6611</lon>
<active>1</active>
</city>
<city>
<id>410694</id>
<name>Raymond</name>
<state>ME</state>
<rating>6</rating>
<url>http://www.greatschools.org/city/Raymond/ME</url>
<lat>43.9229</lat>
<lon>-70.4525</lon>
<active>1</active>
</city>
<city>
<id>410712</id>
<name>Readfield</name>
<state>ME</state>
<rating>7</rating>
<url>http://www.greatschools.org/city/Readfield/ME</url>
<lat>44.3929</lat>
<lon>-69.9521</lon>
<active>1</active>
</city>
<city>
<id>410927</id>
<name>Richmond</name>
<state>ME</state>
<rating>4</rating>
<url>http://www.greatschools.org/city/Richmond/ME</url>
<lat>44.0924</lat>
<lon>-69.8059</lon>
<active>1</active>
</city>
<city>
<id>410926</id>
<name>Robbinston</name>
<state>ME</state>
<rating/>
<url>http://www.greatschools.org/city/Robbinston/ME</url>
<lat>45.0684</lat>
<lon>-67.1421</lon>
<active>1</active>
</city>
<city>
<id>445126</id>
<name>Rochester</name>
<state>ME</state>
<rating/>
<url>http://www.greatschools.org/city/Rochester/ME</url>
<lat>43.3233</lat>
<lon>-70.9803</lon>
<active>1</active>
</city>
<city>
<id>410746</id>
<name>Rockland</name>
<state>ME</state>
<rating>4</rating>
<url>http://www.greatschools.org/city/Rockland/ME</url>
<lat>44.1088</lat>
<lon>-69.1155</lon>
<active>1</active>
</city>
<city>
<id>410717</id>
<name>Rockport</name>
<state>ME</state>
<rating>10</rating>
<url>http://www.greatschools.org/city/Rockport/ME</url>
<lat>44.1743</lat>
<lon>-69.107</lon>
<active>1</active>
</city>
<city>
<id>445127</id>
<name>Rome</name>
<state>ME</state>
<rating/>
<url>http://www.greatschools.org/city/Rome/ME</url>
<lat>44.5722</lat>
<lon>-69.9035</lon>
<active>1</active>
</city>
<city>
<id>410662</id>
<name>Rumford</name>
<state>ME</state>
<rating>3</rating>
<url>http://www.greatschools.org/city/Rumford/ME</url>
<lat>44.5485</lat>
<lon>-70.5555</lon>
<active>1</active>
</city>
<city>
<id>410658</id>
<name>Sabattus</name>
<state>ME</state>
<rating>3</rating>
<url>http://www.greatschools.org/city/Sabattus/ME</url>
<lat>44.1137</lat>
<lon>-70.0762</lon>
<active>1</active>
</city>
<city>
<id>410677</id>
<name>Saco</name>
<state>ME</state>
<rating>6</rating>
<url>http://www.greatschools.org/city/Saco/ME</url>
<lat>43.5147</lat>
<lon>-70.4454</lon>
<active>1</active>
</city>
<city>
<id>446098</id>
<name>Saint Agatha</name>
<state>ME</state>
<rating/>
<url>http://www.greatschools.org/city/Saint_Agatha/ME</url>
<lat>47.2431</lat>
<lon>-68.3139</lon>
<active>1</active>
</city>
<city>
<id>446099</id>
<name>Saint Albans</name>
<state>ME</state>
<rating/>
<url>http://www.greatschools.org/city/Saint_Albans/ME</url>
<lat>44.9033</lat>
<lon>-69.4192</lon>
<active>1</active>
</city>
<city>
<id>446100</id>
<name>Saint Francis</name>
<state>ME</state>
<rating/>
<url>http://www.greatschools.org/city/Saint_Francis/ME</url>
<lat>47.1691</lat>
<lon>-68.8956</lon>
<active>1</active>
</city>
<city>
<id>446101</id>
<name>Salem</name>
<state>ME</state>
<rating/>
<url>http://www.greatschools.org/city/Salem/ME</url>
<lat>44.9028</lat>
<lon>-70.2685</lon>
<active>1</active>
</city>
<city>
<id>410692</id>
<name>Sanford</name>
<state>ME</state>
<rating>6</rating>
<url>http://www.greatschools.org/city/Sanford/ME</url>
<lat>43.4388</lat>
<lon>-70.7735</lon>
<active>1</active>
</city>
<city>
<id>410682</id>
<name>Scarborough</name>
<state>ME</state>
<rating>9</rating>
<url>http://www.greatschools.org/city/Scarborough/ME</url>
<lat>43.5961</lat>
<lon>-70.3318</lon>
<active>1</active>
</city>
<city>
<id>410886</id>
<name>Searsmont</name>
<state>ME</state>
<rating>8</rating>
<url>http://www.greatschools.org/city/Searsmont/ME</url>
<lat>44.374</lat>
<lon>-69.2137</lon>
<active>1</active>
</city>
<city>
<id>410784</id>
<name>Searsport</name>
<state>ME</state>
<rating>4</rating>
<url>http://www.greatschools.org/city/Searsport/ME</url>
<lat>44.4659</lat>
<lon>-68.9224</lon>
<active>1</active>
</city>
<city>
<id>410819</id>
<name>Sebago</name>
<state>ME</state>
<rating>5</rating>
<url>http://www.greatschools.org/city/Sebago/ME</url>
<lat>43.883</lat>
<lon>-70.6687</lon>
<active>1</active>
</city>
<city>
<id>445128</id>
<name>Sebec</name>
<state>ME</state>
<rating/>
<url>http://www.greatschools.org/city/Sebec/ME</url>
<lat>45.2714</lat>
<lon>-69.1167</lon>
<active>1</active>
</city>
<city>
<id>410732</id>
<name>Sedgwick</name>
<state>ME</state>
<rating>4</rating>
<url>http://www.greatschools.org/city/Sedgwick/ME</url>
<lat>44.3419</lat>
<lon>-68.6389</lon>
<active>1</active>
</city>
<city>
<id>410782</id>
<name>Shapleigh</name>
<state>ME</state>
<rating>4</rating>
<url>http://www.greatschools.org/city/Shapleigh/ME</url>
<lat>43.5438</lat>
<lon>-70.84</lon>
<active>1</active>
</city>
<city>
<id>443584</id>
<name>Shirley Mills</name>
<state>ME</state>
<rating/>
<url>http://www.greatschools.org/city/Shirley_Mills/ME</url>
<lat>45.465</lat>
<lon>-69.5895</lon>
<active>1</active>
</city>
<city>
<id>410808</id>
<name>Sidney</name>
<state>ME</state>
<rating>6</rating>
<url>http://www.greatschools.org/city/Sidney/ME</url>
<lat>44.4449</lat>
<lon>-69.7408</lon>
<active>1</active>
</city>
<city>
<id>444477</id>
<name>Sinclair</name>
<state>ME</state>
<rating/>
<url>http://www.greatschools.org/city/Sinclair/ME</url>
<lat>47.1644</lat>
<lon>-68.2653</lon>
<active>1</active>
</city>
<city>
<id>410739</id>
<name>Skowhegan</name>
<state>ME</state>
<rating>5</rating>
<url>http://www.greatschools.org/city/Skowhegan/ME</url>
<lat>44.7702</lat>
<lon>-69.7145</lon>
<active>1</active>
</city>
<city>
<id>410787</id>
<name>Smithfield</name>
<state>ME</state>
<rating/>
<url>http://www.greatschools.org/city/Smithfield/ME</url>
<lat>44.6337</lat>
<lon>-69.8044</lon>
<active>1</active>
</city>
<city>
<id>410766</id>
<name>Solon</name>
<state>ME</state>
<rating>7</rating>
<url>http://www.greatschools.org/city/Solon/ME</url>
<lat>44.9608</lat>
<lon>-69.8253</lon>
<active>1</active>
</city>
<city>
<id>410844</id>
<name>Somerville</name>
<state>ME</state>
<rating/>
<url>http://www.greatschools.org/city/Somerville/ME</url>
<lat>44.3083</lat>
<lon>-69.4553</lon>
<active>1</active>
</city>
<city>
<id>410686</id>
<name>South Berwick</name>
<state>ME</state>
<rating>8</rating>
<url>http://www.greatschools.org/city/South_Berwick/ME</url>
<lat>43.2303</lat>
<lon>-70.7824</lon>
<active>1</active>
</city>
<city>
<id>410843</id>
<name>South Bristol</name>
<state>ME</state>
<rating>10</rating>
<url>http://www.greatschools.org/city/South_Bristol/ME</url>
<lat>43.8681</lat>
<lon>-69.5603</lon>
<active>1</active>
</city>
<city>
<id>442490</id>
<name>South Casco</name>
<state>ME</state>
<rating/>
<url>http://www.greatschools.org/city/South_Casco/ME</url>
<lat>43.9229</lat>
<lon>-70.4525</lon>
<active>1</active>
</city>
<city>
<id>410668</id>
<name>South China</name>
<state>ME</state>
<rating>6</rating>
<url>http://www.greatschools.org/city/South_China/ME</url>
<lat>44.4043</lat>
<lon>-69.5432</lon>
<active>1</active>
</city>
<city>
<id>441850</id>
<name>South Freeport</name>
<state>ME</state>
<rating/>
<url>http://www.greatschools.org/city/South_Freeport/ME</url>
<lat>43.858</lat>
<lon>-70.1041</lon>
<active>1</active>
</city>
<city>
<id>443587</id>
<name>South Gardiner</name>
<state>ME</state>
<rating>7</rating>
<url>http://www.greatschools.org/city/South_Gardiner/ME</url>
<lat>44.211</lat>
<lon>-69.795</lon>
<active>1</active>
</city>
<city>
<id>410736</id>
<name>South Paris</name>
<state>ME</state>
<rating>5</rating>
<url>http://www.greatschools.org/city/South_Paris/ME</url>
<lat>44.224</lat>
<lon>-70.5134</lon>
<active>1</active>
</city>
<city>
<id>410675</id>
<name>South Portland</name>
<state>ME</state>
<rating>7</rating>
<url>http://www.greatschools.org/city/South_Portland/ME</url>
<lat>43.6314</lat>
<lon>-70.2698</lon>
<active>1</active>
</city>
<city>
<id>410859</id>
<name>South Thomaston</name>
<state>ME</state>
<rating/>
<url>http://www.greatschools.org/city/South_Thomaston/ME</url>
<lat>44.0358</lat>
<lon>-69.1408</lon>
<active>1</active>
</city>
<city>
<id>410841</id>
<name>Southport</name>
<state>ME</state>
<rating/>
<url>http://www.greatschools.org/city/Southport/ME</url>
<lat>43.8216</lat>
<lon>-69.6674</lon>
<active>1</active>
</city>
<city>
<id>410683</id>
<name>Southwest Harbor</name>
<state>ME</state>
<rating>8</rating>
<url>http://www.greatschools.org/city/Southwest_Harbor/ME</url>
<lat>44.2794</lat>
<lon>-68.3259</lon>
<active>1</active>
</city>
<city>
<id>444478</id>
<name>Springfield</name>
<state>ME</state>
<rating/>
<url>http://www.greatschools.org/city/Springfield/ME</url>
<lat>45.3943</lat>
<lon>-68.1455</lon>
<active>1</active>
</city>
<city>
<id>442489</id>
<name>Springvale</name>
<state>ME</state>
<rating>4</rating>
<url>http://www.greatschools.org/city/Springvale/ME</url>
<lat>43.466</lat>
<lon>-70.7952</lon>
<active>1</active>
</city>
<city>
<id>410795</id>
<name>St. Albans</name>
<state>ME</state>
<rating>6</rating>
<url>http://www.greatschools.org/city/St._Albans/ME</url>
<lat>44.9289</lat>
<lon>-69.3944</lon>
<active>1</active>
</city>
<city>
<id>410901</id>
<name>Stacyville</name>
<state>ME</state>
<rating>5</rating>
<url>http://www.greatschools.org/city/Stacyville/ME</url>
<lat>45.8919</lat>
<lon>-68.4531</lon>
<active>1</active>
</city>
<city>
<id>410855</id>
<name>Standish</name>
<state>ME</state>
<rating>6</rating>
<url>http://www.greatschools.org/city/Standish/ME</url>
<lat>43.7658</lat>
<lon>-70.5481</lon>
<active>1</active>
</city>
<city>
<id>410791</id>
<name>Starks</name>
<state>ME</state>
<rating/>
<url>http://www.greatschools.org/city/Starks/ME</url>
<lat>44.7853</lat>
<lon>-69.9116</lon>
<active>1</active>
</city>
<city>
<id>410699</id>
<name>Steep Falls</name>
<state>ME</state>
<rating>8</rating>
<url>http://www.greatschools.org/city/Steep_Falls/ME</url>
<lat>43.7621</lat>
<lon>-70.6421</lon>
<active>1</active>
</city>
<city>
<id>410693</id>
<name>Stetson</name>
<state>ME</state>
<rating/>
<url>http://www.greatschools.org/city/Stetson/ME</url>
<lat>44.8845</lat>
<lon>-69.106</lon>
<active>1</active>
</city>
<city>
<id>410839</id>
<name>Steuben</name>
<state>ME</state>
<rating>4</rating>
<url>http://www.greatschools.org/city/Steuben/ME</url>
<lat>44.4934</lat>
<lon>-67.943</lon>
<active>1</active>
</city>
<city>
<id>410783</id>
<name>Stockton Springs</name>
<state>ME</state>
<rating>9</rating>
<url>http://www.greatschools.org/city/Stockton_Springs/ME</url>
<lat>44.5153</lat>
<lon>-68.8563</lon>
<active>1</active>
</city>
<city>
<id>442488</id>
<name>Stonington</name>
<state>ME</state>
<rating/>
<url>http://www.greatschools.org/city/Stonington/ME</url>
<lat>44.1769</lat>
<lon>-68.6734</lon>
<active>1</active>
</city>
<city>
<id>444518</id>
<name>Stow</name>
<state>ME</state>
<rating/>
<url>http://www.greatschools.org/city/Stow/ME</url>
<lat>44.2245</lat>
<lon>-70.9986</lon>
<active>1</active>
</city>
<city>
<id>442487</id>
<name>Stratton</name>
<state>ME</state>
<rating>8</rating>
<url>http://www.greatschools.org/city/Stratton/ME</url>
<lat>45.1322</lat>
<lon>-70.4393</lon>
<active>1</active>
</city>
<city>
<id>410815</id>
<name>Strong</name>
<state>ME</state>
<rating>8</rating>
<url>http://www.greatschools.org/city/Strong/ME</url>
<lat>44.8247</lat>
<lon>-70.2186</lon>
<active>1</active>
</city>
<city>
<id>410846</id>
<name>Sullivan</name>
<state>ME</state>
<rating>5</rating>
<url>http://www.greatschools.org/city/Sullivan/ME</url>
<lat>44.5049</lat>
<lon>-68.2394</lon>
<active>1</active>
</city>
<city>
<id>410878</id>
<name>Sumner</name>
<state>ME</state>
<rating>6</rating>
<url>http://www.greatschools.org/city/Sumner/ME</url>
<lat>44.3729</lat>
<lon>-70.4215</lon>
<active>1</active>
</city>
<city>
<id>442486</id>
<name>Sunset</name>
<state>ME</state>
<rating/>
<url>http://www.greatschools.org/city/Sunset/ME</url>
<lat>44.2187</lat>
<lon>-68.7053</lon>
<active>1</active>
</city>
<city>
<id>410838</id>
<name>Surry</name>
<state>ME</state>
<rating>8</rating>
<url>http://www.greatschools.org/city/Surry/ME</url>
<lat>44.4896</lat>
<lon>-68.5115</lon>
<active>1</active>
</city>
<city>
<id>410850</id>
<name>Swans Island</name>
<state>ME</state>
<rating/>
<url>http://www.greatschools.org/city/Swans_Island/ME</url>
<lat>44.1563</lat>
<lon>-68.4281</lon>
<active>1</active>
</city>
<city>
<id>410731</id>
<name>Swanville</name>
<state>ME</state>
<rating>6</rating>
<url>http://www.greatschools.org/city/Swanville/ME</url>
<lat>44.521</lat>
<lon>-69.0056</lon>
<active>1</active>
</city>
<city>
<id>442485</id>
<name>Tenants Harbor</name>
<state>ME</state>
<rating>6</rating>
<url>http://www.greatschools.org/city/Tenants_Harbor/ME</url>
<lat>43.9576</lat>
<lon>-69.2293</lon>
<active>1</active>
</city>
<city>
<id>445129</id>
<name>Tenants Hbr</name>
<state>ME</state>
<rating/>
<url>http://www.greatschools.org/city/Tenants_Hbr/ME</url>
<lat>43.9547</lat>
<lon>-69.2505</lon>
<active>1</active>
</city>
<city>
<id>410805</id>
<name>Thomaston</name>
<state>ME</state>
<rating>6</rating>
<url>http://www.greatschools.org/city/Thomaston/ME</url>
<lat>44.0786</lat>
<lon>-69.1848</lon>
<active>1</active>
</city>
<city>
<id>410874</id>
<name>Thorndike</name>
<state>ME</state>
<rating>2</rating>
<url>http://www.greatschools.org/city/Thorndike/ME</url>
<lat>44.5726</lat>
<lon>-69.2487</lon>
<active>1</active>
</city>
<city>
<id>410972</id>
<name>Topsfield</name>
<state>ME</state>
<rating/>
<url>http://www.greatschools.org/city/Topsfield/ME</url>
<lat>45.4262</lat>
<lon>-67.7502</lon>
<active>1</active>
</city>
<city>
<id>410747</id>
<name>Topsham</name>
<state>ME</state>
<rating>7</rating>
<url>http://www.greatschools.org/city/Topsham/ME</url>
<lat>43.9337</lat>
<lon>-69.951</lon>
<active>1</active>
</city>
<city>
<id>410723</id>
<name>Trenton</name>
<state>ME</state>
<rating>6</rating>
<url>http://www.greatschools.org/city/Trenton/ME</url>
<lat>44.521</lat>
<lon>-68.3964</lon>
<active>1</active>
</city>
<city>
<id>445130</id>
<name>Trevett</name>
<state>ME</state>
<rating/>
<url>http://www.greatschools.org/city/Trevett/ME</url>
<lat>43.8817</lat>
<lon>-69.6727</lon>
<active>1</active>
</city>
<city>
<id>410873</id>
<name>Troy</name>
<state>ME</state>
<rating>4</rating>
<url>http://www.greatschools.org/city/Troy/ME</url>
<lat>44.6797</lat>
<lon>-69.2503</lon>
<active>1</active>
</city>
<city>
<id>410748</id>
<name>Turner</name>
<state>ME</state>
<rating>7</rating>
<url>http://www.greatschools.org/city/Turner/ME</url>
<lat>44.2639</lat>
<lon>-70.2493</lon>
<active>1</active>
</city>
<city>
<id>410753</id>
<name>Union</name>
<state>ME</state>
<rating>5</rating>
<url>http://www.greatschools.org/city/Union/ME</url>
<lat>44.2475</lat>
<lon>-69.272</lon>
<active>1</active>
</city>
<city>
<id>410872</id>
<name>Unity</name>
<state>ME</state>
<rating/>
<url>http://www.greatschools.org/city/Unity/ME</url>
<lat>44.6139</lat>
<lon>-69.3394</lon>
<active>1</active>
</city>
<city>
<id>410902</id>
<name>Van Buren</name>
<state>ME</state>
<rating>2</rating>
<url>http://www.greatschools.org/city/Van_Buren/ME</url>
<lat>47.1645</lat>
<lon>-67.9463</lon>
<active>1</active>
</city>
<city>
<id>410836</id>
<name>Vanceboro</name>
<state>ME</state>
<rating/>
<url>http://www.greatschools.org/city/Vanceboro/ME</url>
<lat>45.5648</lat>
<lon>-67.4442</lon>
<active>1</active>
</city>
<city>
<id>410835</id>
<name>Vassalboro</name>
<state>ME</state>
<rating>6</rating>
<url>http://www.greatschools.org/city/Vassalboro/ME</url>
<lat>44.4319</lat>
<lon>-69.6361</lon>
<active>1</active>
</city>
<city>
<id>410834</id>
<name>Veazie</name>
<state>ME</state>
<rating>8</rating>
<url>http://www.greatschools.org/city/Veazie/ME</url>
<lat>44.8327</lat>
<lon>-68.7077</lon>
<active>1</active>
</city>
<city>
<id>445131</id>
<name>Verona Island</name>
<state>ME</state>
<rating/>
<url>http://www.greatschools.org/city/Verona_Island/ME</url>
<lat>44.5523</lat>
<lon>-68.7975</lon>
<active>1</active>
</city>
<city>
<id>410676</id>
<name>Vinalhaven</name>
<state>ME</state>
<rating>4</rating>
<url>http://www.greatschools.org/city/Vinalhaven/ME</url>
<lat>44.0563</lat>
<lon>-68.832</lon>
<active>1</active>
</city>
<city>
<id>410833</id>
<name>Waldo</name>
<state>ME</state>
<rating/>
<url>http://www.greatschools.org/city/Waldo/ME</url>
<lat>44.4608</lat>
<lon>-69.1234</lon>
<active>1</active>
</city>
<city>
<id>410870</id>
<name>Waldoboro</name>
<state>ME</state>
<rating>3</rating>
<url>http://www.greatschools.org/city/Waldoboro/ME</url>
<lat>44.0947</lat>
<lon>-69.3782</lon>
<active>1</active>
</city>
<city>
<id>410832</id>
<name>Wales</name>
<state>ME</state>
<rating/>
<url>http://www.greatschools.org/city/Wales/ME</url>
<lat>44.1804</lat>
<lon>-69.9945</lon>
<active>1</active>
</city>
<city>
<id>410714</id>
<name>Warren</name>
<state>ME</state>
<rating>5</rating>
<url>http://www.greatschools.org/city/Warren/ME</url>
<lat>44.125</lat>
<lon>-69.2417</lon>
<active>1</active>
</city>
<city>
<id>410862</id>
<name>Washburn</name>
<state>ME</state>
<rating>4</rating>
<url>http://www.greatschools.org/city/Washburn/ME</url>
<lat>46.7932</lat>
<lon>-68.1454</lon>
<active>1</active>
</city>
<city>
<id>410869</id>
<name>Washington</name>
<state>ME</state>
<rating>5</rating>
<url>http://www.greatschools.org/city/Washington/ME</url>
<lat>44.2702</lat>
<lon>-69.3874</lon>
<active>1</active>
</city>
<city>
<id>410781</id>
<name>Waterboro</name>
<state>ME</state>
<rating>4</rating>
<url>http://www.greatschools.org/city/Waterboro/ME</url>
<lat>43.5615</lat>
<lon>-70.7355</lon>
<active>1</active>
</city>
<city>
<id>410913</id>
<name>Waterford</name>
<state>ME</state>
<rating/>
<url>http://www.greatschools.org/city/Waterford/ME</url>
<lat>44.1491</lat>
<lon>-70.7896</lon>
<active>1</active>
</city>
<city>
<id>410728</id>
<name>Waterville</name>
<state>ME</state>
<rating>5</rating>
<url>http://www.greatschools.org/city/Waterville/ME</url>
<lat>44.5519</lat>
<lon>-69.6453</lon>
<active>1</active>
</city>
<city>
<id>410831</id>
<name>Wayne</name>
<state>ME</state>
<rating>10</rating>
<url>http://www.greatschools.org/city/Wayne/ME</url>
<lat>44.3514</lat>
<lon>-70.0714</lon>
<active>1</active>
</city>
<city>
<id>410830</id>
<name>Wells</name>
<state>ME</state>
<rating>8</rating>
<url>http://www.greatschools.org/city/Wells/ME</url>
<lat>43.3212</lat>
<lon>-70.6244</lon>
<active>1</active>
</city>
<city>
<id>410829</id>
<name>Wesley</name>
<state>ME</state>
<rating/>
<url>http://www.greatschools.org/city/Wesley/ME</url>
<lat>44.7188</lat>
<lon>-67.4799</lon>
<active>1</active>
</city>
<city>
<id>410752</id>
<name>West Baldwin</name>
<state>ME</state>
<rating>6</rating>
<url>http://www.greatschools.org/city/West_Baldwin/ME</url>
<lat>43.8312</lat>
<lon>-70.7495</lon>
<active>1</active>
</city>
<city>
<id>446102</id>
<name>West Bath</name>
<state>ME</state>
<rating/>
<url>http://www.greatschools.org/city/West_Bath/ME</url>
<lat>43.9231</lat>
<lon>-69.86</lon>
<active>1</active>
</city>
<city>
<id>442484</id>
<name>West Farmington</name>
<state>ME</state>
<rating/>
<url>http://www.greatschools.org/city/West_Farmington/ME</url>
<lat>44.6649</lat>
<lon>-70.1301</lon>
<active>1</active>
</city>
<city>
<id>445132</id>
<name>West Gardiner</name>
<state>ME</state>
<rating/>
<url>http://www.greatschools.org/city/West_Gardiner/ME</url>
<lat>44.2354</lat>
<lon>-69.8149</lon>
<active>1</active>
</city>
<city>
<id>442483</id>
<name>West Kennebunk</name>
<state>ME</state>
<rating/>
<url>http://www.greatschools.org/city/West_Kennebunk/ME</url>
<lat>43.4113</lat>
<lon>-70.5795</lon>
<active>1</active>
</city>
<city>
<id>442480</id>
<name>West Newfield</name>
<state>ME</state>
<rating>6</rating>
<url>http://www.greatschools.org/city/West_Newfield/ME</url>
<lat>43.6396</lat>
<lon>-70.9063</lon>
<active>1</active>
</city>
<city>
<id>410915</id>
<name>West Paris</name>
<state>ME</state>
<rating>5</rating>
<url>http://www.greatschools.org/city/West_Paris/ME</url>
<lat>44.3296</lat>
<lon>-70.5414</lon>
<active>1</active>
</city>
<city>
<id>442479</id>
<name>West Rockport</name>
<state>ME</state>
<rating/>
<url>http://www.greatschools.org/city/West_Rockport/ME</url>
<lat>44.1743</lat>
<lon>-69.107</lon>
<active>1</active>
</city>
<city>
<id>410698</id>
<name>Westbrook</name>
<state>ME</state>
<rating>3</rating>
<url>http://www.greatschools.org/city/Westbrook/ME</url>
<lat>43.6858</lat>
<lon>-70.3568</lon>
<active>1</active>
</city>
<city>
<id>410828</id>
<name>Whitefield</name>
<state>ME</state>
<rating>3</rating>
<url>http://www.greatschools.org/city/Whitefield/ME</url>
<lat>44.2182</lat>
<lon>-69.6065</lon>
<active>1</active>
</city>
<city>
<id>410848</id>
<name>Whiting</name>
<state>ME</state>
<rating/>
<url>http://www.greatschools.org/city/Whiting/ME</url>
<lat>44.8511</lat>
<lon>-67.062</lon>
<active>1</active>
</city>
<city>
<id>410719</id>
<name>Wilton</name>
<state>ME</state>
<rating>5</rating>
<url>http://www.greatschools.org/city/Wilton/ME</url>
<lat>44.5915</lat>
<lon>-70.227</lon>
<active>1</active>
</city>
<city>
<id>410722</id>
<name>Windham</name>
<state>ME</state>
<rating>6</rating>
<url>http://www.greatschools.org/city/Windham/ME</url>
<lat>43.7995</lat>
<lon>-70.4121</lon>
<active>1</active>
</city>
<city>
<id>410827</id>
<name>Windsor</name>
<state>ME</state>
<rating>7</rating>
<url>http://www.greatschools.org/city/Windsor/ME</url>
<lat>44.3032</lat>
<lon>-69.5761</lon>
<active>1</active>
</city>
<city>
<id>410894</id>
<name>Winn</name>
<state>ME</state>
<rating>2</rating>
<url>http://www.greatschools.org/city/Winn/ME</url>
<lat>45.455</lat>
<lon>-68.3465</lon>
<active>1</active>
</city>
<city>
<id>410762</id>
<name>Winslow</name>
<state>ME</state>
<rating>5</rating>
<url>http://www.greatschools.org/city/Winslow/ME</url>
<lat>44.5366</lat>
<lon>-69.6049</lon>
<active>1</active>
</city>
<city>
<id>410826</id>
<name>Winter Harbor</name>
<state>ME</state>
<rating/>
<url>http://www.greatschools.org/city/Winter_Harbor/ME</url>
<lat>44.3966</lat>
<lon>-68.0842</lon>
<active>1</active>
</city>
<city>
<id>410906</id>
<name>Winterport</name>
<state>ME</state>
<rating>7</rating>
<url>http://www.greatschools.org/city/Winterport/ME</url>
<lat>44.6426</lat>
<lon>-68.8547</lon>
<active>1</active>
</city>
<city>
<id>410674</id>
<name>Winthrop</name>
<state>ME</state>
<rating>8</rating>
<url>http://www.greatschools.org/city/Winthrop/ME</url>
<lat>44.3108</lat>
<lon>-69.9668</lon>
<active>1</active>
</city>
<city>
<id>410733</id>
<name>Wiscasset</name>
<state>ME</state>
<rating>6</rating>
<url>http://www.greatschools.org/city/Wiscasset/ME</url>
<lat>44.0087</lat>
<lon>-69.6712</lon>
<active>1</active>
</city>
<city>
<id>410825</id>
<name>Woodland</name>
<state>ME</state>
<rating>3</rating>
<url>http://www.greatschools.org/city/Woodland/ME</url>
<lat>45.1549</lat>
<lon>-67.4092</lon>
<active>1</active>
</city>
<city>
<id>410741</id>
<name>Woolwich</name>
<state>ME</state>
<rating>7</rating>
<url>http://www.greatschools.org/city/Woolwich/ME</url>
<lat>43.9615</lat>
<lon>-69.7701</lon>
<active>1</active>
</city>
<city>
<id>410755</id>
<name>Yarmouth</name>
<state>ME</state>
<rating>10</rating>
<url>http://www.greatschools.org/city/Yarmouth/ME</url>
<lat>43.7982</lat>
<lon>-70.1952</lon>
<active>1</active>
</city>
<city>
<id>410705</id>
<name>York</name>
<state>ME</state>
<rating>9</rating>
<url>http://www.greatschools.org/city/York/ME</url>
<lat>43.1555</lat>
<lon>-70.6568</lon>
<active>1</active>
</city>
</greatschools-city-feed>
