<?xml version="1.0" encoding="utf-8"?><greatschools-city-feed xmlns:xsi="http://www.w3.org/2001/XMLSchema-instance" xsi:noNamespaceSchemaLocation="http://www.greatschools.org/feeds/greatschools-city2.xsd">
<city>
<id>415478</id>
<name>Alamo</name>
<state>NV</state>
<rating>3</rating>
<url>http://www.greatschools.org/city/Alamo/NV</url>
<lat>37.3788</lat>
<lon>-115.222</lon>
<active>1</active>
</city>
<city>
<id>441821</id>
<name>Amargosa</name>
<state>NV</state>
<rating>1</rating>
<url>http://www.greatschools.org/city/Amargosa/NV</url>
<lat>36.5689</lat>
<lon>-116.582</lon>
<active>1</active>
</city>
<city>
<id>415473</id>
<name>Amargosa Valley</name>
<state>NV</state>
<rating/>
<url>http://www.greatschools.org/city/Amargosa_Valley/NV</url>
<lat>36.7115</lat>
<lon>-116.595</lon>
<active>1</active>
</city>
<city>
<id>415483</id>
<name>Austin</name>
<state>NV</state>
<rating/>
<url>http://www.greatschools.org/city/Austin/NV</url>
<lat>39.4961</lat>
<lon>-117.093</lon>
<active>1</active>
</city>
<city>
<id>415461</id>
<name>Baker</name>
<state>NV</state>
<rating/>
<url>http://www.greatschools.org/city/Baker/NV</url>
<lat>39.0331</lat>
<lon>-114.242</lon>
<active>1</active>
</city>
<city>
<id>415482</id>
<name>Battle Mountain</name>
<state>NV</state>
<rating>7</rating>
<url>http://www.greatschools.org/city/Battle_Mountain/NV</url>
<lat>40.6407</lat>
<lon>-116.94</lon>
<active>1</active>
</city>
<city>
<id>415472</id>
<name>Beatty</name>
<state>NV</state>
<rating>6</rating>
<url>http://www.greatschools.org/city/Beatty/NV</url>
<lat>36.911</lat>
<lon>-116.751</lon>
<active>1</active>
</city>
<city>
<id>415511</id>
<name>Blue Diamond</name>
<state>NV</state>
<rating/>
<url>http://www.greatschools.org/city/Blue_Diamond/NV</url>
<lat>36.0429</lat>
<lon>-115.405</lon>
<active>1</active>
</city>
<city>
<id>415446</id>
<name>Boulder City</name>
<state>NV</state>
<rating>8</rating>
<url>http://www.greatschools.org/city/Boulder_City/NV</url>
<lat>35.9736</lat>
<lon>-114.838</lon>
<active>1</active>
</city>
<city>
<id>415503</id>
<name>Bunkerville</name>
<state>NV</state>
<rating>5</rating>
<url>http://www.greatschools.org/city/Bunkerville/NV</url>
<lat>36.7668</lat>
<lon>-114.128</lon>
<active>1</active>
</city>
<city>
<id>415481</id>
<name>Caliente</name>
<state>NV</state>
<rating>1</rating>
<url>http://www.greatschools.org/city/Caliente/NV</url>
<lat>37.6155</lat>
<lon>-114.515</lon>
<active>1</active>
</city>
<city>
<id>415500</id>
<name>Carlin</name>
<state>NV</state>
<rating>3</rating>
<url>http://www.greatschools.org/city/Carlin/NV</url>
<lat>40.7153</lat>
<lon>-116.111</lon>
<active>1</active>
</city>
<city>
<id>415439</id>
<name>Carson City</name>
<state>NV</state>
<rating>6</rating>
<url>http://www.greatschools.org/city/Carson_City/NV</url>
<lat>39.1659</lat>
<lon>-119.754</lon>
<active>1</active>
</city>
<city>
<id>415490</id>
<name>Crescent Valley</name>
<state>NV</state>
<rating/>
<url>http://www.greatschools.org/city/Crescent_Valley/NV</url>
<lat>40.4404</lat>
<lon>-116.509</lon>
<active>1</active>
</city>
<city>
<id>445378</id>
<name>Crystal Bay</name>
<state>NV</state>
<rating/>
<url>http://www.greatschools.org/city/Crystal_Bay/NV</url>
<lat>39.2278</lat>
<lon>-120.005</lon>
<active>1</active>
</city>
<city>
<id>415475</id>
<name>Dayton</name>
<state>NV</state>
<rating>6</rating>
<url>http://www.greatschools.org/city/Dayton/NV</url>
<lat>39.2614</lat>
<lon>-119.573</lon>
<active>1</active>
</city>
<city>
<id>415488</id>
<name>Denio</name>
<state>NV</state>
<rating/>
<url>http://www.greatschools.org/city/Denio/NV</url>
<lat>41.625</lat>
<lon>-118.774</lon>
<active>1</active>
</city>
<city>
<id>415471</id>
<name>Duckwater</name>
<state>NV</state>
<rating/>
<url>http://www.greatschools.org/city/Duckwater/NV</url>
<lat>38.8746</lat>
<lon>-115.024</lon>
<active>1</active>
</city>
<city>
<id>415493</id>
<name>Dyer</name>
<state>NV</state>
<rating/>
<url>http://www.greatschools.org/city/Dyer/NV</url>
<lat>37.7099</lat>
<lon>-117.897</lon>
<active>1</active>
</city>
<city>
<id>415456</id>
<name>Elko</name>
<state>NV</state>
<rating>5</rating>
<url>http://www.greatschools.org/city/Elko/NV</url>
<lat>40.8364</lat>
<lon>-115.769</lon>
<active>1</active>
</city>
<city>
<id>415458</id>
<name>Ely</name>
<state>NV</state>
<rating/>
<url>http://www.greatschools.org/city/Ely/NV</url>
<lat>39.2507</lat>
<lon>-114.876</lon>
<active>1</active>
</city>
<city>
<id>415489</id>
<name>Eureka</name>
<state>NV</state>
<rating>9</rating>
<url>http://www.greatschools.org/city/Eureka/NV</url>
<lat>39.5917</lat>
<lon>-115.989</lon>
<active>1</active>
</city>
<city>
<id>415444</id>
<name>Fallon</name>
<state>NV</state>
<rating>6</rating>
<url>http://www.greatschools.org/city/Fallon/NV</url>
<lat>39.4737</lat>
<lon>-118.78</lon>
<active>1</active>
</city>
<city>
<id>415440</id>
<name>Fernley</name>
<state>NV</state>
<rating>8</rating>
<url>http://www.greatschools.org/city/Fernley/NV</url>
<lat>39.5994</lat>
<lon>-119.232</lon>
<active>1</active>
</city>
<city>
<id>415470</id>
<name>Gabbs</name>
<state>NV</state>
<rating/>
<url>http://www.greatschools.org/city/Gabbs/NV</url>
<lat>38.8626</lat>
<lon>-117.929</lon>
<active>1</active>
</city>
<city>
<id>415447</id>
<name>Gardnerville</name>
<state>NV</state>
<rating>8</rating>
<url>http://www.greatschools.org/city/Gardnerville/NV</url>
<lat>38.9394</lat>
<lon>-119.745</lon>
<active>1</active>
</city>
<city>
<id>415442</id>
<name>Gerlach</name>
<state>NV</state>
<rating/>
<url>http://www.greatschools.org/city/Gerlach/NV</url>
<lat>40.767</lat>
<lon>-119.376</lon>
<active>1</active>
</city>
<city>
<id>415492</id>
<name>Goldfield</name>
<state>NV</state>
<rating/>
<url>http://www.greatschools.org/city/Goldfield/NV</url>
<lat>37.7056</lat>
<lon>-117.239</lon>
<active>1</active>
</city>
<city>
<id>415510</id>
<name>Goodsprings</name>
<state>NV</state>
<rating/>
<url>http://www.greatschools.org/city/Goodsprings/NV</url>
<lat>35.8326</lat>
<lon>-115.437</lon>
<active>1</active>
</city>
<city>
<id>415453</id>
<name>Hawthorne</name>
<state>NV</state>
<rating>4</rating>
<url>http://www.greatschools.org/city/Hawthorne/NV</url>
<lat>38.5237</lat>
<lon>-118.624</lon>
<active>1</active>
</city>
<city>
<id>415435</id>
<name>Henderson</name>
<state>NV</state>
<rating>8</rating>
<url>http://www.greatschools.org/city/Henderson/NV</url>
<lat>36.0353</lat>
<lon>-115.038</lon>
<active>1</active>
</city>
<city>
<id>415455</id>
<name>Incline Village</name>
<state>NV</state>
<rating>6</rating>
<url>http://www.greatschools.org/city/Incline_Village/NV</url>
<lat>39.2549</lat>
<lon>-119.955</lon>
<active>1</active>
</city>
<city>
<id>415502</id>
<name>Indian Springs</name>
<state>NV</state>
<rating>8</rating>
<url>http://www.greatschools.org/city/Indian_Springs/NV</url>
<lat>36.5722</lat>
<lon>-115.671</lon>
<active>1</active>
</city>
<city>
<id>415495</id>
<name>Jackpot</name>
<state>NV</state>
<rating/>
<url>http://www.greatschools.org/city/Jackpot/NV</url>
<lat>41.9674</lat>
<lon>-114.707</lon>
<active>1</active>
</city>
<city>
<id>415436</id>
<name>Las Vegas</name>
<state>NV</state>
<rating>5</rating>
<url>http://www.greatschools.org/city/Las_Vegas/NV</url>
<lat>36.1874</lat>
<lon>-115.215</lon>
<active>1</active>
</city>
<city>
<id>445379</id>
<name>Lathrop Wells</name>
<state>NV</state>
<rating/>
<url>http://www.greatschools.org/city/Lathrop_Wells/NV</url>
<lat>36.5327</lat>
<lon>-116.467</lon>
<active>1</active>
</city>
<city>
<id>415504</id>
<name>Laughlin</name>
<state>NV</state>
<rating>4</rating>
<url>http://www.greatschools.org/city/Laughlin/NV</url>
<lat>35.1369</lat>
<lon>-114.627</lon>
<active>1</active>
</city>
<city>
<id>415506</id>
<name>Logandale</name>
<state>NV</state>
<rating>7</rating>
<url>http://www.greatschools.org/city/Logandale/NV</url>
<lat>36.6034</lat>
<lon>-114.444</lon>
<active>1</active>
</city>
<city>
<id>415466</id>
<name>Lovelock</name>
<state>NV</state>
<rating>4</rating>
<url>http://www.greatschools.org/city/Lovelock/NV</url>
<lat>40.1795</lat>
<lon>-118.479</lon>
<active>1</active>
</city>
<city>
<id>415460</id>
<name>Lund</name>
<state>NV</state>
<rating/>
<url>http://www.greatschools.org/city/Lund/NV</url>
<lat>38.8746</lat>
<lon>-115.024</lon>
<active>1</active>
</city>
<city>
<id>415487</id>
<name>McDermitt</name>
<state>NV</state>
<rating/>
<url>http://www.greatschools.org/city/McDermitt/NV</url>
<lat>41.9577</lat>
<lon>-117.657</lon>
<active>1</active>
</city>
<city>
<id>415459</id>
<name>McGill</name>
<state>NV</state>
<rating>1</rating>
<url>http://www.greatschools.org/city/McGill/NV</url>
<lat>39.4005</lat>
<lon>-114.779</lon>
<active>1</active>
</city>
<city>
<id>445380</id>
<name>Meadow Mesa</name>
<state>NV</state>
<rating/>
<url>http://www.greatschools.org/city/Meadow_Mesa/NV</url>
<lat>36.2137</lat>
<lon>-115.177</lon>
<active>1</active>
</city>
<city>
<id>415445</id>
<name>Mesquite</name>
<state>NV</state>
<rating>5</rating>
<url>http://www.greatschools.org/city/Mesquite/NV</url>
<lat>36.8076</lat>
<lon>-114.077</lon>
<active>1</active>
</city>
<city>
<id>415443</id>
<name>Minden</name>
<state>NV</state>
<rating>9</rating>
<url>http://www.greatschools.org/city/Minden/NV</url>
<lat>38.96</lat>
<lon>-119.773</lon>
<active>1</active>
</city>
<city>
<id>415505</id>
<name>Moapa</name>
<state>NV</state>
<rating>6</rating>
<url>http://www.greatschools.org/city/Moapa/NV</url>
<lat>36.6034</lat>
<lon>-114.444</lon>
<active>1</active>
</city>
<city>
<id>415499</id>
<name>Montello</name>
<state>NV</state>
<rating/>
<url>http://www.greatschools.org/city/Montello/NV</url>
<lat>41.2825</lat>
<lon>-114.191</lon>
<active>1</active>
</city>
<city>
<id>415509</id>
<name>Mount Charleston</name>
<state>NV</state>
<rating/>
<url>http://www.greatschools.org/city/Mount_Charleston/NV</url>
<lat>36.258</lat>
<lon>-115.63</lon>
<active>1</active>
</city>
<city>
<id>446273</id>
<name>N. Las Vegas</name>
<state>NV</state>
<rating/>
<url>http://www.greatschools.org/city/N._Las_Vegas/NV</url>
<lat>36.2662</lat>
<lon>-115.145</lon>
<active>1</active>
</city>
<city>
<id>444150</id>
<name>Nixon</name>
<state>NV</state>
<rating/>
<url>http://www.greatschools.org/city/Nixon/NV</url>
<lat>39.8264</lat>
<lon>-119.36</lon>
<active>1</active>
</city>
<city>
<id>415441</id>
<name>North Las Vegas</name>
<state>NV</state>
<rating>4</rating>
<url>http://www.greatschools.org/city/North_Las_Vegas/NV</url>
<lat>36.2238</lat>
<lon>-115.146</lon>
<active>1</active>
</city>
<city>
<id>415486</id>
<name>Orovada</name>
<state>NV</state>
<rating/>
<url>http://www.greatschools.org/city/Orovada/NV</url>
<lat>41.7813</lat>
<lon>-117.811</lon>
<active>1</active>
</city>
<city>
<id>415507</id>
<name>Overton</name>
<state>NV</state>
<rating>9</rating>
<url>http://www.greatschools.org/city/Overton/NV</url>
<lat>36.6034</lat>
<lon>-114.444</lon>
<active>1</active>
</city>
<city>
<id>415498</id>
<name>Owyhee</name>
<state>NV</state>
<rating>1</rating>
<url>http://www.greatschools.org/city/Owyhee/NV</url>
<lat>41.9642</lat>
<lon>-116.127</lon>
<active>1</active>
</city>
<city>
<id>415448</id>
<name>Pahrump</name>
<state>NV</state>
<rating>5</rating>
<url>http://www.greatschools.org/city/Pahrump/NV</url>
<lat>36.1969</lat>
<lon>-116.012</lon>
<active>1</active>
</city>
<city>
<id>415479</id>
<name>Panaca</name>
<state>NV</state>
<rating>4</rating>
<url>http://www.greatschools.org/city/Panaca/NV</url>
<lat>37.6187</lat>
<lon>-114.511</lon>
<active>1</active>
</city>
<city>
<id>415485</id>
<name>Paradise Valley</name>
<state>NV</state>
<rating/>
<url>http://www.greatschools.org/city/Paradise_Valley/NV</url>
<lat>41.5108</lat>
<lon>-117.522</lon>
<active>1</active>
</city>
<city>
<id>415480</id>
<name>Pioche</name>
<state>NV</state>
<rating/>
<url>http://www.greatschools.org/city/Pioche/NV</url>
<lat>37.8916</lat>
<lon>-114.408</lon>
<active>1</active>
</city>
<city>
<id>415437</id>
<name>Reno</name>
<state>NV</state>
<rating>7</rating>
<url>http://www.greatschools.org/city/Reno/NV</url>
<lat>39.5225</lat>
<lon>-119.819</lon>
<active>1</active>
</city>
<city>
<id>445382</id>
<name>Rixie</name>
<state>NV</state>
<rating/>
<url>http://www.greatschools.org/city/Rixie/NV</url>
<lat>40.3552</lat>
<lon>-116.985</lon>
<active>1</active>
</city>
<city>
<id>415468</id>
<name>Round Mountain</name>
<state>NV</state>
<rating>5</rating>
<url>http://www.greatschools.org/city/Round_Mountain/NV</url>
<lat>38.7365</lat>
<lon>-117.156</lon>
<active>1</active>
</city>
<city>
<id>415497</id>
<name>Ruby Valley</name>
<state>NV</state>
<rating/>
<url>http://www.greatschools.org/city/Ruby_Valley/NV</url>
<lat>40.3306</lat>
<lon>-115.407</lon>
<active>1</active>
</city>
<city>
<id>415454</id>
<name>Sandy Valley</name>
<state>NV</state>
<rating>5</rating>
<url>http://www.greatschools.org/city/Sandy_Valley/NV</url>
<lat>35.8263</lat>
<lon>-115.648</lon>
<active>1</active>
</city>
<city>
<id>415474</id>
<name>Schurz</name>
<state>NV</state>
<rating/>
<url>http://www.greatschools.org/city/Schurz/NV</url>
<lat>38.9562</lat>
<lon>-118.82</lon>
<active>1</active>
</city>
<city>
<id>415508</id>
<name>Searchlight</name>
<state>NV</state>
<rating/>
<url>http://www.greatschools.org/city/Searchlight/NV</url>
<lat>35.4659</lat>
<lon>-114.918</lon>
<active>1</active>
</city>
<city>
<id>415491</id>
<name>Silver Peak</name>
<state>NV</state>
<rating/>
<url>http://www.greatschools.org/city/Silver_Peak/NV</url>
<lat>37.756</lat>
<lon>-117.634</lon>
<active>1</active>
</city>
<city>
<id>415451</id>
<name>Silver Springs</name>
<state>NV</state>
<rating>6</rating>
<url>http://www.greatschools.org/city/Silver_Springs/NV</url>
<lat>39.376</lat>
<lon>-119.231</lon>
<active>1</active>
</city>
<city>
<id>415477</id>
<name>Smith</name>
<state>NV</state>
<rating>8</rating>
<url>http://www.greatschools.org/city/Smith/NV</url>
<lat>38.8831</lat>
<lon>-119.335</lon>
<active>1</active>
</city>
<city>
<id>415438</id>
<name>Sparks</name>
<state>NV</state>
<rating>7</rating>
<url>http://www.greatschools.org/city/Sparks/NV</url>
<lat>39.5542</lat>
<lon>-119.738</lon>
<active>1</active>
</city>
<city>
<id>415457</id>
<name>Spring Creek</name>
<state>NV</state>
<rating>7</rating>
<url>http://www.greatschools.org/city/Spring_Creek/NV</url>
<lat>40.7554</lat>
<lon>-115.612</lon>
<active>1</active>
</city>
<city>
<id>442865</id>
<name>Stateline</name>
<state>NV</state>
<rating/>
<url>http://www.greatschools.org/city/Stateline/NV</url>
<lat>38.9722</lat>
<lon>-119.943</lon>
<active>1</active>
</city>
<city>
<id>415462</id>
<name>Sun Valley</name>
<state>NV</state>
<rating/>
<url>http://www.greatschools.org/city/Sun_Valley/NV</url>
<lat>39.596</lat>
<lon>-119.773</lon>
<active>1</active>
</city>
<city>
<id>415469</id>
<name>Tonopah</name>
<state>NV</state>
<rating>6</rating>
<url>http://www.greatschools.org/city/Tonopah/NV</url>
<lat>38.0756</lat>
<lon>-117.236</lon>
<active>1</active>
</city>
<city>
<id>415452</id>
<name>Tuscarora</name>
<state>NV</state>
<rating/>
<url>http://www.greatschools.org/city/Tuscarora/NV</url>
<lat>41.1416</lat>
<lon>-116.661</lon>
<active>1</active>
</city>
<city>
<id>415463</id>
<name>Verdi</name>
<state>NV</state>
<rating>9</rating>
<url>http://www.greatschools.org/city/Verdi/NV</url>
<lat>39.5279</lat>
<lon>-119.895</lon>
<active>1</active>
</city>
<city>
<id>415465</id>
<name>Virginia City</name>
<state>NV</state>
<rating>8</rating>
<url>http://www.greatschools.org/city/Virginia_City/NV</url>
<lat>39.337</lat>
<lon>-119.615</lon>
<active>1</active>
</city>
<city>
<id>415464</id>
<name>Wadsworth</name>
<state>NV</state>
<rating>7</rating>
<url>http://www.greatschools.org/city/Wadsworth/NV</url>
<lat>39.6338</lat>
<lon>-119.291</lon>
<active>1</active>
</city>
<city>
<id>415450</id>
<name>Washoe Valley</name>
<state>NV</state>
<rating/>
<url>http://www.greatschools.org/city/Washoe_Valley/NV</url>
<lat>39.2887</lat>
<lon>-119.782</lon>
<active>1</active>
</city>
<city>
<id>415496</id>
<name>Wells</name>
<state>NV</state>
<rating>5</rating>
<url>http://www.greatschools.org/city/Wells/NV</url>
<lat>41.1099</lat>
<lon>-114.968</lon>
<active>1</active>
</city>
<city>
<id>415494</id>
<name>Wendover</name>
<state>NV</state>
<rating>2</rating>
<url>http://www.greatschools.org/city/Wendover/NV</url>
<lat>40.7355</lat>
<lon>-114.066</lon>
<active>1</active>
</city>
<city>
<id>415484</id>
<name>Winnemucca</name>
<state>NV</state>
<rating>5</rating>
<url>http://www.greatschools.org/city/Winnemucca/NV</url>
<lat>40.9681</lat>
<lon>-117.725</lon>
<active>1</active>
</city>
<city>
<id>415476</id>
<name>Yerington</name>
<state>NV</state>
<rating>7</rating>
<url>http://www.greatschools.org/city/Yerington/NV</url>
<lat>38.985</lat>
<lon>-119.164</lon>
<active>1</active>
</city>
<city>
<id>415501</id>
<name>Zephyr Cove</name>
<state>NV</state>
<rating>8</rating>
<url>http://www.greatschools.org/city/Zephyr_Cove/NV</url>
<lat>38.9964</lat>
<lon>-119.929</lon>
<active>1</active>
</city>
</greatschools-city-feed>
