<?xml version="1.0" encoding="utf-8"?><greatschools-city-feed xmlns:xsi="http://www.w3.org/2001/XMLSchema-instance" xsi:noNamespaceSchemaLocation="http://www.greatschools.org/feeds/greatschools-city2.xsd">
<city>
<id>442674</id>
<name>Abbeville</name>
<state>MS</state>
<rating/>
<url>http://www.greatschools.org/city/Abbeville/MS</url>
<lat>34.4999</lat>
<lon>-89.5011</lon>
<active>1</active>
</city>
<city>
<id>413006</id>
<name>Aberdeen</name>
<state>MS</state>
<rating>3</rating>
<url>http://www.greatschools.org/city/Aberdeen/MS</url>
<lat>33.8248</lat>
<lon>-88.5561</lon>
<active>1</active>
</city>
<city>
<id>413054</id>
<name>Ackerman</name>
<state>MS</state>
<rating>7</rating>
<url>http://www.greatschools.org/city/Ackerman/MS</url>
<lat>33.3106</lat>
<lon>-89.1735</lon>
<active>1</active>
</city>
<city>
<id>413042</id>
<name>Agricola</name>
<state>MS</state>
<rating>9</rating>
<url>http://www.greatschools.org/city/Agricola/MS</url>
<lat>30.8126</lat>
<lon>-88.5194</lon>
<active>1</active>
</city>
<city>
<id>412897</id>
<name>Amory</name>
<state>MS</state>
<rating>8</rating>
<url>http://www.greatschools.org/city/Amory/MS</url>
<lat>33.9867</lat>
<lon>-88.4809</lon>
<active>1</active>
</city>
<city>
<id>412975</id>
<name>Anguilla</name>
<state>MS</state>
<rating>6</rating>
<url>http://www.greatschools.org/city/Anguilla/MS</url>
<lat>32.9739</lat>
<lon>-90.8282</lon>
<active>1</active>
</city>
<city>
<id>412924</id>
<name>Arcola</name>
<state>MS</state>
<rating/>
<url>http://www.greatschools.org/city/Arcola/MS</url>
<lat>33.2694</lat>
<lon>-90.8804</lon>
<active>1</active>
</city>
<city>
<id>413067</id>
<name>Ashland</name>
<state>MS</state>
<rating>3</rating>
<url>http://www.greatschools.org/city/Ashland/MS</url>
<lat>34.8333</lat>
<lon>-89.1793</lon>
<active>1</active>
</city>
<city>
<id>412943</id>
<name>Avon</name>
<state>MS</state>
<rating>6</rating>
<url>http://www.greatschools.org/city/Avon/MS</url>
<lat>33.2716</lat>
<lon>-91.0408</lon>
<active>1</active>
</city>
<city>
<id>413069</id>
<name>Baldwyn</name>
<state>MS</state>
<rating>6</rating>
<url>http://www.greatschools.org/city/Baldwyn/MS</url>
<lat>34.5092</lat>
<lon>-88.6369</lon>
<active>1</active>
</city>
<city>
<id>413027</id>
<name>Bassfield</name>
<state>MS</state>
<rating>4</rating>
<url>http://www.greatschools.org/city/Bassfield/MS</url>
<lat>31.4969</lat>
<lon>-89.7427</lon>
<active>1</active>
</city>
<city>
<id>412875</id>
<name>Batesville</name>
<state>MS</state>
<rating>6</rating>
<url>http://www.greatschools.org/city/Batesville/MS</url>
<lat>34.3142</lat>
<lon>-89.9515</lon>
<active>1</active>
</city>
<city>
<id>412931</id>
<name>Bay Springs</name>
<state>MS</state>
<rating>5</rating>
<url>http://www.greatschools.org/city/Bay_Springs/MS</url>
<lat>31.9799</lat>
<lon>-89.2858</lon>
<active>1</active>
</city>
<city>
<id>446163</id>
<name>Bay St Louis</name>
<state>MS</state>
<rating/>
<url>http://www.greatschools.org/city/Bay_St_Louis/MS</url>
<lat>30.3207</lat>
<lon>-89.349</lon>
<active>1</active>
</city>
<city>
<id>412817</id>
<name>Bay St. Louis</name>
<state>MS</state>
<rating>7</rating>
<url>http://www.greatschools.org/city/Bay_St._Louis/MS</url>
<lat>30.3145</lat>
<lon>-89.3418</lon>
<active>1</active>
</city>
<city>
<id>412991</id>
<name>Beaumont</name>
<state>MS</state>
<rating>3</rating>
<url>http://www.greatschools.org/city/Beaumont/MS</url>
<lat>31.1664</lat>
<lon>-88.9241</lon>
<active>1</active>
</city>
<city>
<id>412827</id>
<name>Belden</name>
<state>MS</state>
<rating/>
<url>http://www.greatschools.org/city/Belden/MS</url>
<lat>34.2961</lat>
<lon>-88.8248</lon>
<active>1</active>
</city>
<city>
<id>412896</id>
<name>Belmont</name>
<state>MS</state>
<rating>9</rating>
<url>http://www.greatschools.org/city/Belmont/MS</url>
<lat>34.5074</lat>
<lon>-88.2098</lon>
<active>1</active>
</city>
<city>
<id>412848</id>
<name>Belzoni</name>
<state>MS</state>
<rating>3</rating>
<url>http://www.greatschools.org/city/Belzoni/MS</url>
<lat>33.1814</lat>
<lon>-90.4859</lon>
<active>1</active>
</city>
<city>
<id>413065</id>
<name>Benoit</name>
<state>MS</state>
<rating>4</rating>
<url>http://www.greatschools.org/city/Benoit/MS</url>
<lat>33.6521</lat>
<lon>-91.0105</lon>
<active>1</active>
</city>
<city>
<id>412920</id>
<name>Benton</name>
<state>MS</state>
<rating/>
<url>http://www.greatschools.org/city/Benton/MS</url>
<lat>32.8323</lat>
<lon>-90.2417</lon>
<active>1</active>
</city>
<city>
<id>412942</id>
<name>Bentonia</name>
<state>MS</state>
<rating>4</rating>
<url>http://www.greatschools.org/city/Bentonia/MS</url>
<lat>32.6447</lat>
<lon>-90.3682</lon>
<active>1</active>
</city>
<city>
<id>412828</id>
<name>Biloxi</name>
<state>MS</state>
<rating>9</rating>
<url>http://www.greatschools.org/city/Biloxi/MS</url>
<lat>30.4148</lat>
<lon>-88.9408</lon>
<active>1</active>
</city>
<city>
<id>412966</id>
<name>Blue Mountain</name>
<state>MS</state>
<rating>5</rating>
<url>http://www.greatschools.org/city/Blue_Mountain/MS</url>
<lat>34.6692</lat>
<lon>-89.0292</lon>
<active>1</active>
</city>
<city>
<id>412954</id>
<name>Blue Springs</name>
<state>MS</state>
<rating>7</rating>
<url>http://www.greatschools.org/city/Blue_Springs/MS</url>
<lat>34.4009</lat>
<lon>-88.8735</lon>
<active>1</active>
</city>
<city>
<id>413013</id>
<name>Bogue Chitto</name>
<state>MS</state>
<rating>5</rating>
<url>http://www.greatschools.org/city/Bogue_Chitto/MS</url>
<lat>32.8378</lat>
<lon>-88.9308</lon>
<active>1</active>
</city>
<city>
<id>412891</id>
<name>Bolton</name>
<state>MS</state>
<rating>3</rating>
<url>http://www.greatschools.org/city/Bolton/MS</url>
<lat>32.3514</lat>
<lon>-90.4572</lon>
<active>1</active>
</city>
<city>
<id>412987</id>
<name>Booneville</name>
<state>MS</state>
<rating>8</rating>
<url>http://www.greatschools.org/city/Booneville/MS</url>
<lat>34.6598</lat>
<lon>-88.5606</lon>
<active>1</active>
</city>
<city>
<id>413062</id>
<name>Boyle</name>
<state>MS</state>
<rating>5</rating>
<url>http://www.greatschools.org/city/Boyle/MS</url>
<lat>33.7029</lat>
<lon>-90.7258</lon>
<active>1</active>
</city>
<city>
<id>412821</id>
<name>Brandon</name>
<state>MS</state>
<rating>9</rating>
<url>http://www.greatschools.org/city/Brandon/MS</url>
<lat>32.2812</lat>
<lon>-90.0072</lon>
<active>1</active>
</city>
<city>
<id>412855</id>
<name>Brookhaven</name>
<state>MS</state>
<rating>6</rating>
<url>http://www.greatschools.org/city/Brookhaven/MS</url>
<lat>31.5805</lat>
<lon>-90.4431</lon>
<active>1</active>
</city>
<city>
<id>413044</id>
<name>Brooklyn</name>
<state>MS</state>
<rating>6</rating>
<url>http://www.greatschools.org/city/Brooklyn/MS</url>
<lat>31.0394</lat>
<lon>-89.1964</lon>
<active>1</active>
</city>
<city>
<id>412995</id>
<name>Brooksville</name>
<state>MS</state>
<rating>3</rating>
<url>http://www.greatschools.org/city/Brooksville/MS</url>
<lat>33.2328</lat>
<lon>-88.5798</lon>
<active>1</active>
</city>
<city>
<id>413058</id>
<name>Bruce</name>
<state>MS</state>
<rating>7</rating>
<url>http://www.greatschools.org/city/Bruce/MS</url>
<lat>33.9926</lat>
<lon>-89.3437</lon>
<active>1</active>
</city>
<city>
<id>412950</id>
<name>Buckatunna</name>
<state>MS</state>
<rating>4</rating>
<url>http://www.greatschools.org/city/Buckatunna/MS</url>
<lat>31.563</lat>
<lon>-88.5264</lon>
<active>1</active>
</city>
<city>
<id>445216</id>
<name>Bude</name>
<state>MS</state>
<rating/>
<url>http://www.greatschools.org/city/Bude/MS</url>
<lat>31.4695</lat>
<lon>-90.8542</lon>
<active>1</active>
</city>
<city>
<id>412957</id>
<name>Burnsville</name>
<state>MS</state>
<rating>7</rating>
<url>http://www.greatschools.org/city/Burnsville/MS</url>
<lat>34.8433</lat>
<lon>-88.3165</lon>
<active>1</active>
</city>
<city>
<id>413010</id>
<name>Byhalia</name>
<state>MS</state>
<rating>3</rating>
<url>http://www.greatschools.org/city/Byhalia/MS</url>
<lat>34.8681</lat>
<lon>-89.6893</lon>
<active>1</active>
</city>
<city>
<id>442673</id>
<name>Byram</name>
<state>MS</state>
<rating/>
<url>http://www.greatschools.org/city/Byram/MS</url>
<lat>32.196</lat>
<lon>-90.2729</lon>
<active>1</active>
</city>
<city>
<id>413011</id>
<name>Caledonia</name>
<state>MS</state>
<rating>9</rating>
<url>http://www.greatschools.org/city/Caledonia/MS</url>
<lat>33.6854</lat>
<lon>-88.3274</lon>
<active>1</active>
</city>
<city>
<id>412902</id>
<name>Calhoun City</name>
<state>MS</state>
<rating>6</rating>
<url>http://www.greatschools.org/city/Calhoun_City/MS</url>
<lat>33.8596</lat>
<lon>-89.3136</lon>
<active>1</active>
</city>
<city>
<id>412940</id>
<name>Camden</name>
<state>MS</state>
<rating>4</rating>
<url>http://www.greatschools.org/city/Camden/MS</url>
<lat>32.7688</lat>
<lon>-89.8413</lon>
<active>1</active>
</city>
<city>
<id>412890</id>
<name>Canton</name>
<state>MS</state>
<rating>4</rating>
<url>http://www.greatschools.org/city/Canton/MS</url>
<lat>32.6146</lat>
<lon>-90.0336</lon>
<active>1</active>
</city>
<city>
<id>412822</id>
<name>Carriere</name>
<state>MS</state>
<rating>8</rating>
<url>http://www.greatschools.org/city/Carriere/MS</url>
<lat>30.6259</lat>
<lon>-89.651</lon>
<active>1</active>
</city>
<city>
<id>412936</id>
<name>Carrollton</name>
<state>MS</state>
<rating/>
<url>http://www.greatschools.org/city/Carrollton/MS</url>
<lat>33.508</lat>
<lon>-89.9202</lon>
<active>1</active>
</city>
<city>
<id>413026</id>
<name>Carson</name>
<state>MS</state>
<rating/>
<url>http://www.greatschools.org/city/Carson/MS</url>
<lat>31.5588</lat>
<lon>-89.7744</lon>
<active>1</active>
</city>
<city>
<id>413020</id>
<name>Carthage</name>
<state>MS</state>
<rating/>
<url>http://www.greatschools.org/city/Carthage/MS</url>
<lat>32.7379</lat>
<lon>-89.5354</lon>
<active>1</active>
</city>
<city>
<id>442671</id>
<name>Cascilla</name>
<state>MS</state>
<rating/>
<url>http://www.greatschools.org/city/Cascilla/MS</url>
<lat>33.906</lat>
<lon>-90.0337</lon>
<active>1</active>
</city>
<city>
<id>413052</id>
<name>Cedar Bluff</name>
<state>MS</state>
<rating>6</rating>
<url>http://www.greatschools.org/city/Cedar_Bluff/MS</url>
<lat>33.6258</lat>
<lon>-88.8357</lon>
<active>1</active>
</city>
<city>
<id>412838</id>
<name>Centreville</name>
<state>MS</state>
<rating>2</rating>
<url>http://www.greatschools.org/city/Centreville/MS</url>
<lat>31.0866</lat>
<lon>-91.0661</lon>
<active>1</active>
</city>
<city>
<id>412999</id>
<name>Chalybeate</name>
<state>MS</state>
<rating>7</rating>
<url>http://www.greatschools.org/city/Chalybeate/MS</url>
<lat>34.9389</lat>
<lon>-88.8803</lon>
<active>1</active>
</city>
<city>
<id>412932</id>
<name>Charleston</name>
<state>MS</state>
<rating>5</rating>
<url>http://www.greatschools.org/city/Charleston/MS</url>
<lat>34.0079</lat>
<lon>-90.0554</lon>
<active>1</active>
</city>
<city>
<id>444132</id>
<name>Choctaw</name>
<state>MS</state>
<rating/>
<url>http://www.greatschools.org/city/Choctaw/MS</url>
<lat>32.778</lat>
<lon>-89.2022</lon>
<active>1</active>
</city>
<city>
<id>412888</id>
<name>Clarksdale</name>
<state>MS</state>
<rating>3</rating>
<url>http://www.greatschools.org/city/Clarksdale/MS</url>
<lat>34.1989</lat>
<lon>-90.5731</lon>
<active>1</active>
</city>
<city>
<id>412909</id>
<name>Cleveland</name>
<state>MS</state>
<rating>4</rating>
<url>http://www.greatschools.org/city/Cleveland/MS</url>
<lat>33.7402</lat>
<lon>-90.7275</lon>
<active>1</active>
</city>
<city>
<id>412895</id>
<name>Clinton</name>
<state>MS</state>
<rating>8</rating>
<url>http://www.greatschools.org/city/Clinton/MS</url>
<lat>32.3376</lat>
<lon>-90.3221</lon>
<active>1</active>
</city>
<city>
<id>442670</id>
<name>Coahoma</name>
<state>MS</state>
<rating/>
<url>http://www.greatschools.org/city/Coahoma/MS</url>
<lat>34.366</lat>
<lon>-90.5224</lon>
<active>1</active>
</city>
<city>
<id>413049</id>
<name>Coffeeville</name>
<state>MS</state>
<rating>4</rating>
<url>http://www.greatschools.org/city/Coffeeville/MS</url>
<lat>33.9785</lat>
<lon>-89.6787</lon>
<active>1</active>
</city>
<city>
<id>412906</id>
<name>Coldwater</name>
<state>MS</state>
<rating>4</rating>
<url>http://www.greatschools.org/city/Coldwater/MS</url>
<lat>34.6905</lat>
<lon>-89.9753</lon>
<active>1</active>
</city>
<city>
<id>413046</id>
<name>Collins</name>
<state>MS</state>
<rating>3</rating>
<url>http://www.greatschools.org/city/Collins/MS</url>
<lat>31.6409</lat>
<lon>-89.562</lon>
<active>1</active>
</city>
<city>
<id>413023</id>
<name>Collinsville</name>
<state>MS</state>
<rating>8</rating>
<url>http://www.greatschools.org/city/Collinsville/MS</url>
<lat>32.4896</lat>
<lon>-88.8417</lon>
<active>1</active>
</city>
<city>
<id>412886</id>
<name>Columbia</name>
<state>MS</state>
<rating>6</rating>
<url>http://www.greatschools.org/city/Columbia/MS</url>
<lat>31.258</lat>
<lon>-89.8272</lon>
<active>1</active>
</city>
<city>
<id>412859</id>
<name>Columbus</name>
<state>MS</state>
<rating>5</rating>
<url>http://www.greatschools.org/city/Columbus/MS</url>
<lat>33.5048</lat>
<lon>-88.4088</lon>
<active>1</active>
</city>
<city>
<id>442669</id>
<name>Columbus AFB</name>
<state>MS</state>
<rating/>
<url>http://www.greatschools.org/city/Columbus_AFB/MS</url>
<lat>33.6246</lat>
<lon>-88.4483</lon>
<active>1</active>
</city>
<city>
<id>412885</id>
<name>Como</name>
<state>MS</state>
<rating>4</rating>
<url>http://www.greatschools.org/city/Como/MS</url>
<lat>34.5155</lat>
<lon>-89.9431</lon>
<active>1</active>
</city>
<city>
<id>442668</id>
<name>Conehatta</name>
<state>MS</state>
<rating/>
<url>http://www.greatschools.org/city/Conehatta/MS</url>
<lat>32.4606</lat>
<lon>-89.2682</lon>
<active>1</active>
</city>
<city>
<id>412854</id>
<name>Corinth</name>
<state>MS</state>
<rating>7</rating>
<url>http://www.greatschools.org/city/Corinth/MS</url>
<lat>34.9392</lat>
<lon>-88.5141</lon>
<active>1</active>
</city>
<city>
<id>446164</id>
<name>Courtland</name>
<state>MS</state>
<rating/>
<url>http://www.greatschools.org/city/Courtland/MS</url>
<lat>34.2435</lat>
<lon>-89.8897</lon>
<active>1</active>
</city>
<city>
<id>412994</id>
<name>Crawford</name>
<state>MS</state>
<rating>2</rating>
<url>http://www.greatschools.org/city/Crawford/MS</url>
<lat>33.3061</lat>
<lon>-88.6265</lon>
<active>1</active>
</city>
<city>
<id>413002</id>
<name>Crenshaw</name>
<state>MS</state>
<rating>2</rating>
<url>http://www.greatschools.org/city/Crenshaw/MS</url>
<lat>34.5039</lat>
<lon>-90.1959</lon>
<active>1</active>
</city>
<city>
<id>412874</id>
<name>Crystal Springs</name>
<state>MS</state>
<rating>3</rating>
<url>http://www.greatschools.org/city/Crystal_Springs/MS</url>
<lat>31.9865</lat>
<lon>-90.3528</lon>
<active>1</active>
</city>
<city>
<id>445217</id>
<name>D'Iberville</name>
<state>MS</state>
<rating/>
<url>http://www.greatschools.org/city/D'Iberville/MS</url>
<lat>30.4455</lat>
<lon>-88.8881</lon>
<active>1</active>
</city>
<city>
<id>412930</id>
<name>De Kalb</name>
<state>MS</state>
<rating>4</rating>
<url>http://www.greatschools.org/city/De_Kalb/MS</url>
<lat>32.7726</lat>
<lon>-88.6575</lon>
<active>1</active>
</city>
<city>
<id>412877</id>
<name>Decatur</name>
<state>MS</state>
<rating>8</rating>
<url>http://www.greatschools.org/city/Decatur/MS</url>
<lat>32.4381</lat>
<lon>-89.1091</lon>
<active>1</active>
</city>
<city>
<id>446165</id>
<name>Dekalb</name>
<state>MS</state>
<rating/>
<url>http://www.greatschools.org/city/Dekalb/MS</url>
<lat>32.7756</lat>
<lon>-88.6692</lon>
<active>1</active>
</city>
<city>
<id>444523</id>
<name>Dennis</name>
<state>MS</state>
<rating/>
<url>http://www.greatschools.org/city/Dennis/MS</url>
<lat>34.551</lat>
<lon>-88.2236</lon>
<active>1</active>
</city>
<city>
<id>442667</id>
<name>Derma</name>
<state>MS</state>
<rating/>
<url>http://www.greatschools.org/city/Derma/MS</url>
<lat>33.8575</lat>
<lon>-89.2883</lon>
<active>1</active>
</city>
<city>
<id>445218</id>
<name>Diamondhead</name>
<state>MS</state>
<rating/>
<url>http://www.greatschools.org/city/Diamondhead/MS</url>
<lat>30.3635</lat>
<lon>-89.3789</lon>
<active>1</active>
</city>
<city>
<id>412913</id>
<name>Diberville</name>
<state>MS</state>
<rating>9</rating>
<url>http://www.greatschools.org/city/Diberville/MS</url>
<lat>30.4403</lat>
<lon>-88.9009</lon>
<active>1</active>
</city>
<city>
<id>412934</id>
<name>Drew</name>
<state>MS</state>
<rating/>
<url>http://www.greatschools.org/city/Drew/MS</url>
<lat>33.811</lat>
<lon>-90.5326</lon>
<active>1</active>
</city>
<city>
<id>442666</id>
<name>Duck Hill</name>
<state>MS</state>
<rating/>
<url>http://www.greatschools.org/city/Duck_Hill/MS</url>
<lat>33.6314</lat>
<lon>-89.7159</lon>
<active>1</active>
</city>
<city>
<id>413064</id>
<name>Duncan</name>
<state>MS</state>
<rating>2</rating>
<url>http://www.greatschools.org/city/Duncan/MS</url>
<lat>34.0402</lat>
<lon>-90.7474</lon>
<active>1</active>
</city>
<city>
<id>412841</id>
<name>Dundee</name>
<state>MS</state>
<rating>7</rating>
<url>http://www.greatschools.org/city/Dundee/MS</url>
<lat>34.5206</lat>
<lon>-90.4157</lon>
<active>1</active>
</city>
<city>
<id>413037</id>
<name>Durant</name>
<state>MS</state>
<rating>3</rating>
<url>http://www.greatschools.org/city/Durant/MS</url>
<lat>33.0783</lat>
<lon>-89.858</lon>
<active>1</active>
</city>
<city>
<id>412856</id>
<name>Ecru</name>
<state>MS</state>
<rating>7</rating>
<url>http://www.greatschools.org/city/Ecru/MS</url>
<lat>34.3543</lat>
<lon>-89.0246</lon>
<active>1</active>
</city>
<city>
<id>442665</id>
<name>Edwards</name>
<state>MS</state>
<rating/>
<url>http://www.greatschools.org/city/Edwards/MS</url>
<lat>32.3316</lat>
<lon>-90.6049</lon>
<active>1</active>
</city>
<city>
<id>412852</id>
<name>Ellisville</name>
<state>MS</state>
<rating>7</rating>
<url>http://www.greatschools.org/city/Ellisville/MS</url>
<lat>31.6021</lat>
<lon>-89.2042</lon>
<active>1</active>
</city>
<city>
<id>412893</id>
<name>Enterprise</name>
<state>MS</state>
<rating>9</rating>
<url>http://www.greatschools.org/city/Enterprise/MS</url>
<lat>32.1729</lat>
<lon>-88.82</lon>
<active>1</active>
</city>
<city>
<id>412905</id>
<name>Escatawpa</name>
<state>MS</state>
<rating/>
<url>http://www.greatschools.org/city/Escatawpa/MS</url>
<lat>30.4823</lat>
<lon>-88.5489</lon>
<active>1</active>
</city>
<city>
<id>413073</id>
<name>Ethel</name>
<state>MS</state>
<rating>5</rating>
<url>http://www.greatschools.org/city/Ethel/MS</url>
<lat>33.1227</lat>
<lon>-89.4645</lon>
<active>1</active>
</city>
<city>
<id>412947</id>
<name>Eupora</name>
<state>MS</state>
<rating>6</rating>
<url>http://www.greatschools.org/city/Eupora/MS</url>
<lat>33.539</lat>
<lon>-89.2731</lon>
<active>1</active>
</city>
<city>
<id>412997</id>
<name>Falkner</name>
<state>MS</state>
<rating>5</rating>
<url>http://www.greatschools.org/city/Falkner/MS</url>
<lat>34.8503</lat>
<lon>-88.9299</lon>
<active>1</active>
</city>
<city>
<id>413028</id>
<name>Fayette</name>
<state>MS</state>
<rating>2</rating>
<url>http://www.greatschools.org/city/Fayette/MS</url>
<lat>31.7125</lat>
<lon>-91.0609</lon>
<active>1</active>
</city>
<city>
<id>412881</id>
<name>Flora</name>
<state>MS</state>
<rating>6</rating>
<url>http://www.greatschools.org/city/Flora/MS</url>
<lat>32.5472</lat>
<lon>-90.3124</lon>
<active>1</active>
</city>
<city>
<id>412810</id>
<name>Florence</name>
<state>MS</state>
<rating>7</rating>
<url>http://www.greatschools.org/city/Florence/MS</url>
<lat>32.1561</lat>
<lon>-90.1271</lon>
<active>1</active>
</city>
<city>
<id>412984</id>
<name>Flowood</name>
<state>MS</state>
<rating>8</rating>
<url>http://www.greatschools.org/city/Flowood/MS</url>
<lat>32.3315</lat>
<lon>-90.0928</lon>
<active>1</active>
</city>
<city>
<id>412979</id>
<name>Forest</name>
<state>MS</state>
<rating>4</rating>
<url>http://www.greatschools.org/city/Forest/MS</url>
<lat>32.3654</lat>
<lon>-89.4713</lon>
<active>1</active>
</city>
<city>
<id>412869</id>
<name>Foxworth</name>
<state>MS</state>
<rating>6</rating>
<url>http://www.greatschools.org/city/Foxworth/MS</url>
<lat>31.2351</lat>
<lon>-89.9318</lon>
<active>1</active>
</city>
<city>
<id>412928</id>
<name>French Camp</name>
<state>MS</state>
<rating>8</rating>
<url>http://www.greatschools.org/city/French_Camp/MS</url>
<lat>33.2933</lat>
<lon>-89.3998</lon>
<active>1</active>
</city>
<city>
<id>413051</id>
<name>Friars Point</name>
<state>MS</state>
<rating>4</rating>
<url>http://www.greatschools.org/city/Friars_Point/MS</url>
<lat>34.3665</lat>
<lon>-90.6366</lon>
<active>1</active>
</city>
<city>
<id>412882</id>
<name>Fulton</name>
<state>MS</state>
<rating>7</rating>
<url>http://www.greatschools.org/city/Fulton/MS</url>
<lat>34.2663</lat>
<lon>-88.4014</lon>
<active>1</active>
</city>
<city>
<id>412918</id>
<name>Gallman</name>
<state>MS</state>
<rating/>
<url>http://www.greatschools.org/city/Gallman/MS</url>
<lat>31.9857</lat>
<lon>-90.3478</lon>
<active>1</active>
</city>
<city>
<id>412884</id>
<name>Gautier</name>
<state>MS</state>
<rating>6</rating>
<url>http://www.greatschools.org/city/Gautier/MS</url>
<lat>30.3847</lat>
<lon>-88.6432</lon>
<active>1</active>
</city>
<city>
<id>412908</id>
<name>Georgetown</name>
<state>MS</state>
<rating/>
<url>http://www.greatschools.org/city/Georgetown/MS</url>
<lat>31.8702</lat>
<lon>-90.1641</lon>
<active>1</active>
</city>
<city>
<id>412900</id>
<name>Glen</name>
<state>MS</state>
<rating>7</rating>
<url>http://www.greatschools.org/city/Glen/MS</url>
<lat>34.8605</lat>
<lon>-88.4206</lon>
<active>1</active>
</city>
<city>
<id>442664</id>
<name>Glendora</name>
<state>MS</state>
<rating/>
<url>http://www.greatschools.org/city/Glendora/MS</url>
<lat>33.8285</lat>
<lon>-90.294</lon>
<active>1</active>
</city>
<city>
<id>412916</id>
<name>Gloster</name>
<state>MS</state>
<rating/>
<url>http://www.greatschools.org/city/Gloster/MS</url>
<lat>31.1969</lat>
<lon>-91.0179</lon>
<active>1</active>
</city>
<city>
<id>413033</id>
<name>Golden</name>
<state>MS</state>
<rating>8</rating>
<url>http://www.greatschools.org/city/Golden/MS</url>
<lat>34.4879</lat>
<lon>-88.1879</lon>
<active>1</active>
</city>
<city>
<id>413036</id>
<name>Goodman</name>
<state>MS</state>
<rating>4</rating>
<url>http://www.greatschools.org/city/Goodman/MS</url>
<lat>32.97</lat>
<lon>-89.9129</lon>
<active>1</active>
</city>
<city>
<id>412814</id>
<name>Greenville</name>
<state>MS</state>
<rating>4</rating>
<url>http://www.greatschools.org/city/Greenville/MS</url>
<lat>33.3956</lat>
<lon>-91.0456</lon>
<active>1</active>
</city>
<city>
<id>412860</id>
<name>Greenwood</name>
<state>MS</state>
<rating>4</rating>
<url>http://www.greatschools.org/city/Greenwood/MS</url>
<lat>33.5186</lat>
<lon>-90.1814</lon>
<active>1</active>
</city>
<city>
<id>412904</id>
<name>Grenada</name>
<state>MS</state>
<rating>7</rating>
<url>http://www.greatschools.org/city/Grenada/MS</url>
<lat>33.7713</lat>
<lon>-89.8083</lon>
<active>1</active>
</city>
<city>
<id>412850</id>
<name>Gulfport</name>
<state>MS</state>
<rating>6</rating>
<url>http://www.greatschools.org/city/Gulfport/MS</url>
<lat>30.413</lat>
<lon>-89.0703</lon>
<active>1</active>
</city>
<city>
<id>413018</id>
<name>Guntown</name>
<state>MS</state>
<rating>7</rating>
<url>http://www.greatschools.org/city/Guntown/MS</url>
<lat>34.4458</lat>
<lon>-88.6628</lon>
<active>1</active>
</city>
<city>
<id>413008</id>
<name>Hamilton</name>
<state>MS</state>
<rating>7</rating>
<url>http://www.greatschools.org/city/Hamilton/MS</url>
<lat>33.7542</lat>
<lon>-88.4104</lon>
<active>1</active>
</city>
<city>
<id>446166</id>
<name>Harrisville</name>
<state>MS</state>
<rating/>
<url>http://www.greatschools.org/city/Harrisville/MS</url>
<lat>31.8974</lat>
<lon>-90.0944</lon>
<active>1</active>
</city>
<city>
<id>412849</id>
<name>Hattiesburg</name>
<state>MS</state>
<rating>6</rating>
<url>http://www.greatschools.org/city/Hattiesburg/MS</url>
<lat>31.3198</lat>
<lon>-89.3177</lon>
<active>1</active>
</city>
<city>
<id>412813</id>
<name>Hazlehurst</name>
<state>MS</state>
<rating>3</rating>
<url>http://www.greatschools.org/city/Hazlehurst/MS</url>
<lat>31.8648</lat>
<lon>-90.3903</lon>
<active>1</active>
</city>
<city>
<id>412929</id>
<name>Heidelberg</name>
<state>MS</state>
<rating>4</rating>
<url>http://www.greatschools.org/city/Heidelberg/MS</url>
<lat>31.8908</lat>
<lon>-88.9872</lon>
<active>1</active>
</city>
<city>
<id>412867</id>
<name>Hernando</name>
<state>MS</state>
<rating>10</rating>
<url>http://www.greatschools.org/city/Hernando/MS</url>
<lat>34.8364</lat>
<lon>-89.9909</lon>
<active>1</active>
</city>
<city>
<id>413068</id>
<name>Hickory Flat</name>
<state>MS</state>
<rating>7</rating>
<url>http://www.greatschools.org/city/Hickory_Flat/MS</url>
<lat>34.6159</lat>
<lon>-89.1917</lon>
<active>1</active>
</city>
<city>
<id>412819</id>
<name>Hollandale</name>
<state>MS</state>
<rating>4</rating>
<url>http://www.greatschools.org/city/Hollandale/MS</url>
<lat>33.1775</lat>
<lon>-90.8608</lon>
<active>1</active>
</city>
<city>
<id>412823</id>
<name>Holly Springs</name>
<state>MS</state>
<rating>4</rating>
<url>http://www.greatschools.org/city/Holly_Springs/MS</url>
<lat>34.7751</lat>
<lon>-89.4477</lon>
<active>1</active>
</city>
<city>
<id>413045</id>
<name>Horn Lake</name>
<state>MS</state>
<rating>6</rating>
<url>http://www.greatschools.org/city/Horn_Lake/MS</url>
<lat>34.9575</lat>
<lon>-90.043</lon>
<active>1</active>
</city>
<city>
<id>412857</id>
<name>Houlka</name>
<state>MS</state>
<rating>4</rating>
<url>http://www.greatschools.org/city/Houlka/MS</url>
<lat>34.0569</lat>
<lon>-89.0313</lon>
<active>1</active>
</city>
<city>
<id>413034</id>
<name>Houston</name>
<state>MS</state>
<rating>6</rating>
<url>http://www.greatschools.org/city/Houston/MS</url>
<lat>33.8978</lat>
<lon>-89.0017</lon>
<active>1</active>
</city>
<city>
<id>413030</id>
<name>Hurley</name>
<state>MS</state>
<rating/>
<url>http://www.greatschools.org/city/Hurley/MS</url>
<lat>30.6633</lat>
<lon>-88.4969</lon>
<active>1</active>
</city>
<city>
<id>412959</id>
<name>Independence</name>
<state>MS</state>
<rating/>
<url>http://www.greatschools.org/city/Independence/MS</url>
<lat>34.6125</lat>
<lon>-89.9141</lon>
<active>1</active>
</city>
<city>
<id>412812</id>
<name>Indianola</name>
<state>MS</state>
<rating/>
<url>http://www.greatschools.org/city/Indianola/MS</url>
<lat>33.4445</lat>
<lon>-90.6493</lon>
<active>1</active>
</city>
<city>
<id>412921</id>
<name>Inverness</name>
<state>MS</state>
<rating>6</rating>
<url>http://www.greatschools.org/city/Inverness/MS</url>
<lat>33.3511</lat>
<lon>-90.5928</lon>
<active>1</active>
</city>
<city>
<id>442663</id>
<name>Isola</name>
<state>MS</state>
<rating/>
<url>http://www.greatschools.org/city/Isola/MS</url>
<lat>33.261</lat>
<lon>-90.5941</lon>
<active>1</active>
</city>
<city>
<id>413015</id>
<name>Itta Bena</name>
<state>MS</state>
<rating>2</rating>
<url>http://www.greatschools.org/city/Itta_Bena/MS</url>
<lat>33.4968</lat>
<lon>-90.3261</lon>
<active>1</active>
</city>
<city>
<id>412955</id>
<name>Iuka</name>
<state>MS</state>
<rating>8</rating>
<url>http://www.greatschools.org/city/Iuka/MS</url>
<lat>34.8113</lat>
<lon>-88.1956</lon>
<active>1</active>
</city>
<city>
<id>444484</id>
<name>Jackson</name>
<state>MS</state>
<rating>4</rating>
<url>http://www.greatschools.org/city/Jackson/MS</url>
<lat>32.3504</lat>
<lon>-90.1529</lon>
<active>1</active>
</city>
<city>
<id>442662</id>
<name>Jayess</name>
<state>MS</state>
<rating/>
<url>http://www.greatschools.org/city/Jayess/MS</url>
<lat>31.3629</lat>
<lon>-90.1862</lon>
<active>1</active>
</city>
<city>
<id>412863</id>
<name>Jonestown</name>
<state>MS</state>
<rating>3</rating>
<url>http://www.greatschools.org/city/Jonestown/MS</url>
<lat>34.3226</lat>
<lon>-90.4539</lon>
<active>1</active>
</city>
<city>
<id>413005</id>
<name>Kilmichael</name>
<state>MS</state>
<rating>3</rating>
<url>http://www.greatschools.org/city/Kilmichael/MS</url>
<lat>33.4435</lat>
<lon>-89.5698</lon>
<active>1</active>
</city>
<city>
<id>412887</id>
<name>Kiln</name>
<state>MS</state>
<rating>8</rating>
<url>http://www.greatschools.org/city/Kiln/MS</url>
<lat>30.4127</lat>
<lon>-89.4318</lon>
<active>1</active>
</city>
<city>
<id>445219</id>
<name>Kokomo</name>
<state>MS</state>
<rating/>
<url>http://www.greatschools.org/city/Kokomo/MS</url>
<lat>31.1974</lat>
<lon>-90.0029</lon>
<active>1</active>
</city>
<city>
<id>412898</id>
<name>Kosciusko</name>
<state>MS</state>
<rating>9</rating>
<url>http://www.greatschools.org/city/Kosciusko/MS</url>
<lat>33.058</lat>
<lon>-89.5896</lon>
<active>1</active>
</city>
<city>
<id>412977</id>
<name>Lake</name>
<state>MS</state>
<rating>6</rating>
<url>http://www.greatschools.org/city/Lake/MS</url>
<lat>32.3425</lat>
<lon>-89.3276</lon>
<active>1</active>
</city>
<city>
<id>443593</id>
<name>Lake Cormorant</name>
<state>MS</state>
<rating>7</rating>
<url>http://www.greatschools.org/city/Lake_Cormorant/MS</url>
<lat>34.8939</lat>
<lon>-90.1417</lon>
<active>1</active>
</city>
<city>
<id>445220</id>
<name>Lamar</name>
<state>MS</state>
<rating/>
<url>http://www.greatschools.org/city/Lamar/MS</url>
<lat>34.947</lat>
<lon>-89.441</lon>
<active>1</active>
</city>
<city>
<id>412985</id>
<name>Lambert</name>
<state>MS</state>
<rating>4</rating>
<url>http://www.greatschools.org/city/Lambert/MS</url>
<lat>34.2006</lat>
<lon>-90.2839</lon>
<active>1</active>
</city>
<city>
<id>412858</id>
<name>Laurel</name>
<state>MS</state>
<rating>6</rating>
<url>http://www.greatschools.org/city/Laurel/MS</url>
<lat>31.6977</lat>
<lon>-89.1383</lon>
<active>1</active>
</city>
<city>
<id>413040</id>
<name>Leakesville</name>
<state>MS</state>
<rating>6</rating>
<url>http://www.greatschools.org/city/Leakesville/MS</url>
<lat>31.1542</lat>
<lon>-88.5568</lon>
<active>1</active>
</city>
<city>
<id>413014</id>
<name>Leland</name>
<state>MS</state>
<rating>3</rating>
<url>http://www.greatschools.org/city/Leland/MS</url>
<lat>33.4066</lat>
<lon>-90.8962</lon>
<active>1</active>
</city>
<city>
<id>412922</id>
<name>Lexington</name>
<state>MS</state>
<rating>2</rating>
<url>http://www.greatschools.org/city/Lexington/MS</url>
<lat>33.1147</lat>
<lon>-90.0528</lon>
<active>1</active>
</city>
<city>
<id>412919</id>
<name>Liberty</name>
<state>MS</state>
<rating>2</rating>
<url>http://www.greatschools.org/city/Liberty/MS</url>
<lat>31.1593</lat>
<lon>-90.8039</lon>
<active>1</active>
</city>
<city>
<id>412853</id>
<name>Long Beach</name>
<state>MS</state>
<rating>8</rating>
<url>http://www.greatschools.org/city/Long_Beach/MS</url>
<lat>30.3558</lat>
<lon>-89.1644</lon>
<active>1</active>
</city>
<city>
<id>442661</id>
<name>Lorman</name>
<state>MS</state>
<rating/>
<url>http://www.greatschools.org/city/Lorman/MS</url>
<lat>31.8347</lat>
<lon>-91.0558</lon>
<active>1</active>
</city>
<city>
<id>445221</id>
<name>Louise</name>
<state>MS</state>
<rating/>
<url>http://www.greatschools.org/city/Louise/MS</url>
<lat>32.9823</lat>
<lon>-90.5887</lon>
<active>1</active>
</city>
<city>
<id>412903</id>
<name>Louisville</name>
<state>MS</state>
<rating>6</rating>
<url>http://www.greatschools.org/city/Louisville/MS</url>
<lat>33.1211</lat>
<lon>-89.0545</lon>
<active>1</active>
</city>
<city>
<id>412892</id>
<name>Lucedale</name>
<state>MS</state>
<rating>6</rating>
<url>http://www.greatschools.org/city/Lucedale/MS</url>
<lat>30.9185</lat>
<lon>-88.5945</lon>
<active>1</active>
</city>
<city>
<id>442660</id>
<name>Lula</name>
<state>MS</state>
<rating/>
<url>http://www.greatschools.org/city/Lula/MS</url>
<lat>34.4547</lat>
<lon>-90.4769</lon>
<active>1</active>
</city>
<city>
<id>412864</id>
<name>Lumberton</name>
<state>MS</state>
<rating>5</rating>
<url>http://www.greatschools.org/city/Lumberton/MS</url>
<lat>31.007</lat>
<lon>-89.4569</lon>
<active>1</active>
</city>
<city>
<id>413050</id>
<name>Lyon</name>
<state>MS</state>
<rating>5</rating>
<url>http://www.greatschools.org/city/Lyon/MS</url>
<lat>34.2184</lat>
<lon>-90.54</lon>
<active>1</active>
</city>
<city>
<id>412949</id>
<name>Maben</name>
<state>MS</state>
<rating>7</rating>
<url>http://www.greatschools.org/city/Maben/MS</url>
<lat>33.5574</lat>
<lon>-89.0837</lon>
<active>1</active>
</city>
<city>
<id>412939</id>
<name>Macon</name>
<state>MS</state>
<rating>3</rating>
<url>http://www.greatschools.org/city/Macon/MS</url>
<lat>33.1134</lat>
<lon>-88.5594</lon>
<active>1</active>
</city>
<city>
<id>412917</id>
<name>Madden</name>
<state>MS</state>
<rating/>
<url>http://www.greatschools.org/city/Madden/MS</url>
<lat>32.5984</lat>
<lon>-89.4323</lon>
<active>1</active>
</city>
<city>
<id>412824</id>
<name>Madison</name>
<state>MS</state>
<rating>8</rating>
<url>http://www.greatschools.org/city/Madison/MS</url>
<lat>32.4581</lat>
<lon>-90.1025</lon>
<active>1</active>
</city>
<city>
<id>412866</id>
<name>Magee</name>
<state>MS</state>
<rating>4</rating>
<url>http://www.greatschools.org/city/Magee/MS</url>
<lat>31.8755</lat>
<lon>-89.7293</lon>
<active>1</active>
</city>
<city>
<id>412968</id>
<name>Magnolia</name>
<state>MS</state>
<rating>3</rating>
<url>http://www.greatschools.org/city/Magnolia/MS</url>
<lat>31.151</lat>
<lon>-90.4624</lon>
<active>1</active>
</city>
<city>
<id>413032</id>
<name>Mantachie</name>
<state>MS</state>
<rating>8</rating>
<url>http://www.greatschools.org/city/Mantachie/MS</url>
<lat>34.3269</lat>
<lon>-88.4951</lon>
<active>1</active>
</city>
<city>
<id>412989</id>
<name>Marietta</name>
<state>MS</state>
<rating>9</rating>
<url>http://www.greatschools.org/city/Marietta/MS</url>
<lat>34.5015</lat>
<lon>-88.4706</lon>
<active>1</active>
</city>
<city>
<id>412925</id>
<name>Marks</name>
<state>MS</state>
<rating>3</rating>
<url>http://www.greatschools.org/city/Marks/MS</url>
<lat>34.2541</lat>
<lon>-90.274</lon>
<active>1</active>
</city>
<city>
<id>412948</id>
<name>Mathiston</name>
<state>MS</state>
<rating>8</rating>
<url>http://www.greatschools.org/city/Mathiston/MS</url>
<lat>33.5384</lat>
<lon>-89.1266</lon>
<active>1</active>
</city>
<city>
<id>442659</id>
<name>Mayersville</name>
<state>MS</state>
<rating/>
<url>http://www.greatschools.org/city/Mayersville/MS</url>
<lat>32.9012</lat>
<lon>-91.0488</lon>
<active>1</active>
</city>
<city>
<id>413070</id>
<name>McAdams</name>
<state>MS</state>
<rating>4</rating>
<url>http://www.greatschools.org/city/McAdams/MS</url>
<lat>33.0032</lat>
<lon>-89.7538</lon>
<active>1</active>
</city>
<city>
<id>412862</id>
<name>McComb</name>
<state>MS</state>
<rating>3</rating>
<url>http://www.greatschools.org/city/McComb/MS</url>
<lat>31.2449</lat>
<lon>-90.4594</lon>
<active>1</active>
</city>
<city>
<id>413072</id>
<name>McCool</name>
<state>MS</state>
<rating>4</rating>
<url>http://www.greatschools.org/city/McCool/MS</url>
<lat>33.1995</lat>
<lon>-89.3426</lon>
<active>1</active>
</city>
<city>
<id>413041</id>
<name>McLain</name>
<state>MS</state>
<rating>3</rating>
<url>http://www.greatschools.org/city/McLain/MS</url>
<lat>31.1038</lat>
<lon>-88.8255</lon>
<active>1</active>
</city>
<city>
<id>413043</id>
<name>Meadville</name>
<state>MS</state>
<rating>5</rating>
<url>http://www.greatschools.org/city/Meadville/MS</url>
<lat>31.4707</lat>
<lon>-90.8913</lon>
<active>1</active>
</city>
<city>
<id>412899</id>
<name>Mendenhall</name>
<state>MS</state>
<rating>4</rating>
<url>http://www.greatschools.org/city/Mendenhall/MS</url>
<lat>31.9622</lat>
<lon>-89.8726</lon>
<active>1</active>
</city>
<city>
<id>412847</id>
<name>Meridian</name>
<state>MS</state>
<rating>4</rating>
<url>http://www.greatschools.org/city/Meridian/MS</url>
<lat>32.3823</lat>
<lon>-88.7068</lon>
<active>1</active>
</city>
<city>
<id>413061</id>
<name>Merigold</name>
<state>MS</state>
<rating>10</rating>
<url>http://www.greatschools.org/city/Merigold/MS</url>
<lat>33.8388</lat>
<lon>-90.7253</lon>
<active>1</active>
</city>
<city>
<id>442658</id>
<name>Metcalfe</name>
<state>MS</state>
<rating/>
<url>http://www.greatschools.org/city/Metcalfe/MS</url>
<lat>33.4505</lat>
<lon>-91.0035</lon>
<active>1</active>
</city>
<city>
<id>413016</id>
<name>Minter City</name>
<state>MS</state>
<rating/>
<url>http://www.greatschools.org/city/Minter_City/MS</url>
<lat>33.7458</lat>
<lon>-90.3235</lon>
<active>1</active>
</city>
<city>
<id>412973</id>
<name>Mize</name>
<state>MS</state>
<rating>6</rating>
<url>http://www.greatschools.org/city/Mize/MS</url>
<lat>31.8643</lat>
<lon>-89.5568</lon>
<active>1</active>
</city>
<city>
<id>413021</id>
<name>Monticello</name>
<state>MS</state>
<rating>6</rating>
<url>http://www.greatschools.org/city/Monticello/MS</url>
<lat>31.5506</lat>
<lon>-90.1125</lon>
<active>1</active>
</city>
<city>
<id>412811</id>
<name>Mooreville</name>
<state>MS</state>
<rating>7</rating>
<url>http://www.greatschools.org/city/Mooreville/MS</url>
<lat>34.2786</lat>
<lon>-88.5883</lon>
<active>1</active>
</city>
<city>
<id>412961</id>
<name>Moorhead</name>
<state>MS</state>
<rating>2</rating>
<url>http://www.greatschools.org/city/Moorhead/MS</url>
<lat>33.4504</lat>
<lon>-90.5032</lon>
<active>1</active>
</city>
<city>
<id>412976</id>
<name>Morton</name>
<state>MS</state>
<rating>5</rating>
<url>http://www.greatschools.org/city/Morton/MS</url>
<lat>32.3516</lat>
<lon>-89.655</lon>
<active>1</active>
</city>
<city>
<id>413025</id>
<name>Moselle</name>
<state>MS</state>
<rating>6</rating>
<url>http://www.greatschools.org/city/Moselle/MS</url>
<lat>31.4946</lat>
<lon>-89.3037</lon>
<active>1</active>
</city>
<city>
<id>412876</id>
<name>Moss Point</name>
<state>MS</state>
<rating>6</rating>
<url>http://www.greatschools.org/city/Moss_Point/MS</url>
<lat>30.4068</lat>
<lon>-88.5272</lon>
<active>1</active>
</city>
<city>
<id>413059</id>
<name>Mound Bayou</name>
<state>MS</state>
<rating>5</rating>
<url>http://www.greatschools.org/city/Mound_Bayou/MS</url>
<lat>33.8806</lat>
<lon>-90.7265</lon>
<active>1</active>
</city>
<city>
<id>413047</id>
<name>Mount Olive</name>
<state>MS</state>
<rating>2</rating>
<url>http://www.greatschools.org/city/Mount_Olive/MS</url>
<lat>31.7574</lat>
<lon>-89.6558</lon>
<active>1</active>
</city>
<city>
<id>442655</id>
<name>Mount Pleasant</name>
<state>MS</state>
<rating/>
<url>http://www.greatschools.org/city/Mount_Pleasant/MS</url>
<lat>34.7717</lat>
<lon>-89.4817</lon>
<active>1</active>
</city>
<city>
<id>445223</id>
<name>MS STATE UNIV</name>
<state>MS</state>
<rating/>
<url>http://www.greatschools.org/city/MS_STATE_UNIV/MS</url>
<lat>33.4562</lat>
<lon>-88.7957</lon>
<active>1</active>
</city>
<city>
<id>412953</id>
<name>Myrtle</name>
<state>MS</state>
<rating>8</rating>
<url>http://www.greatschools.org/city/Myrtle/MS</url>
<lat>34.5599</lat>
<lon>-89.1161</lon>
<active>1</active>
</city>
<city>
<id>412938</id>
<name>Natchez</name>
<state>MS</state>
<rating>2</rating>
<url>http://www.greatschools.org/city/Natchez/MS</url>
<lat>31.5527</lat>
<lon>-91.3839</lon>
<active>1</active>
</city>
<city>
<id>413004</id>
<name>Nettleton</name>
<state>MS</state>
<rating>5</rating>
<url>http://www.greatschools.org/city/Nettleton/MS</url>
<lat>34.0868</lat>
<lon>-88.622</lon>
<active>1</active>
</city>
<city>
<id>412829</id>
<name>New Albany</name>
<state>MS</state>
<rating>8</rating>
<url>http://www.greatschools.org/city/New_Albany/MS</url>
<lat>34.4906</lat>
<lon>-89.014</lon>
<active>1</active>
</city>
<city>
<id>412990</id>
<name>New Augusta</name>
<state>MS</state>
<rating>5</rating>
<url>http://www.greatschools.org/city/New_Augusta/MS</url>
<lat>31.2005</lat>
<lon>-89.031</lon>
<active>1</active>
</city>
<city>
<id>413022</id>
<name>New Hebron</name>
<state>MS</state>
<rating>5</rating>
<url>http://www.greatschools.org/city/New_Hebron/MS</url>
<lat>31.7333</lat>
<lon>-89.9828</lon>
<active>1</active>
</city>
<city>
<id>445224</id>
<name>New Houlka</name>
<state>MS</state>
<rating/>
<url>http://www.greatschools.org/city/New_Houlka/MS</url>
<lat>34.0345</lat>
<lon>-88.9946</lon>
<active>1</active>
</city>
<city>
<id>412988</id>
<name>New Site</name>
<state>MS</state>
<rating>8</rating>
<url>http://www.greatschools.org/city/New_Site/MS</url>
<lat>34.5379</lat>
<lon>-88.3921</lon>
<active>1</active>
</city>
<city>
<id>445225</id>
<name>Newhebron</name>
<state>MS</state>
<rating/>
<url>http://www.greatschools.org/city/Newhebron/MS</url>
<lat>31.731</lat>
<lon>-89.9787</lon>
<active>1</active>
</city>
<city>
<id>413003</id>
<name>Newton</name>
<state>MS</state>
<rating>4</rating>
<url>http://www.greatschools.org/city/Newton/MS</url>
<lat>32.3193</lat>
<lon>-89.1627</lon>
<active>1</active>
</city>
<city>
<id>413056</id>
<name>North Carrollton</name>
<state>MS</state>
<rating>4</rating>
<url>http://www.greatschools.org/city/North_Carrollton/MS</url>
<lat>33.5186</lat>
<lon>-89.9192</lon>
<active>1</active>
</city>
<city>
<id>413012</id>
<name>Noxapater</name>
<state>MS</state>
<rating>6</rating>
<url>http://www.greatschools.org/city/Noxapater/MS</url>
<lat>32.9931</lat>
<lon>-89.0639</lon>
<active>1</active>
</city>
<city>
<id>442654</id>
<name>Oakland</name>
<state>MS</state>
<rating/>
<url>http://www.greatschools.org/city/Oakland/MS</url>
<lat>34.0533</lat>
<lon>-89.914</lon>
<active>1</active>
</city>
<city>
<id>412830</id>
<name>Ocean Springs</name>
<state>MS</state>
<rating>8</rating>
<url>http://www.greatschools.org/city/Ocean_Springs/MS</url>
<lat>30.4099</lat>
<lon>-88.7932</lon>
<active>1</active>
</city>
<city>
<id>412872</id>
<name>Okolona</name>
<state>MS</state>
<rating>2</rating>
<url>http://www.greatschools.org/city/Okolona/MS</url>
<lat>34.0047</lat>
<lon>-88.7489</lon>
<active>1</active>
</city>
<city>
<id>412815</id>
<name>Olive Branch</name>
<state>MS</state>
<rating>9</rating>
<url>http://www.greatschools.org/city/Olive_Branch/MS</url>
<lat>34.9606</lat>
<lon>-89.8339</lon>
<active>1</active>
</city>
<city>
<id>412969</id>
<name>Osyka</name>
<state>MS</state>
<rating>4</rating>
<url>http://www.greatschools.org/city/Osyka/MS</url>
<lat>31.0073</lat>
<lon>-90.4723</lon>
<active>1</active>
</city>
<city>
<id>412818</id>
<name>Oxford</name>
<state>MS</state>
<rating>8</rating>
<url>http://www.greatschools.org/city/Oxford/MS</url>
<lat>34.3617</lat>
<lon>-89.5264</lon>
<active>1</active>
</city>
<city>
<id>412846</id>
<name>Pascagoula</name>
<state>MS</state>
<rating>6</rating>
<url>http://www.greatschools.org/city/Pascagoula/MS</url>
<lat>30.3636</lat>
<lon>-88.5329</lon>
<active>1</active>
</city>
<city>
<id>412912</id>
<name>Pass Christian</name>
<state>MS</state>
<rating>9</rating>
<url>http://www.greatschools.org/city/Pass_Christian/MS</url>
<lat>30.3252</lat>
<lon>-89.2408</lon>
<active>1</active>
</city>
<city>
<id>412871</id>
<name>Pearl</name>
<state>MS</state>
<rating>8</rating>
<url>http://www.greatschools.org/city/Pearl/MS</url>
<lat>32.274</lat>
<lon>-90.1044</lon>
<active>1</active>
</city>
<city>
<id>412927</id>
<name>Pelahatchie</name>
<state>MS</state>
<rating>6</rating>
<url>http://www.greatschools.org/city/Pelahatchie/MS</url>
<lat>32.3167</lat>
<lon>-89.7932</lon>
<active>1</active>
</city>
<city>
<id>412964</id>
<name>Perkinston</name>
<state>MS</state>
<rating>7</rating>
<url>http://www.greatschools.org/city/Perkinston/MS</url>
<lat>30.7271</lat>
<lon>-89.1911</lon>
<active>1</active>
</city>
<city>
<id>412992</id>
<name>Petal</name>
<state>MS</state>
<rating>9</rating>
<url>http://www.greatschools.org/city/Petal/MS</url>
<lat>31.3455</lat>
<lon>-89.2554</lon>
<active>1</active>
</city>
<city>
<id>412907</id>
<name>Pheba</name>
<state>MS</state>
<rating/>
<url>http://www.greatschools.org/city/Pheba/MS</url>
<lat>33.5874</lat>
<lon>-88.9487</lon>
<active>1</active>
</city>
<city>
<id>412845</id>
<name>Philadelphia</name>
<state>MS</state>
<rating>5</rating>
<url>http://www.greatschools.org/city/Philadelphia/MS</url>
<lat>32.7747</lat>
<lon>-89.1111</lon>
<active>1</active>
</city>
<city>
<id>412831</id>
<name>Picayune</name>
<state>MS</state>
<rating>6</rating>
<url>http://www.greatschools.org/city/Picayune/MS</url>
<lat>30.5294</lat>
<lon>-89.6802</lon>
<active>1</active>
</city>
<city>
<id>442652</id>
<name>Pickens</name>
<state>MS</state>
<rating/>
<url>http://www.greatschools.org/city/Pickens/MS</url>
<lat>32.8886</lat>
<lon>-89.9695</lon>
<active>1</active>
</city>
<city>
<id>412933</id>
<name>Piney Woods</name>
<state>MS</state>
<rating/>
<url>http://www.greatschools.org/city/Piney_Woods/MS</url>
<lat>32.0175</lat>
<lon>-89.9755</lon>
<active>1</active>
</city>
<city>
<id>412974</id>
<name>Pinola</name>
<state>MS</state>
<rating>8</rating>
<url>http://www.greatschools.org/city/Pinola/MS</url>
<lat>31.8417</lat>
<lon>-90.0139</lon>
<active>1</active>
</city>
<city>
<id>413017</id>
<name>Plantersville</name>
<state>MS</state>
<rating>2</rating>
<url>http://www.greatschools.org/city/Plantersville/MS</url>
<lat>34.2092</lat>
<lon>-88.6647</lon>
<active>1</active>
</city>
<city>
<id>412880</id>
<name>Pontotoc</name>
<state>MS</state>
<rating>8</rating>
<url>http://www.greatschools.org/city/Pontotoc/MS</url>
<lat>34.2464</lat>
<lon>-89.0073</lon>
<active>1</active>
</city>
<city>
<id>412970</id>
<name>Pope</name>
<state>MS</state>
<rating>6</rating>
<url>http://www.greatschools.org/city/Pope/MS</url>
<lat>34.2141</lat>
<lon>-89.9461</lon>
<active>1</active>
</city>
<city>
<id>412844</id>
<name>Poplarville</name>
<state>MS</state>
<rating>7</rating>
<url>http://www.greatschools.org/city/Poplarville/MS</url>
<lat>30.8422</lat>
<lon>-89.5353</lon>
<active>1</active>
</city>
<city>
<id>412923</id>
<name>Port Gibson</name>
<state>MS</state>
<rating>4</rating>
<url>http://www.greatschools.org/city/Port_Gibson/MS</url>
<lat>31.9555</lat>
<lon>-90.9833</lon>
<active>1</active>
</city>
<city>
<id>413009</id>
<name>Potts Camp</name>
<state>MS</state>
<rating>5</rating>
<url>http://www.greatschools.org/city/Potts_Camp/MS</url>
<lat>34.6483</lat>
<lon>-89.3052</lon>
<active>1</active>
</city>
<city>
<id>413075</id>
<name>Prairie</name>
<state>MS</state>
<rating/>
<url>http://www.greatschools.org/city/Prairie/MS</url>
<lat>33.7769</lat>
<lon>-88.6861</lon>
<active>1</active>
</city>
<city>
<id>412868</id>
<name>Prentiss</name>
<state>MS</state>
<rating>4</rating>
<url>http://www.greatschools.org/city/Prentiss/MS</url>
<lat>31.5981</lat>
<lon>-89.8704</lon>
<active>1</active>
</city>
<city>
<id>412983</id>
<name>Puckett</name>
<state>MS</state>
<rating>9</rating>
<url>http://www.greatschools.org/city/Puckett/MS</url>
<lat>32.0848</lat>
<lon>-89.7777</lon>
<active>1</active>
</city>
<city>
<id>412878</id>
<name>Purvis</name>
<state>MS</state>
<rating>7</rating>
<url>http://www.greatschools.org/city/Purvis/MS</url>
<lat>31.1413</lat>
<lon>-89.4087</lon>
<active>1</active>
</city>
<city>
<id>412843</id>
<name>Quitman</name>
<state>MS</state>
<rating>5</rating>
<url>http://www.greatschools.org/city/Quitman/MS</url>
<lat>32.0465</lat>
<lon>-88.7223</lon>
<active>1</active>
</city>
<city>
<id>412971</id>
<name>Raleigh</name>
<state>MS</state>
<rating>6</rating>
<url>http://www.greatschools.org/city/Raleigh/MS</url>
<lat>32.0333</lat>
<lon>-89.5224</lon>
<active>1</active>
</city>
<city>
<id>412865</id>
<name>Raymond</name>
<state>MS</state>
<rating>5</rating>
<url>http://www.greatschools.org/city/Raymond/MS</url>
<lat>32.26</lat>
<lon>-90.4202</lon>
<active>1</active>
</city>
<city>
<id>412951</id>
<name>Redwood</name>
<state>MS</state>
<rating>6</rating>
<url>http://www.greatschools.org/city/Redwood/MS</url>
<lat>32.4745</lat>
<lon>-90.7918</lon>
<active>1</active>
</city>
<city>
<id>412981</id>
<name>Richland</name>
<state>MS</state>
<rating>7</rating>
<url>http://www.greatschools.org/city/Richland/MS</url>
<lat>32.2174</lat>
<lon>-90.1567</lon>
<active>1</active>
</city>
<city>
<id>412980</id>
<name>Richton</name>
<state>MS</state>
<rating>5</rating>
<url>http://www.greatschools.org/city/Richton/MS</url>
<lat>31.3489</lat>
<lon>-88.9406</lon>
<active>1</active>
</city>
<city>
<id>412835</id>
<name>Ridgeland</name>
<state>MS</state>
<rating>7</rating>
<url>http://www.greatschools.org/city/Ridgeland/MS</url>
<lat>32.4162</lat>
<lon>-90.1207</lon>
<active>1</active>
</city>
<city>
<id>413074</id>
<name>Rienzi</name>
<state>MS</state>
<rating>9</rating>
<url>http://www.greatschools.org/city/Rienzi/MS</url>
<lat>34.7645</lat>
<lon>-88.5332</lon>
<active>1</active>
</city>
<city>
<id>412965</id>
<name>Ripley</name>
<state>MS</state>
<rating>7</rating>
<url>http://www.greatschools.org/city/Ripley/MS</url>
<lat>34.7345</lat>
<lon>-88.9481</lon>
<active>1</active>
</city>
<city>
<id>412879</id>
<name>Robinsonville</name>
<state>MS</state>
<rating>2</rating>
<url>http://www.greatschools.org/city/Robinsonville/MS</url>
<lat>34.8068</lat>
<lon>-90.3055</lon>
<active>1</active>
</city>
<city>
<id>412833</id>
<name>Rolling Fork</name>
<state>MS</state>
<rating>5</rating>
<url>http://www.greatschools.org/city/Rolling_Fork/MS</url>
<lat>32.9082</lat>
<lon>-90.8775</lon>
<active>1</active>
</city>
<city>
<id>413066</id>
<name>Rosedale</name>
<state>MS</state>
<rating>3</rating>
<url>http://www.greatschools.org/city/Rosedale/MS</url>
<lat>33.8547</lat>
<lon>-91.0231</lon>
<active>1</active>
</city>
<city>
<id>442651</id>
<name>Roxie</name>
<state>MS</state>
<rating/>
<url>http://www.greatschools.org/city/Roxie/MS</url>
<lat>31.5047</lat>
<lon>-91.0685</lon>
<active>1</active>
</city>
<city>
<id>412960</id>
<name>Ruleville</name>
<state>MS</state>
<rating>3</rating>
<url>http://www.greatschools.org/city/Ruleville/MS</url>
<lat>33.727</lat>
<lon>-90.5479</lon>
<active>1</active>
</city>
<city>
<id>413071</id>
<name>Sallis</name>
<state>MS</state>
<rating>5</rating>
<url>http://www.greatschools.org/city/Sallis/MS</url>
<lat>33.0215</lat>
<lon>-89.7649</lon>
<active>1</active>
</city>
<city>
<id>412826</id>
<name>Saltillo</name>
<state>MS</state>
<rating>8</rating>
<url>http://www.greatschools.org/city/Saltillo/MS</url>
<lat>34.3771</lat>
<lon>-88.692</lon>
<active>1</active>
</city>
<city>
<id>412982</id>
<name>Sandhill</name>
<state>MS</state>
<rating>9</rating>
<url>http://www.greatschools.org/city/Sandhill/MS</url>
<lat>32.3269</lat>
<lon>-89.7852</lon>
<active>1</active>
</city>
<city>
<id>412958</id>
<name>Sarah</name>
<state>MS</state>
<rating>9</rating>
<url>http://www.greatschools.org/city/Sarah/MS</url>
<lat>34.5955</lat>
<lon>-90.1392</lon>
<active>1</active>
</city>
<city>
<id>413001</id>
<name>Sardis</name>
<state>MS</state>
<rating>4</rating>
<url>http://www.greatschools.org/city/Sardis/MS</url>
<lat>34.4358</lat>
<lon>-89.917</lon>
<active>1</active>
</city>
<city>
<id>413039</id>
<name>Saucier</name>
<state>MS</state>
<rating>8</rating>
<url>http://www.greatschools.org/city/Saucier/MS</url>
<lat>30.625</lat>
<lon>-89.1423</lon>
<active>1</active>
</city>
<city>
<id>413024</id>
<name>Scooba</name>
<state>MS</state>
<rating>3</rating>
<url>http://www.greatschools.org/city/Scooba/MS</url>
<lat>32.831</lat>
<lon>-88.4781</lon>
<active>1</active>
</city>
<city>
<id>412978</id>
<name>Sebastopol</name>
<state>MS</state>
<rating>8</rating>
<url>http://www.greatschools.org/city/Sebastopol/MS</url>
<lat>32.5701</lat>
<lon>-89.3362</lon>
<active>1</active>
</city>
<city>
<id>412870</id>
<name>Seminary</name>
<state>MS</state>
<rating>5</rating>
<url>http://www.greatschools.org/city/Seminary/MS</url>
<lat>31.5625</lat>
<lon>-89.4951</lon>
<active>1</active>
</city>
<city>
<id>412883</id>
<name>Senatobia</name>
<state>MS</state>
<rating>8</rating>
<url>http://www.greatschools.org/city/Senatobia/MS</url>
<lat>34.6173</lat>
<lon>-89.9733</lon>
<active>1</active>
</city>
<city>
<id>412825</id>
<name>Shannon</name>
<state>MS</state>
<rating>3</rating>
<url>http://www.greatschools.org/city/Shannon/MS</url>
<lat>34.1176</lat>
<lon>-88.7014</lon>
<active>1</active>
</city>
<city>
<id>413060</id>
<name>Shaw</name>
<state>MS</state>
<rating>3</rating>
<url>http://www.greatschools.org/city/Shaw/MS</url>
<lat>33.6027</lat>
<lon>-90.7719</lon>
<active>1</active>
</city>
<city>
<id>413063</id>
<name>Shelby</name>
<state>MS</state>
<rating>2</rating>
<url>http://www.greatschools.org/city/Shelby/MS</url>
<lat>33.9472</lat>
<lon>-90.7645</lon>
<active>1</active>
</city>
<city>
<id>442650</id>
<name>Sidon</name>
<state>MS</state>
<rating/>
<url>http://www.greatschools.org/city/Sidon/MS</url>
<lat>33.4072</lat>
<lon>-90.2079</lon>
<active>1</active>
</city>
<city>
<id>442648</id>
<name>Sledge</name>
<state>MS</state>
<rating/>
<url>http://www.greatschools.org/city/Sledge/MS</url>
<lat>34.4339</lat>
<lon>-90.2204</lon>
<active>1</active>
</city>
<city>
<id>413007</id>
<name>Smithville</name>
<state>MS</state>
<rating>8</rating>
<url>http://www.greatschools.org/city/Smithville/MS</url>
<lat>34.0667</lat>
<lon>-88.3958</lon>
<active>1</active>
</city>
<city>
<id>412836</id>
<name>Southaven</name>
<state>MS</state>
<rating>8</rating>
<url>http://www.greatschools.org/city/Southaven/MS</url>
<lat>34.9678</lat>
<lon>-89.9943</lon>
<active>1</active>
</city>
<city>
<id>412842</id>
<name>Starkville</name>
<state>MS</state>
<rating>4</rating>
<url>http://www.greatschools.org/city/Starkville/MS</url>
<lat>33.4579</lat>
<lon>-88.8193</lon>
<active>1</active>
</city>
<city>
<id>445226</id>
<name>State Line</name>
<state>MS</state>
<rating/>
<url>http://www.greatschools.org/city/State_Line/MS</url>
<lat>31.4218</lat>
<lon>-88.4687</lon>
<active>1</active>
</city>
<city>
<id>441859</id>
<name>Steens</name>
<state>MS</state>
<rating/>
<url>http://www.greatschools.org/city/Steens/MS</url>
<lat>33.579</lat>
<lon>-88.3198</lon>
<active>1</active>
</city>
<city>
<id>445227</id>
<name>Stoneville</name>
<state>MS</state>
<rating/>
<url>http://www.greatschools.org/city/Stoneville/MS</url>
<lat>33.4406</lat>
<lon>-90.92</lon>
<active>1</active>
</city>
<city>
<id>412946</id>
<name>Stringer</name>
<state>MS</state>
<rating>8</rating>
<url>http://www.greatschools.org/city/Stringer/MS</url>
<lat>31.863</lat>
<lon>-89.2517</lon>
<active>1</active>
</city>
<city>
<id>412993</id>
<name>Sturgis</name>
<state>MS</state>
<rating>6</rating>
<url>http://www.greatschools.org/city/Sturgis/MS</url>
<lat>33.3458</lat>
<lon>-89.0471</lon>
<active>1</active>
</city>
<city>
<id>413000</id>
<name>Summit</name>
<state>MS</state>
<rating>6</rating>
<url>http://www.greatschools.org/city/Summit/MS</url>
<lat>31.2833</lat>
<lon>-90.4648</lon>
<active>1</active>
</city>
<city>
<id>412945</id>
<name>Sumner</name>
<state>MS</state>
<rating>3</rating>
<url>http://www.greatschools.org/city/Sumner/MS</url>
<lat>33.9691</lat>
<lon>-90.3694</lon>
<active>1</active>
</city>
<city>
<id>412901</id>
<name>Sumrall</name>
<state>MS</state>
<rating>8</rating>
<url>http://www.greatschools.org/city/Sumrall/MS</url>
<lat>31.4185</lat>
<lon>-89.5467</lon>
<active>1</active>
</city>
<city>
<id>412962</id>
<name>Sunflower</name>
<state>MS</state>
<rating>3</rating>
<url>http://www.greatschools.org/city/Sunflower/MS</url>
<lat>33.5459</lat>
<lon>-90.5367</lon>
<active>1</active>
</city>
<city>
<id>445228</id>
<name>Taylor</name>
<state>MS</state>
<rating/>
<url>http://www.greatschools.org/city/Taylor/MS</url>
<lat>34.2971</lat>
<lon>-89.6157</lon>
<active>1</active>
</city>
<city>
<id>412972</id>
<name>Taylorsville</name>
<state>MS</state>
<rating>5</rating>
<url>http://www.greatschools.org/city/Taylorsville/MS</url>
<lat>31.8312</lat>
<lon>-89.4312</lon>
<active>1</active>
</city>
<city>
<id>413035</id>
<name>Tchula</name>
<state>MS</state>
<rating>2</rating>
<url>http://www.greatschools.org/city/Tchula/MS</url>
<lat>33.1825</lat>
<lon>-90.2235</lon>
<active>1</active>
</city>
<city>
<id>413038</id>
<name>Terry</name>
<state>MS</state>
<rating>5</rating>
<url>http://www.greatschools.org/city/Terry/MS</url>
<lat>32.1013</lat>
<lon>-90.2934</lon>
<active>1</active>
</city>
<city>
<id>412956</id>
<name>Tishomingo</name>
<state>MS</state>
<rating/>
<url>http://www.greatschools.org/city/Tishomingo/MS</url>
<lat>34.6351</lat>
<lon>-88.2288</lon>
<active>1</active>
</city>
<city>
<id>442646</id>
<name>Toomsuba</name>
<state>MS</state>
<rating/>
<url>http://www.greatschools.org/city/Toomsuba/MS</url>
<lat>32.4182</lat>
<lon>-88.5112</lon>
<active>1</active>
</city>
<city>
<id>413031</id>
<name>Tremont</name>
<state>MS</state>
<rating>8</rating>
<url>http://www.greatschools.org/city/Tremont/MS</url>
<lat>34.2336</lat>
<lon>-88.2527</lon>
<active>1</active>
</city>
<city>
<id>412937</id>
<name>Tunica</name>
<state>MS</state>
<rating>2</rating>
<url>http://www.greatschools.org/city/Tunica/MS</url>
<lat>34.6878</lat>
<lon>-90.381</lon>
<active>1</active>
</city>
<city>
<id>412816</id>
<name>Tupelo</name>
<state>MS</state>
<rating>8</rating>
<url>http://www.greatschools.org/city/Tupelo/MS</url>
<lat>34.2574</lat>
<lon>-88.73</lon>
<active>1</active>
</city>
<city>
<id>442645</id>
<name>Tutwiler</name>
<state>MS</state>
<rating/>
<url>http://www.greatschools.org/city/Tutwiler/MS</url>
<lat>34.0148</lat>
<lon>-90.4341</lon>
<active>1</active>
</city>
<city>
<id>412820</id>
<name>Tylertown</name>
<state>MS</state>
<rating>3</rating>
<url>http://www.greatschools.org/city/Tylertown/MS</url>
<lat>31.1164</lat>
<lon>-90.1463</lon>
<active>1</active>
</city>
<city>
<id>412952</id>
<name>Union</name>
<state>MS</state>
<rating>8</rating>
<url>http://www.greatschools.org/city/Union/MS</url>
<lat>32.5737</lat>
<lon>-89.1188</lon>
<active>1</active>
</city>
<city>
<id>442644</id>
<name>University</name>
<state>MS</state>
<rating/>
<url>http://www.greatschools.org/city/University/MS</url>
<lat>34.3647</lat>
<lon>-89.5771</lon>
<active>1</active>
</city>
<city>
<id>412873</id>
<name>Utica</name>
<state>MS</state>
<rating>3</rating>
<url>http://www.greatschools.org/city/Utica/MS</url>
<lat>32.1073</lat>
<lon>-90.6221</lon>
<active>1</active>
</city>
<city>
<id>413055</id>
<name>Vaiden</name>
<state>MS</state>
<rating/>
<url>http://www.greatschools.org/city/Vaiden/MS</url>
<lat>33.3302</lat>
<lon>-89.7448</lon>
<active>1</active>
</city>
<city>
<id>442643</id>
<name>Valewood</name>
<state>MS</state>
<rating/>
<url>http://www.greatschools.org/city/Valewood/MS</url>
<lat>33.0312</lat>
<lon>-91.016</lon>
<active>1</active>
</city>
<city>
<id>413029</id>
<name>Vancleave</name>
<state>MS</state>
<rating>8</rating>
<url>http://www.greatschools.org/city/Vancleave/MS</url>
<lat>30.5479</lat>
<lon>-88.6709</lon>
<active>1</active>
</city>
<city>
<id>413057</id>
<name>Vardaman</name>
<state>MS</state>
<rating>7</rating>
<url>http://www.greatschools.org/city/Vardaman/MS</url>
<lat>33.8819</lat>
<lon>-89.1779</lon>
<active>1</active>
</city>
<city>
<id>412941</id>
<name>Vaughan</name>
<state>MS</state>
<rating>3</rating>
<url>http://www.greatschools.org/city/Vaughan/MS</url>
<lat>32.817</lat>
<lon>-90.1046</lon>
<active>1</active>
</city>
<city>
<id>412837</id>
<name>Verona</name>
<state>MS</state>
<rating>5</rating>
<url>http://www.greatschools.org/city/Verona/MS</url>
<lat>34.19</lat>
<lon>-88.7201</lon>
<active>1</active>
</city>
<city>
<id>412861</id>
<name>Vicksburg</name>
<state>MS</state>
<rating>4</rating>
<url>http://www.greatschools.org/city/Vicksburg/MS</url>
<lat>32.3272</lat>
<lon>-90.8748</lon>
<active>1</active>
</city>
<city>
<id>412894</id>
<name>Victoria</name>
<state>MS</state>
<rating/>
<url>http://www.greatschools.org/city/Victoria/MS</url>
<lat>34.8984</lat>
<lon>-89.5529</lon>
<active>1</active>
</city>
<city>
<id>412914</id>
<name>Walls</name>
<state>MS</state>
<rating>8</rating>
<url>http://www.greatschools.org/city/Walls/MS</url>
<lat>34.9603</lat>
<lon>-90.1028</lon>
<active>1</active>
</city>
<city>
<id>412998</id>
<name>Walnut</name>
<state>MS</state>
<rating>5</rating>
<url>http://www.greatschools.org/city/Walnut/MS</url>
<lat>34.9471</lat>
<lon>-88.9073</lon>
<active>1</active>
</city>
<city>
<id>413019</id>
<name>Walnut Grove</name>
<state>MS</state>
<rating>4</rating>
<url>http://www.greatschools.org/city/Walnut_Grove/MS</url>
<lat>32.5967</lat>
<lon>-89.4593</lon>
<active>1</active>
</city>
<city>
<id>445229</id>
<name>Washington</name>
<state>MS</state>
<rating/>
<url>http://www.greatschools.org/city/Washington/MS</url>
<lat>31.5788</lat>
<lon>-91.2993</lon>
<active>1</active>
</city>
<city>
<id>412834</id>
<name>Water Valley</name>
<state>MS</state>
<rating>4</rating>
<url>http://www.greatschools.org/city/Water_Valley/MS</url>
<lat>34.1567</lat>
<lon>-89.6293</lon>
<active>1</active>
</city>
<city>
<id>412911</id>
<name>Waveland</name>
<state>MS</state>
<rating/>
<url>http://www.greatschools.org/city/Waveland/MS</url>
<lat>30.2901</lat>
<lon>-89.3822</lon>
<active>1</active>
</city>
<city>
<id>412889</id>
<name>Waynesboro</name>
<state>MS</state>
<rating>5</rating>
<url>http://www.greatschools.org/city/Waynesboro/MS</url>
<lat>31.6773</lat>
<lon>-88.6453</lon>
<active>1</active>
</city>
<city>
<id>412944</id>
<name>Webb</name>
<state>MS</state>
<rating>3</rating>
<url>http://www.greatschools.org/city/Webb/MS</url>
<lat>33.948</lat>
<lon>-90.346</lon>
<active>1</active>
</city>
<city>
<id>413053</id>
<name>Weir</name>
<state>MS</state>
<rating>5</rating>
<url>http://www.greatschools.org/city/Weir/MS</url>
<lat>33.2619</lat>
<lon>-89.2887</lon>
<active>1</active>
</city>
<city>
<id>413048</id>
<name>Wesson</name>
<state>MS</state>
<rating>7</rating>
<url>http://www.greatschools.org/city/Wesson/MS</url>
<lat>31.6997</lat>
<lon>-90.396</lon>
<active>1</active>
</city>
<city>
<id>412926</id>
<name>West</name>
<state>MS</state>
<rating/>
<url>http://www.greatschools.org/city/West/MS</url>
<lat>33.1988</lat>
<lon>-89.7826</lon>
<active>1</active>
</city>
<city>
<id>412840</id>
<name>West Point</name>
<state>MS</state>
<rating>4</rating>
<url>http://www.greatschools.org/city/West_Point/MS</url>
<lat>33.6072</lat>
<lon>-88.651</lon>
<active>1</active>
</city>
<city>
<id>412986</id>
<name>Wheeler</name>
<state>MS</state>
<rating>6</rating>
<url>http://www.greatschools.org/city/Wheeler/MS</url>
<lat>34.5149</lat>
<lon>-88.6377</lon>
<active>1</active>
</city>
<city>
<id>412851</id>
<name>Whitfield</name>
<state>MS</state>
<rating/>
<url>http://www.greatschools.org/city/Whitfield/MS</url>
<lat>32.2663</lat>
<lon>-90.097</lon>
<active>1</active>
</city>
<city>
<id>412963</id>
<name>Wiggins</name>
<state>MS</state>
<rating>7</rating>
<url>http://www.greatschools.org/city/Wiggins/MS</url>
<lat>30.858</lat>
<lon>-89.1355</lon>
<active>1</active>
</city>
<city>
<id>412935</id>
<name>Winona</name>
<state>MS</state>
<rating>7</rating>
<url>http://www.greatschools.org/city/Winona/MS</url>
<lat>33.4858</lat>
<lon>-89.7319</lon>
<active>1</active>
</city>
<city>
<id>412915</id>
<name>Woodville</name>
<state>MS</state>
<rating>3</rating>
<url>http://www.greatschools.org/city/Woodville/MS</url>
<lat>31.1038</lat>
<lon>-91.3004</lon>
<active>1</active>
</city>
<city>
<id>412839</id>
<name>Yazoo City</name>
<state>MS</state>
<rating>2</rating>
<url>http://www.greatschools.org/city/Yazoo_City/MS</url>
<lat>32.8586</lat>
<lon>-90.4104</lon>
<active>1</active>
</city>
</greatschools-city-feed>
