<?xml version="1.0" encoding="utf-8"?><greatschools-city-feed xmlns:xsi="http://www.w3.org/2001/XMLSchema-instance" xsi:noNamespaceSchemaLocation="http://www.greatschools.org/feeds/greatschools-city2.xsd">
<city>
<id>419464</id>
<name>Aberdeen</name>
<state>SD</state>
<rating>7</rating>
<url>http://www.greatschools.org/city/Aberdeen/SD</url>
<lat>45.4633</lat>
<lon>-98.4803</lon>
<active>1</active>
</city>
<city>
<id>419563</id>
<name>Academy</name>
<state>SD</state>
<rating/>
<url>http://www.greatschools.org/city/Academy/SD</url>
<lat>43.471</lat>
<lon>-99.0928</lon>
<active>1</active>
</city>
<city>
<id>444175</id>
<name>Agency Village</name>
<state>SD</state>
<rating/>
<url>http://www.greatschools.org/city/Agency_Village/SD</url>
<lat>45.7267</lat>
<lon>-97.0171</lon>
<active>1</active>
</city>
<city>
<id>419679</id>
<name>Alcester</name>
<state>SD</state>
<rating>6</rating>
<url>http://www.greatschools.org/city/Alcester/SD</url>
<lat>43.0231</lat>
<lon>-96.6291</lon>
<active>1</active>
</city>
<city>
<id>419574</id>
<name>Alexandria</name>
<state>SD</state>
<rating/>
<url>http://www.greatschools.org/city/Alexandria/SD</url>
<lat>43.6551</lat>
<lon>-97.7806</lon>
<active>1</active>
</city>
<city>
<id>441964</id>
<name>Allen</name>
<state>SD</state>
<rating/>
<url>http://www.greatschools.org/city/Allen/SD</url>
<lat>43.2714</lat>
<lon>-101.919</lon>
<active>1</active>
</city>
<city>
<id>419675</id>
<name>Arlington</name>
<state>SD</state>
<rating>9</rating>
<url>http://www.greatschools.org/city/Arlington/SD</url>
<lat>44.3643</lat>
<lon>-97.1365</lon>
<active>1</active>
</city>
<city>
<id>419674</id>
<name>Armour</name>
<state>SD</state>
<rating>9</rating>
<url>http://www.greatschools.org/city/Armour/SD</url>
<lat>43.3192</lat>
<lon>-98.347</lon>
<active>1</active>
</city>
<city>
<id>419673</id>
<name>Artesian</name>
<state>SD</state>
<rating/>
<url>http://www.greatschools.org/city/Artesian/SD</url>
<lat>44.0068</lat>
<lon>-97.923</lon>
<active>1</active>
</city>
<city>
<id>419672</id>
<name>Avon</name>
<state>SD</state>
<rating>8</rating>
<url>http://www.greatschools.org/city/Avon/SD</url>
<lat>43.0065</lat>
<lon>-98.0597</lon>
<active>1</active>
</city>
<city>
<id>419671</id>
<name>Baltic</name>
<state>SD</state>
<rating>7</rating>
<url>http://www.greatschools.org/city/Baltic/SD</url>
<lat>43.7606</lat>
<lon>-96.735</lon>
<active>1</active>
</city>
<city>
<id>419555</id>
<name>Batesland</name>
<state>SD</state>
<rating>1</rating>
<url>http://www.greatschools.org/city/Batesland/SD</url>
<lat>43.1283</lat>
<lon>-102.101</lon>
<active>1</active>
</city>
<city>
<id>419494</id>
<name>Belle Fourche</name>
<state>SD</state>
<rating>5</rating>
<url>http://www.greatschools.org/city/Belle_Fourche/SD</url>
<lat>44.6637</lat>
<lon>-103.849</lon>
<active>1</active>
</city>
<city>
<id>419490</id>
<name>Beresford</name>
<state>SD</state>
<rating>6</rating>
<url>http://www.greatschools.org/city/Beresford/SD</url>
<lat>43.0804</lat>
<lon>-96.7781</lon>
<active>1</active>
</city>
<city>
<id>419670</id>
<name>Big Stone City</name>
<state>SD</state>
<rating>7</rating>
<url>http://www.greatschools.org/city/Big_Stone_City/SD</url>
<lat>45.2974</lat>
<lon>-96.4656</lon>
<active>1</active>
</city>
<city>
<id>419669</id>
<name>Bison</name>
<state>SD</state>
<rating>3</rating>
<url>http://www.greatschools.org/city/Bison/SD</url>
<lat>45.5229</lat>
<lon>-102.465</lon>
<active>1</active>
</city>
<city>
<id>419561</id>
<name>Black Hawk</name>
<state>SD</state>
<rating>3</rating>
<url>http://www.greatschools.org/city/Black_Hawk/SD</url>
<lat>44.1413</lat>
<lon>-103.301</lon>
<active>1</active>
</city>
<city>
<id>419486</id>
<name>Blunt</name>
<state>SD</state>
<rating>3</rating>
<url>http://www.greatschools.org/city/Blunt/SD</url>
<lat>44.5168</lat>
<lon>-99.9883</lon>
<active>1</active>
</city>
<city>
<id>419665</id>
<name>Bonesteel</name>
<state>SD</state>
<rating>2</rating>
<url>http://www.greatschools.org/city/Bonesteel/SD</url>
<lat>43.0771</lat>
<lon>-98.9465</lon>
<active>1</active>
</city>
<city>
<id>419664</id>
<name>Bowdle</name>
<state>SD</state>
<rating>4</rating>
<url>http://www.greatschools.org/city/Bowdle/SD</url>
<lat>45.4507</lat>
<lon>-99.6564</lon>
<active>1</active>
</city>
<city>
<id>419640</id>
<name>Box Elder</name>
<state>SD</state>
<rating>4</rating>
<url>http://www.greatschools.org/city/Box_Elder/SD</url>
<lat>44.117</lat>
<lon>-103.068</lon>
<active>1</active>
</city>
<city>
<id>419473</id>
<name>Brandon</name>
<state>SD</state>
<rating>8</rating>
<url>http://www.greatschools.org/city/Brandon/SD</url>
<lat>43.5917</lat>
<lon>-96.5802</lon>
<active>1</active>
</city>
<city>
<id>419662</id>
<name>Bridgewater</name>
<state>SD</state>
<rating/>
<url>http://www.greatschools.org/city/Bridgewater/SD</url>
<lat>43.552</lat>
<lon>-97.5007</lon>
<active>1</active>
</city>
<city>
<id>441952</id>
<name>Bristol</name>
<state>SD</state>
<rating/>
<url>http://www.greatschools.org/city/Bristol/SD</url>
<lat>45.3442</lat>
<lon>-97.7511</lon>
<active>1</active>
</city>
<city>
<id>419487</id>
<name>Britton</name>
<state>SD</state>
<rating>5</rating>
<url>http://www.greatschools.org/city/Britton/SD</url>
<lat>45.7926</lat>
<lon>-97.7533</lon>
<active>1</active>
</city>
<city>
<id>419468</id>
<name>Brookings</name>
<state>SD</state>
<rating>7</rating>
<url>http://www.greatschools.org/city/Brookings/SD</url>
<lat>44.3063</lat>
<lon>-96.7876</lon>
<active>1</active>
</city>
<city>
<id>419658</id>
<name>Buffalo</name>
<state>SD</state>
<rating>5</rating>
<url>http://www.greatschools.org/city/Buffalo/SD</url>
<lat>45.5859</lat>
<lon>-103.547</lon>
<active>1</active>
</city>
<city>
<id>441950</id>
<name>Burbank</name>
<state>SD</state>
<rating/>
<url>http://www.greatschools.org/city/Burbank/SD</url>
<lat>42.7937</lat>
<lon>-96.8281</lon>
<active>1</active>
</city>
<city>
<id>419657</id>
<name>Burke</name>
<state>SD</state>
<rating>6</rating>
<url>http://www.greatschools.org/city/Burke/SD</url>
<lat>43.1834</lat>
<lon>-99.2912</lon>
<active>1</active>
</city>
<city>
<id>419659</id>
<name>Camp Crook</name>
<state>SD</state>
<rating/>
<url>http://www.greatschools.org/city/Camp_Crook/SD</url>
<lat>45.551</lat>
<lon>-103.975</lon>
<active>1</active>
</city>
<city>
<id>419656</id>
<name>Canistota</name>
<state>SD</state>
<rating>7</rating>
<url>http://www.greatschools.org/city/Canistota/SD</url>
<lat>43.5975</lat>
<lon>-97.2943</lon>
<active>1</active>
</city>
<city>
<id>441954</id>
<name>Canova</name>
<state>SD</state>
<rating/>
<url>http://www.greatschools.org/city/Canova/SD</url>
<lat>43.8811</lat>
<lon>-97.5005</lon>
<active>1</active>
</city>
<city>
<id>419655</id>
<name>Canton</name>
<state>SD</state>
<rating>7</rating>
<url>http://www.greatschools.org/city/Canton/SD</url>
<lat>43.3035</lat>
<lon>-96.5902</lon>
<active>1</active>
</city>
<city>
<id>419488</id>
<name>Carpenter</name>
<state>SD</state>
<rating/>
<url>http://www.greatschools.org/city/Carpenter/SD</url>
<lat>44.6111</lat>
<lon>-97.9515</lon>
<active>1</active>
</city>
<city>
<id>419654</id>
<name>Carthage</name>
<state>SD</state>
<rating/>
<url>http://www.greatschools.org/city/Carthage/SD</url>
<lat>44.17</lat>
<lon>-97.7187</lon>
<active>1</active>
</city>
<city>
<id>419491</id>
<name>Castlewood</name>
<state>SD</state>
<rating>6</rating>
<url>http://www.greatschools.org/city/Castlewood/SD</url>
<lat>44.7247</lat>
<lon>-97.0286</lon>
<active>1</active>
</city>
<city>
<id>441955</id>
<name>Cavour</name>
<state>SD</state>
<rating/>
<url>http://www.greatschools.org/city/Cavour/SD</url>
<lat>44.3707</lat>
<lon>-98.0369</lon>
<active>1</active>
</city>
<city>
<id>419653</id>
<name>Centerville</name>
<state>SD</state>
<rating>8</rating>
<url>http://www.greatschools.org/city/Centerville/SD</url>
<lat>43.1181</lat>
<lon>-96.9593</lon>
<active>1</active>
</city>
<city>
<id>419504</id>
<name>Chamberlain</name>
<state>SD</state>
<rating>4</rating>
<url>http://www.greatschools.org/city/Chamberlain/SD</url>
<lat>43.8059</lat>
<lon>-99.3296</lon>
<active>1</active>
</city>
<city>
<id>419590</id>
<name>Chancellor</name>
<state>SD</state>
<rating/>
<url>http://www.greatschools.org/city/Chancellor/SD</url>
<lat>43.3715</lat>
<lon>-96.9868</lon>
<active>1</active>
</city>
<city>
<id>419652</id>
<name>Chester</name>
<state>SD</state>
<rating>7</rating>
<url>http://www.greatschools.org/city/Chester/SD</url>
<lat>43.8983</lat>
<lon>-96.9831</lon>
<active>1</active>
</city>
<city>
<id>419595</id>
<name>Claremont</name>
<state>SD</state>
<rating/>
<url>http://www.greatschools.org/city/Claremont/SD</url>
<lat>45.6723</lat>
<lon>-98.0161</lon>
<active>1</active>
</city>
<city>
<id>419651</id>
<name>Clark</name>
<state>SD</state>
<rating>6</rating>
<url>http://www.greatschools.org/city/Clark/SD</url>
<lat>44.8793</lat>
<lon>-97.7346</lon>
<active>1</active>
</city>
<city>
<id>419678</id>
<name>Clear Lake</name>
<state>SD</state>
<rating>6</rating>
<url>http://www.greatschools.org/city/Clear_Lake/SD</url>
<lat>44.7542</lat>
<lon>-96.6863</lon>
<active>1</active>
</city>
<city>
<id>419650</id>
<name>Colman</name>
<state>SD</state>
<rating>4</rating>
<url>http://www.greatschools.org/city/Colman/SD</url>
<lat>43.9816</lat>
<lon>-96.8143</lon>
<active>1</active>
</city>
<city>
<id>419649</id>
<name>Colome</name>
<state>SD</state>
<rating>7</rating>
<url>http://www.greatschools.org/city/Colome/SD</url>
<lat>43.2601</lat>
<lon>-99.7173</lon>
<active>1</active>
</city>
<city>
<id>419581</id>
<name>Colton</name>
<state>SD</state>
<rating>5</rating>
<url>http://www.greatschools.org/city/Colton/SD</url>
<lat>43.7872</lat>
<lon>-96.9271</lon>
<active>1</active>
</city>
<city>
<id>441958</id>
<name>Columbia</name>
<state>SD</state>
<rating/>
<url>http://www.greatschools.org/city/Columbia/SD</url>
<lat>45.6133</lat>
<lon>-98.3138</lon>
<active>1</active>
</city>
<city>
<id>419648</id>
<name>Conde</name>
<state>SD</state>
<rating/>
<url>http://www.greatschools.org/city/Conde/SD</url>
<lat>45.1565</lat>
<lon>-98.0969</lon>
<active>1</active>
</city>
<city>
<id>419647</id>
<name>Corsica</name>
<state>SD</state>
<rating>9</rating>
<url>http://www.greatschools.org/city/Corsica/SD</url>
<lat>43.4242</lat>
<lon>-98.4052</lon>
<active>1</active>
</city>
<city>
<id>441951</id>
<name>Crooks</name>
<state>SD</state>
<rating/>
<url>http://www.greatschools.org/city/Crooks/SD</url>
<lat>43.6609</lat>
<lon>-96.8082</lon>
<active>1</active>
</city>
<city>
<id>419644</id>
<name>Custer</name>
<state>SD</state>
<rating>5</rating>
<url>http://www.greatschools.org/city/Custer/SD</url>
<lat>43.7685</lat>
<lon>-103.595</lon>
<active>1</active>
</city>
<city>
<id>445656</id>
<name>Dakota Dunes</name>
<state>SD</state>
<rating/>
<url>http://www.greatschools.org/city/Dakota_Dunes/SD</url>
<lat>42.5076</lat>
<lon>-96.4991</lon>
<active>1</active>
</city>
<city>
<id>419643</id>
<name>De Smet</name>
<state>SD</state>
<rating>6</rating>
<url>http://www.greatschools.org/city/De_Smet/SD</url>
<lat>44.3868</lat>
<lon>-97.5509</lon>
<active>1</active>
</city>
<city>
<id>419594</id>
<name>Deadwood</name>
<state>SD</state>
<rating>4</rating>
<url>http://www.greatschools.org/city/Deadwood/SD</url>
<lat>44.3774</lat>
<lon>-103.727</lon>
<active>1</active>
</city>
<city>
<id>419505</id>
<name>Dell Rapids</name>
<state>SD</state>
<rating>6</rating>
<url>http://www.greatschools.org/city/Dell_Rapids/SD</url>
<lat>43.8271</lat>
<lon>-96.7123</lon>
<active>1</active>
</city>
<city>
<id>419535</id>
<name>Delmont</name>
<state>SD</state>
<rating/>
<url>http://www.greatschools.org/city/Delmont/SD</url>
<lat>43.2663</lat>
<lon>-98.1606</lon>
<active>1</active>
</city>
<city>
<id>446339</id>
<name>Dewey</name>
<state>SD</state>
<rating/>
<url>http://www.greatschools.org/city/Dewey/SD</url>
<lat>43.6878</lat>
<lon>-103.995</lon>
<active>1</active>
</city>
<city>
<id>419642</id>
<name>Doland</name>
<state>SD</state>
<rating/>
<url>http://www.greatschools.org/city/Doland/SD</url>
<lat>44.8942</lat>
<lon>-98.1008</lon>
<active>1</active>
</city>
<city>
<id>419639</id>
<name>Dupree</name>
<state>SD</state>
<rating>4</rating>
<url>http://www.greatschools.org/city/Dupree/SD</url>
<lat>45.0494</lat>
<lon>-101.6</lon>
<active>1</active>
</city>
<city>
<id>419472</id>
<name>Eagle Butte</name>
<state>SD</state>
<rating/>
<url>http://www.greatschools.org/city/Eagle_Butte/SD</url>
<lat>44.9953</lat>
<lon>-101.234</lon>
<active>1</active>
</city>
<city>
<id>419637</id>
<name>Edgemont</name>
<state>SD</state>
<rating>6</rating>
<url>http://www.greatschools.org/city/Edgemont/SD</url>
<lat>43.2999</lat>
<lon>-103.83</lon>
<active>1</active>
</city>
<city>
<id>419636</id>
<name>Elk Point</name>
<state>SD</state>
<rating>8</rating>
<url>http://www.greatschools.org/city/Elk_Point/SD</url>
<lat>42.6834</lat>
<lon>-96.6819</lon>
<active>1</active>
</city>
<city>
<id>419635</id>
<name>Elkton</name>
<state>SD</state>
<rating>6</rating>
<url>http://www.greatschools.org/city/Elkton/SD</url>
<lat>44.2341</lat>
<lon>-96.4803</lon>
<active>1</active>
</city>
<city>
<id>441963</id>
<name>Ellsworth AFB</name>
<state>SD</state>
<rating/>
<url>http://www.greatschools.org/city/Ellsworth_AFB/SD</url>
<lat>44.1469</lat>
<lon>-103.075</lon>
<active>1</active>
</city>
<city>
<id>419633</id>
<name>Emery</name>
<state>SD</state>
<rating>8</rating>
<url>http://www.greatschools.org/city/Emery/SD</url>
<lat>43.6033</lat>
<lon>-97.6219</lon>
<active>1</active>
</city>
<city>
<id>419546</id>
<name>Enning</name>
<state>SD</state>
<rating/>
<url>http://www.greatschools.org/city/Enning/SD</url>
<lat>44.5458</lat>
<lon>-102.609</lon>
<active>1</active>
</city>
<city>
<id>419481</id>
<name>Estelline</name>
<state>SD</state>
<rating>7</rating>
<url>http://www.greatschools.org/city/Estelline/SD</url>
<lat>44.5758</lat>
<lon>-96.9004</lon>
<active>1</active>
</city>
<city>
<id>419565</id>
<name>Ethan</name>
<state>SD</state>
<rating>9</rating>
<url>http://www.greatschools.org/city/Ethan/SD</url>
<lat>43.5459</lat>
<lon>-97.9831</lon>
<active>1</active>
</city>
<city>
<id>419632</id>
<name>Eureka</name>
<state>SD</state>
<rating>6</rating>
<url>http://www.greatschools.org/city/Eureka/SD</url>
<lat>45.7696</lat>
<lon>-99.6214</lon>
<active>1</active>
</city>
<city>
<id>419646</id>
<name>Fairburn</name>
<state>SD</state>
<rating/>
<url>http://www.greatschools.org/city/Fairburn/SD</url>
<lat>43.6859</lat>
<lon>-103.21</lon>
<active>1</active>
</city>
<city>
<id>419631</id>
<name>Faith</name>
<state>SD</state>
<rating>8</rating>
<url>http://www.greatschools.org/city/Faith/SD</url>
<lat>45.0215</lat>
<lon>-102.04</lon>
<active>1</active>
</city>
<city>
<id>419460</id>
<name>Faulkton</name>
<state>SD</state>
<rating/>
<url>http://www.greatschools.org/city/Faulkton/SD</url>
<lat>45.0336</lat>
<lon>-99.129</lon>
<active>1</active>
</city>
<city>
<id>419629</id>
<name>Flandreau</name>
<state>SD</state>
<rating>4</rating>
<url>http://www.greatschools.org/city/Flandreau/SD</url>
<lat>44.0469</lat>
<lon>-96.597</lon>
<active>1</active>
</city>
<city>
<id>419628</id>
<name>Florence</name>
<state>SD</state>
<rating>6</rating>
<url>http://www.greatschools.org/city/Florence/SD</url>
<lat>45.0536</lat>
<lon>-97.3269</lon>
<active>1</active>
</city>
<city>
<id>444505</id>
<name>Forbes</name>
<state>SD</state>
<rating/>
<url>http://www.greatschools.org/city/Forbes/SD</url>
<lat>45.9102</lat>
<lon>-98.7243</lon>
<active>1</active>
</city>
<city>
<id>419458</id>
<name>Forestburg</name>
<state>SD</state>
<rating>8</rating>
<url>http://www.greatschools.org/city/Forestburg/SD</url>
<lat>44.0099</lat>
<lon>-98.0715</lon>
<active>1</active>
</city>
<city>
<id>441965</id>
<name>Fort Meade</name>
<state>SD</state>
<rating/>
<url>http://www.greatschools.org/city/Fort_Meade/SD</url>
<lat>44.4115</lat>
<lon>-103.472</lon>
<active>1</active>
</city>
<city>
<id>419627</id>
<name>Fort Pierre</name>
<state>SD</state>
<rating>3</rating>
<url>http://www.greatschools.org/city/Fort_Pierre/SD</url>
<lat>44.3584</lat>
<lon>-100.377</lon>
<active>1</active>
</city>
<city>
<id>441956</id>
<name>Fort Thompson</name>
<state>SD</state>
<rating/>
<url>http://www.greatschools.org/city/Fort_Thompson/SD</url>
<lat>44.0662</lat>
<lon>-99.4349</lon>
<active>1</active>
</city>
<city>
<id>419457</id>
<name>Frankfort</name>
<state>SD</state>
<rating/>
<url>http://www.greatschools.org/city/Frankfort/SD</url>
<lat>44.877</lat>
<lon>-98.3083</lon>
<active>1</active>
</city>
<city>
<id>419634</id>
<name>Frederick</name>
<state>SD</state>
<rating>9</rating>
<url>http://www.greatschools.org/city/Frederick/SD</url>
<lat>45.8326</lat>
<lon>-98.506</lon>
<active>1</active>
</city>
<city>
<id>419503</id>
<name>Freeman</name>
<state>SD</state>
<rating>6</rating>
<url>http://www.greatschools.org/city/Freeman/SD</url>
<lat>43.3509</lat>
<lon>-97.4328</lon>
<active>1</active>
</city>
<city>
<id>419455</id>
<name>Garden City</name>
<state>SD</state>
<rating/>
<url>http://www.greatschools.org/city/Garden_City/SD</url>
<lat>44.9596</lat>
<lon>-97.5799</lon>
<active>1</active>
</city>
<city>
<id>419624</id>
<name>Garretson</name>
<state>SD</state>
<rating>7</rating>
<url>http://www.greatschools.org/city/Garretson/SD</url>
<lat>43.7145</lat>
<lon>-96.5004</lon>
<active>1</active>
</city>
<city>
<id>419623</id>
<name>Gayville</name>
<state>SD</state>
<rating>3</rating>
<url>http://www.greatschools.org/city/Gayville/SD</url>
<lat>42.8888</lat>
<lon>-97.1731</lon>
<active>1</active>
</city>
<city>
<id>419621</id>
<name>Gettysburg</name>
<state>SD</state>
<rating>8</rating>
<url>http://www.greatschools.org/city/Gettysburg/SD</url>
<lat>45.0105</lat>
<lon>-99.9534</lon>
<active>1</active>
</city>
<city>
<id>419618</id>
<name>Gregory</name>
<state>SD</state>
<rating>6</rating>
<url>http://www.greatschools.org/city/Gregory/SD</url>
<lat>43.2343</lat>
<lon>-99.4279</lon>
<active>1</active>
</city>
<city>
<id>419461</id>
<name>Groton</name>
<state>SD</state>
<rating>8</rating>
<url>http://www.greatschools.org/city/Groton/SD</url>
<lat>45.4515</lat>
<lon>-98.099</lon>
<active>1</active>
</city>
<city>
<id>419520</id>
<name>Hamill</name>
<state>SD</state>
<rating/>
<url>http://www.greatschools.org/city/Hamill/SD</url>
<lat>43.5947</lat>
<lon>-99.6855</lon>
<active>1</active>
</city>
<city>
<id>419616</id>
<name>Harrisburg</name>
<state>SD</state>
<rating>7</rating>
<url>http://www.greatschools.org/city/Harrisburg/SD</url>
<lat>43.4285</lat>
<lon>-96.6954</lon>
<active>1</active>
</city>
<city>
<id>419615</id>
<name>Harrold</name>
<state>SD</state>
<rating/>
<url>http://www.greatschools.org/city/Harrold/SD</url>
<lat>44.5221</lat>
<lon>-99.7382</lon>
<active>1</active>
</city>
<city>
<id>419613</id>
<name>Hartford</name>
<state>SD</state>
<rating>4</rating>
<url>http://www.greatschools.org/city/Hartford/SD</url>
<lat>43.626</lat>
<lon>-96.9431</lon>
<active>1</active>
</city>
<city>
<id>419626</id>
<name>Hayes</name>
<state>SD</state>
<rating/>
<url>http://www.greatschools.org/city/Hayes/SD</url>
<lat>44.4534</lat>
<lon>-100.922</lon>
<active>1</active>
</city>
<city>
<id>419569</id>
<name>Hayti</name>
<state>SD</state>
<rating>8</rating>
<url>http://www.greatschools.org/city/Hayti/SD</url>
<lat>44.6576</lat>
<lon>-97.2045</lon>
<active>1</active>
</city>
<city>
<id>419612</id>
<name>Henry</name>
<state>SD</state>
<rating>4</rating>
<url>http://www.greatschools.org/city/Henry/SD</url>
<lat>44.8774</lat>
<lon>-97.4661</lon>
<active>1</active>
</city>
<city>
<id>419547</id>
<name>Hereford</name>
<state>SD</state>
<rating/>
<url>http://www.greatschools.org/city/Hereford/SD</url>
<lat>44.416</lat>
<lon>-102.884</lon>
<active>1</active>
</city>
<city>
<id>419554</id>
<name>Hermosa</name>
<state>SD</state>
<rating>5</rating>
<url>http://www.greatschools.org/city/Hermosa/SD</url>
<lat>43.8395</lat>
<lon>-103.193</lon>
<active>1</active>
</city>
<city>
<id>419611</id>
<name>Herreid</name>
<state>SD</state>
<rating>6</rating>
<url>http://www.greatschools.org/city/Herreid/SD</url>
<lat>45.8368</lat>
<lon>-100.07</lon>
<active>1</active>
</city>
<city>
<id>419605</id>
<name>Highmore</name>
<state>SD</state>
<rating>7</rating>
<url>http://www.greatschools.org/city/Highmore/SD</url>
<lat>44.5175</lat>
<lon>-99.4414</lon>
<active>1</active>
</city>
<city>
<id>419610</id>
<name>Hill City</name>
<state>SD</state>
<rating>5</rating>
<url>http://www.greatschools.org/city/Hill_City/SD</url>
<lat>43.9316</lat>
<lon>-103.575</lon>
<active>1</active>
</city>
<city>
<id>419462</id>
<name>Hitchcock</name>
<state>SD</state>
<rating>6</rating>
<url>http://www.greatschools.org/city/Hitchcock/SD</url>
<lat>44.6294</lat>
<lon>-98.41</lon>
<active>1</active>
</city>
<city>
<id>419497</id>
<name>Hot Springs</name>
<state>SD</state>
<rating>6</rating>
<url>http://www.greatschools.org/city/Hot_Springs/SD</url>
<lat>43.4311</lat>
<lon>-103.48</lon>
<active>1</active>
</city>
<city>
<id>419607</id>
<name>Hoven</name>
<state>SD</state>
<rating>6</rating>
<url>http://www.greatschools.org/city/Hoven/SD</url>
<lat>45.2413</lat>
<lon>-99.7778</lon>
<active>1</active>
</city>
<city>
<id>419680</id>
<name>Howard</name>
<state>SD</state>
<rating>9</rating>
<url>http://www.greatschools.org/city/Howard/SD</url>
<lat>44.0125</lat>
<lon>-97.527</lon>
<active>1</active>
</city>
<city>
<id>444178</id>
<name>Howes</name>
<state>SD</state>
<rating/>
<url>http://www.greatschools.org/city/Howes/SD</url>
<lat>44.5417</lat>
<lon>-102.236</lon>
<active>1</active>
</city>
<city>
<id>445657</id>
<name>Hudson</name>
<state>SD</state>
<rating/>
<url>http://www.greatschools.org/city/Hudson/SD</url>
<lat>43.1303</lat>
<lon>-96.4542</lon>
<active>1</active>
</city>
<city>
<id>419614</id>
<name>Humboldt</name>
<state>SD</state>
<rating>7</rating>
<url>http://www.greatschools.org/city/Humboldt/SD</url>
<lat>43.6439</lat>
<lon>-97.075</lon>
<active>1</active>
</city>
<city>
<id>419606</id>
<name>Hurley</name>
<state>SD</state>
<rating/>
<url>http://www.greatschools.org/city/Hurley/SD</url>
<lat>43.2816</lat>
<lon>-97.0899</lon>
<active>1</active>
</city>
<city>
<id>419453</id>
<name>Huron</name>
<state>SD</state>
<rating/>
<url>http://www.greatschools.org/city/Huron/SD</url>
<lat>44.3553</lat>
<lon>-98.2173</lon>
<active>1</active>
</city>
<city>
<id>419602</id>
<name>Interior</name>
<state>SD</state>
<rating/>
<url>http://www.greatschools.org/city/Interior/SD</url>
<lat>43.726</lat>
<lon>-101.983</lon>
<active>1</active>
</city>
<city>
<id>419506</id>
<name>Ipswich</name>
<state>SD</state>
<rating>9</rating>
<url>http://www.greatschools.org/city/Ipswich/SD</url>
<lat>45.4463</lat>
<lon>-99.0304</lon>
<active>1</active>
</city>
<city>
<id>419604</id>
<name>Irene</name>
<state>SD</state>
<rating>5</rating>
<url>http://www.greatschools.org/city/Irene/SD</url>
<lat>43.0831</lat>
<lon>-97.1565</lon>
<active>1</active>
</city>
<city>
<id>419484</id>
<name>Iroquois</name>
<state>SD</state>
<rating>2</rating>
<url>http://www.greatschools.org/city/Iroquois/SD</url>
<lat>44.3661</lat>
<lon>-97.8506</lon>
<active>1</active>
</city>
<city>
<id>419471</id>
<name>Isabel</name>
<state>SD</state>
<rating/>
<url>http://www.greatschools.org/city/Isabel/SD</url>
<lat>45.3953</lat>
<lon>-101.431</lon>
<active>1</active>
</city>
<city>
<id>419507</id>
<name>Jefferson</name>
<state>SD</state>
<rating/>
<url>http://www.greatschools.org/city/Jefferson/SD</url>
<lat>42.604</lat>
<lon>-96.5627</lon>
<active>1</active>
</city>
<city>
<id>419601</id>
<name>Kadoka</name>
<state>SD</state>
<rating>5</rating>
<url>http://www.greatschools.org/city/Kadoka/SD</url>
<lat>43.8353</lat>
<lon>-101.512</lon>
<active>1</active>
</city>
<city>
<id>419582</id>
<name>Kennebec</name>
<state>SD</state>
<rating>6</rating>
<url>http://www.greatschools.org/city/Kennebec/SD</url>
<lat>43.9045</lat>
<lon>-99.8608</lon>
<active>1</active>
</city>
<city>
<id>419599</id>
<name>Kimball</name>
<state>SD</state>
<rating>6</rating>
<url>http://www.greatschools.org/city/Kimball/SD</url>
<lat>43.7461</lat>
<lon>-98.9563</lon>
<active>1</active>
</city>
<city>
<id>419508</id>
<name>Kranzburg</name>
<state>SD</state>
<rating/>
<url>http://www.greatschools.org/city/Kranzburg/SD</url>
<lat>44.8924</lat>
<lon>-96.9185</lon>
<active>1</active>
</city>
<city>
<id>419463</id>
<name>Kyle</name>
<state>SD</state>
<rating/>
<url>http://www.greatschools.org/city/Kyle/SD</url>
<lat>43.424</lat>
<lon>-102.176</lon>
<active>1</active>
</city>
<city>
<id>419598</id>
<name>Lake Andes</name>
<state>SD</state>
<rating>5</rating>
<url>http://www.greatschools.org/city/Lake_Andes/SD</url>
<lat>43.1578</lat>
<lon>-98.5374</lon>
<active>1</active>
</city>
<city>
<id>441953</id>
<name>Lake Norden</name>
<state>SD</state>
<rating/>
<url>http://www.greatschools.org/city/Lake_Norden/SD</url>
<lat>44.5811</lat>
<lon>-97.2085</lon>
<active>1</active>
</city>
<city>
<id>419597</id>
<name>Lake Preston</name>
<state>SD</state>
<rating>6</rating>
<url>http://www.greatschools.org/city/Lake_Preston/SD</url>
<lat>44.3613</lat>
<lon>-97.3734</lon>
<active>1</active>
</city>
<city>
<id>419596</id>
<name>Langford</name>
<state>SD</state>
<rating/>
<url>http://www.greatschools.org/city/Langford/SD</url>
<lat>45.603</lat>
<lon>-97.8314</lon>
<active>1</active>
</city>
<city>
<id>419593</id>
<name>Lead</name>
<state>SD</state>
<rating>5</rating>
<url>http://www.greatschools.org/city/Lead/SD</url>
<lat>44.3514</lat>
<lon>-103.767</lon>
<active>1</active>
</city>
<city>
<id>419591</id>
<name>Lemmon</name>
<state>SD</state>
<rating>7</rating>
<url>http://www.greatschools.org/city/Lemmon/SD</url>
<lat>45.9393</lat>
<lon>-102.163</lon>
<active>1</active>
</city>
<city>
<id>419588</id>
<name>Lennox</name>
<state>SD</state>
<rating>5</rating>
<url>http://www.greatschools.org/city/Lennox/SD</url>
<lat>43.3529</lat>
<lon>-96.8953</lon>
<active>1</active>
</city>
<city>
<id>419585</id>
<name>Leola</name>
<state>SD</state>
<rating>10</rating>
<url>http://www.greatschools.org/city/Leola/SD</url>
<lat>45.7211</lat>
<lon>-98.9389</lon>
<active>1</active>
</city>
<city>
<id>444171</id>
<name>Little Eagle</name>
<state>SD</state>
<rating/>
<url>http://www.greatschools.org/city/Little_Eagle/SD</url>
<lat>45.6841</lat>
<lon>-100.804</lon>
<active>1</active>
</city>
<city>
<id>419600</id>
<name>Longvalley</name>
<state>SD</state>
<rating/>
<url>http://www.greatschools.org/city/Longvalley/SD</url>
<lat>43.4797</lat>
<lon>-101.479</lon>
<active>1</active>
</city>
<city>
<id>441960</id>
<name>Lower Brule</name>
<state>SD</state>
<rating/>
<url>http://www.greatschools.org/city/Lower_Brule/SD</url>
<lat>44.0737</lat>
<lon>-99.5839</lon>
<active>1</active>
</city>
<city>
<id>419660</id>
<name>Ludlow</name>
<state>SD</state>
<rating/>
<url>http://www.greatschools.org/city/Ludlow/SD</url>
<lat>45.8613</lat>
<lon>-103.349</lon>
<active>1</active>
</city>
<city>
<id>419465</id>
<name>Madison</name>
<state>SD</state>
<rating>7</rating>
<url>http://www.greatschools.org/city/Madison/SD</url>
<lat>44.0083</lat>
<lon>-97.1128</lon>
<active>1</active>
</city>
<city>
<id>441966</id>
<name>Manderson</name>
<state>SD</state>
<rating/>
<url>http://www.greatschools.org/city/Manderson/SD</url>
<lat>43.3002</lat>
<lon>-102.354</lon>
<active>1</active>
</city>
<city>
<id>445658</id>
<name>Manderson-White Horse Creek</name>
<state>SD</state>
<rating/>
<url>http://www.greatschools.org/city/Manderson-White_Horse_Creek/SD</url>
<lat>43.2353</lat>
<lon>-102.471</lon>
<active>1</active>
</city>
<city>
<id>419580</id>
<name>Marion</name>
<state>SD</state>
<rating>6</rating>
<url>http://www.greatschools.org/city/Marion/SD</url>
<lat>43.4236</lat>
<lon>-97.2583</lon>
<active>1</active>
</city>
<city>
<id>419492</id>
<name>Martin</name>
<state>SD</state>
<rating>2</rating>
<url>http://www.greatschools.org/city/Martin/SD</url>
<lat>43.1748</lat>
<lon>-101.734</lon>
<active>1</active>
</city>
<city>
<id>444173</id>
<name>Marty</name>
<state>SD</state>
<rating/>
<url>http://www.greatschools.org/city/Marty/SD</url>
<lat>42.9978</lat>
<lon>-98.4252</lon>
<active>1</active>
</city>
<city>
<id>419579</id>
<name>McIntosh</name>
<state>SD</state>
<rating>6</rating>
<url>http://www.greatschools.org/city/McIntosh/SD</url>
<lat>45.9217</lat>
<lon>-101.351</lon>
<active>1</active>
</city>
<city>
<id>419578</id>
<name>McLaughlin</name>
<state>SD</state>
<rating>1</rating>
<url>http://www.greatschools.org/city/McLaughlin/SD</url>
<lat>45.8126</lat>
<lon>-100.811</lon>
<active>1</active>
</city>
<city>
<id>419592</id>
<name>Meadow</name>
<state>SD</state>
<rating/>
<url>http://www.greatschools.org/city/Meadow/SD</url>
<lat>45.4248</lat>
<lon>-102.116</lon>
<active>1</active>
</city>
<city>
<id>419568</id>
<name>Mellette</name>
<state>SD</state>
<rating>7</rating>
<url>http://www.greatschools.org/city/Mellette/SD</url>
<lat>45.1536</lat>
<lon>-98.499</lon>
<active>1</active>
</city>
<city>
<id>419576</id>
<name>Menno</name>
<state>SD</state>
<rating>7</rating>
<url>http://www.greatschools.org/city/Menno/SD</url>
<lat>43.2381</lat>
<lon>-97.5767</lon>
<active>1</active>
</city>
<city>
<id>419575</id>
<name>Midland</name>
<state>SD</state>
<rating/>
<url>http://www.greatschools.org/city/Midland/SD</url>
<lat>44.0719</lat>
<lon>-101.156</lon>
<active>1</active>
</city>
<city>
<id>419509</id>
<name>Milbank</name>
<state>SD</state>
<rating>6</rating>
<url>http://www.greatschools.org/city/Milbank/SD</url>
<lat>45.2177</lat>
<lon>-96.6328</lon>
<active>1</active>
</city>
<city>
<id>419519</id>
<name>Millboro</name>
<state>SD</state>
<rating/>
<url>http://www.greatschools.org/city/Millboro/SD</url>
<lat>43.0711</lat>
<lon>-99.9688</lon>
<active>1</active>
</city>
<city>
<id>419493</id>
<name>Miller</name>
<state>SD</state>
<rating>6</rating>
<url>http://www.greatschools.org/city/Miller/SD</url>
<lat>44.5198</lat>
<lon>-98.9879</lon>
<active>1</active>
</city>
<city>
<id>419482</id>
<name>Mission</name>
<state>SD</state>
<rating>1</rating>
<url>http://www.greatschools.org/city/Mission/SD</url>
<lat>43.3066</lat>
<lon>-100.662</lon>
<active>1</active>
</city>
<city>
<id>419496</id>
<name>Mitchell</name>
<state>SD</state>
<rating>8</rating>
<url>http://www.greatschools.org/city/Mitchell/SD</url>
<lat>43.7133</lat>
<lon>-98.026</lon>
<active>1</active>
</city>
<city>
<id>419498</id>
<name>Mobridge</name>
<state>SD</state>
<rating>3</rating>
<url>http://www.greatschools.org/city/Mobridge/SD</url>
<lat>45.5399</lat>
<lon>-100.435</lon>
<active>1</active>
</city>
<city>
<id>419573</id>
<name>Montrose</name>
<state>SD</state>
<rating>6</rating>
<url>http://www.greatschools.org/city/Montrose/SD</url>
<lat>43.6993</lat>
<lon>-97.1855</lon>
<active>1</active>
</city>
<city>
<id>419572</id>
<name>Mount Vernon</name>
<state>SD</state>
<rating>3</rating>
<url>http://www.greatschools.org/city/Mount_Vernon/SD</url>
<lat>43.7125</lat>
<lon>-98.2603</lon>
<active>1</active>
</city>
<city>
<id>419638</id>
<name>Murdo</name>
<state>SD</state>
<rating>6</rating>
<url>http://www.greatschools.org/city/Murdo/SD</url>
<lat>43.8883</lat>
<lon>-100.712</lon>
<active>1</active>
</city>
<city>
<id>419483</id>
<name>Nemo</name>
<state>SD</state>
<rating>1</rating>
<url>http://www.greatschools.org/city/Nemo/SD</url>
<lat>44.2282</lat>
<lon>-103.585</lon>
<active>1</active>
</city>
<city>
<id>419475</id>
<name>New Effington</name>
<state>SD</state>
<rating>4</rating>
<url>http://www.greatschools.org/city/New_Effington/SD</url>
<lat>45.8571</lat>
<lon>-96.9195</lon>
<active>1</active>
</city>
<city>
<id>419500</id>
<name>New Holland</name>
<state>SD</state>
<rating/>
<url>http://www.greatschools.org/city/New_Holland/SD</url>
<lat>43.4279</lat>
<lon>-98.6071</lon>
<active>1</active>
</city>
<city>
<id>419571</id>
<name>New Underwood</name>
<state>SD</state>
<rating>5</rating>
<url>http://www.greatschools.org/city/New_Underwood/SD</url>
<lat>44.0945</lat>
<lon>-102.835</lon>
<active>1</active>
</city>
<city>
<id>419570</id>
<name>Newell</name>
<state>SD</state>
<rating>4</rating>
<url>http://www.greatschools.org/city/Newell/SD</url>
<lat>44.7165</lat>
<lon>-103.423</lon>
<active>1</active>
</city>
<city>
<id>419523</id>
<name>Norris</name>
<state>SD</state>
<rating/>
<url>http://www.greatschools.org/city/Norris/SD</url>
<lat>43.4712</lat>
<lon>-101.164</lon>
<active>1</active>
</city>
<city>
<id>419603</id>
<name>North Sioux City</name>
<state>SD</state>
<rating>6</rating>
<url>http://www.greatschools.org/city/North_Sioux_City/SD</url>
<lat>42.5352</lat>
<lon>-96.5024</lon>
<active>1</active>
</city>
<city>
<id>441959</id>
<name>Northville</name>
<state>SD</state>
<rating/>
<url>http://www.greatschools.org/city/Northville/SD</url>
<lat>45.1557</lat>
<lon>-98.5824</lon>
<active>1</active>
</city>
<city>
<id>419540</id>
<name>O'Kreek</name>
<state>SD</state>
<rating/>
<url>http://www.greatschools.org/city/O'Kreek/SD</url>
<lat>43.2222</lat>
<lon>-100.559</lon>
<active>1</active>
</city>
<city>
<id>419567</id>
<name>Oelrichs</name>
<state>SD</state>
<rating/>
<url>http://www.greatschools.org/city/Oelrichs/SD</url>
<lat>43.1811</lat>
<lon>-103.233</lon>
<active>1</active>
</city>
<city>
<id>444174</id>
<name>Oglala</name>
<state>SD</state>
<rating/>
<url>http://www.greatschools.org/city/Oglala/SD</url>
<lat>43.1868</lat>
<lon>-102.736</lon>
<active>1</active>
</city>
<city>
<id>419625</id>
<name>Olivet</name>
<state>SD</state>
<rating/>
<url>http://www.greatschools.org/city/Olivet/SD</url>
<lat>43.2405</lat>
<lon>-97.6749</lon>
<active>1</active>
</city>
<city>
<id>419485</id>
<name>Onida</name>
<state>SD</state>
<rating>7</rating>
<url>http://www.greatschools.org/city/Onida/SD</url>
<lat>44.7048</lat>
<lon>-100.065</lon>
<active>1</active>
</city>
<city>
<id>419544</id>
<name>Opal</name>
<state>SD</state>
<rating/>
<url>http://www.greatschools.org/city/Opal/SD</url>
<lat>44.8926</lat>
<lon>-102.467</lon>
<active>1</active>
</city>
<city>
<id>446340</id>
<name>Ortonville</name>
<state>SD</state>
<rating/>
<url>http://www.greatschools.org/city/Ortonville/SD</url>
<lat>45.3091</lat>
<lon>-96.4421</lon>
<active>1</active>
</city>
<city>
<id>419566</id>
<name>Parker</name>
<state>SD</state>
<rating>9</rating>
<url>http://www.greatschools.org/city/Parker/SD</url>
<lat>43.3969</lat>
<lon>-97.1366</lon>
<active>1</active>
</city>
<city>
<id>419489</id>
<name>Parkston</name>
<state>SD</state>
<rating>8</rating>
<url>http://www.greatschools.org/city/Parkston/SD</url>
<lat>43.3945</lat>
<lon>-97.9886</lon>
<active>1</active>
</city>
<city>
<id>419539</id>
<name>Parmelee</name>
<state>SD</state>
<rating>1</rating>
<url>http://www.greatschools.org/city/Parmelee/SD</url>
<lat>43.3195</lat>
<lon>-101.029</lon>
<active>1</active>
</city>
<city>
<id>419617</id>
<name>Philip</name>
<state>SD</state>
<rating>7</rating>
<url>http://www.greatschools.org/city/Philip/SD</url>
<lat>44.041</lat>
<lon>-101.666</lon>
<active>1</active>
</city>
<city>
<id>419549</id>
<name>Piedmont</name>
<state>SD</state>
<rating>7</rating>
<url>http://www.greatschools.org/city/Piedmont/SD</url>
<lat>44.2219</lat>
<lon>-103.356</lon>
<active>1</active>
</city>
<city>
<id>419479</id>
<name>Pierre</name>
<state>SD</state>
<rating>7</rating>
<url>http://www.greatschools.org/city/Pierre/SD</url>
<lat>44.3681</lat>
<lon>-100.335</lon>
<active>1</active>
</city>
<city>
<id>419478</id>
<name>Pine Ridge</name>
<state>SD</state>
<rating>1</rating>
<url>http://www.greatschools.org/city/Pine_Ridge/SD</url>
<lat>43.0263</lat>
<lon>-102.556</lon>
<active>1</active>
</city>
<city>
<id>419564</id>
<name>Plankinton</name>
<state>SD</state>
<rating>7</rating>
<url>http://www.greatschools.org/city/Plankinton/SD</url>
<lat>43.7154</lat>
<lon>-98.4823</lon>
<active>1</active>
</city>
<city>
<id>419502</id>
<name>Platte</name>
<state>SD</state>
<rating>7</rating>
<url>http://www.greatschools.org/city/Platte/SD</url>
<lat>43.3857</lat>
<lon>-98.8423</lon>
<active>1</active>
</city>
<city>
<id>419562</id>
<name>Pollock</name>
<state>SD</state>
<rating/>
<url>http://www.greatschools.org/city/Pollock/SD</url>
<lat>45.9007</lat>
<lon>-100.29</lon>
<active>1</active>
</city>
<city>
<id>419512</id>
<name>Porcupine</name>
<state>SD</state>
<rating>1</rating>
<url>http://www.greatschools.org/city/Porcupine/SD</url>
<lat>43.2749</lat>
<lon>-102.349</lon>
<active>1</active>
</city>
<city>
<id>419583</id>
<name>Presho</name>
<state>SD</state>
<rating>8</rating>
<url>http://www.greatschools.org/city/Presho/SD</url>
<lat>43.9067</lat>
<lon>-100.059</lon>
<active>1</active>
</city>
<city>
<id>441967</id>
<name>Pringle</name>
<state>SD</state>
<rating/>
<url>http://www.greatschools.org/city/Pringle/SD</url>
<lat>43.6086</lat>
<lon>-103.594</lon>
<active>1</active>
</city>
<city>
<id>419677</id>
<name>Ramona</name>
<state>SD</state>
<rating/>
<url>http://www.greatschools.org/city/Ramona/SD</url>
<lat>44.1183</lat>
<lon>-97.2169</lon>
<active>1</active>
</city>
<city>
<id>419480</id>
<name>Rapid City</name>
<state>SD</state>
<rating>5</rating>
<url>http://www.greatschools.org/city/Rapid_City/SD</url>
<lat>44.0728</lat>
<lon>-103.236</lon>
<active>1</active>
</city>
<city>
<id>419641</id>
<name>Raymond</name>
<state>SD</state>
<rating/>
<url>http://www.greatschools.org/city/Raymond/SD</url>
<lat>44.9125</lat>
<lon>-97.9392</lon>
<active>1</active>
</city>
<city>
<id>445660</id>
<name>Red Shirt</name>
<state>SD</state>
<rating/>
<url>http://www.greatschools.org/city/Red_Shirt/SD</url>
<lat>43.8187</lat>
<lon>-103.22</lon>
<active>1</active>
</city>
<city>
<id>419560</id>
<name>Redfield</name>
<state>SD</state>
<rating>7</rating>
<url>http://www.greatschools.org/city/Redfield/SD</url>
<lat>44.8749</lat>
<lon>-98.5175</lon>
<active>1</active>
</city>
<city>
<id>441961</id>
<name>Reliance</name>
<state>SD</state>
<rating/>
<url>http://www.greatschools.org/city/Reliance/SD</url>
<lat>43.8801</lat>
<lon>-99.6014</lon>
<active>1</active>
</city>
<city>
<id>419553</id>
<name>Renner</name>
<state>SD</state>
<rating>3</rating>
<url>http://www.greatschools.org/city/Renner/SD</url>
<lat>43.6609</lat>
<lon>-96.7255</lon>
<active>1</active>
</city>
<city>
<id>419620</id>
<name>Revillo</name>
<state>SD</state>
<rating/>
<url>http://www.greatschools.org/city/Revillo/SD</url>
<lat>45.0159</lat>
<lon>-96.5709</lon>
<active>1</active>
</city>
<city>
<id>444177</id>
<name>Ridgeview</name>
<state>SD</state>
<rating/>
<url>http://www.greatschools.org/city/Ridgeview/SD</url>
<lat>45.4315</lat>
<lon>-100.704</lon>
<active>1</active>
</city>
<city>
<id>419609</id>
<name>Roscoe</name>
<state>SD</state>
<rating/>
<url>http://www.greatschools.org/city/Roscoe/SD</url>
<lat>45.4513</lat>
<lon>-99.3375</lon>
<active>1</active>
</city>
<city>
<id>419538</id>
<name>Rosebud</name>
<state>SD</state>
<rating>1</rating>
<url>http://www.greatschools.org/city/Rosebud/SD</url>
<lat>43.2428</lat>
<lon>-100.839</lon>
<active>1</active>
</city>
<city>
<id>419559</id>
<name>Rosholt</name>
<state>SD</state>
<rating>6</rating>
<url>http://www.greatschools.org/city/Rosholt/SD</url>
<lat>45.866</lat>
<lon>-96.7309</lon>
<active>1</active>
</city>
<city>
<id>419558</id>
<name>Roslyn</name>
<state>SD</state>
<rating/>
<url>http://www.greatschools.org/city/Roslyn/SD</url>
<lat>45.4959</lat>
<lon>-97.4915</lon>
<active>1</active>
</city>
<city>
<id>419557</id>
<name>Rutland</name>
<state>SD</state>
<rating>5</rating>
<url>http://www.greatschools.org/city/Rutland/SD</url>
<lat>44.0896</lat>
<lon>-96.9553</lon>
<active>1</active>
</city>
<city>
<id>445661</id>
<name>Saint Lawrence</name>
<state>SD</state>
<rating/>
<url>http://www.greatschools.org/city/Saint_Lawrence/SD</url>
<lat>44.5176</lat>
<lon>-98.9348</lon>
<active>1</active>
</city>
<city>
<id>419510</id>
<name>Salem</name>
<state>SD</state>
<rating>7</rating>
<url>http://www.greatschools.org/city/Salem/SD</url>
<lat>43.7259</lat>
<lon>-97.3857</lon>
<active>1</active>
</city>
<city>
<id>419556</id>
<name>Scotland</name>
<state>SD</state>
<rating>6</rating>
<url>http://www.greatschools.org/city/Scotland/SD</url>
<lat>43.1489</lat>
<lon>-97.7195</lon>
<active>1</active>
</city>
<city>
<id>419676</id>
<name>Selby</name>
<state>SD</state>
<rating>7</rating>
<url>http://www.greatschools.org/city/Selby/SD</url>
<lat>45.5064</lat>
<lon>-100.031</lon>
<active>1</active>
</city>
<city>
<id>419451</id>
<name>Sioux Falls</name>
<state>SD</state>
<rating>6</rating>
<url>http://www.greatschools.org/city/Sioux_Falls/SD</url>
<lat>43.5317</lat>
<lon>-96.7344</lon>
<active>1</active>
</city>
<city>
<id>419476</id>
<name>Sisseton</name>
<state>SD</state>
<rating>4</rating>
<url>http://www.greatschools.org/city/Sisseton/SD</url>
<lat>45.6642</lat>
<lon>-97.0485</lon>
<active>1</active>
</city>
<city>
<id>419552</id>
<name>South Shore</name>
<state>SD</state>
<rating/>
<url>http://www.greatschools.org/city/South_Shore/SD</url>
<lat>45.1035</lat>
<lon>-96.9297</lon>
<active>1</active>
</city>
<city>
<id>419551</id>
<name>Spearfish</name>
<state>SD</state>
<rating/>
<url>http://www.greatschools.org/city/Spearfish/SD</url>
<lat>44.4893</lat>
<lon>-103.853</lon>
<active>1</active>
</city>
<city>
<id>419668</id>
<name>Springfield</name>
<state>SD</state>
<rating>9</rating>
<url>http://www.greatschools.org/city/Springfield/SD</url>
<lat>42.8556</lat>
<lon>-97.8946</lon>
<active>1</active>
</city>
<city>
<id>446341</id>
<name>St Francis</name>
<state>SD</state>
<rating>1</rating>
<url>http://www.greatschools.org/city/St_Francis/SD</url>
<lat>43.119</lat>
<lon>-101.03</lon>
<active>1</active>
</city>
<city>
<id>419537</id>
<name>St. Francis</name>
<state>SD</state>
<rating/>
<url>http://www.greatschools.org/city/St._Francis/SD</url>
<lat>43.1447</lat>
<lon>-100.902</lon>
<active>1</active>
</city>
<city>
<id>444176</id>
<name>Stephan</name>
<state>SD</state>
<rating/>
<url>http://www.greatschools.org/city/Stephan/SD</url>
<lat>44.0567</lat>
<lon>-99.4046</lon>
<active>1</active>
</city>
<city>
<id>419550</id>
<name>Stickney</name>
<state>SD</state>
<rating>9</rating>
<url>http://www.greatschools.org/city/Stickney/SD</url>
<lat>43.5895</lat>
<lon>-98.4368</lon>
<active>1</active>
</city>
<city>
<id>419466</id>
<name>Stratford</name>
<state>SD</state>
<rating/>
<url>http://www.greatschools.org/city/Stratford/SD</url>
<lat>45.3187</lat>
<lon>-98.304</lon>
<active>1</active>
</city>
<city>
<id>419517</id>
<name>Sturgis</name>
<state>SD</state>
<rating>4</rating>
<url>http://www.greatschools.org/city/Sturgis/SD</url>
<lat>44.408</lat>
<lon>-103.516</lon>
<active>1</active>
</city>
<city>
<id>419542</id>
<name>Summit</name>
<state>SD</state>
<rating/>
<url>http://www.greatschools.org/city/Summit/SD</url>
<lat>45.3035</lat>
<lon>-97.0372</lon>
<active>1</active>
</city>
<city>
<id>419667</id>
<name>Tabor</name>
<state>SD</state>
<rating/>
<url>http://www.greatschools.org/city/Tabor/SD</url>
<lat>42.9484</lat>
<lon>-97.6601</lon>
<active>1</active>
</city>
<city>
<id>419477</id>
<name>Tea</name>
<state>SD</state>
<rating>5</rating>
<url>http://www.greatschools.org/city/Tea/SD</url>
<lat>43.4487</lat>
<lon>-96.8369</lon>
<active>1</active>
</city>
<city>
<id>419541</id>
<name>Timber Lake</name>
<state>SD</state>
<rating>7</rating>
<url>http://www.greatschools.org/city/Timber_Lake/SD</url>
<lat>45.4265</lat>
<lon>-101.075</lon>
<active>1</active>
</city>
<city>
<id>419525</id>
<name>Toronto</name>
<state>SD</state>
<rating>9</rating>
<url>http://www.greatschools.org/city/Toronto/SD</url>
<lat>44.5721</lat>
<lon>-96.6422</lon>
<active>1</active>
</city>
<city>
<id>419536</id>
<name>Tripp</name>
<state>SD</state>
<rating>5</rating>
<url>http://www.greatschools.org/city/Tripp/SD</url>
<lat>43.2258</lat>
<lon>-97.9652</lon>
<active>1</active>
</city>
<city>
<id>419456</id>
<name>Tulare</name>
<state>SD</state>
<rating>9</rating>
<url>http://www.greatschools.org/city/Tulare/SD</url>
<lat>44.7386</lat>
<lon>-98.5082</lon>
<active>1</active>
</city>
<city>
<id>419666</id>
<name>Tyndall</name>
<state>SD</state>
<rating>6</rating>
<url>http://www.greatschools.org/city/Tyndall/SD</url>
<lat>42.9913</lat>
<lon>-97.8641</lon>
<active>1</active>
</city>
<city>
<id>419470</id>
<name>Union Center</name>
<state>SD</state>
<rating/>
<url>http://www.greatschools.org/city/Union_Center/SD</url>
<lat>44.7166</lat>
<lon>-102.687</lon>
<active>1</active>
</city>
<city>
<id>419577</id>
<name>Utica</name>
<state>SD</state>
<rating/>
<url>http://www.greatschools.org/city/Utica/SD</url>
<lat>42.9797</lat>
<lon>-97.4985</lon>
<active>1</active>
</city>
<city>
<id>419663</id>
<name>Valley Springs</name>
<state>SD</state>
<rating>7</rating>
<url>http://www.greatschools.org/city/Valley_Springs/SD</url>
<lat>43.582</lat>
<lon>-96.4644</lon>
<active>1</active>
</city>
<city>
<id>419474</id>
<name>Veblen</name>
<state>SD</state>
<rating/>
<url>http://www.greatschools.org/city/Veblen/SD</url>
<lat>45.8622</lat>
<lon>-97.2873</lon>
<active>1</active>
</city>
<city>
<id>419511</id>
<name>Vermillion</name>
<state>SD</state>
<rating>6</rating>
<url>http://www.greatschools.org/city/Vermillion/SD</url>
<lat>42.7826</lat>
<lon>-96.9264</lon>
<active>1</active>
</city>
<city>
<id>419534</id>
<name>Viborg</name>
<state>SD</state>
<rating/>
<url>http://www.greatschools.org/city/Viborg/SD</url>
<lat>43.172</lat>
<lon>-97.0809</lon>
<active>1</active>
</city>
<city>
<id>419501</id>
<name>Volga</name>
<state>SD</state>
<rating>5</rating>
<url>http://www.greatschools.org/city/Volga/SD</url>
<lat>44.3217</lat>
<lon>-96.9219</lon>
<active>1</active>
</city>
<city>
<id>419513</id>
<name>Wagner</name>
<state>SD</state>
<rating>4</rating>
<url>http://www.greatschools.org/city/Wagner/SD</url>
<lat>43.0797</lat>
<lon>-98.2934</lon>
<active>1</active>
</city>
<city>
<id>419533</id>
<name>Wakonda</name>
<state>SD</state>
<rating>4</rating>
<url>http://www.greatschools.org/city/Wakonda/SD</url>
<lat>43.0071</lat>
<lon>-97.1059</lon>
<active>1</active>
</city>
<city>
<id>419532</id>
<name>Wakpala</name>
<state>SD</state>
<rating>1</rating>
<url>http://www.greatschools.org/city/Wakpala/SD</url>
<lat>45.7107</lat>
<lon>-100.529</lon>
<active>1</active>
</city>
<city>
<id>419531</id>
<name>Wall</name>
<state>SD</state>
<rating>9</rating>
<url>http://www.greatschools.org/city/Wall/SD</url>
<lat>43.9916</lat>
<lon>-102.238</lon>
<active>1</active>
</city>
<city>
<id>441962</id>
<name>Wanblee</name>
<state>SD</state>
<rating/>
<url>http://www.greatschools.org/city/Wanblee/SD</url>
<lat>43.5681</lat>
<lon>-101.655</lon>
<active>1</active>
</city>
<city>
<id>419530</id>
<name>Warner</name>
<state>SD</state>
<rating>9</rating>
<url>http://www.greatschools.org/city/Warner/SD</url>
<lat>45.3255</lat>
<lon>-98.494</lon>
<active>1</active>
</city>
<city>
<id>444172</id>
<name>Wasta</name>
<state>SD</state>
<rating/>
<url>http://www.greatschools.org/city/Wasta/SD</url>
<lat>44.0696</lat>
<lon>-102.446</lon>
<active>1</active>
</city>
<city>
<id>419469</id>
<name>Watertown</name>
<state>SD</state>
<rating>7</rating>
<url>http://www.greatschools.org/city/Watertown/SD</url>
<lat>44.9043</lat>
<lon>-97.1196</lon>
<active>1</active>
</city>
<city>
<id>419529</id>
<name>Waubay</name>
<state>SD</state>
<rating>4</rating>
<url>http://www.greatschools.org/city/Waubay/SD</url>
<lat>45.3325</lat>
<lon>-97.3052</lon>
<active>1</active>
</city>
<city>
<id>419528</id>
<name>Waverly</name>
<state>SD</state>
<rating>5</rating>
<url>http://www.greatschools.org/city/Waverly/SD</url>
<lat>44.9666</lat>
<lon>-97.0955</lon>
<active>1</active>
</city>
<city>
<id>419452</id>
<name>Webster</name>
<state>SD</state>
<rating>8</rating>
<url>http://www.greatschools.org/city/Webster/SD</url>
<lat>45.3341</lat>
<lon>-97.5208</lon>
<active>1</active>
</city>
<city>
<id>445662</id>
<name>Wessingtn Spg</name>
<state>SD</state>
<rating/>
<url>http://www.greatschools.org/city/Wessingtn_Spg/SD</url>
<lat>44.0298</lat>
<lon>-98.7041</lon>
<active>1</active>
</city>
<city>
<id>419527</id>
<name>Wessington Springs</name>
<state>SD</state>
<rating>5</rating>
<url>http://www.greatschools.org/city/Wessington_Springs/SD</url>
<lat>44.0821</lat>
<lon>-98.5694</lon>
<active>1</active>
</city>
<city>
<id>419584</id>
<name>Westport</name>
<state>SD</state>
<rating/>
<url>http://www.greatschools.org/city/Westport/SD</url>
<lat>45.6482</lat>
<lon>-98.4967</lon>
<active>1</active>
</city>
<city>
<id>419587</id>
<name>Wetonka</name>
<state>SD</state>
<rating/>
<url>http://www.greatschools.org/city/Wetonka/SD</url>
<lat>45.625</lat>
<lon>-98.7692</lon>
<active>1</active>
</city>
<city>
<id>419454</id>
<name>White</name>
<state>SD</state>
<rating/>
<url>http://www.greatschools.org/city/White/SD</url>
<lat>44.4342</lat>
<lon>-96.6464</lon>
<active>1</active>
</city>
<city>
<id>419524</id>
<name>White Lake</name>
<state>SD</state>
<rating>9</rating>
<url>http://www.greatschools.org/city/White_Lake/SD</url>
<lat>43.7281</lat>
<lon>-98.7121</lon>
<active>1</active>
</city>
<city>
<id>419522</id>
<name>White River</name>
<state>SD</state>
<rating>1</rating>
<url>http://www.greatschools.org/city/White_River/SD</url>
<lat>43.5704</lat>
<lon>-100.746</lon>
<active>1</active>
</city>
<city>
<id>419548</id>
<name>Whitewood</name>
<state>SD</state>
<rating>6</rating>
<url>http://www.greatschools.org/city/Whitewood/SD</url>
<lat>44.463</lat>
<lon>-103.638</lon>
<active>1</active>
</city>
<city>
<id>419521</id>
<name>Willow Lake</name>
<state>SD</state>
<rating>5</rating>
<url>http://www.greatschools.org/city/Willow_Lake/SD</url>
<lat>44.6276</lat>
<lon>-97.6382</lon>
<active>1</active>
</city>
<city>
<id>419681</id>
<name>Wilmot</name>
<state>SD</state>
<rating>6</rating>
<url>http://www.greatschools.org/city/Wilmot/SD</url>
<lat>45.409</lat>
<lon>-96.8586</lon>
<active>1</active>
</city>
<city>
<id>419459</id>
<name>Winfred</name>
<state>SD</state>
<rating/>
<url>http://www.greatschools.org/city/Winfred/SD</url>
<lat>43.9544</lat>
<lon>-97.311</lon>
<active>1</active>
</city>
<city>
<id>419495</id>
<name>Winner</name>
<state>SD</state>
<rating>5</rating>
<url>http://www.greatschools.org/city/Winner/SD</url>
<lat>43.3731</lat>
<lon>-99.8574</lon>
<active>1</active>
</city>
<city>
<id>419516</id>
<name>Witten</name>
<state>SD</state>
<rating/>
<url>http://www.greatschools.org/city/Witten/SD</url>
<lat>43.4572</lat>
<lon>-100.08</lon>
<active>1</active>
</city>
<city>
<id>419518</id>
<name>Wolsey</name>
<state>SD</state>
<rating>5</rating>
<url>http://www.greatschools.org/city/Wolsey/SD</url>
<lat>44.4092</lat>
<lon>-98.4725</lon>
<active>1</active>
</city>
<city>
<id>419515</id>
<name>Wood</name>
<state>SD</state>
<rating/>
<url>http://www.greatschools.org/city/Wood/SD</url>
<lat>43.4984</lat>
<lon>-100.479</lon>
<active>1</active>
</city>
<city>
<id>419514</id>
<name>Woonsocket</name>
<state>SD</state>
<rating>6</rating>
<url>http://www.greatschools.org/city/Woonsocket/SD</url>
<lat>44.054</lat>
<lon>-98.274</lon>
<active>1</active>
</city>
<city>
<id>419589</id>
<name>Worthing</name>
<state>SD</state>
<rating>8</rating>
<url>http://www.greatschools.org/city/Worthing/SD</url>
<lat>43.33</lat>
<lon>-96.7678</lon>
<active>1</active>
</city>
<city>
<id>445663</id>
<name>Wounded Knee</name>
<state>SD</state>
<rating/>
<url>http://www.greatschools.org/city/Wounded_Knee/SD</url>
<lat>43.1405</lat>
<lon>-102.366</lon>
<active>1</active>
</city>
<city>
<id>419467</id>
<name>Yankton</name>
<state>SD</state>
<rating>6</rating>
<url>http://www.greatschools.org/city/Yankton/SD</url>
<lat>42.8837</lat>
<lon>-97.3922</lon>
<active>1</active>
</city>
</greatschools-city-feed>
