<?xml version="1.0" encoding="utf-8"?><greatschools-city-feed xmlns:xsi="http://www.w3.org/2001/XMLSchema-instance" xsi:noNamespaceSchemaLocation="http://www.greatschools.org/feeds/greatschools-city2.xsd">
<city>
<id>442155</id>
<name>Amston</name>
<state>CT</state>
<rating/>
<url>http://www.greatschools.org/city/Amston/CT</url>
<lat>41.6341</lat>
<lon>-72.3579</lon>
<active>1</active>
</city>
<city>
<id>405694</id>
<name>Andover</name>
<state>CT</state>
<rating>9</rating>
<url>http://www.greatschools.org/city/Andover/CT</url>
<lat>41.732</lat>
<lon>-72.3761</lon>
<active>1</active>
</city>
<city>
<id>405558</id>
<name>Ansonia</name>
<state>CT</state>
<rating>4</rating>
<url>http://www.greatschools.org/city/Ansonia/CT</url>
<lat>41.3434</lat>
<lon>-73.0735</lon>
<active>1</active>
</city>
<city>
<id>405693</id>
<name>Ashford</name>
<state>CT</state>
<rating>5</rating>
<url>http://www.greatschools.org/city/Ashford/CT</url>
<lat>41.8851</lat>
<lon>-72.171</lon>
<active>1</active>
</city>
<city>
<id>405567</id>
<name>Avon</name>
<state>CT</state>
<rating>9</rating>
<url>http://www.greatschools.org/city/Avon/CT</url>
<lat>41.7904</lat>
<lon>-72.8659</lon>
<active>1</active>
</city>
<city>
<id>405602</id>
<name>Baltic</name>
<state>CT</state>
<rating>8</rating>
<url>http://www.greatschools.org/city/Baltic/CT</url>
<lat>41.628</lat>
<lon>-72.0757</lon>
<active>1</active>
</city>
<city>
<id>444824</id>
<name>Bantam</name>
<state>CT</state>
<rating/>
<url>http://www.greatschools.org/city/Bantam/CT</url>
<lat>41.7361</lat>
<lon>-73.2158</lon>
<active>1</active>
</city>
<city>
<id>405492</id>
<name>Barkhamsted</name>
<state>CT</state>
<rating>8</rating>
<url>http://www.greatschools.org/city/Barkhamsted/CT</url>
<lat>41.923</lat>
<lon>-72.9717</lon>
<active>1</active>
</city>
<city>
<id>405568</id>
<name>Beacon Falls</name>
<state>CT</state>
<rating>7</rating>
<url>http://www.greatschools.org/city/Beacon_Falls/CT</url>
<lat>41.4398</lat>
<lon>-73.0556</lon>
<active>1</active>
</city>
<city>
<id>405692</id>
<name>Berlin</name>
<state>CT</state>
<rating>8</rating>
<url>http://www.greatschools.org/city/Berlin/CT</url>
<lat>41.6196</lat>
<lon>-72.7708</lon>
<active>1</active>
</city>
<city>
<id>405637</id>
<name>Bethany</name>
<state>CT</state>
<rating>8</rating>
<url>http://www.greatschools.org/city/Bethany/CT</url>
<lat>41.4258</lat>
<lon>-73.0014</lon>
<active>1</active>
</city>
<city>
<id>405498</id>
<name>Bethel</name>
<state>CT</state>
<rating>8</rating>
<url>http://www.greatschools.org/city/Bethel/CT</url>
<lat>41.3727</lat>
<lon>-73.4124</lon>
<active>1</active>
</city>
<city>
<id>405548</id>
<name>Bethlehem</name>
<state>CT</state>
<rating>7</rating>
<url>http://www.greatschools.org/city/Bethlehem/CT</url>
<lat>41.6386</lat>
<lon>-73.2069</lon>
<active>1</active>
</city>
<city>
<id>405476</id>
<name>Bloomfield</name>
<state>CT</state>
<rating>5</rating>
<url>http://www.greatschools.org/city/Bloomfield/CT</url>
<lat>41.8316</lat>
<lon>-72.7247</lon>
<active>1</active>
</city>
<city>
<id>405534</id>
<name>Bolton</name>
<state>CT</state>
<rating>6</rating>
<url>http://www.greatschools.org/city/Bolton/CT</url>
<lat>41.7684</lat>
<lon>-72.4394</lon>
<active>1</active>
</city>
<city>
<id>405690</id>
<name>Bozrah</name>
<state>CT</state>
<rating>6</rating>
<url>http://www.greatschools.org/city/Bozrah/CT</url>
<lat>41.547</lat>
<lon>-72.17</lon>
<active>1</active>
</city>
<city>
<id>405539</id>
<name>Branford</name>
<state>CT</state>
<rating>7</rating>
<url>http://www.greatschools.org/city/Branford/CT</url>
<lat>41.2795</lat>
<lon>-72.8108</lon>
<active>1</active>
</city>
<city>
<id>405493</id>
<name>Bridgeport</name>
<state>CT</state>
<rating>2</rating>
<url>http://www.greatschools.org/city/Bridgeport/CT</url>
<lat>41.1915</lat>
<lon>-73.197</lon>
<active>1</active>
</city>
<city>
<id>405646</id>
<name>Bridgewater</name>
<state>CT</state>
<rating/>
<url>http://www.greatschools.org/city/Bridgewater/CT</url>
<lat>41.5284</lat>
<lon>-73.3603</lon>
<active>1</active>
</city>
<city>
<id>405521</id>
<name>Bristol</name>
<state>CT</state>
<rating>5</rating>
<url>http://www.greatschools.org/city/Bristol/CT</url>
<lat>41.6821</lat>
<lon>-72.9304</lon>
<active>1</active>
</city>
<city>
<id>405677</id>
<name>Broad Brook</name>
<state>CT</state>
<rating>4</rating>
<url>http://www.greatschools.org/city/Broad_Brook/CT</url>
<lat>41.9126</lat>
<lon>-72.5451</lon>
<active>1</active>
</city>
<city>
<id>405561</id>
<name>Brookfield</name>
<state>CT</state>
<rating>8</rating>
<url>http://www.greatschools.org/city/Brookfield/CT</url>
<lat>41.466</lat>
<lon>-73.3979</lon>
<active>1</active>
</city>
<city>
<id>405581</id>
<name>Brooklyn</name>
<state>CT</state>
<rating>7</rating>
<url>http://www.greatschools.org/city/Brooklyn/CT</url>
<lat>41.7817</lat>
<lon>-71.9497</lon>
<active>1</active>
</city>
<city>
<id>405546</id>
<name>Burlington</name>
<state>CT</state>
<rating>8</rating>
<url>http://www.greatschools.org/city/Burlington/CT</url>
<lat>41.7566</lat>
<lon>-72.946</lon>
<active>1</active>
</city>
<city>
<id>442154</id>
<name>Canaan</name>
<state>CT</state>
<rating>6</rating>
<url>http://www.greatschools.org/city/Canaan/CT</url>
<lat>42.0312</lat>
<lon>-73.3316</lon>
<active>1</active>
</city>
<city>
<id>405543</id>
<name>Canterbury</name>
<state>CT</state>
<rating>8</rating>
<url>http://www.greatschools.org/city/Canterbury/CT</url>
<lat>41.6886</lat>
<lon>-72.0047</lon>
<active>1</active>
</city>
<city>
<id>405491</id>
<name>Canton</name>
<state>CT</state>
<rating>9</rating>
<url>http://www.greatschools.org/city/Canton/CT</url>
<lat>41.8431</lat>
<lon>-72.9092</lon>
<active>1</active>
</city>
<city>
<id>405675</id>
<name>Centerbrook</name>
<state>CT</state>
<rating>8</rating>
<url>http://www.greatschools.org/city/Centerbrook/CT</url>
<lat>41.3469</lat>
<lon>-72.4185</lon>
<active>1</active>
</city>
<city>
<id>405655</id>
<name>Central Village</name>
<state>CT</state>
<rating>5</rating>
<url>http://www.greatschools.org/city/Central_Village/CT</url>
<lat>41.718</lat>
<lon>-71.8737</lon>
<active>1</active>
</city>
<city>
<id>405639</id>
<name>Chaplin</name>
<state>CT</state>
<rating>5</rating>
<url>http://www.greatschools.org/city/Chaplin/CT</url>
<lat>41.7895</lat>
<lon>-72.1259</lon>
<active>1</active>
</city>
<city>
<id>405502</id>
<name>Cheshire</name>
<state>CT</state>
<rating>9</rating>
<url>http://www.greatschools.org/city/Cheshire/CT</url>
<lat>41.5062</lat>
<lon>-72.9066</lon>
<active>1</active>
</city>
<city>
<id>405689</id>
<name>Chester</name>
<state>CT</state>
<rating>9</rating>
<url>http://www.greatschools.org/city/Chester/CT</url>
<lat>41.4052</lat>
<lon>-72.4663</lon>
<active>1</active>
</city>
<city>
<id>405688</id>
<name>Clinton</name>
<state>CT</state>
<rating>7</rating>
<url>http://www.greatschools.org/city/Clinton/CT</url>
<lat>41.2766</lat>
<lon>-72.528</lon>
<active>1</active>
</city>
<city>
<id>405687</id>
<name>Colchester</name>
<state>CT</state>
<rating>7</rating>
<url>http://www.greatschools.org/city/Colchester/CT</url>
<lat>41.5621</lat>
<lon>-72.3428</lon>
<active>1</active>
</city>
<city>
<id>405686</id>
<name>Colebrook</name>
<state>CT</state>
<rating>9</rating>
<url>http://www.greatschools.org/city/Colebrook/CT</url>
<lat>42.0218</lat>
<lon>-73.1034</lon>
<active>1</active>
</city>
<city>
<id>442153</id>
<name>Collinsville</name>
<state>CT</state>
<rating/>
<url>http://www.greatschools.org/city/Collinsville/CT</url>
<lat>41.8191</lat>
<lon>-72.9198</lon>
<active>1</active>
</city>
<city>
<id>405557</id>
<name>Columbia</name>
<state>CT</state>
<rating/>
<url>http://www.greatschools.org/city/Columbia/CT</url>
<lat>41.7008</lat>
<lon>-72.3057</lon>
<active>1</active>
</city>
<city>
<id>442151</id>
<name>Cornwall Bridge</name>
<state>CT</state>
<rating/>
<url>http://www.greatschools.org/city/Cornwall_Bridge/CT</url>
<lat>41.7753</lat>
<lon>-73.3622</lon>
<active>1</active>
</city>
<city>
<id>405535</id>
<name>Cos Cob</name>
<state>CT</state>
<rating>8</rating>
<url>http://www.greatschools.org/city/Cos_Cob/CT</url>
<lat>41.0534</lat>
<lon>-73.5926</lon>
<active>1</active>
</city>
<city>
<id>405684</id>
<name>Coventry</name>
<state>CT</state>
<rating>7</rating>
<url>http://www.greatschools.org/city/Coventry/CT</url>
<lat>41.7859</lat>
<lon>-72.3382</lon>
<active>1</active>
</city>
<city>
<id>405562</id>
<name>Cromwell</name>
<state>CT</state>
<rating>7</rating>
<url>http://www.greatschools.org/city/Cromwell/CT</url>
<lat>41.6107</lat>
<lon>-72.6656</lon>
<active>1</active>
</city>
<city>
<id>405523</id>
<name>Danbury</name>
<state>CT</state>
<rating>4</rating>
<url>http://www.greatschools.org/city/Danbury/CT</url>
<lat>41.4043</lat>
<lon>-73.4589</lon>
<active>1</active>
</city>
<city>
<id>405610</id>
<name>Danielson</name>
<state>CT</state>
<rating>4</rating>
<url>http://www.greatschools.org/city/Danielson/CT</url>
<lat>41.8072</lat>
<lon>-71.8841</lon>
<active>1</active>
</city>
<city>
<id>405575</id>
<name>Darien</name>
<state>CT</state>
<rating>10</rating>
<url>http://www.greatschools.org/city/Darien/CT</url>
<lat>41.0774</lat>
<lon>-73.4853</lon>
<active>1</active>
</city>
<city>
<id>405667</id>
<name>Dayville</name>
<state>CT</state>
<rating>4</rating>
<url>http://www.greatschools.org/city/Dayville/CT</url>
<lat>41.8546</lat>
<lon>-71.8678</lon>
<active>1</active>
</city>
<city>
<id>405585</id>
<name>Deep River</name>
<state>CT</state>
<rating>7</rating>
<url>http://www.greatschools.org/city/Deep_River/CT</url>
<lat>41.3755</lat>
<lon>-72.4485</lon>
<active>1</active>
</city>
<city>
<id>405612</id>
<name>Derby</name>
<state>CT</state>
<rating>3</rating>
<url>http://www.greatschools.org/city/Derby/CT</url>
<lat>41.3235</lat>
<lon>-73.0794</lon>
<active>1</active>
</city>
<city>
<id>405533</id>
<name>Durham</name>
<state>CT</state>
<rating>8</rating>
<url>http://www.greatschools.org/city/Durham/CT</url>
<lat>41.4755</lat>
<lon>-72.6812</lon>
<active>1</active>
</city>
<city>
<id>405691</id>
<name>East Berlin</name>
<state>CT</state>
<rating>7</rating>
<url>http://www.greatschools.org/city/East_Berlin/CT</url>
<lat>41.6142</lat>
<lon>-72.7195</lon>
<active>1</active>
</city>
<city>
<id>442150</id>
<name>East Glastonbury</name>
<state>CT</state>
<rating/>
<url>http://www.greatschools.org/city/East_Glastonbury/CT</url>
<lat>41.7071</lat>
<lon>-72.5661</lon>
<active>1</active>
</city>
<city>
<id>405683</id>
<name>East Granby</name>
<state>CT</state>
<rating>8</rating>
<url>http://www.greatschools.org/city/East_Granby/CT</url>
<lat>41.9344</lat>
<lon>-72.7446</lon>
<active>1</active>
</city>
<city>
<id>405682</id>
<name>East Haddam</name>
<state>CT</state>
<rating/>
<url>http://www.greatschools.org/city/East_Haddam/CT</url>
<lat>41.471</lat>
<lon>-72.405</lon>
<active>1</active>
</city>
<city>
<id>405554</id>
<name>East Hampton</name>
<state>CT</state>
<rating>8</rating>
<url>http://www.greatschools.org/city/East_Hampton/CT</url>
<lat>41.5739</lat>
<lon>-72.4972</lon>
<active>1</active>
</city>
<city>
<id>405478</id>
<name>East Hartford</name>
<state>CT</state>
<rating>3</rating>
<url>http://www.greatschools.org/city/East_Hartford/CT</url>
<lat>41.7633</lat>
<lon>-72.6136</lon>
<active>1</active>
</city>
<city>
<id>405669</id>
<name>East Hartland</name>
<state>CT</state>
<rating>7</rating>
<url>http://www.greatschools.org/city/East_Hartland/CT</url>
<lat>42.0026</lat>
<lon>-72.9087</lon>
<active>1</active>
</city>
<city>
<id>405569</id>
<name>East Haven</name>
<state>CT</state>
<rating>4</rating>
<url>http://www.greatschools.org/city/East_Haven/CT</url>
<lat>41.2923</lat>
<lon>-72.8633</lon>
<active>1</active>
</city>
<city>
<id>405680</id>
<name>East Lyme</name>
<state>CT</state>
<rating>9</rating>
<url>http://www.greatschools.org/city/East_Lyme/CT</url>
<lat>41.3739</lat>
<lon>-72.2318</lon>
<active>1</active>
</city>
<city>
<id>405678</id>
<name>East Windsor</name>
<state>CT</state>
<rating>4</rating>
<url>http://www.greatschools.org/city/East_Windsor/CT</url>
<lat>41.9089</lat>
<lon>-72.6036</lon>
<active>1</active>
</city>
<city>
<id>405676</id>
<name>Eastford</name>
<state>CT</state>
<rating>7</rating>
<url>http://www.greatschools.org/city/Eastford/CT</url>
<lat>41.8956</lat>
<lon>-72.0989</lon>
<active>1</active>
</city>
<city>
<id>405541</id>
<name>Easton</name>
<state>CT</state>
<rating>9</rating>
<url>http://www.greatschools.org/city/Easton/CT</url>
<lat>41.2552</lat>
<lon>-73.2861</lon>
<active>1</active>
</city>
<city>
<id>405552</id>
<name>Ellington</name>
<state>CT</state>
<rating>9</rating>
<url>http://www.greatschools.org/city/Ellington/CT</url>
<lat>41.9041</lat>
<lon>-72.4614</lon>
<active>1</active>
</city>
<city>
<id>405497</id>
<name>Enfield</name>
<state>CT</state>
<rating>6</rating>
<url>http://www.greatschools.org/city/Enfield/CT</url>
<lat>41.9902</lat>
<lon>-72.5624</lon>
<active>1</active>
</city>
<city>
<id>442149</id>
<name>Essex</name>
<state>CT</state>
<rating/>
<url>http://www.greatschools.org/city/Essex/CT</url>
<lat>41.3521</lat>
<lon>-72.3979</lon>
<active>1</active>
</city>
<city>
<id>405489</id>
<name>Fairfield</name>
<state>CT</state>
<rating>9</rating>
<url>http://www.greatschools.org/city/Fairfield/CT</url>
<lat>41.1618</lat>
<lon>-73.2626</lon>
<active>1</active>
</city>
<city>
<id>405638</id>
<name>Falls Village</name>
<state>CT</state>
<rating>7</rating>
<url>http://www.greatschools.org/city/Falls_Village/CT</url>
<lat>41.9596</lat>
<lon>-73.3521</lon>
<active>1</active>
</city>
<city>
<id>405566</id>
<name>Farmington</name>
<state>CT</state>
<rating>9</rating>
<url>http://www.greatschools.org/city/Farmington/CT</url>
<lat>41.7287</lat>
<lon>-72.8418</lon>
<active>1</active>
</city>
<city>
<id>405665</id>
<name>Gales Ferry</name>
<state>CT</state>
<rating>7</rating>
<url>http://www.greatschools.org/city/Gales_Ferry/CT</url>
<lat>41.4295</lat>
<lon>-72.0658</lon>
<active>1</active>
</city>
<city>
<id>405531</id>
<name>Glastonbury</name>
<state>CT</state>
<rating>9</rating>
<url>http://www.greatschools.org/city/Glastonbury/CT</url>
<lat>41.7071</lat>
<lon>-72.5661</lon>
<active>1</active>
</city>
<city>
<id>405651</id>
<name>Goshen</name>
<state>CT</state>
<rating>7</rating>
<url>http://www.greatschools.org/city/Goshen/CT</url>
<lat>41.8291</lat>
<lon>-73.2448</lon>
<active>1</active>
</city>
<city>
<id>405494</id>
<name>Granby</name>
<state>CT</state>
<rating>9</rating>
<url>http://www.greatschools.org/city/Granby/CT</url>
<lat>41.9604</lat>
<lon>-72.7989</lon>
<active>1</active>
</city>
<city>
<id>405504</id>
<name>Greenwich</name>
<state>CT</state>
<rating>7</rating>
<url>http://www.greatschools.org/city/Greenwich/CT</url>
<lat>41.0316</lat>
<lon>-73.6292</lon>
<active>1</active>
</city>
<city>
<id>405671</id>
<name>Griswold</name>
<state>CT</state>
<rating>5</rating>
<url>http://www.greatschools.org/city/Griswold/CT</url>
<lat>41.5978</lat>
<lon>-71.979</lon>
<active>1</active>
</city>
<city>
<id>405506</id>
<name>Groton</name>
<state>CT</state>
<rating>5</rating>
<url>http://www.greatschools.org/city/Groton/CT</url>
<lat>41.3424</lat>
<lon>-72.0713</lon>
<active>1</active>
</city>
<city>
<id>405540</id>
<name>Guilford</name>
<state>CT</state>
<rating>9</rating>
<url>http://www.greatschools.org/city/Guilford/CT</url>
<lat>41.3163</lat>
<lon>-72.6962</lon>
<active>1</active>
</city>
<city>
<id>442148</id>
<name>Haddam</name>
<state>CT</state>
<rating/>
<url>http://www.greatschools.org/city/Haddam/CT</url>
<lat>41.4636</lat>
<lon>-72.5086</lon>
<active>1</active>
</city>
<city>
<id>405500</id>
<name>Hamden</name>
<state>CT</state>
<rating>4</rating>
<url>http://www.greatschools.org/city/Hamden/CT</url>
<lat>41.3617</lat>
<lon>-72.9365</lon>
<active>1</active>
</city>
<city>
<id>405549</id>
<name>Hampton</name>
<state>CT</state>
<rating/>
<url>http://www.greatschools.org/city/Hampton/CT</url>
<lat>41.758</lat>
<lon>-72.0686</lon>
<active>1</active>
</city>
<city>
<id>405475</id>
<name>Hartford</name>
<state>CT</state>
<rating>3</rating>
<url>http://www.greatschools.org/city/Hartford/CT</url>
<lat>41.7623</lat>
<lon>-72.6905</lon>
<active>1</active>
</city>
<city>
<id>405648</id>
<name>Harwinton</name>
<state>CT</state>
<rating>7</rating>
<url>http://www.greatschools.org/city/Harwinton/CT</url>
<lat>41.7691</lat>
<lon>-73.0707</lon>
<active>1</active>
</city>
<city>
<id>405636</id>
<name>Hebron</name>
<state>CT</state>
<rating>8</rating>
<url>http://www.greatschools.org/city/Hebron/CT</url>
<lat>41.6847</lat>
<lon>-72.4034</lon>
<active>1</active>
</city>
<city>
<id>405642</id>
<name>Higganum</name>
<state>CT</state>
<rating>9</rating>
<url>http://www.greatschools.org/city/Higganum/CT</url>
<lat>41.4916</lat>
<lon>-72.5604</lon>
<active>1</active>
</city>
<city>
<id>405609</id>
<name>Jewett City</name>
<state>CT</state>
<rating/>
<url>http://www.greatschools.org/city/Jewett_City/CT</url>
<lat>41.6075</lat>
<lon>-71.9796</lon>
<active>1</active>
</city>
<city>
<id>405595</id>
<name>Kensington</name>
<state>CT</state>
<rating>7</rating>
<url>http://www.greatschools.org/city/Kensington/CT</url>
<lat>41.6279</lat>
<lon>-72.7737</lon>
<active>1</active>
</city>
<city>
<id>405598</id>
<name>Kent</name>
<state>CT</state>
<rating>8</rating>
<url>http://www.greatschools.org/city/Kent/CT</url>
<lat>41.7285</lat>
<lon>-73.4613</lon>
<active>1</active>
</city>
<city>
<id>444825</id>
<name>Killingly</name>
<state>CT</state>
<rating/>
<url>http://www.greatschools.org/city/Killingly/CT</url>
<lat>41.8026</lat>
<lon>-71.8859</lon>
<active>1</active>
</city>
<city>
<id>405582</id>
<name>Killingworth</name>
<state>CT</state>
<rating>8</rating>
<url>http://www.greatschools.org/city/Killingworth/CT</url>
<lat>41.3691</lat>
<lon>-72.5714</lon>
<active>1</active>
</city>
<city>
<id>405590</id>
<name>Lakeville</name>
<state>CT</state>
<rating>9</rating>
<url>http://www.greatschools.org/city/Lakeville/CT</url>
<lat>41.953</lat>
<lon>-73.4408</lon>
<active>1</active>
</city>
<city>
<id>405666</id>
<name>Lebanon</name>
<state>CT</state>
<rating>7</rating>
<url>http://www.greatschools.org/city/Lebanon/CT</url>
<lat>41.6349</lat>
<lon>-72.2423</lon>
<active>1</active>
</city>
<city>
<id>405563</id>
<name>Ledyard</name>
<state>CT</state>
<rating>7</rating>
<url>http://www.greatschools.org/city/Ledyard/CT</url>
<lat>41.4407</lat>
<lon>-71.9944</lon>
<active>1</active>
</city>
<city>
<id>405664</id>
<name>Lisbon</name>
<state>CT</state>
<rating>7</rating>
<url>http://www.greatschools.org/city/Lisbon/CT</url>
<lat>41.6251</lat>
<lon>-72.0152</lon>
<active>1</active>
</city>
<city>
<id>405503</id>
<name>Litchfield</name>
<state>CT</state>
<rating>8</rating>
<url>http://www.greatschools.org/city/Litchfield/CT</url>
<lat>41.7454</lat>
<lon>-73.1899</lon>
<active>1</active>
</city>
<city>
<id>405641</id>
<name>Lyme</name>
<state>CT</state>
<rating>9</rating>
<url>http://www.greatschools.org/city/Lyme/CT</url>
<lat>41.3279</lat>
<lon>-72.3255</lon>
<active>1</active>
</city>
<city>
<id>405488</id>
<name>Madison</name>
<state>CT</state>
<rating>9</rating>
<url>http://www.greatschools.org/city/Madison/CT</url>
<lat>41.3149</lat>
<lon>-72.6174</lon>
<active>1</active>
</city>
<city>
<id>405490</id>
<name>Manchester</name>
<state>CT</state>
<rating>4</rating>
<url>http://www.greatschools.org/city/Manchester/CT</url>
<lat>41.7789</lat>
<lon>-72.5247</lon>
<active>1</active>
</city>
<city>
<id>405501</id>
<name>Mansfield Center</name>
<state>CT</state>
<rating>8</rating>
<url>http://www.greatschools.org/city/Mansfield_Center/CT</url>
<lat>41.7605</lat>
<lon>-72.1942</lon>
<active>1</active>
</city>
<city>
<id>405662</id>
<name>Marlborough</name>
<state>CT</state>
<rating>8</rating>
<url>http://www.greatschools.org/city/Marlborough/CT</url>
<lat>41.6403</lat>
<lon>-72.4602</lon>
<active>1</active>
</city>
<city>
<id>442145</id>
<name>Mashantucket</name>
<state>CT</state>
<rating/>
<url>http://www.greatschools.org/city/Mashantucket/CT</url>
<lat>41.4407</lat>
<lon>-71.9944</lon>
<active>1</active>
</city>
<city>
<id>405530</id>
<name>Meriden</name>
<state>CT</state>
<rating>3</rating>
<url>http://www.greatschools.org/city/Meriden/CT</url>
<lat>41.5337</lat>
<lon>-72.7987</lon>
<active>1</active>
</city>
<city>
<id>405597</id>
<name>Middlebury</name>
<state>CT</state>
<rating>9</rating>
<url>http://www.greatschools.org/city/Middlebury/CT</url>
<lat>41.5339</lat>
<lon>-73.1123</lon>
<active>1</active>
</city>
<city>
<id>405593</id>
<name>Middlefield</name>
<state>CT</state>
<rating>8</rating>
<url>http://www.greatschools.org/city/Middlefield/CT</url>
<lat>41.516</lat>
<lon>-72.7151</lon>
<active>1</active>
</city>
<city>
<id>405499</id>
<name>Middletown</name>
<state>CT</state>
<rating>5</rating>
<url>http://www.greatschools.org/city/Middletown/CT</url>
<lat>41.5568</lat>
<lon>-72.667</lon>
<active>1</active>
</city>
<city>
<id>405508</id>
<name>Milford</name>
<state>CT</state>
<rating>6</rating>
<url>http://www.greatschools.org/city/Milford/CT</url>
<lat>41.2184</lat>
<lon>-73.0572</lon>
<active>1</active>
</city>
<city>
<id>405574</id>
<name>Milldale</name>
<state>CT</state>
<rating/>
<url>http://www.greatschools.org/city/Milldale/CT</url>
<lat>41.5798</lat>
<lon>-72.8987</lon>
<active>1</active>
</city>
<city>
<id>405529</id>
<name>Monroe</name>
<state>CT</state>
<rating>9</rating>
<url>http://www.greatschools.org/city/Monroe/CT</url>
<lat>41.3325</lat>
<lon>-73.2232</lon>
<active>1</active>
</city>
<city>
<id>405520</id>
<name>Montville</name>
<state>CT</state>
<rating/>
<url>http://www.greatschools.org/city/Montville/CT</url>
<lat>41.4466</lat>
<lon>-72.1276</lon>
<active>1</active>
</city>
<city>
<id>405681</id>
<name>Moodus</name>
<state>CT</state>
<rating>8</rating>
<url>http://www.greatschools.org/city/Moodus/CT</url>
<lat>41.5035</lat>
<lon>-72.4476</lon>
<active>1</active>
</city>
<city>
<id>405608</id>
<name>Moosup</name>
<state>CT</state>
<rating>5</rating>
<url>http://www.greatschools.org/city/Moosup/CT</url>
<lat>41.7161</lat>
<lon>-71.8791</lon>
<active>1</active>
</city>
<city>
<id>405650</id>
<name>Morris</name>
<state>CT</state>
<rating>8</rating>
<url>http://www.greatschools.org/city/Morris/CT</url>
<lat>41.6904</lat>
<lon>-73.2042</lon>
<active>1</active>
</city>
<city>
<id>405623</id>
<name>Mystic</name>
<state>CT</state>
<rating>7</rating>
<url>http://www.greatschools.org/city/Mystic/CT</url>
<lat>41.3562</lat>
<lon>-71.9609</lon>
<active>1</active>
</city>
<city>
<id>444826</id>
<name>N Grosvenordl</name>
<state>CT</state>
<rating/>
<url>http://www.greatschools.org/city/N_Grosvenordl/CT</url>
<lat>41.9856</lat>
<lon>-71.8987</lon>
<active>1</active>
</city>
<city>
<id>405613</id>
<name>Naugatuck</name>
<state>CT</state>
<rating>4</rating>
<url>http://www.greatschools.org/city/Naugatuck/CT</url>
<lat>41.4921</lat>
<lon>-73.0479</lon>
<active>1</active>
</city>
<city>
<id>405536</id>
<name>New Britain</name>
<state>CT</state>
<rating>2</rating>
<url>http://www.greatschools.org/city/New_Britain/CT</url>
<lat>41.6757</lat>
<lon>-72.7837</lon>
<active>1</active>
</city>
<city>
<id>405592</id>
<name>New Canaan</name>
<state>CT</state>
<rating>10</rating>
<url>http://www.greatschools.org/city/New_Canaan/CT</url>
<lat>41.1516</lat>
<lon>-73.4947</lon>
<active>1</active>
</city>
<city>
<id>405564</id>
<name>New Fairfield</name>
<state>CT</state>
<rating>7</rating>
<url>http://www.greatschools.org/city/New_Fairfield/CT</url>
<lat>41.4755</lat>
<lon>-73.4977</lon>
<active>1</active>
</city>
<city>
<id>405661</id>
<name>New Hartford</name>
<state>CT</state>
<rating/>
<url>http://www.greatschools.org/city/New_Hartford/CT</url>
<lat>41.8504</lat>
<lon>-73.0109</lon>
<active>1</active>
</city>
<city>
<id>405487</id>
<name>New Haven</name>
<state>CT</state>
<rating>3</rating>
<url>http://www.greatschools.org/city/New_Haven/CT</url>
<lat>41.3124</lat>
<lon>-72.9242</lon>
<active>1</active>
</city>
<city>
<id>405486</id>
<name>New London</name>
<state>CT</state>
<rating>3</rating>
<url>http://www.greatschools.org/city/New_London/CT</url>
<lat>41.3507</lat>
<lon>-72.1063</lon>
<active>1</active>
</city>
<city>
<id>445987</id>
<name>New London County</name>
<state>CT</state>
<rating/>
<url>http://www.greatschools.org/city/New_London_County/CT</url>
<lat>41.4078</lat>
<lon>-72.112</lon>
<active>1</active>
</city>
<city>
<id>405565</id>
<name>New Milford</name>
<state>CT</state>
<rating>6</rating>
<url>http://www.greatschools.org/city/New_Milford/CT</url>
<lat>41.5832</lat>
<lon>-73.4087</lon>
<active>1</active>
</city>
<city>
<id>405588</id>
<name>Newington</name>
<state>CT</state>
<rating>7</rating>
<url>http://www.greatschools.org/city/Newington/CT</url>
<lat>41.6859</lat>
<lon>-72.7288</lon>
<active>1</active>
</city>
<city>
<id>405485</id>
<name>Newtown</name>
<state>CT</state>
<rating/>
<url>http://www.greatschools.org/city/Newtown/CT</url>
<lat>41.4125</lat>
<lon>-73.3116</lon>
<active>1</active>
</city>
<city>
<id>405679</id>
<name>Niantic</name>
<state>CT</state>
<rating>8</rating>
<url>http://www.greatschools.org/city/Niantic/CT</url>
<lat>41.325</lat>
<lon>-72.1982</lon>
<active>1</active>
</city>
<city>
<id>405484</id>
<name>Norfolk</name>
<state>CT</state>
<rating/>
<url>http://www.greatschools.org/city/Norfolk/CT</url>
<lat>41.9785</lat>
<lon>-73.1969</lon>
<active>1</active>
</city>
<city>
<id>405660</id>
<name>North Branford</name>
<state>CT</state>
<rating>7</rating>
<url>http://www.greatschools.org/city/North_Branford/CT</url>
<lat>41.327</lat>
<lon>-72.7739</lon>
<active>1</active>
</city>
<city>
<id>442143</id>
<name>North Canton</name>
<state>CT</state>
<rating/>
<url>http://www.greatschools.org/city/North_Canton/CT</url>
<lat>41.963</lat>
<lon>-72.9448</lon>
<active>1</active>
</city>
<city>
<id>405673</id>
<name>North Franklin</name>
<state>CT</state>
<rating>8</rating>
<url>http://www.greatschools.org/city/North_Franklin/CT</url>
<lat>41.6124</lat>
<lon>-72.1394</lon>
<active>1</active>
</city>
<city>
<id>405622</id>
<name>North Grosvenor</name>
<state>CT</state>
<rating>5</rating>
<url>http://www.greatschools.org/city/North_Grosvenor/CT</url>
<lat>41.9755</lat>
<lon>-71.9006</lon>
<active>1</active>
</city>
<city>
<id>405607</id>
<name>North Grosvenordale</name>
<state>CT</state>
<rating/>
<url>http://www.greatschools.org/city/North_Grosvenordale/CT</url>
<lat>41.9892</lat>
<lon>-71.898</lon>
<active>1</active>
</city>
<city>
<id>405522</id>
<name>North Haven</name>
<state>CT</state>
<rating>7</rating>
<url>http://www.greatschools.org/city/North_Haven/CT</url>
<lat>41.3819</lat>
<lon>-72.8584</lon>
<active>1</active>
</city>
<city>
<id>405583</id>
<name>North Stonington</name>
<state>CT</state>
<rating>7</rating>
<url>http://www.greatschools.org/city/North_Stonington/CT</url>
<lat>41.4559</lat>
<lon>-71.8712</lon>
<active>1</active>
</city>
<city>
<id>405616</id>
<name>North Windham</name>
<state>CT</state>
<rating>3</rating>
<url>http://www.greatschools.org/city/North_Windham/CT</url>
<lat>41.743</lat>
<lon>-72.1572</lon>
<active>1</active>
</city>
<city>
<id>405511</id>
<name>Northfield</name>
<state>CT</state>
<rating/>
<url>http://www.greatschools.org/city/Northfield/CT</url>
<lat>41.7081</lat>
<lon>-73.105</lon>
<active>1</active>
</city>
<city>
<id>405659</id>
<name>Northford</name>
<state>CT</state>
<rating/>
<url>http://www.greatschools.org/city/Northford/CT</url>
<lat>41.3949</lat>
<lon>-72.7808</lon>
<active>1</active>
</city>
<city>
<id>405509</id>
<name>Norwalk</name>
<state>CT</state>
<rating>5</rating>
<url>http://www.greatschools.org/city/Norwalk/CT</url>
<lat>41.1122</lat>
<lon>-73.4205</lon>
<active>1</active>
</city>
<city>
<id>405519</id>
<name>Norwich</name>
<state>CT</state>
<rating>4</rating>
<url>http://www.greatschools.org/city/Norwich/CT</url>
<lat>41.537</lat>
<lon>-72.0803</lon>
<active>1</active>
</city>
<city>
<id>405591</id>
<name>Oakdale</name>
<state>CT</state>
<rating>5</rating>
<url>http://www.greatschools.org/city/Oakdale/CT</url>
<lat>41.4701</lat>
<lon>-72.1901</lon>
<active>1</active>
</city>
<city>
<id>405570</id>
<name>Oakville</name>
<state>CT</state>
<rating>6</rating>
<url>http://www.greatschools.org/city/Oakville/CT</url>
<lat>41.5908</lat>
<lon>-73.0869</lon>
<active>1</active>
</city>
<city>
<id>405672</id>
<name>Old Greenwich</name>
<state>CT</state>
<rating>9</rating>
<url>http://www.greatschools.org/city/Old_Greenwich/CT</url>
<lat>41.0348</lat>
<lon>-73.5667</lon>
<active>1</active>
</city>
<city>
<id>405640</id>
<name>Old Lyme</name>
<state>CT</state>
<rating>8</rating>
<url>http://www.greatschools.org/city/Old_Lyme/CT</url>
<lat>41.3342</lat>
<lon>-72.3065</lon>
<active>1</active>
</city>
<city>
<id>405624</id>
<name>Old Mystic</name>
<state>CT</state>
<rating/>
<url>http://www.greatschools.org/city/Old_Mystic/CT</url>
<lat>41.3846</lat>
<lon>-71.9881</lon>
<active>1</active>
</city>
<city>
<id>405477</id>
<name>Old Saybrook</name>
<state>CT</state>
<rating>8</rating>
<url>http://www.greatschools.org/city/Old_Saybrook/CT</url>
<lat>41.2924</lat>
<lon>-72.3858</lon>
<active>1</active>
</city>
<city>
<id>405542</id>
<name>Orange</name>
<state>CT</state>
<rating>9</rating>
<url>http://www.greatschools.org/city/Orange/CT</url>
<lat>41.2818</lat>
<lon>-73.0274</lon>
<active>1</active>
</city>
<city>
<id>405656</id>
<name>Oxford</name>
<state>CT</state>
<rating>8</rating>
<url>http://www.greatschools.org/city/Oxford/CT</url>
<lat>41.4215</lat>
<lon>-73.1317</lon>
<active>1</active>
</city>
<city>
<id>405586</id>
<name>Pawcatuck</name>
<state>CT</state>
<rating>7</rating>
<url>http://www.greatschools.org/city/Pawcatuck/CT</url>
<lat>41.377</lat>
<lon>-71.8459</lon>
<active>1</active>
</city>
<city>
<id>442142</id>
<name>Pine Meadow</name>
<state>CT</state>
<rating/>
<url>http://www.greatschools.org/city/Pine_Meadow/CT</url>
<lat>41.9295</lat>
<lon>-73.0745</lon>
<active>1</active>
</city>
<city>
<id>405571</id>
<name>Plainfield</name>
<state>CT</state>
<rating>5</rating>
<url>http://www.greatschools.org/city/Plainfield/CT</url>
<lat>41.6866</lat>
<lon>-71.9171</lon>
<active>1</active>
</city>
<city>
<id>405527</id>
<name>Plainville</name>
<state>CT</state>
<rating>7</rating>
<url>http://www.greatschools.org/city/Plainville/CT</url>
<lat>41.6723</lat>
<lon>-72.8636</lon>
<active>1</active>
</city>
<city>
<id>405627</id>
<name>Plantsville</name>
<state>CT</state>
<rating>8</rating>
<url>http://www.greatschools.org/city/Plantsville/CT</url>
<lat>41.5798</lat>
<lon>-72.8987</lon>
<active>1</active>
</city>
<city>
<id>405654</id>
<name>Plymouth</name>
<state>CT</state>
<rating>5</rating>
<url>http://www.greatschools.org/city/Plymouth/CT</url>
<lat>41.659</lat>
<lon>-73.0483</lon>
<active>1</active>
</city>
<city>
<id>405573</id>
<name>Pomfret</name>
<state>CT</state>
<rating/>
<url>http://www.greatschools.org/city/Pomfret/CT</url>
<lat>41.9635</lat>
<lon>-71.9961</lon>
<active>1</active>
</city>
<city>
<id>405652</id>
<name>Pomfret Center</name>
<state>CT</state>
<rating>7</rating>
<url>http://www.greatschools.org/city/Pomfret_Center/CT</url>
<lat>41.8698</lat>
<lon>-71.9821</lon>
<active>1</active>
</city>
<city>
<id>405483</id>
<name>Portland</name>
<state>CT</state>
<rating>8</rating>
<url>http://www.greatschools.org/city/Portland/CT</url>
<lat>41.5812</lat>
<lon>-72.6266</lon>
<active>1</active>
</city>
<city>
<id>405518</id>
<name>Preston</name>
<state>CT</state>
<rating>8</rating>
<url>http://www.greatschools.org/city/Preston/CT</url>
<lat>41.5169</lat>
<lon>-72.0068</lon>
<active>1</active>
</city>
<city>
<id>405643</id>
<name>Prospect</name>
<state>CT</state>
<rating>7</rating>
<url>http://www.greatschools.org/city/Prospect/CT</url>
<lat>41.503</lat>
<lon>-72.9782</lon>
<active>1</active>
</city>
<city>
<id>405538</id>
<name>Putnam</name>
<state>CT</state>
<rating>4</rating>
<url>http://www.greatschools.org/city/Putnam/CT</url>
<lat>41.9186</lat>
<lon>-71.8963</lon>
<active>1</active>
</city>
<city>
<id>405550</id>
<name>Quaker Hill</name>
<state>CT</state>
<rating>7</rating>
<url>http://www.greatschools.org/city/Quaker_Hill/CT</url>
<lat>41.3984</lat>
<lon>-72.1179</lon>
<active>1</active>
</city>
<city>
<id>405526</id>
<name>Redding</name>
<state>CT</state>
<rating>9</rating>
<url>http://www.greatschools.org/city/Redding/CT</url>
<lat>41.3045</lat>
<lon>-73.396</lon>
<active>1</active>
</city>
<city>
<id>442140</id>
<name>Redding Ridge</name>
<state>CT</state>
<rating/>
<url>http://www.greatschools.org/city/Redding_Ridge/CT</url>
<lat>41.3045</lat>
<lon>-73.396</lon>
<active>1</active>
</city>
<city>
<id>405517</id>
<name>Ridgefield</name>
<state>CT</state>
<rating>9</rating>
<url>http://www.greatschools.org/city/Ridgefield/CT</url>
<lat>41.2751</lat>
<lon>-73.4971</lon>
<active>1</active>
</city>
<city>
<id>405572</id>
<name>Riverside</name>
<state>CT</state>
<rating>10</rating>
<url>http://www.greatschools.org/city/Riverside/CT</url>
<lat>41.0379</lat>
<lon>-73.5809</lon>
<active>1</active>
</city>
<city>
<id>442139</id>
<name>Rockfall</name>
<state>CT</state>
<rating/>
<url>http://www.greatschools.org/city/Rockfall/CT</url>
<lat>41.5346</lat>
<lon>-72.7014</lon>
<active>1</active>
</city>
<city>
<id>405606</id>
<name>Rockville</name>
<state>CT</state>
<rating>4</rating>
<url>http://www.greatschools.org/city/Rockville/CT</url>
<lat>41.8662</lat>
<lon>-72.4558</lon>
<active>1</active>
</city>
<city>
<id>405635</id>
<name>Rocky Hill</name>
<state>CT</state>
<rating>8</rating>
<url>http://www.greatschools.org/city/Rocky_Hill/CT</url>
<lat>41.6575</lat>
<lon>-72.6662</lon>
<active>1</active>
</city>
<city>
<id>405668</id>
<name>Rogers</name>
<state>CT</state>
<rating/>
<url>http://www.greatschools.org/city/Rogers/CT</url>
<lat>41.8546</lat>
<lon>-71.8678</lon>
<active>1</active>
</city>
<city>
<id>405657</id>
<name>Rowayton</name>
<state>CT</state>
<rating>7</rating>
<url>http://www.greatschools.org/city/Rowayton/CT</url>
<lat>41.0665</lat>
<lon>-73.4393</lon>
<active>1</active>
</city>
<city>
<id>405647</id>
<name>Roxbury</name>
<state>CT</state>
<rating>10</rating>
<url>http://www.greatschools.org/city/Roxbury/CT</url>
<lat>41.5488</lat>
<lon>-73.2975</lon>
<active>1</active>
</city>
<city>
<id>405634</id>
<name>Salem</name>
<state>CT</state>
<rating>8</rating>
<url>http://www.greatschools.org/city/Salem/CT</url>
<lat>41.4891</lat>
<lon>-72.2577</lon>
<active>1</active>
</city>
<city>
<id>405600</id>
<name>Salisbury</name>
<state>CT</state>
<rating/>
<url>http://www.greatschools.org/city/Salisbury/CT</url>
<lat>42.0036</lat>
<lon>-73.4224</lon>
<active>1</active>
</city>
<city>
<id>405525</id>
<name>Sandy Hook</name>
<state>CT</state>
<rating>8</rating>
<url>http://www.greatschools.org/city/Sandy_Hook/CT</url>
<lat>41.4099</lat>
<lon>-73.2504</lon>
<active>1</active>
</city>
<city>
<id>444827</id>
<name>Sawyer Distri</name>
<state>CT</state>
<rating/>
<url>http://www.greatschools.org/city/Sawyer_Distri/CT</url>
<lat>41.9046</lat>
<lon>-71.869</lon>
<active>1</active>
</city>
<city>
<id>405633</id>
<name>Scotland</name>
<state>CT</state>
<rating>7</rating>
<url>http://www.greatschools.org/city/Scotland/CT</url>
<lat>41.6969</lat>
<lon>-72.0953</lon>
<active>1</active>
</city>
<city>
<id>405632</id>
<name>Seymour</name>
<state>CT</state>
<rating>5</rating>
<url>http://www.greatschools.org/city/Seymour/CT</url>
<lat>41.3859</lat>
<lon>-73.0828</lon>
<active>1</active>
</city>
<city>
<id>405631</id>
<name>Sharon</name>
<state>CT</state>
<rating>5</rating>
<url>http://www.greatschools.org/city/Sharon/CT</url>
<lat>41.8698</lat>
<lon>-73.4594</lon>
<active>1</active>
</city>
<city>
<id>405553</id>
<name>Shelton</name>
<state>CT</state>
<rating>7</rating>
<url>http://www.greatschools.org/city/Shelton/CT</url>
<lat>41.306</lat>
<lon>-73.1281</lon>
<active>1</active>
</city>
<city>
<id>405630</id>
<name>Sherman</name>
<state>CT</state>
<rating>8</rating>
<url>http://www.greatschools.org/city/Sherman/CT</url>
<lat>41.5756</lat>
<lon>-73.4941</lon>
<active>1</active>
</city>
<city>
<id>405584</id>
<name>Simsbury</name>
<state>CT</state>
<rating>9</rating>
<url>http://www.greatschools.org/city/Simsbury/CT</url>
<lat>41.8757</lat>
<lon>-72.8231</lon>
<active>1</active>
</city>
<city>
<id>405516</id>
<name>Somers</name>
<state>CT</state>
<rating>8</rating>
<url>http://www.greatschools.org/city/Somers/CT</url>
<lat>42.0028</lat>
<lon>-72.4638</lon>
<active>1</active>
</city>
<city>
<id>405532</id>
<name>South Glastonbury</name>
<state>CT</state>
<rating>8</rating>
<url>http://www.greatschools.org/city/South_Glastonbury/CT</url>
<lat>41.6609</lat>
<lon>-72.5781</lon>
<active>1</active>
</city>
<city>
<id>405510</id>
<name>South Windsor</name>
<state>CT</state>
<rating>8</rating>
<url>http://www.greatschools.org/city/South_Windsor/CT</url>
<lat>41.834</lat>
<lon>-72.5549</lon>
<active>1</active>
</city>
<city>
<id>405644</id>
<name>Southbury</name>
<state>CT</state>
<rating>9</rating>
<url>http://www.greatschools.org/city/Southbury/CT</url>
<lat>41.4765</lat>
<lon>-73.2202</lon>
<active>1</active>
</city>
<city>
<id>405577</id>
<name>Southington</name>
<state>CT</state>
<rating>8</rating>
<url>http://www.greatschools.org/city/Southington/CT</url>
<lat>41.6049</lat>
<lon>-72.8725</lon>
<active>1</active>
</city>
<city>
<id>405524</id>
<name>Southport</name>
<state>CT</state>
<rating/>
<url>http://www.greatschools.org/city/Southport/CT</url>
<lat>41.1448</lat>
<lon>-73.2887</lon>
<active>1</active>
</city>
<city>
<id>445988</id>
<name>Sprague</name>
<state>CT</state>
<rating/>
<url>http://www.greatschools.org/city/Sprague/CT</url>
<lat>41.6154</lat>
<lon>-72.0897</lon>
<active>1</active>
</city>
<city>
<id>445989</id>
<name>Stafford</name>
<state>CT</state>
<rating/>
<url>http://www.greatschools.org/city/Stafford/CT</url>
<lat>41.9544</lat>
<lon>-72.3084</lon>
<active>1</active>
</city>
<city>
<id>405579</id>
<name>Stafford Springs</name>
<state>CT</state>
<rating>7</rating>
<url>http://www.greatschools.org/city/Stafford_Springs/CT</url>
<lat>41.973</lat>
<lon>-72.3025</lon>
<active>1</active>
</city>
<city>
<id>405626</id>
<name>Staffordville</name>
<state>CT</state>
<rating/>
<url>http://www.greatschools.org/city/Staffordville/CT</url>
<lat>41.973</lat>
<lon>-72.3025</lon>
<active>1</active>
</city>
<city>
<id>405482</id>
<name>Stamford</name>
<state>CT</state>
<rating>4</rating>
<url>http://www.greatschools.org/city/Stamford/CT</url>
<lat>41.0729</lat>
<lon>-73.5402</lon>
<active>1</active>
</city>
<city>
<id>442138</id>
<name>Sterling</name>
<state>CT</state>
<rating>5</rating>
<url>http://www.greatschools.org/city/Sterling/CT</url>
<lat>41.7182</lat>
<lon>-71.8173</lon>
<active>1</active>
</city>
<city>
<id>405544</id>
<name>Stonington</name>
<state>CT</state>
<rating>8</rating>
<url>http://www.greatschools.org/city/Stonington/CT</url>
<lat>41.3349</lat>
<lon>-71.9037</lon>
<active>1</active>
</city>
<city>
<id>405495</id>
<name>Storrs</name>
<state>CT</state>
<rating>8</rating>
<url>http://www.greatschools.org/city/Storrs/CT</url>
<lat>41.8068</lat>
<lon>-72.2545</lon>
<active>1</active>
</city>
<city>
<id>442137</id>
<name>Storrs Mansfield</name>
<state>CT</state>
<rating/>
<url>http://www.greatschools.org/city/Storrs_Mansfield/CT</url>
<lat>41.8003</lat>
<lon>-72.2496</lon>
<active>1</active>
</city>
<city>
<id>405611</id>
<name>Stratford</name>
<state>CT</state>
<rating>5</rating>
<url>http://www.greatschools.org/city/Stratford/CT</url>
<lat>41.2045</lat>
<lon>-73.1351</lon>
<active>1</active>
</city>
<city>
<id>405481</id>
<name>Suffield</name>
<state>CT</state>
<rating>8</rating>
<url>http://www.greatschools.org/city/Suffield/CT</url>
<lat>41.9841</lat>
<lon>-72.638</lon>
<active>1</active>
</city>
<city>
<id>405605</id>
<name>Taftville</name>
<state>CT</state>
<rating>3</rating>
<url>http://www.greatschools.org/city/Taftville/CT</url>
<lat>41.565</lat>
<lon>-72.0525</lon>
<active>1</active>
</city>
<city>
<id>405628</id>
<name>Tariffville</name>
<state>CT</state>
<rating>9</rating>
<url>http://www.greatschools.org/city/Tariffville/CT</url>
<lat>41.9065</lat>
<lon>-72.768</lon>
<active>1</active>
</city>
<city>
<id>405653</id>
<name>Terryville</name>
<state>CT</state>
<rating>6</rating>
<url>http://www.greatschools.org/city/Terryville/CT</url>
<lat>41.6791</lat>
<lon>-73.0069</lon>
<active>1</active>
</city>
<city>
<id>405614</id>
<name>Thomaston</name>
<state>CT</state>
<rating>6</rating>
<url>http://www.greatschools.org/city/Thomaston/CT</url>
<lat>41.6725</lat>
<lon>-73.0853</lon>
<active>1</active>
</city>
<city>
<id>405604</id>
<name>Thompson</name>
<state>CT</state>
<rating/>
<url>http://www.greatschools.org/city/Thompson/CT</url>
<lat>41.9779</lat>
<lon>-71.8381</lon>
<active>1</active>
</city>
<city>
<id>405496</id>
<name>Tolland</name>
<state>CT</state>
<rating>8</rating>
<url>http://www.greatschools.org/city/Tolland/CT</url>
<lat>41.8719</lat>
<lon>-72.3685</lon>
<active>1</active>
</city>
<city>
<id>405587</id>
<name>Torrington</name>
<state>CT</state>
<rating>5</rating>
<url>http://www.greatschools.org/city/Torrington/CT</url>
<lat>41.814</lat>
<lon>-73.1143</lon>
<active>1</active>
</city>
<city>
<id>405515</id>
<name>Trumbull</name>
<state>CT</state>
<rating>9</rating>
<url>http://www.greatschools.org/city/Trumbull/CT</url>
<lat>41.2563</lat>
<lon>-73.2099</lon>
<active>1</active>
</city>
<city>
<id>405603</id>
<name>Uncasville</name>
<state>CT</state>
<rating>5</rating>
<url>http://www.greatschools.org/city/Uncasville/CT</url>
<lat>41.4602</lat>
<lon>-72.1135</lon>
<active>1</active>
</city>
<city>
<id>405621</id>
<name>Union</name>
<state>CT</state>
<rating/>
<url>http://www.greatschools.org/city/Union/CT</url>
<lat>41.988</lat>
<lon>-72.161</lon>
<active>1</active>
</city>
<city>
<id>405674</id>
<name>Unionville</name>
<state>CT</state>
<rating>9</rating>
<url>http://www.greatschools.org/city/Unionville/CT</url>
<lat>41.746</lat>
<lon>-72.8892</lon>
<active>1</active>
</city>
<city>
<id>405620</id>
<name>Vernon</name>
<state>CT</state>
<rating>5</rating>
<url>http://www.greatschools.org/city/Vernon/CT</url>
<lat>41.8338</lat>
<lon>-72.4495</lon>
<active>1</active>
</city>
<city>
<id>444828</id>
<name>Vernon Rockvl</name>
<state>CT</state>
<rating/>
<url>http://www.greatschools.org/city/Vernon_Rockvl/CT</url>
<lat>41.8186</lat>
<lon>-72.479</lon>
<active>1</active>
</city>
<city>
<id>443566</id>
<name>Vernon-Rockville</name>
<state>CT</state>
<rating/>
<url>http://www.greatschools.org/city/Vernon-Rockville/CT</url>
<lat>41.8479</lat>
<lon>-72.4651</lon>
<active>1</active>
</city>
<city>
<id>405619</id>
<name>Voluntown</name>
<state>CT</state>
<rating>7</rating>
<url>http://www.greatschools.org/city/Voluntown/CT</url>
<lat>41.5833</lat>
<lon>-71.833</lon>
<active>1</active>
</city>
<city>
<id>405514</id>
<name>Wallingford</name>
<state>CT</state>
<rating>6</rating>
<url>http://www.greatschools.org/city/Wallingford/CT</url>
<lat>41.4592</lat>
<lon>-72.8201</lon>
<active>1</active>
</city>
<city>
<id>405649</id>
<name>Warren</name>
<state>CT</state>
<rating/>
<url>http://www.greatschools.org/city/Warren/CT</url>
<lat>41.7406</lat>
<lon>-73.3479</lon>
<active>1</active>
</city>
<city>
<id>405589</id>
<name>Washington</name>
<state>CT</state>
<rating>7</rating>
<url>http://www.greatschools.org/city/Washington/CT</url>
<lat>41.6349</lat>
<lon>-73.2934</lon>
<active>1</active>
</city>
<city>
<id>405551</id>
<name>Washington Depot</name>
<state>CT</state>
<rating>8</rating>
<url>http://www.greatschools.org/city/Washington_Depot/CT</url>
<lat>41.6503</lat>
<lon>-73.3267</lon>
<active>1</active>
</city>
<city>
<id>405480</id>
<name>Waterbury</name>
<state>CT</state>
<rating>3</rating>
<url>http://www.greatschools.org/city/Waterbury/CT</url>
<lat>41.557</lat>
<lon>-73.0333</lon>
<active>1</active>
</city>
<city>
<id>405474</id>
<name>Waterford</name>
<state>CT</state>
<rating>8</rating>
<url>http://www.greatschools.org/city/Waterford/CT</url>
<lat>41.3452</lat>
<lon>-72.1465</lon>
<active>1</active>
</city>
<city>
<id>405596</id>
<name>Watertown</name>
<state>CT</state>
<rating>6</rating>
<url>http://www.greatschools.org/city/Watertown/CT</url>
<lat>41.6059</lat>
<lon>-73.1214</lon>
<active>1</active>
</city>
<city>
<id>405629</id>
<name>Weatogue</name>
<state>CT</state>
<rating>9</rating>
<url>http://www.greatschools.org/city/Weatogue/CT</url>
<lat>41.8431</lat>
<lon>-72.8278</lon>
<active>1</active>
</city>
<city>
<id>405685</id>
<name>West Cornwall</name>
<state>CT</state>
<rating/>
<url>http://www.greatschools.org/city/West_Cornwall/CT</url>
<lat>41.8702</lat>
<lon>-73.3327</lon>
<active>1</active>
</city>
<city>
<id>405473</id>
<name>West Hartford</name>
<state>CT</state>
<rating>7</rating>
<url>http://www.greatschools.org/city/West_Hartford/CT</url>
<lat>41.7628</lat>
<lon>-72.7396</lon>
<active>1</active>
</city>
<city>
<id>405555</id>
<name>West Haven</name>
<state>CT</state>
<rating>4</rating>
<url>http://www.greatschools.org/city/West_Haven/CT</url>
<lat>41.2711</lat>
<lon>-72.9634</lon>
<active>1</active>
</city>
<city>
<id>405576</id>
<name>West Simsbury</name>
<state>CT</state>
<rating>9</rating>
<url>http://www.greatschools.org/city/West_Simsbury/CT</url>
<lat>41.8748</lat>
<lon>-72.8412</lon>
<active>1</active>
</city>
<city>
<id>444466</id>
<name>West Suffield</name>
<state>CT</state>
<rating>9</rating>
<url>http://www.greatschools.org/city/West_Suffield/CT</url>
<lat>41.9806</lat>
<lon>-72.6923</lon>
<active>1</active>
</city>
<city>
<id>405618</id>
<name>West Willington</name>
<state>CT</state>
<rating>8</rating>
<url>http://www.greatschools.org/city/West_Willington/CT</url>
<lat>41.8509</lat>
<lon>-72.3021</lon>
<active>1</active>
</city>
<city>
<id>405560</id>
<name>Westbrook</name>
<state>CT</state>
<rating>8</rating>
<url>http://www.greatschools.org/city/Westbrook/CT</url>
<lat>41.2942</lat>
<lon>-72.4575</lon>
<active>1</active>
</city>
<city>
<id>405472</id>
<name>Weston</name>
<state>CT</state>
<rating>9</rating>
<url>http://www.greatschools.org/city/Weston/CT</url>
<lat>41.2189</lat>
<lon>-73.3695</lon>
<active>1</active>
</city>
<city>
<id>405528</id>
<name>Westport</name>
<state>CT</state>
<rating>10</rating>
<url>http://www.greatschools.org/city/Westport/CT</url>
<lat>41.1431</lat>
<lon>-73.3487</lon>
<active>1</active>
</city>
<city>
<id>405578</id>
<name>Wethersfield</name>
<state>CT</state>
<rating>7</rating>
<url>http://www.greatschools.org/city/Wethersfield/CT</url>
<lat>41.7014</lat>
<lon>-72.6764</lon>
<active>1</active>
</city>
<city>
<id>405513</id>
<name>Willimantic</name>
<state>CT</state>
<rating>2</rating>
<url>http://www.greatschools.org/city/Willimantic/CT</url>
<lat>41.7162</lat>
<lon>-72.2142</lon>
<active>1</active>
</city>
<city>
<id>423344</id>
<name>Willington</name>
<state>CT</state>
<rating/>
<url>http://www.greatschools.org/city/Willington/CT</url>
<lat>41.8751</lat>
<lon>-72.2704</lon>
<active>1</active>
</city>
<city>
<id>405545</id>
<name>Wilton</name>
<state>CT</state>
<rating>9</rating>
<url>http://www.greatschools.org/city/Wilton/CT</url>
<lat>41.2024</lat>
<lon>-73.4372</lon>
<active>1</active>
</city>
<city>
<id>445990</id>
<name>Winchester</name>
<state>CT</state>
<rating/>
<url>http://www.greatschools.org/city/Winchester/CT</url>
<lat>41.9212</lat>
<lon>-73.0601</lon>
<active>1</active>
</city>
<city>
<id>405617</id>
<name>Windham</name>
<state>CT</state>
<rating>3</rating>
<url>http://www.greatschools.org/city/Windham/CT</url>
<lat>41.7039</lat>
<lon>-72.1554</lon>
<active>1</active>
</city>
<city>
<id>405507</id>
<name>Windsor</name>
<state>CT</state>
<rating>4</rating>
<url>http://www.greatschools.org/city/Windsor/CT</url>
<lat>41.8569</lat>
<lon>-72.6646</lon>
<active>1</active>
</city>
<city>
<id>405556</id>
<name>Windsor Locks</name>
<state>CT</state>
<rating>5</rating>
<url>http://www.greatschools.org/city/Windsor_Locks/CT</url>
<lat>41.9261</lat>
<lon>-72.6448</lon>
<active>1</active>
</city>
<city>
<id>405479</id>
<name>Winsted</name>
<state>CT</state>
<rating>7</rating>
<url>http://www.greatschools.org/city/Winsted/CT</url>
<lat>41.9247</lat>
<lon>-73.0671</lon>
<active>1</active>
</city>
<city>
<id>405615</id>
<name>Wolcott</name>
<state>CT</state>
<rating>8</rating>
<url>http://www.greatschools.org/city/Wolcott/CT</url>
<lat>41.5972</lat>
<lon>-72.9813</lon>
<active>1</active>
</city>
<city>
<id>405512</id>
<name>Woodbridge</name>
<state>CT</state>
<rating/>
<url>http://www.greatschools.org/city/Woodbridge/CT</url>
<lat>41.3526</lat>
<lon>-73.0133</lon>
<active>1</active>
</city>
<city>
<id>405537</id>
<name>Woodbury</name>
<state>CT</state>
<rating>8</rating>
<url>http://www.greatschools.org/city/Woodbury/CT</url>
<lat>41.5525</lat>
<lon>-73.2078</lon>
<active>1</active>
</city>
<city>
<id>405559</id>
<name>Woodstock</name>
<state>CT</state>
<rating>8</rating>
<url>http://www.greatschools.org/city/Woodstock/CT</url>
<lat>41.9635</lat>
<lon>-71.9961</lon>
<active>1</active>
</city>
</greatschools-city-feed>
