<?xml version="1.0" encoding="utf-8"?><greatschools-city-feed xmlns:xsi="http://www.w3.org/2001/XMLSchema-instance" xsi:noNamespaceSchemaLocation="http://www.greatschools.org/feeds/greatschools-city2.xsd">
<city>
<id>405709</id>
<name>Bear</name>
<state>DE</state>
<rating>6</rating>
<url>http://www.greatschools.org/city/Bear/DE</url>
<lat>39.6216</lat>
<lon>-75.6847</lon>
<active>1</active>
</city>
<city>
<id>405727</id>
<name>Blades</name>
<state>DE</state>
<rating>2</rating>
<url>http://www.greatschools.org/city/Blades/DE</url>
<lat>38.6339</lat>
<lon>-75.6075</lon>
<active>1</active>
</city>
<city>
<id>405720</id>
<name>Bridgeville</name>
<state>DE</state>
<rating>2</rating>
<url>http://www.greatschools.org/city/Bridgeville/DE</url>
<lat>38.7421</lat>
<lon>-75.6002</lon>
<active>1</active>
</city>
<city>
<id>405705</id>
<name>Camden</name>
<state>DE</state>
<rating>6</rating>
<url>http://www.greatschools.org/city/Camden/DE</url>
<lat>39.1128</lat>
<lon>-75.547</lon>
<active>1</active>
</city>
<city>
<id>405733</id>
<name>Camden-Wyoming</name>
<state>DE</state>
<rating/>
<url>http://www.greatschools.org/city/Camden-Wyoming/DE</url>
<lat>39.0822</lat>
<lon>-75.5977</lon>
<active>1</active>
</city>
<city>
<id>443947</id>
<name>Centreville</name>
<state>DE</state>
<rating/>
<url>http://www.greatschools.org/city/Centreville/DE</url>
<lat>39.8303</lat>
<lon>-75.6241</lon>
<active>1</active>
</city>
<city>
<id>405726</id>
<name>Claymont</name>
<state>DE</state>
<rating>6</rating>
<url>http://www.greatschools.org/city/Claymont/DE</url>
<lat>39.8005</lat>
<lon>-75.4645</lon>
<active>1</active>
</city>
<city>
<id>405717</id>
<name>Clayton</name>
<state>DE</state>
<rating>6</rating>
<url>http://www.greatschools.org/city/Clayton/DE</url>
<lat>39.2919</lat>
<lon>-75.6341</lon>
<active>1</active>
</city>
<city>
<id>405714</id>
<name>Dagsboro</name>
<state>DE</state>
<rating>8</rating>
<url>http://www.greatschools.org/city/Dagsboro/DE</url>
<lat>38.5479</lat>
<lon>-75.245</lon>
<active>1</active>
</city>
<city>
<id>442164</id>
<name>Delaware City</name>
<state>DE</state>
<rating/>
<url>http://www.greatschools.org/city/Delaware_City/DE</url>
<lat>39.5728</lat>
<lon>-75.5939</lon>
<active>1</active>
</city>
<city>
<id>405719</id>
<name>Delmar</name>
<state>DE</state>
<rating>6</rating>
<url>http://www.greatschools.org/city/Delmar/DE</url>
<lat>38.4586</lat>
<lon>-75.5698</lon>
<active>1</active>
</city>
<city>
<id>405706</id>
<name>Dover</name>
<state>DE</state>
<rating>5</rating>
<url>http://www.greatschools.org/city/Dover/DE</url>
<lat>39.166</lat>
<lon>-75.5306</lon>
<active>1</active>
</city>
<city>
<id>441834</id>
<name>Ellendale</name>
<state>DE</state>
<rating/>
<url>http://www.greatschools.org/city/Ellendale/DE</url>
<lat>38.8071</lat>
<lon>-75.4237</lon>
<active>1</active>
</city>
<city>
<id>405718</id>
<name>Felton</name>
<state>DE</state>
<rating>7</rating>
<url>http://www.greatschools.org/city/Felton/DE</url>
<lat>39.0109</lat>
<lon>-75.5766</lon>
<active>1</active>
</city>
<city>
<id>405731</id>
<name>Frankford</name>
<state>DE</state>
<rating>7</rating>
<url>http://www.greatschools.org/city/Frankford/DE</url>
<lat>38.5203</lat>
<lon>-75.2328</lon>
<active>1</active>
</city>
<city>
<id>405729</id>
<name>Frederica</name>
<state>DE</state>
<rating>10</rating>
<url>http://www.greatschools.org/city/Frederica/DE</url>
<lat>39.0075</lat>
<lon>-75.4678</lon>
<active>1</active>
</city>
<city>
<id>405701</id>
<name>Georgetown</name>
<state>DE</state>
<rating>7</rating>
<url>http://www.greatschools.org/city/Georgetown/DE</url>
<lat>38.6922</lat>
<lon>-75.3865</lon>
<active>1</active>
</city>
<city>
<id>405725</id>
<name>Greenwood</name>
<state>DE</state>
<rating>4</rating>
<url>http://www.greatschools.org/city/Greenwood/DE</url>
<lat>38.8079</lat>
<lon>-75.5911</lon>
<active>1</active>
</city>
<city>
<id>442162</id>
<name>Harbeson</name>
<state>DE</state>
<rating/>
<url>http://www.greatschools.org/city/Harbeson/DE</url>
<lat>38.679</lat>
<lon>-75.234</lon>
<active>1</active>
</city>
<city>
<id>405698</id>
<name>Harrington</name>
<state>DE</state>
<rating>6</rating>
<url>http://www.greatschools.org/city/Harrington/DE</url>
<lat>38.9234</lat>
<lon>-75.5756</lon>
<active>1</active>
</city>
<city>
<id>405712</id>
<name>Hartly</name>
<state>DE</state>
<rating>5</rating>
<url>http://www.greatschools.org/city/Hartly/DE</url>
<lat>39.1681</lat>
<lon>-75.7128</lon>
<active>1</active>
</city>
<city>
<id>405704</id>
<name>Hockessin</name>
<state>DE</state>
<rating>7</rating>
<url>http://www.greatschools.org/city/Hockessin/DE</url>
<lat>39.7809</lat>
<lon>-75.6872</lon>
<active>1</active>
</city>
<city>
<id>445991</id>
<name>Kent County</name>
<state>DE</state>
<rating/>
<url>http://www.greatschools.org/city/Kent_County/DE</url>
<lat>39.1014</lat>
<lon>-75.6349</lon>
<active>1</active>
</city>
<city>
<id>405713</id>
<name>Laurel</name>
<state>DE</state>
<rating>4</rating>
<url>http://www.greatschools.org/city/Laurel/DE</url>
<lat>38.5574</lat>
<lon>-75.5722</lon>
<active>1</active>
</city>
<city>
<id>405700</id>
<name>Lewes</name>
<state>DE</state>
<rating>9</rating>
<url>http://www.greatschools.org/city/Lewes/DE</url>
<lat>38.773</lat>
<lon>-75.1443</lon>
<active>1</active>
</city>
<city>
<id>405724</id>
<name>Lincoln</name>
<state>DE</state>
<rating/>
<url>http://www.greatschools.org/city/Lincoln/DE</url>
<lat>38.8565</lat>
<lon>-75.4061</lon>
<active>1</active>
</city>
<city>
<id>442161</id>
<name>Little Creek</name>
<state>DE</state>
<rating/>
<url>http://www.greatschools.org/city/Little_Creek/DE</url>
<lat>39.165</lat>
<lon>-75.4477</lon>
<active>1</active>
</city>
<city>
<id>405711</id>
<name>Magnolia</name>
<state>DE</state>
<rating/>
<url>http://www.greatschools.org/city/Magnolia/DE</url>
<lat>39.071</lat>
<lon>-75.4764</lon>
<active>1</active>
</city>
<city>
<id>405703</id>
<name>Middletown</name>
<state>DE</state>
<rating>8</rating>
<url>http://www.greatschools.org/city/Middletown/DE</url>
<lat>39.454</lat>
<lon>-75.712</lon>
<active>1</active>
</city>
<city>
<id>405716</id>
<name>Milford</name>
<state>DE</state>
<rating>6</rating>
<url>http://www.greatschools.org/city/Milford/DE</url>
<lat>38.9121</lat>
<lon>-75.4302</lon>
<active>1</active>
</city>
<city>
<id>405722</id>
<name>Millsboro</name>
<state>DE</state>
<rating>7</rating>
<url>http://www.greatschools.org/city/Millsboro/DE</url>
<lat>38.5874</lat>
<lon>-75.2932</lon>
<active>1</active>
</city>
<city>
<id>442160</id>
<name>Millville</name>
<state>DE</state>
<rating/>
<url>http://www.greatschools.org/city/Millville/DE</url>
<lat>38.5468</lat>
<lon>-75.1133</lon>
<active>1</active>
</city>
<city>
<id>405708</id>
<name>Milton</name>
<state>DE</state>
<rating>7</rating>
<url>http://www.greatschools.org/city/Milton/DE</url>
<lat>38.782</lat>
<lon>-75.3126</lon>
<active>1</active>
</city>
<city>
<id>405697</id>
<name>New Castle</name>
<state>DE</state>
<rating>4</rating>
<url>http://www.greatschools.org/city/New_Castle/DE</url>
<lat>39.667</lat>
<lon>-75.5678</lon>
<active>1</active>
</city>
<city>
<id>405699</id>
<name>Newark</name>
<state>DE</state>
<rating>5</rating>
<url>http://www.greatschools.org/city/Newark/DE</url>
<lat>39.6801</lat>
<lon>-75.758</lon>
<active>1</active>
</city>
<city>
<id>442158</id>
<name>Ocean View</name>
<state>DE</state>
<rating>7</rating>
<url>http://www.greatschools.org/city/Ocean_View/DE</url>
<lat>38.5439</lat>
<lon>-75.0942</lon>
<active>1</active>
</city>
<city>
<id>423345</id>
<name>Odessa</name>
<state>DE</state>
<rating/>
<url>http://www.greatschools.org/city/Odessa/DE</url>
<lat>39.4561</lat>
<lon>-75.6587</lon>
<active>1</active>
</city>
<city>
<id>405734</id>
<name>Rehoboth Beach</name>
<state>DE</state>
<rating>9</rating>
<url>http://www.greatschools.org/city/Rehoboth_Beach/DE</url>
<lat>38.7148</lat>
<lon>-75.0833</lon>
<active>1</active>
</city>
<city>
<id>446453</id>
<name>Rising Sun-Lebanon</name>
<state>DE</state>
<rating>8</rating>
<url>http://www.greatschools.org/city/Rising_Sun-Lebanon/DE</url>
<lat>39.0983</lat>
<lon>-75.512</lon>
<active>1</active>
</city>
<city>
<id>405715</id>
<name>Seaford</name>
<state>DE</state>
<rating>2</rating>
<url>http://www.greatschools.org/city/Seaford/DE</url>
<lat>38.6462</lat>
<lon>-75.6165</lon>
<active>1</active>
</city>
<city>
<id>405721</id>
<name>Selbyville</name>
<state>DE</state>
<rating>8</rating>
<url>http://www.greatschools.org/city/Selbyville/DE</url>
<lat>38.4588</lat>
<lon>-75.2237</lon>
<active>1</active>
</city>
<city>
<id>405707</id>
<name>Smyrna</name>
<state>DE</state>
<rating>7</rating>
<url>http://www.greatschools.org/city/Smyrna/DE</url>
<lat>39.2989</lat>
<lon>-75.6069</lon>
<active>1</active>
</city>
<city>
<id>405735</id>
<name>Townsend</name>
<state>DE</state>
<rating/>
<url>http://www.greatschools.org/city/Townsend/DE</url>
<lat>39.3943</lat>
<lon>-75.6926</lon>
<active>1</active>
</city>
<city>
<id>442156</id>
<name>Viola</name>
<state>DE</state>
<rating/>
<url>http://www.greatschools.org/city/Viola/DE</url>
<lat>39.0423</lat>
<lon>-75.5713</lon>
<active>1</active>
</city>
<city>
<id>405702</id>
<name>Wilmington</name>
<state>DE</state>
<rating>5</rating>
<url>http://www.greatschools.org/city/Wilmington/DE</url>
<lat>39.7497</lat>
<lon>-75.5525</lon>
<active>1</active>
</city>
<city>
<id>405730</id>
<name>Woodside</name>
<state>DE</state>
<rating>9</rating>
<url>http://www.greatschools.org/city/Woodside/DE</url>
<lat>39.0712</lat>
<lon>-75.5671</lon>
<active>1</active>
</city>
<city>
<id>405723</id>
<name>Wyoming</name>
<state>DE</state>
<rating>9</rating>
<url>http://www.greatschools.org/city/Wyoming/DE</url>
<lat>39.1191</lat>
<lon>-75.5558</lon>
<active>1</active>
</city>
<city>
<id>441833</id>
<name>Yorklyn</name>
<state>DE</state>
<rating/>
<url>http://www.greatschools.org/city/Yorklyn/DE</url>
<lat>39.7875</lat>
<lon>-75.646</lon>
<active>1</active>
</city>
</greatschools-city-feed>
