<?xml version="1.0" encoding="utf-8"?><greatschools-city-feed xmlns:xsi="http://www.w3.org/2001/XMLSchema-instance" xsi:noNamespaceSchemaLocation="http://www.greatschools.org/feeds/greatschools-city2.xsd">
<city>
<id>417748</id>
<name>Achille</name>
<state>OK</state>
<rating/>
<url>http://www.greatschools.org/city/Achille/OK</url>
<lat>33.8349</lat>
<lon>-96.3901</lon>
<active>1</active>
</city>
<city>
<id>417453</id>
<name>Ada</name>
<state>OK</state>
<rating/>
<url>http://www.greatschools.org/city/Ada/OK</url>
<lat>34.7743</lat>
<lon>-96.669</lon>
<active>1</active>
</city>
<city>
<id>417747</id>
<name>Adair</name>
<state>OK</state>
<rating/>
<url>http://www.greatschools.org/city/Adair/OK</url>
<lat>36.437</lat>
<lon>-95.2713</lon>
<active>1</active>
</city>
<city>
<id>417684</id>
<name>Afton</name>
<state>OK</state>
<rating/>
<url>http://www.greatschools.org/city/Afton/OK</url>
<lat>36.6911</lat>
<lon>-94.9629</lon>
<active>1</active>
</city>
<city>
<id>417746</id>
<name>Agra</name>
<state>OK</state>
<rating/>
<url>http://www.greatschools.org/city/Agra/OK</url>
<lat>35.8944</lat>
<lon>-96.8718</lon>
<active>1</active>
</city>
<city>
<id>417745</id>
<name>Albion</name>
<state>OK</state>
<rating/>
<url>http://www.greatschools.org/city/Albion/OK</url>
<lat>34.6623</lat>
<lon>-95.0995</lon>
<active>1</active>
</city>
<city>
<id>417744</id>
<name>Alex</name>
<state>OK</state>
<rating/>
<url>http://www.greatschools.org/city/Alex/OK</url>
<lat>34.9167</lat>
<lon>-97.7786</lon>
<active>1</active>
</city>
<city>
<id>417742</id>
<name>Aline</name>
<state>OK</state>
<rating/>
<url>http://www.greatschools.org/city/Aline/OK</url>
<lat>36.5104</lat>
<lon>-98.4486</lon>
<active>1</active>
</city>
<city>
<id>417741</id>
<name>Allen</name>
<state>OK</state>
<rating/>
<url>http://www.greatschools.org/city/Allen/OK</url>
<lat>34.8774</lat>
<lon>-96.4124</lon>
<active>1</active>
</city>
<city>
<id>417324</id>
<name>Altus</name>
<state>OK</state>
<rating/>
<url>http://www.greatschools.org/city/Altus/OK</url>
<lat>34.6477</lat>
<lon>-99.32</lon>
<active>1</active>
</city>
<city>
<id>417740</id>
<name>Alva</name>
<state>OK</state>
<rating/>
<url>http://www.greatschools.org/city/Alva/OK</url>
<lat>36.7993</lat>
<lon>-98.6674</lon>
<active>1</active>
</city>
<city>
<id>417739</id>
<name>Amber</name>
<state>OK</state>
<rating/>
<url>http://www.greatschools.org/city/Amber/OK</url>
<lat>35.1594</lat>
<lon>-97.8804</lon>
<active>1</active>
</city>
<city>
<id>417738</id>
<name>Anadarko</name>
<state>OK</state>
<rating/>
<url>http://www.greatschools.org/city/Anadarko/OK</url>
<lat>35.069</lat>
<lon>-98.2441</lon>
<active>1</active>
</city>
<city>
<id>417385</id>
<name>Antlers</name>
<state>OK</state>
<rating/>
<url>http://www.greatschools.org/city/Antlers/OK</url>
<lat>34.2327</lat>
<lon>-95.6178</lon>
<active>1</active>
</city>
<city>
<id>417718</id>
<name>Apache</name>
<state>OK</state>
<rating/>
<url>http://www.greatschools.org/city/Apache/OK</url>
<lat>34.893</lat>
<lon>-98.3607</lon>
<active>1</active>
</city>
<city>
<id>417737</id>
<name>Arapaho</name>
<state>OK</state>
<rating/>
<url>http://www.greatschools.org/city/Arapaho/OK</url>
<lat>35.5766</lat>
<lon>-98.9623</lon>
<active>1</active>
</city>
<city>
<id>417338</id>
<name>Ardmore</name>
<state>OK</state>
<rating/>
<url>http://www.greatschools.org/city/Ardmore/OK</url>
<lat>34.1774</lat>
<lon>-97.1338</lon>
<active>1</active>
</city>
<city>
<id>417736</id>
<name>Arkoma</name>
<state>OK</state>
<rating/>
<url>http://www.greatschools.org/city/Arkoma/OK</url>
<lat>35.3507</lat>
<lon>-94.4383</lon>
<active>1</active>
</city>
<city>
<id>417735</id>
<name>Arnett</name>
<state>OK</state>
<rating/>
<url>http://www.greatschools.org/city/Arnett/OK</url>
<lat>36.135</lat>
<lon>-99.7708</lon>
<active>1</active>
</city>
<city>
<id>417734</id>
<name>Asher</name>
<state>OK</state>
<rating/>
<url>http://www.greatschools.org/city/Asher/OK</url>
<lat>34.9905</lat>
<lon>-96.925</lon>
<active>1</active>
</city>
<city>
<id>417400</id>
<name>Atoka</name>
<state>OK</state>
<rating/>
<url>http://www.greatschools.org/city/Atoka/OK</url>
<lat>34.381</lat>
<lon>-96.1336</lon>
<active>1</active>
</city>
<city>
<id>417733</id>
<name>Avant</name>
<state>OK</state>
<rating/>
<url>http://www.greatschools.org/city/Avant/OK</url>
<lat>36.489</lat>
<lon>-96.0613</lon>
<active>1</active>
</city>
<city>
<id>417732</id>
<name>Balko</name>
<state>OK</state>
<rating/>
<url>http://www.greatschools.org/city/Balko/OK</url>
<lat>36.6</lat>
<lon>-100.713</lon>
<active>1</active>
</city>
<city>
<id>417731</id>
<name>Barnsdall</name>
<state>OK</state>
<rating/>
<url>http://www.greatschools.org/city/Barnsdall/OK</url>
<lat>36.5612</lat>
<lon>-96.1621</lon>
<active>1</active>
</city>
<city>
<id>417352</id>
<name>Bartlesville</name>
<state>OK</state>
<rating/>
<url>http://www.greatschools.org/city/Bartlesville/OK</url>
<lat>36.7411</lat>
<lon>-95.9484</lon>
<active>1</active>
</city>
<city>
<id>417730</id>
<name>Battiest</name>
<state>OK</state>
<rating/>
<url>http://www.greatschools.org/city/Battiest/OK</url>
<lat>34.3497</lat>
<lon>-94.8671</lon>
<active>1</active>
</city>
<city>
<id>417729</id>
<name>Beaver</name>
<state>OK</state>
<rating/>
<url>http://www.greatschools.org/city/Beaver/OK</url>
<lat>36.8134</lat>
<lon>-100.524</lon>
<active>1</active>
</city>
<city>
<id>417728</id>
<name>Beggs</name>
<state>OK</state>
<rating/>
<url>http://www.greatschools.org/city/Beggs/OK</url>
<lat>35.7644</lat>
<lon>-96.024</lon>
<active>1</active>
</city>
<city>
<id>417727</id>
<name>Bennington</name>
<state>OK</state>
<rating/>
<url>http://www.greatschools.org/city/Bennington/OK</url>
<lat>34.0016</lat>
<lon>-96.0382</lon>
<active>1</active>
</city>
<city>
<id>417333</id>
<name>Bethany</name>
<state>OK</state>
<rating/>
<url>http://www.greatschools.org/city/Bethany/OK</url>
<lat>35.5041</lat>
<lon>-97.6396</lon>
<active>1</active>
</city>
<city>
<id>443050</id>
<name>Bethel</name>
<state>OK</state>
<rating/>
<url>http://www.greatschools.org/city/Bethel/OK</url>
<lat>34.3497</lat>
<lon>-94.8671</lon>
<active>1</active>
</city>
<city>
<id>417725</id>
<name>Billings</name>
<state>OK</state>
<rating/>
<url>http://www.greatschools.org/city/Billings/OK</url>
<lat>36.5298</lat>
<lon>-97.4453</lon>
<active>1</active>
</city>
<city>
<id>417409</id>
<name>Binger</name>
<state>OK</state>
<rating/>
<url>http://www.greatschools.org/city/Binger/OK</url>
<lat>35.3097</lat>
<lon>-98.3442</lon>
<active>1</active>
</city>
<city>
<id>417373</id>
<name>Bixby</name>
<state>OK</state>
<rating/>
<url>http://www.greatschools.org/city/Bixby/OK</url>
<lat>35.9688</lat>
<lon>-95.8805</lon>
<active>1</active>
</city>
<city>
<id>417724</id>
<name>Blackwell</name>
<state>OK</state>
<rating/>
<url>http://www.greatschools.org/city/Blackwell/OK</url>
<lat>36.7996</lat>
<lon>-97.2891</lon>
<active>1</active>
</city>
<city>
<id>417723</id>
<name>Blair</name>
<state>OK</state>
<rating/>
<url>http://www.greatschools.org/city/Blair/OK</url>
<lat>34.7786</lat>
<lon>-99.3327</lon>
<active>1</active>
</city>
<city>
<id>417323</id>
<name>Blanchard</name>
<state>OK</state>
<rating/>
<url>http://www.greatschools.org/city/Blanchard/OK</url>
<lat>35.1523</lat>
<lon>-97.656</lon>
<active>1</active>
</city>
<city>
<id>417722</id>
<name>Bluejacket</name>
<state>OK</state>
<rating/>
<url>http://www.greatschools.org/city/Bluejacket/OK</url>
<lat>36.8006</lat>
<lon>-95.0734</lon>
<active>1</active>
</city>
<city>
<id>417721</id>
<name>Boise City</name>
<state>OK</state>
<rating/>
<url>http://www.greatschools.org/city/Boise_City/OK</url>
<lat>36.7306</lat>
<lon>-102.511</lon>
<active>1</active>
</city>
<city>
<id>417411</id>
<name>Bokchito</name>
<state>OK</state>
<rating/>
<url>http://www.greatschools.org/city/Bokchito/OK</url>
<lat>34.0181</lat>
<lon>-96.1413</lon>
<active>1</active>
</city>
<city>
<id>417720</id>
<name>Bokoshe</name>
<state>OK</state>
<rating/>
<url>http://www.greatschools.org/city/Bokoshe/OK</url>
<lat>35.1894</lat>
<lon>-94.7905</lon>
<active>1</active>
</city>
<city>
<id>417719</id>
<name>Boley</name>
<state>OK</state>
<rating/>
<url>http://www.greatschools.org/city/Boley/OK</url>
<lat>35.4868</lat>
<lon>-96.474</lon>
<active>1</active>
</city>
<city>
<id>417346</id>
<name>Boswell</name>
<state>OK</state>
<rating/>
<url>http://www.greatschools.org/city/Boswell/OK</url>
<lat>34.0284</lat>
<lon>-95.8704</lon>
<active>1</active>
</city>
<city>
<id>417717</id>
<name>Bowlegs</name>
<state>OK</state>
<rating/>
<url>http://www.greatschools.org/city/Bowlegs/OK</url>
<lat>35.148</lat>
<lon>-96.6682</lon>
<active>1</active>
</city>
<city>
<id>417714</id>
<name>Braggs</name>
<state>OK</state>
<rating/>
<url>http://www.greatschools.org/city/Braggs/OK</url>
<lat>35.6633</lat>
<lon>-95.1983</lon>
<active>1</active>
</city>
<city>
<id>417713</id>
<name>Braman</name>
<state>OK</state>
<rating/>
<url>http://www.greatschools.org/city/Braman/OK</url>
<lat>36.9242</lat>
<lon>-97.334</lon>
<active>1</active>
</city>
<city>
<id>417406</id>
<name>Bristow</name>
<state>OK</state>
<rating/>
<url>http://www.greatschools.org/city/Bristow/OK</url>
<lat>35.8285</lat>
<lon>-96.3895</lon>
<active>1</active>
</city>
<city>
<id>417328</id>
<name>Broken Arrow</name>
<state>OK</state>
<rating/>
<url>http://www.greatschools.org/city/Broken_Arrow/OK</url>
<lat>36.0339</lat>
<lon>-95.8023</lon>
<active>1</active>
</city>
<city>
<id>417584</id>
<name>Broken Bow</name>
<state>OK</state>
<rating/>
<url>http://www.greatschools.org/city/Broken_Bow/OK</url>
<lat>34.0295</lat>
<lon>-94.7382</lon>
<active>1</active>
</city>
<city>
<id>417330</id>
<name>Buffalo</name>
<state>OK</state>
<rating/>
<url>http://www.greatschools.org/city/Buffalo/OK</url>
<lat>36.8372</lat>
<lon>-99.6292</lon>
<active>1</active>
</city>
<city>
<id>417695</id>
<name>Bunch</name>
<state>OK</state>
<rating/>
<url>http://www.greatschools.org/city/Bunch/OK</url>
<lat>35.7334</lat>
<lon>-94.7352</lon>
<active>1</active>
</city>
<city>
<id>417712</id>
<name>Burlington</name>
<state>OK</state>
<rating/>
<url>http://www.greatschools.org/city/Burlington/OK</url>
<lat>36.9003</lat>
<lon>-98.4242</lon>
<active>1</active>
</city>
<city>
<id>417461</id>
<name>Burneyville</name>
<state>OK</state>
<rating/>
<url>http://www.greatschools.org/city/Burneyville/OK</url>
<lat>33.9468</lat>
<lon>-97.3221</lon>
<active>1</active>
</city>
<city>
<id>417751</id>
<name>Burns Flat</name>
<state>OK</state>
<rating/>
<url>http://www.greatschools.org/city/Burns_Flat/OK</url>
<lat>35.3567</lat>
<lon>-99.1741</lon>
<active>1</active>
</city>
<city>
<id>417709</id>
<name>Byars</name>
<state>OK</state>
<rating/>
<url>http://www.greatschools.org/city/Byars/OK</url>
<lat>34.8734</lat>
<lon>-97.0508</lon>
<active>1</active>
</city>
<city>
<id>417708</id>
<name>Cache</name>
<state>OK</state>
<rating/>
<url>http://www.greatschools.org/city/Cache/OK</url>
<lat>34.6288</lat>
<lon>-98.6255</lon>
<active>1</active>
</city>
<city>
<id>417707</id>
<name>Caddo</name>
<state>OK</state>
<rating/>
<url>http://www.greatschools.org/city/Caddo/OK</url>
<lat>34.1261</lat>
<lon>-96.2654</lon>
<active>1</active>
</city>
<city>
<id>417706</id>
<name>Calera</name>
<state>OK</state>
<rating/>
<url>http://www.greatschools.org/city/Calera/OK</url>
<lat>33.9361</lat>
<lon>-96.4288</lon>
<active>1</active>
</city>
<city>
<id>417579</id>
<name>Calumet</name>
<state>OK</state>
<rating/>
<url>http://www.greatschools.org/city/Calumet/OK</url>
<lat>35.5997</lat>
<lon>-98.12</lon>
<active>1</active>
</city>
<city>
<id>417705</id>
<name>Calvin</name>
<state>OK</state>
<rating/>
<url>http://www.greatschools.org/city/Calvin/OK</url>
<lat>34.9666</lat>
<lon>-96.2513</lon>
<active>1</active>
</city>
<city>
<id>417704</id>
<name>Cameron</name>
<state>OK</state>
<rating/>
<url>http://www.greatschools.org/city/Cameron/OK</url>
<lat>35.1354</lat>
<lon>-94.536</lon>
<active>1</active>
</city>
<city>
<id>417703</id>
<name>Canadian</name>
<state>OK</state>
<rating/>
<url>http://www.greatschools.org/city/Canadian/OK</url>
<lat>35.1755</lat>
<lon>-95.6545</lon>
<active>1</active>
</city>
<city>
<id>417702</id>
<name>Caney</name>
<state>OK</state>
<rating/>
<url>http://www.greatschools.org/city/Caney/OK</url>
<lat>34.2332</lat>
<lon>-96.215</lon>
<active>1</active>
</city>
<city>
<id>417701</id>
<name>Canton</name>
<state>OK</state>
<rating/>
<url>http://www.greatschools.org/city/Canton/OK</url>
<lat>36.0561</lat>
<lon>-98.5893</lon>
<active>1</active>
</city>
<city>
<id>417700</id>
<name>Canute</name>
<state>OK</state>
<rating/>
<url>http://www.greatschools.org/city/Canute/OK</url>
<lat>35.4193</lat>
<lon>-99.28</lon>
<active>1</active>
</city>
<city>
<id>417699</id>
<name>Carnegie</name>
<state>OK</state>
<rating/>
<url>http://www.greatschools.org/city/Carnegie/OK</url>
<lat>35.1036</lat>
<lon>-98.601</lon>
<active>1</active>
</city>
<city>
<id>417698</id>
<name>Carney</name>
<state>OK</state>
<rating/>
<url>http://www.greatschools.org/city/Carney/OK</url>
<lat>35.8056</lat>
<lon>-97.0151</lon>
<active>1</active>
</city>
<city>
<id>417697</id>
<name>Cashion</name>
<state>OK</state>
<rating/>
<url>http://www.greatschools.org/city/Cashion/OK</url>
<lat>35.8024</lat>
<lon>-97.677</lon>
<active>1</active>
</city>
<city>
<id>417337</id>
<name>Catoosa</name>
<state>OK</state>
<rating/>
<url>http://www.greatschools.org/city/Catoosa/OK</url>
<lat>36.175</lat>
<lon>-95.7573</lon>
<active>1</active>
</city>
<city>
<id>417694</id>
<name>Cement</name>
<state>OK</state>
<rating/>
<url>http://www.greatschools.org/city/Cement/OK</url>
<lat>34.9351</lat>
<lon>-98.1374</lon>
<active>1</active>
</city>
<city>
<id>417345</id>
<name>Chandler</name>
<state>OK</state>
<rating/>
<url>http://www.greatschools.org/city/Chandler/OK</url>
<lat>35.7061</lat>
<lon>-96.8796</lon>
<active>1</active>
</city>
<city>
<id>417693</id>
<name>Chattanooga</name>
<state>OK</state>
<rating/>
<url>http://www.greatschools.org/city/Chattanooga/OK</url>
<lat>34.423</lat>
<lon>-98.6545</lon>
<active>1</active>
</city>
<city>
<id>417692</id>
<name>Checotah</name>
<state>OK</state>
<rating/>
<url>http://www.greatschools.org/city/Checotah/OK</url>
<lat>35.4712</lat>
<lon>-95.5247</lon>
<active>1</active>
</city>
<city>
<id>417379</id>
<name>Chelsea</name>
<state>OK</state>
<rating/>
<url>http://www.greatschools.org/city/Chelsea/OK</url>
<lat>36.5345</lat>
<lon>-95.432</lon>
<active>1</active>
</city>
<city>
<id>417691</id>
<name>Cherokee</name>
<state>OK</state>
<rating/>
<url>http://www.greatschools.org/city/Cherokee/OK</url>
<lat>36.7516</lat>
<lon>-98.3557</lon>
<active>1</active>
</city>
<city>
<id>417690</id>
<name>Cheyenne</name>
<state>OK</state>
<rating/>
<url>http://www.greatschools.org/city/Cheyenne/OK</url>
<lat>35.6113</lat>
<lon>-99.6721</lon>
<active>1</active>
</city>
<city>
<id>417336</id>
<name>Chickasha</name>
<state>OK</state>
<rating/>
<url>http://www.greatschools.org/city/Chickasha/OK</url>
<lat>35.0344</lat>
<lon>-97.9487</lon>
<active>1</active>
</city>
<city>
<id>417688</id>
<name>Choctaw</name>
<state>OK</state>
<rating/>
<url>http://www.greatschools.org/city/Choctaw/OK</url>
<lat>35.4746</lat>
<lon>-97.2688</lon>
<active>1</active>
</city>
<city>
<id>417687</id>
<name>Chouteau</name>
<state>OK</state>
<rating/>
<url>http://www.greatschools.org/city/Chouteau/OK</url>
<lat>36.1891</lat>
<lon>-95.3396</lon>
<active>1</active>
</city>
<city>
<id>417349</id>
<name>Claremore</name>
<state>OK</state>
<rating/>
<url>http://www.greatschools.org/city/Claremore/OK</url>
<lat>36.3119</lat>
<lon>-95.6178</lon>
<active>1</active>
</city>
<city>
<id>417685</id>
<name>Clayton</name>
<state>OK</state>
<rating/>
<url>http://www.greatschools.org/city/Clayton/OK</url>
<lat>34.5878</lat>
<lon>-95.3596</lon>
<active>1</active>
</city>
<city>
<id>417743</id>
<name>Cleo Springs</name>
<state>OK</state>
<rating/>
<url>http://www.greatschools.org/city/Cleo_Springs/OK</url>
<lat>36.4064</lat>
<lon>-98.4399</lon>
<active>1</active>
</city>
<city>
<id>417683</id>
<name>Cleveland</name>
<state>OK</state>
<rating/>
<url>http://www.greatschools.org/city/Cleveland/OK</url>
<lat>36.309</lat>
<lon>-96.4671</lon>
<active>1</active>
</city>
<city>
<id>417401</id>
<name>Clinton</name>
<state>OK</state>
<rating/>
<url>http://www.greatschools.org/city/Clinton/OK</url>
<lat>35.5104</lat>
<lon>-98.9782</lon>
<active>1</active>
</city>
<city>
<id>417677</id>
<name>Coalgate</name>
<state>OK</state>
<rating/>
<url>http://www.greatschools.org/city/Coalgate/OK</url>
<lat>34.5352</lat>
<lon>-96.2195</lon>
<active>1</active>
</city>
<city>
<id>417682</id>
<name>Colbert</name>
<state>OK</state>
<rating/>
<url>http://www.greatschools.org/city/Colbert/OK</url>
<lat>33.8567</lat>
<lon>-96.5033</lon>
<active>1</active>
</city>
<city>
<id>417559</id>
<name>Colcord</name>
<state>OK</state>
<rating/>
<url>http://www.greatschools.org/city/Colcord/OK</url>
<lat>36.2636</lat>
<lon>-94.6915</lon>
<active>1</active>
</city>
<city>
<id>417681</id>
<name>Coleman</name>
<state>OK</state>
<rating/>
<url>http://www.greatschools.org/city/Coleman/OK</url>
<lat>34.2726</lat>
<lon>-96.4642</lon>
<active>1</active>
</city>
<city>
<id>417384</id>
<name>Collinsville</name>
<state>OK</state>
<rating/>
<url>http://www.greatschools.org/city/Collinsville/OK</url>
<lat>36.3649</lat>
<lon>-95.8406</lon>
<active>1</active>
</city>
<city>
<id>417631</id>
<name>Comanche</name>
<state>OK</state>
<rating/>
<url>http://www.greatschools.org/city/Comanche/OK</url>
<lat>34.3676</lat>
<lon>-97.9691</lon>
<active>1</active>
</city>
<city>
<id>417680</id>
<name>Commerce</name>
<state>OK</state>
<rating/>
<url>http://www.greatschools.org/city/Commerce/OK</url>
<lat>36.9332</lat>
<lon>-94.8709</lon>
<active>1</active>
</city>
<city>
<id>443048</id>
<name>Concho</name>
<state>OK</state>
<rating/>
<url>http://www.greatschools.org/city/Concho/OK</url>
<lat>35.5273</lat>
<lon>-97.9567</lon>
<active>1</active>
</city>
<city>
<id>443047</id>
<name>Cookson</name>
<state>OK</state>
<rating/>
<url>http://www.greatschools.org/city/Cookson/OK</url>
<lat>35.706</lat>
<lon>-94.9147</lon>
<active>1</active>
</city>
<city>
<id>417679</id>
<name>Copan</name>
<state>OK</state>
<rating/>
<url>http://www.greatschools.org/city/Copan/OK</url>
<lat>36.8984</lat>
<lon>-95.9247</lon>
<active>1</active>
</city>
<city>
<id>417678</id>
<name>Cordell</name>
<state>OK</state>
<rating/>
<url>http://www.greatschools.org/city/Cordell/OK</url>
<lat>35.281</lat>
<lon>-98.9548</lon>
<active>1</active>
</city>
<city>
<id>417392</id>
<name>Corn</name>
<state>OK</state>
<rating/>
<url>http://www.greatschools.org/city/Corn/OK</url>
<lat>35.3779</lat>
<lon>-98.7824</lon>
<active>1</active>
</city>
<city>
<id>417618</id>
<name>Council Hill</name>
<state>OK</state>
<rating/>
<url>http://www.greatschools.org/city/Council_Hill/OK</url>
<lat>35.5554</lat>
<lon>-95.6509</lon>
<active>1</active>
</city>
<city>
<id>417676</id>
<name>Covington</name>
<state>OK</state>
<rating/>
<url>http://www.greatschools.org/city/Covington/OK</url>
<lat>36.3081</lat>
<lon>-97.5874</lon>
<active>1</active>
</city>
<city>
<id>417372</id>
<name>Coweta</name>
<state>OK</state>
<rating/>
<url>http://www.greatschools.org/city/Coweta/OK</url>
<lat>35.9591</lat>
<lon>-95.6576</lon>
<active>1</active>
</city>
<city>
<id>417675</id>
<name>Coyle</name>
<state>OK</state>
<rating/>
<url>http://www.greatschools.org/city/Coyle/OK</url>
<lat>35.9541</lat>
<lon>-97.236</lon>
<active>1</active>
</city>
<city>
<id>417674</id>
<name>Crescent</name>
<state>OK</state>
<rating/>
<url>http://www.greatschools.org/city/Crescent/OK</url>
<lat>35.953</lat>
<lon>-97.5942</lon>
<active>1</active>
</city>
<city>
<id>417710</id>
<name>Cromwell</name>
<state>OK</state>
<rating/>
<url>http://www.greatschools.org/city/Cromwell/OK</url>
<lat>35.3663</lat>
<lon>-96.4591</lon>
<active>1</active>
</city>
<city>
<id>417673</id>
<name>Crowder</name>
<state>OK</state>
<rating/>
<url>http://www.greatschools.org/city/Crowder/OK</url>
<lat>35.1225</lat>
<lon>-95.6688</lon>
<active>1</active>
</city>
<city>
<id>417547</id>
<name>Cushing</name>
<state>OK</state>
<rating/>
<url>http://www.greatschools.org/city/Cushing/OK</url>
<lat>35.9759</lat>
<lon>-96.7625</lon>
<active>1</active>
</city>
<city>
<id>417672</id>
<name>Cyril</name>
<state>OK</state>
<rating/>
<url>http://www.greatschools.org/city/Cyril/OK</url>
<lat>34.8979</lat>
<lon>-98.2033</lon>
<active>1</active>
</city>
<city>
<id>417671</id>
<name>Dale</name>
<state>OK</state>
<rating/>
<url>http://www.greatschools.org/city/Dale/OK</url>
<lat>35.3887</lat>
<lon>-97.0452</lon>
<active>1</active>
</city>
<city>
<id>417670</id>
<name>Davenport</name>
<state>OK</state>
<rating/>
<url>http://www.greatschools.org/city/Davenport/OK</url>
<lat>35.708</lat>
<lon>-96.7648</lon>
<active>1</active>
</city>
<city>
<id>417669</id>
<name>Davidson</name>
<state>OK</state>
<rating/>
<url>http://www.greatschools.org/city/Davidson/OK</url>
<lat>34.2405</lat>
<lon>-99.0771</lon>
<active>1</active>
</city>
<city>
<id>417668</id>
<name>Davis</name>
<state>OK</state>
<rating/>
<url>http://www.greatschools.org/city/Davis/OK</url>
<lat>34.5011</lat>
<lon>-97.1153</lon>
<active>1</active>
</city>
<city>
<id>417597</id>
<name>Deer Creek</name>
<state>OK</state>
<rating/>
<url>http://www.greatschools.org/city/Deer_Creek/OK</url>
<lat>36.8062</lat>
<lon>-97.5197</lon>
<active>1</active>
</city>
<city>
<id>417391</id>
<name>Del City</name>
<state>OK</state>
<rating/>
<url>http://www.greatschools.org/city/Del_City/OK</url>
<lat>35.4416</lat>
<lon>-97.4424</lon>
<active>1</active>
</city>
<city>
<id>417630</id>
<name>Depew</name>
<state>OK</state>
<rating/>
<url>http://www.greatschools.org/city/Depew/OK</url>
<lat>35.8002</lat>
<lon>-96.5067</lon>
<active>1</active>
</city>
<city>
<id>417667</id>
<name>Dewar</name>
<state>OK</state>
<rating/>
<url>http://www.greatschools.org/city/Dewar/OK</url>
<lat>35.4584</lat>
<lon>-95.944</lon>
<active>1</active>
</city>
<city>
<id>417666</id>
<name>Dewey</name>
<state>OK</state>
<rating/>
<url>http://www.greatschools.org/city/Dewey/OK</url>
<lat>36.7929</lat>
<lon>-95.9375</lon>
<active>1</active>
</city>
<city>
<id>417665</id>
<name>Dibble</name>
<state>OK</state>
<rating/>
<url>http://www.greatschools.org/city/Dibble/OK</url>
<lat>35.0351</lat>
<lon>-97.633</lon>
<active>1</active>
</city>
<city>
<id>443046</id>
<name>Dill City</name>
<state>OK</state>
<rating/>
<url>http://www.greatschools.org/city/Dill_City/OK</url>
<lat>35.2813</lat>
<lon>-99.1329</lon>
<active>1</active>
</city>
<city>
<id>443045</id>
<name>Disney</name>
<state>OK</state>
<rating/>
<url>http://www.greatschools.org/city/Disney/OK</url>
<lat>36.48</lat>
<lon>-95.0188</lon>
<active>1</active>
</city>
<city>
<id>417664</id>
<name>Dover</name>
<state>OK</state>
<rating/>
<url>http://www.greatschools.org/city/Dover/OK</url>
<lat>35.982</lat>
<lon>-97.9102</lon>
<active>1</active>
</city>
<city>
<id>417663</id>
<name>Drummond</name>
<state>OK</state>
<rating/>
<url>http://www.greatschools.org/city/Drummond/OK</url>
<lat>36.301</lat>
<lon>-98.0363</lon>
<active>1</active>
</city>
<city>
<id>417541</id>
<name>Drumright</name>
<state>OK</state>
<rating/>
<url>http://www.greatschools.org/city/Drumright/OK</url>
<lat>35.9896</lat>
<lon>-96.6019</lon>
<active>1</active>
</city>
<city>
<id>417662</id>
<name>Duke</name>
<state>OK</state>
<rating/>
<url>http://www.greatschools.org/city/Duke/OK</url>
<lat>34.6661</lat>
<lon>-99.5463</lon>
<active>1</active>
</city>
<city>
<id>417655</id>
<name>Duncan</name>
<state>OK</state>
<rating/>
<url>http://www.greatschools.org/city/Duncan/OK</url>
<lat>34.5157</lat>
<lon>-97.9597</lon>
<active>1</active>
</city>
<city>
<id>417402</id>
<name>Durant</name>
<state>OK</state>
<rating/>
<url>http://www.greatschools.org/city/Durant/OK</url>
<lat>34.0004</lat>
<lon>-96.3862</lon>
<active>1</active>
</city>
<city>
<id>417661</id>
<name>Dustin</name>
<state>OK</state>
<rating/>
<url>http://www.greatschools.org/city/Dustin/OK</url>
<lat>35.2706</lat>
<lon>-96.0324</lon>
<active>1</active>
</city>
<city>
<id>417660</id>
<name>Eagletown</name>
<state>OK</state>
<rating/>
<url>http://www.greatschools.org/city/Eagletown/OK</url>
<lat>34.0359</lat>
<lon>-94.5601</lon>
<active>1</active>
</city>
<city>
<id>417659</id>
<name>Earlsboro</name>
<state>OK</state>
<rating/>
<url>http://www.greatschools.org/city/Earlsboro/OK</url>
<lat>35.2936</lat>
<lon>-96.8027</lon>
<active>1</active>
</city>
<city>
<id>417331</id>
<name>Edmond</name>
<state>OK</state>
<rating/>
<url>http://www.greatschools.org/city/Edmond/OK</url>
<lat>35.6553</lat>
<lon>-97.4758</lon>
<active>1</active>
</city>
<city>
<id>417395</id>
<name>El Reno</name>
<state>OK</state>
<rating/>
<url>http://www.greatschools.org/city/El_Reno/OK</url>
<lat>35.5273</lat>
<lon>-97.9618</lon>
<active>1</active>
</city>
<city>
<id>417658</id>
<name>Eldorado</name>
<state>OK</state>
<rating/>
<url>http://www.greatschools.org/city/Eldorado/OK</url>
<lat>34.4727</lat>
<lon>-99.6508</lon>
<active>1</active>
</city>
<city>
<id>417657</id>
<name>Elgin</name>
<state>OK</state>
<rating/>
<url>http://www.greatschools.org/city/Elgin/OK</url>
<lat>34.78</lat>
<lon>-98.2905</lon>
<active>1</active>
</city>
<city>
<id>417569</id>
<name>Elk City</name>
<state>OK</state>
<rating/>
<url>http://www.greatschools.org/city/Elk_City/OK</url>
<lat>35.4116</lat>
<lon>-99.4135</lon>
<active>1</active>
</city>
<city>
<id>417656</id>
<name>Elmore City</name>
<state>OK</state>
<rating/>
<url>http://www.greatschools.org/city/Elmore_City/OK</url>
<lat>34.624</lat>
<lon>-97.3949</lon>
<active>1</active>
</city>
<city>
<id>417354</id>
<name>Enid</name>
<state>OK</state>
<rating/>
<url>http://www.greatschools.org/city/Enid/OK</url>
<lat>36.4005</lat>
<lon>-97.8914</lon>
<active>1</active>
</city>
<city>
<id>417654</id>
<name>Erick</name>
<state>OK</state>
<rating/>
<url>http://www.greatschools.org/city/Erick/OK</url>
<lat>35.2126</lat>
<lon>-99.8693</lon>
<active>1</active>
</city>
<city>
<id>417365</id>
<name>Eufaula</name>
<state>OK</state>
<rating/>
<url>http://www.greatschools.org/city/Eufaula/OK</url>
<lat>35.2888</lat>
<lon>-95.5878</lon>
<active>1</active>
</city>
<city>
<id>417467</id>
<name>Fairfax</name>
<state>OK</state>
<rating/>
<url>http://www.greatschools.org/city/Fairfax/OK</url>
<lat>36.5695</lat>
<lon>-96.708</lon>
<active>1</active>
</city>
<city>
<id>417653</id>
<name>Fairland</name>
<state>OK</state>
<rating/>
<url>http://www.greatschools.org/city/Fairland/OK</url>
<lat>36.7511</lat>
<lon>-94.8492</lon>
<active>1</active>
</city>
<city>
<id>443044</id>
<name>Fairmont</name>
<state>OK</state>
<rating/>
<url>http://www.greatschools.org/city/Fairmont/OK</url>
<lat>36.3558</lat>
<lon>-97.7057</lon>
<active>1</active>
</city>
<city>
<id>417652</id>
<name>Fairview</name>
<state>OK</state>
<rating/>
<url>http://www.greatschools.org/city/Fairview/OK</url>
<lat>36.2729</lat>
<lon>-98.4769</lon>
<active>1</active>
</city>
<city>
<id>417651</id>
<name>Fanshawe</name>
<state>OK</state>
<rating/>
<url>http://www.greatschools.org/city/Fanshawe/OK</url>
<lat>34.9906</lat>
<lon>-94.8956</lon>
<active>1</active>
</city>
<city>
<id>417650</id>
<name>Fargo</name>
<state>OK</state>
<rating/>
<url>http://www.greatschools.org/city/Fargo/OK</url>
<lat>36.3731</lat>
<lon>-99.6233</lon>
<active>1</active>
</city>
<city>
<id>417649</id>
<name>Felt</name>
<state>OK</state>
<rating/>
<url>http://www.greatschools.org/city/Felt/OK</url>
<lat>36.5632</lat>
<lon>-102.789</lon>
<active>1</active>
</city>
<city>
<id>445509</id>
<name>Fittstown</name>
<state>OK</state>
<rating/>
<url>http://www.greatschools.org/city/Fittstown/OK</url>
<lat>34.5905</lat>
<lon>-96.6347</lon>
<active>1</active>
</city>
<city>
<id>443043</id>
<name>Fitzhugh</name>
<state>OK</state>
<rating/>
<url>http://www.greatschools.org/city/Fitzhugh/OK</url>
<lat>34.6608</lat>
<lon>-96.7746</lon>
<active>1</active>
</city>
<city>
<id>417398</id>
<name>Fletcher</name>
<state>OK</state>
<rating/>
<url>http://www.greatschools.org/city/Fletcher/OK</url>
<lat>34.8229</lat>
<lon>-98.2392</lon>
<active>1</active>
</city>
<city>
<id>417647</id>
<name>Forgan</name>
<state>OK</state>
<rating/>
<url>http://www.greatschools.org/city/Forgan/OK</url>
<lat>36.9073</lat>
<lon>-100.539</lon>
<active>1</active>
</city>
<city>
<id>417410</id>
<name>Fort Cobb</name>
<state>OK</state>
<rating/>
<url>http://www.greatschools.org/city/Fort_Cobb/OK</url>
<lat>35.0996</lat>
<lon>-98.4388</lon>
<active>1</active>
</city>
<city>
<id>417646</id>
<name>Fort Gibson</name>
<state>OK</state>
<rating/>
<url>http://www.greatschools.org/city/Fort_Gibson/OK</url>
<lat>35.7972</lat>
<lon>-95.2453</lon>
<active>1</active>
</city>
<city>
<id>417593</id>
<name>Fort Sill</name>
<state>OK</state>
<rating/>
<url>http://www.greatschools.org/city/Fort_Sill/OK</url>
<lat>34.6645</lat>
<lon>-98.4152</lon>
<active>1</active>
</city>
<city>
<id>417645</id>
<name>Fort Supply</name>
<state>OK</state>
<rating/>
<url>http://www.greatschools.org/city/Fort_Supply/OK</url>
<lat>36.5714</lat>
<lon>-99.5741</lon>
<active>1</active>
</city>
<city>
<id>417640</id>
<name>Fort Towson</name>
<state>OK</state>
<rating/>
<url>http://www.greatschools.org/city/Fort_Towson/OK</url>
<lat>34.0151</lat>
<lon>-95.2685</lon>
<active>1</active>
</city>
<city>
<id>446501</id>
<name>Foss</name>
<state>OK</state>
<rating/>
<url>http://www.greatschools.org/city/Foss/OK</url>
<lat>35.3552</lat>
<lon>-99.1703</lon>
<active>1</active>
</city>
<city>
<id>417644</id>
<name>Fox</name>
<state>OK</state>
<rating/>
<url>http://www.greatschools.org/city/Fox/OK</url>
<lat>34.3296</lat>
<lon>-97.5039</lon>
<active>1</active>
</city>
<city>
<id>417643</id>
<name>Foyil</name>
<state>OK</state>
<rating/>
<url>http://www.greatschools.org/city/Foyil/OK</url>
<lat>36.4313</lat>
<lon>-95.5223</lon>
<active>1</active>
</city>
<city>
<id>417642</id>
<name>Frederick</name>
<state>OK</state>
<rating/>
<url>http://www.greatschools.org/city/Frederick/OK</url>
<lat>34.393</lat>
<lon>-99.0124</lon>
<active>1</active>
</city>
<city>
<id>417641</id>
<name>Freedom</name>
<state>OK</state>
<rating/>
<url>http://www.greatschools.org/city/Freedom/OK</url>
<lat>36.7699</lat>
<lon>-99.114</lon>
<active>1</active>
</city>
<city>
<id>417639</id>
<name>Gage</name>
<state>OK</state>
<rating/>
<url>http://www.greatschools.org/city/Gage/OK</url>
<lat>36.3179</lat>
<lon>-99.7576</lon>
<active>1</active>
</city>
<city>
<id>417638</id>
<name>Gans</name>
<state>OK</state>
<rating/>
<url>http://www.greatschools.org/city/Gans/OK</url>
<lat>35.387</lat>
<lon>-94.6942</lon>
<active>1</active>
</city>
<city>
<id>417637</id>
<name>Garber</name>
<state>OK</state>
<rating/>
<url>http://www.greatschools.org/city/Garber/OK</url>
<lat>36.4363</lat>
<lon>-97.5814</lon>
<active>1</active>
</city>
<city>
<id>417648</id>
<name>Garvin</name>
<state>OK</state>
<rating/>
<url>http://www.greatschools.org/city/Garvin/OK</url>
<lat>33.956</lat>
<lon>-94.9386</lon>
<active>1</active>
</city>
<city>
<id>417636</id>
<name>Geary</name>
<state>OK</state>
<rating/>
<url>http://www.greatschools.org/city/Geary/OK</url>
<lat>35.6305</lat>
<lon>-98.3195</lon>
<active>1</active>
</city>
<city>
<id>417635</id>
<name>Geronimo</name>
<state>OK</state>
<rating/>
<url>http://www.greatschools.org/city/Geronimo/OK</url>
<lat>34.4814</lat>
<lon>-98.3823</lon>
<active>1</active>
</city>
<city>
<id>417634</id>
<name>Glencoe</name>
<state>OK</state>
<rating/>
<url>http://www.greatschools.org/city/Glencoe/OK</url>
<lat>36.2266</lat>
<lon>-96.9285</lon>
<active>1</active>
</city>
<city>
<id>417350</id>
<name>Glenpool</name>
<state>OK</state>
<rating/>
<url>http://www.greatschools.org/city/Glenpool/OK</url>
<lat>35.9596</lat>
<lon>-95.9996</lon>
<active>1</active>
</city>
<city>
<id>445510</id>
<name>Goldsby</name>
<state>OK</state>
<rating/>
<url>http://www.greatschools.org/city/Goldsby/OK</url>
<lat>35.146</lat>
<lon>-97.478</lon>
<active>1</active>
</city>
<city>
<id>417414</id>
<name>Goodwell</name>
<state>OK</state>
<rating/>
<url>http://www.greatschools.org/city/Goodwell/OK</url>
<lat>36.5939</lat>
<lon>-101.635</lon>
<active>1</active>
</city>
<city>
<id>417383</id>
<name>Gore</name>
<state>OK</state>
<rating/>
<url>http://www.greatschools.org/city/Gore/OK</url>
<lat>35.5358</lat>
<lon>-95.1147</lon>
<active>1</active>
</city>
<city>
<id>417633</id>
<name>Gracemont</name>
<state>OK</state>
<rating/>
<url>http://www.greatschools.org/city/Gracemont/OK</url>
<lat>35.1877</lat>
<lon>-98.257</lon>
<active>1</active>
</city>
<city>
<id>417632</id>
<name>Grandfield</name>
<state>OK</state>
<rating/>
<url>http://www.greatschools.org/city/Grandfield/OK</url>
<lat>34.2299</lat>
<lon>-98.6869</lon>
<active>1</active>
</city>
<city>
<id>417367</id>
<name>Granite</name>
<state>OK</state>
<rating/>
<url>http://www.greatschools.org/city/Granite/OK</url>
<lat>34.9602</lat>
<lon>-99.3722</lon>
<active>1</active>
</city>
<city>
<id>417382</id>
<name>Grant</name>
<state>OK</state>
<rating/>
<url>http://www.greatschools.org/city/Grant/OK</url>
<lat>33.9309</lat>
<lon>-95.4896</lon>
<active>1</active>
</city>
<city>
<id>417396</id>
<name>Grove</name>
<state>OK</state>
<rating/>
<url>http://www.greatschools.org/city/Grove/OK</url>
<lat>36.592</lat>
<lon>-94.7839</lon>
<active>1</active>
</city>
<city>
<id>417355</id>
<name>Guthrie</name>
<state>OK</state>
<rating/>
<url>http://www.greatschools.org/city/Guthrie/OK</url>
<lat>35.8697</lat>
<lon>-97.4266</lon>
<active>1</active>
</city>
<city>
<id>417335</id>
<name>Guymon</name>
<state>OK</state>
<rating/>
<url>http://www.greatschools.org/city/Guymon/OK</url>
<lat>36.6854</lat>
<lon>-101.48</lon>
<active>1</active>
</city>
<city>
<id>417629</id>
<name>Haileyville</name>
<state>OK</state>
<rating/>
<url>http://www.greatschools.org/city/Haileyville/OK</url>
<lat>34.8527</lat>
<lon>-95.5777</lon>
<active>1</active>
</city>
<city>
<id>417628</id>
<name>Hammon</name>
<state>OK</state>
<rating/>
<url>http://www.greatschools.org/city/Hammon/OK</url>
<lat>35.6321</lat>
<lon>-99.3809</lon>
<active>1</active>
</city>
<city>
<id>417627</id>
<name>Hanna</name>
<state>OK</state>
<rating/>
<url>http://www.greatschools.org/city/Hanna/OK</url>
<lat>35.2038</lat>
<lon>-95.8895</lon>
<active>1</active>
</city>
<city>
<id>417626</id>
<name>Hardesty</name>
<state>OK</state>
<rating/>
<url>http://www.greatschools.org/city/Hardesty/OK</url>
<lat>36.6154</lat>
<lon>-101.194</lon>
<active>1</active>
</city>
<city>
<id>417371</id>
<name>Harrah</name>
<state>OK</state>
<rating/>
<url>http://www.greatschools.org/city/Harrah/OK</url>
<lat>35.4785</lat>
<lon>-97.1852</lon>
<active>1</active>
</city>
<city>
<id>417344</id>
<name>Hartshorne</name>
<state>OK</state>
<rating/>
<url>http://www.greatschools.org/city/Hartshorne/OK</url>
<lat>34.8437</lat>
<lon>-95.5571</lon>
<active>1</active>
</city>
<city>
<id>417625</id>
<name>Haskell</name>
<state>OK</state>
<rating/>
<url>http://www.greatschools.org/city/Haskell/OK</url>
<lat>35.8198</lat>
<lon>-95.6777</lon>
<active>1</active>
</city>
<city>
<id>417465</id>
<name>Haworth</name>
<state>OK</state>
<rating/>
<url>http://www.greatschools.org/city/Haworth/OK</url>
<lat>33.8468</lat>
<lon>-94.6535</lon>
<active>1</active>
</city>
<city>
<id>417624</id>
<name>Haywood</name>
<state>OK</state>
<rating/>
<url>http://www.greatschools.org/city/Haywood/OK</url>
<lat>34.912</lat>
<lon>-95.8071</lon>
<active>1</active>
</city>
<city>
<id>446505</id>
<name>Hayworth</name>
<state>OK</state>
<rating/>
<url>http://www.greatschools.org/city/Hayworth/OK</url>
<lat>33.8448</lat>
<lon>-94.6521</lon>
<active>1</active>
</city>
<city>
<id>417623</id>
<name>Healdton</name>
<state>OK</state>
<rating/>
<url>http://www.greatschools.org/city/Healdton/OK</url>
<lat>34.2283</lat>
<lon>-97.4881</lon>
<active>1</active>
</city>
<city>
<id>417622</id>
<name>Heavener</name>
<state>OK</state>
<rating/>
<url>http://www.greatschools.org/city/Heavener/OK</url>
<lat>34.8896</lat>
<lon>-94.6036</lon>
<active>1</active>
</city>
<city>
<id>417752</id>
<name>Helena</name>
<state>OK</state>
<rating/>
<url>http://www.greatschools.org/city/Helena/OK</url>
<lat>36.5468</lat>
<lon>-98.2706</lon>
<active>1</active>
</city>
<city>
<id>443042</id>
<name>Hendrix</name>
<state>OK</state>
<rating/>
<url>http://www.greatschools.org/city/Hendrix/OK</url>
<lat>33.7759</lat>
<lon>-96.407</lon>
<active>1</active>
</city>
<city>
<id>417621</id>
<name>Hennessey</name>
<state>OK</state>
<rating/>
<url>http://www.greatschools.org/city/Hennessey/OK</url>
<lat>36.1074</lat>
<lon>-97.8969</lon>
<active>1</active>
</city>
<city>
<id>417420</id>
<name>Henryetta</name>
<state>OK</state>
<rating/>
<url>http://www.greatschools.org/city/Henryetta/OK</url>
<lat>35.4429</lat>
<lon>-95.9862</lon>
<active>1</active>
</city>
<city>
<id>417404</id>
<name>Hillsdale</name>
<state>OK</state>
<rating/>
<url>http://www.greatschools.org/city/Hillsdale/OK</url>
<lat>36.563</lat>
<lon>-97.9923</lon>
<active>1</active>
</city>
<city>
<id>417620</id>
<name>Hinton</name>
<state>OK</state>
<rating/>
<url>http://www.greatschools.org/city/Hinton/OK</url>
<lat>35.4654</lat>
<lon>-98.3579</lon>
<active>1</active>
</city>
<city>
<id>417619</id>
<name>Hitchita</name>
<state>OK</state>
<rating/>
<url>http://www.greatschools.org/city/Hitchita/OK</url>
<lat>35.5198</lat>
<lon>-95.752</lon>
<active>1</active>
</city>
<city>
<id>417617</id>
<name>Hobart</name>
<state>OK</state>
<rating/>
<url>http://www.greatschools.org/city/Hobart/OK</url>
<lat>35.0274</lat>
<lon>-99.0971</lon>
<active>1</active>
</city>
<city>
<id>417616</id>
<name>Hodgen</name>
<state>OK</state>
<rating/>
<url>http://www.greatschools.org/city/Hodgen/OK</url>
<lat>34.7497</lat>
<lon>-94.6295</lon>
<active>1</active>
</city>
<city>
<id>417558</id>
<name>Holdenville</name>
<state>OK</state>
<rating/>
<url>http://www.greatschools.org/city/Holdenville/OK</url>
<lat>35.0831</lat>
<lon>-96.3969</lon>
<active>1</active>
</city>
<city>
<id>417615</id>
<name>Hollis</name>
<state>OK</state>
<rating/>
<url>http://www.greatschools.org/city/Hollis/OK</url>
<lat>34.687</lat>
<lon>-99.9165</lon>
<active>1</active>
</city>
<city>
<id>417614</id>
<name>Hominy</name>
<state>OK</state>
<rating/>
<url>http://www.greatschools.org/city/Hominy/OK</url>
<lat>36.4146</lat>
<lon>-96.3911</lon>
<active>1</active>
</city>
<city>
<id>445511</id>
<name>Honobia</name>
<state>OK</state>
<rating/>
<url>http://www.greatschools.org/city/Honobia/OK</url>
<lat>34.5288</lat>
<lon>-94.987</lon>
<active>1</active>
</city>
<city>
<id>417613</id>
<name>Hooker</name>
<state>OK</state>
<rating/>
<url>http://www.greatschools.org/city/Hooker/OK</url>
<lat>36.8619</lat>
<lon>-101.215</lon>
<active>1</active>
</city>
<city>
<id>417612</id>
<name>Howe</name>
<state>OK</state>
<rating/>
<url>http://www.greatschools.org/city/Howe/OK</url>
<lat>34.9496</lat>
<lon>-94.6371</lon>
<active>1</active>
</city>
<city>
<id>417364</id>
<name>Hugo</name>
<state>OK</state>
<rating/>
<url>http://www.greatschools.org/city/Hugo/OK</url>
<lat>34.0087</lat>
<lon>-95.5121</lon>
<active>1</active>
</city>
<city>
<id>417494</id>
<name>Hulbert</name>
<state>OK</state>
<rating/>
<url>http://www.greatschools.org/city/Hulbert/OK</url>
<lat>35.9295</lat>
<lon>-95.1407</lon>
<active>1</active>
</city>
<city>
<id>417374</id>
<name>Hydro</name>
<state>OK</state>
<rating/>
<url>http://www.greatschools.org/city/Hydro/OK</url>
<lat>35.5496</lat>
<lon>-98.5767</lon>
<active>1</active>
</city>
<city>
<id>417611</id>
<name>Idabel</name>
<state>OK</state>
<rating/>
<url>http://www.greatschools.org/city/Idabel/OK</url>
<lat>33.8929</lat>
<lon>-94.8235</lon>
<active>1</active>
</city>
<city>
<id>417610</id>
<name>Indiahoma</name>
<state>OK</state>
<rating/>
<url>http://www.greatschools.org/city/Indiahoma/OK</url>
<lat>34.6191</lat>
<lon>-98.7523</lon>
<active>1</active>
</city>
<city>
<id>417609</id>
<name>Indianola</name>
<state>OK</state>
<rating/>
<url>http://www.greatschools.org/city/Indianola/OK</url>
<lat>35.1635</lat>
<lon>-95.7761</lon>
<active>1</active>
</city>
<city>
<id>417608</id>
<name>Inola</name>
<state>OK</state>
<rating/>
<url>http://www.greatschools.org/city/Inola/OK</url>
<lat>36.1496</lat>
<lon>-95.5127</lon>
<active>1</active>
</city>
<city>
<id>417607</id>
<name>Jay</name>
<state>OK</state>
<rating/>
<url>http://www.greatschools.org/city/Jay/OK</url>
<lat>36.4236</lat>
<lon>-94.7997</lon>
<active>1</active>
</city>
<city>
<id>417378</id>
<name>Jenks</name>
<state>OK</state>
<rating/>
<url>http://www.greatschools.org/city/Jenks/OK</url>
<lat>36.0103</lat>
<lon>-95.9769</lon>
<active>1</active>
</city>
<city>
<id>417397</id>
<name>Jennings</name>
<state>OK</state>
<rating/>
<url>http://www.greatschools.org/city/Jennings/OK</url>
<lat>36.1804</lat>
<lon>-96.5696</lon>
<active>1</active>
</city>
<city>
<id>446502</id>
<name>Jet</name>
<state>OK</state>
<rating/>
<url>http://www.greatschools.org/city/Jet/OK</url>
<lat>36.5488</lat>
<lon>-98.2703</lon>
<active>1</active>
</city>
<city>
<id>417606</id>
<name>Jones</name>
<state>OK</state>
<rating/>
<url>http://www.greatschools.org/city/Jones/OK</url>
<lat>35.5581</lat>
<lon>-97.294</lon>
<active>1</active>
</city>
<city>
<id>417393</id>
<name>Kansas</name>
<state>OK</state>
<rating/>
<url>http://www.greatschools.org/city/Kansas/OK</url>
<lat>36.2043</lat>
<lon>-94.7949</lon>
<active>1</active>
</city>
<city>
<id>417605</id>
<name>Kaw City</name>
<state>OK</state>
<rating/>
<url>http://www.greatschools.org/city/Kaw_City/OK</url>
<lat>36.7626</lat>
<lon>-96.868</lon>
<active>1</active>
</city>
<city>
<id>417363</id>
<name>Kellyville</name>
<state>OK</state>
<rating/>
<url>http://www.greatschools.org/city/Kellyville/OK</url>
<lat>35.9412</lat>
<lon>-96.2137</lon>
<active>1</active>
</city>
<city>
<id>445512</id>
<name>Kenefic</name>
<state>OK</state>
<rating/>
<url>http://www.greatschools.org/city/Kenefic/OK</url>
<lat>34.1481</lat>
<lon>-96.3622</lon>
<active>1</active>
</city>
<city>
<id>417604</id>
<name>Keota</name>
<state>OK</state>
<rating/>
<url>http://www.greatschools.org/city/Keota/OK</url>
<lat>35.257</lat>
<lon>-94.9217</lon>
<active>1</active>
</city>
<city>
<id>417327</id>
<name>Ketchum</name>
<state>OK</state>
<rating/>
<url>http://www.greatschools.org/city/Ketchum/OK</url>
<lat>36.5259</lat>
<lon>-95.0255</lon>
<active>1</active>
</city>
<city>
<id>417603</id>
<name>Keyes</name>
<state>OK</state>
<rating/>
<url>http://www.greatschools.org/city/Keyes/OK</url>
<lat>36.8077</lat>
<lon>-102.251</lon>
<active>1</active>
</city>
<city>
<id>417343</id>
<name>Kiefer</name>
<state>OK</state>
<rating/>
<url>http://www.greatschools.org/city/Kiefer/OK</url>
<lat>35.9455</lat>
<lon>-96.0598</lon>
<active>1</active>
</city>
<city>
<id>417408</id>
<name>Kingfisher</name>
<state>OK</state>
<rating/>
<url>http://www.greatschools.org/city/Kingfisher/OK</url>
<lat>35.8493</lat>
<lon>-97.9366</lon>
<active>1</active>
</city>
<city>
<id>417602</id>
<name>Kingston</name>
<state>OK</state>
<rating/>
<url>http://www.greatschools.org/city/Kingston/OK</url>
<lat>34.0026</lat>
<lon>-96.7241</lon>
<active>1</active>
</city>
<city>
<id>417601</id>
<name>Kinta</name>
<state>OK</state>
<rating/>
<url>http://www.greatschools.org/city/Kinta/OK</url>
<lat>35.1201</lat>
<lon>-95.2382</lon>
<active>1</active>
</city>
<city>
<id>417600</id>
<name>Kiowa</name>
<state>OK</state>
<rating/>
<url>http://www.greatschools.org/city/Kiowa/OK</url>
<lat>34.7227</lat>
<lon>-95.904</lon>
<active>1</active>
</city>
<city>
<id>417326</id>
<name>Konawa</name>
<state>OK</state>
<rating/>
<url>http://www.greatschools.org/city/Konawa/OK</url>
<lat>34.9591</lat>
<lon>-96.752</lon>
<active>1</active>
</city>
<city>
<id>417599</id>
<name>Krebs</name>
<state>OK</state>
<rating/>
<url>http://www.greatschools.org/city/Krebs/OK</url>
<lat>34.9306</lat>
<lon>-95.721</lon>
<active>1</active>
</city>
<city>
<id>417598</id>
<name>Kremlin</name>
<state>OK</state>
<rating/>
<url>http://www.greatschools.org/city/Kremlin/OK</url>
<lat>36.5473</lat>
<lon>-97.8317</lon>
<active>1</active>
</city>
<city>
<id>417686</id>
<name>Lahoma</name>
<state>OK</state>
<rating/>
<url>http://www.greatschools.org/city/Lahoma/OK</url>
<lat>36.3879</lat>
<lon>-98.0913</lon>
<active>1</active>
</city>
<city>
<id>417596</id>
<name>Lamont</name>
<state>OK</state>
<rating/>
<url>http://www.greatschools.org/city/Lamont/OK</url>
<lat>36.6906</lat>
<lon>-97.5592</lon>
<active>1</active>
</city>
<city>
<id>417595</id>
<name>Lane</name>
<state>OK</state>
<rating/>
<url>http://www.greatschools.org/city/Lane/OK</url>
<lat>34.2682</lat>
<lon>-95.9693</lon>
<active>1</active>
</city>
<city>
<id>443040</id>
<name>Langston</name>
<state>OK</state>
<rating/>
<url>http://www.greatschools.org/city/Langston/OK</url>
<lat>35.9431</lat>
<lon>-97.2561</lon>
<active>1</active>
</city>
<city>
<id>417594</id>
<name>Laverne</name>
<state>OK</state>
<rating/>
<url>http://www.greatschools.org/city/Laverne/OK</url>
<lat>36.7076</lat>
<lon>-99.898</lon>
<active>1</active>
</city>
<city>
<id>417322</id>
<name>Lawton</name>
<state>OK</state>
<rating/>
<url>http://www.greatschools.org/city/Lawton/OK</url>
<lat>34.6193</lat>
<lon>-98.4214</lon>
<active>1</active>
</city>
<city>
<id>417590</id>
<name>Leedey</name>
<state>OK</state>
<rating/>
<url>http://www.greatschools.org/city/Leedey/OK</url>
<lat>35.8693</lat>
<lon>-99.3447</lon>
<active>1</active>
</city>
<city>
<id>417592</id>
<name>Leflore</name>
<state>OK</state>
<rating/>
<url>http://www.greatschools.org/city/Leflore/OK</url>
<lat>34.9462</lat>
<lon>-95.0899</lon>
<active>1</active>
</city>
<city>
<id>417362</id>
<name>Lexington</name>
<state>OK</state>
<rating/>
<url>http://www.greatschools.org/city/Lexington/OK</url>
<lat>35.0148</lat>
<lon>-97.3314</lon>
<active>1</active>
</city>
<city>
<id>417588</id>
<name>Lindsay</name>
<state>OK</state>
<rating/>
<url>http://www.greatschools.org/city/Lindsay/OK</url>
<lat>34.8402</lat>
<lon>-97.6093</lon>
<active>1</active>
</city>
<city>
<id>417370</id>
<name>Locust Grove</name>
<state>OK</state>
<rating/>
<url>http://www.greatschools.org/city/Locust_Grove/OK</url>
<lat>36.1993</lat>
<lon>-95.1668</lon>
<active>1</active>
</city>
<city>
<id>417587</id>
<name>Lone Grove</name>
<state>OK</state>
<rating/>
<url>http://www.greatschools.org/city/Lone_Grove/OK</url>
<lat>34.1771</lat>
<lon>-97.2499</lon>
<active>1</active>
</city>
<city>
<id>417586</id>
<name>Lone Wolf</name>
<state>OK</state>
<rating/>
<url>http://www.greatschools.org/city/Lone_Wolf/OK</url>
<lat>34.9901</lat>
<lon>-99.247</lon>
<active>1</active>
</city>
<city>
<id>417585</id>
<name>Lookeba</name>
<state>OK</state>
<rating/>
<url>http://www.greatschools.org/city/Lookeba/OK</url>
<lat>35.3625</lat>
<lon>-98.3652</lon>
<active>1</active>
</city>
<city>
<id>446503</id>
<name>Loyal</name>
<state>OK</state>
<rating/>
<url>http://www.greatschools.org/city/Loyal/OK</url>
<lat>35.9735</lat>
<lon>-98.1163</lon>
<active>1</active>
</city>
<city>
<id>417583</id>
<name>Luther</name>
<state>OK</state>
<rating/>
<url>http://www.greatschools.org/city/Luther/OK</url>
<lat>35.6603</lat>
<lon>-97.1911</lon>
<active>1</active>
</city>
<city>
<id>417582</id>
<name>Macomb</name>
<state>OK</state>
<rating/>
<url>http://www.greatschools.org/city/Macomb/OK</url>
<lat>35.1482</lat>
<lon>-97.0084</lon>
<active>1</active>
</city>
<city>
<id>417581</id>
<name>Madill</name>
<state>OK</state>
<rating/>
<url>http://www.greatschools.org/city/Madill/OK</url>
<lat>34.0906</lat>
<lon>-96.7754</lon>
<active>1</active>
</city>
<city>
<id>417369</id>
<name>Mangum</name>
<state>OK</state>
<rating/>
<url>http://www.greatschools.org/city/Mangum/OK</url>
<lat>34.8774</lat>
<lon>-99.5043</lon>
<active>1</active>
</city>
<city>
<id>417377</id>
<name>Mannford</name>
<state>OK</state>
<rating/>
<url>http://www.greatschools.org/city/Mannford/OK</url>
<lat>36.122</lat>
<lon>-96.3468</lon>
<active>1</active>
</city>
<city>
<id>417580</id>
<name>Mannsville</name>
<state>OK</state>
<rating/>
<url>http://www.greatschools.org/city/Mannsville/OK</url>
<lat>34.1862</lat>
<lon>-96.8807</lon>
<active>1</active>
</city>
<city>
<id>417578</id>
<name>Marble City</name>
<state>OK</state>
<rating/>
<url>http://www.greatschools.org/city/Marble_City/OK</url>
<lat>35.5823</lat>
<lon>-94.8189</lon>
<active>1</active>
</city>
<city>
<id>417577</id>
<name>Marietta</name>
<state>OK</state>
<rating/>
<url>http://www.greatschools.org/city/Marietta/OK</url>
<lat>33.9357</lat>
<lon>-97.1199</lon>
<active>1</active>
</city>
<city>
<id>417576</id>
<name>Marlow</name>
<state>OK</state>
<rating/>
<url>http://www.greatschools.org/city/Marlow/OK</url>
<lat>34.6467</lat>
<lon>-97.9606</lon>
<active>1</active>
</city>
<city>
<id>417575</id>
<name>Mason</name>
<state>OK</state>
<rating/>
<url>http://www.greatschools.org/city/Mason/OK</url>
<lat>36.2695</lat>
<lon>-94.357</lon>
<active>1</active>
</city>
<city>
<id>417574</id>
<name>Maud</name>
<state>OK</state>
<rating/>
<url>http://www.greatschools.org/city/Maud/OK</url>
<lat>35.1322</lat>
<lon>-96.7769</lon>
<active>1</active>
</city>
<city>
<id>417573</id>
<name>Maysville</name>
<state>OK</state>
<rating/>
<url>http://www.greatschools.org/city/Maysville/OK</url>
<lat>34.8172</lat>
<lon>-97.4119</lon>
<active>1</active>
</city>
<city>
<id>417321</id>
<name>McAlester</name>
<state>OK</state>
<rating/>
<url>http://www.greatschools.org/city/McAlester/OK</url>
<lat>34.9332</lat>
<lon>-95.7672</lon>
<active>1</active>
</city>
<city>
<id>417572</id>
<name>McCurtain</name>
<state>OK</state>
<rating/>
<url>http://www.greatschools.org/city/McCurtain/OK</url>
<lat>35.15</lat>
<lon>-94.9698</lon>
<active>1</active>
</city>
<city>
<id>417425</id>
<name>McLoud</name>
<state>OK</state>
<rating/>
<url>http://www.greatschools.org/city/McLoud/OK</url>
<lat>35.4257</lat>
<lon>-97.1092</lon>
<active>1</active>
</city>
<city>
<id>417571</id>
<name>Medford</name>
<state>OK</state>
<rating/>
<url>http://www.greatschools.org/city/Medford/OK</url>
<lat>36.8076</lat>
<lon>-97.737</lon>
<active>1</active>
</city>
<city>
<id>417570</id>
<name>Meeker</name>
<state>OK</state>
<rating/>
<url>http://www.greatschools.org/city/Meeker/OK</url>
<lat>35.4957</lat>
<lon>-96.8965</lon>
<active>1</active>
</city>
<city>
<id>443039</id>
<name>Meno</name>
<state>OK</state>
<rating/>
<url>http://www.greatschools.org/city/Meno/OK</url>
<lat>36.3878</lat>
<lon>-98.1785</lon>
<active>1</active>
</city>
<city>
<id>417347</id>
<name>Miami</name>
<state>OK</state>
<rating/>
<url>http://www.greatschools.org/city/Miami/OK</url>
<lat>36.8816</lat>
<lon>-94.8769</lon>
<active>1</active>
</city>
<city>
<id>417389</id>
<name>Midwest City</name>
<state>OK</state>
<rating/>
<url>http://www.greatschools.org/city/Midwest_City/OK</url>
<lat>35.4625</lat>
<lon>-97.3805</lon>
<active>1</active>
</city>
<city>
<id>417568</id>
<name>Milburn</name>
<state>OK</state>
<rating/>
<url>http://www.greatschools.org/city/Milburn/OK</url>
<lat>34.2395</lat>
<lon>-96.5518</lon>
<active>1</active>
</city>
<city>
<id>417566</id>
<name>Mill Creek</name>
<state>OK</state>
<rating/>
<url>http://www.greatschools.org/city/Mill_Creek/OK</url>
<lat>34.4025</lat>
<lon>-96.8239</lon>
<active>1</active>
</city>
<city>
<id>417565</id>
<name>Minco</name>
<state>OK</state>
<rating/>
<url>http://www.greatschools.org/city/Minco/OK</url>
<lat>35.3145</lat>
<lon>-97.9465</lon>
<active>1</active>
</city>
<city>
<id>417564</id>
<name>Moffett</name>
<state>OK</state>
<rating/>
<url>http://www.greatschools.org/city/Moffett/OK</url>
<lat>35.3902</lat>
<lon>-94.4467</lon>
<active>1</active>
</city>
<city>
<id>417563</id>
<name>Monroe</name>
<state>OK</state>
<rating/>
<url>http://www.greatschools.org/city/Monroe/OK</url>
<lat>34.9944</lat>
<lon>-94.5189</lon>
<active>1</active>
</city>
<city>
<id>445513</id>
<name>Moodys</name>
<state>OK</state>
<rating/>
<url>http://www.greatschools.org/city/Moodys/OK</url>
<lat>36.0344</lat>
<lon>-94.9585</lon>
<active>1</active>
</city>
<city>
<id>417320</id>
<name>Moore</name>
<state>OK</state>
<rating/>
<url>http://www.greatschools.org/city/Moore/OK</url>
<lat>35.3389</lat>
<lon>-97.488</lon>
<active>1</active>
</city>
<city>
<id>417562</id>
<name>Mooreland</name>
<state>OK</state>
<rating/>
<url>http://www.greatschools.org/city/Mooreland/OK</url>
<lat>36.437</lat>
<lon>-99.2059</lon>
<active>1</active>
</city>
<city>
<id>417561</id>
<name>Morris</name>
<state>OK</state>
<rating/>
<url>http://www.greatschools.org/city/Morris/OK</url>
<lat>35.6099</lat>
<lon>-95.8596</lon>
<active>1</active>
</city>
<city>
<id>417560</id>
<name>Morrison</name>
<state>OK</state>
<rating/>
<url>http://www.greatschools.org/city/Morrison/OK</url>
<lat>36.296</lat>
<lon>-97.0127</lon>
<active>1</active>
</city>
<city>
<id>417557</id>
<name>Mounds</name>
<state>OK</state>
<rating/>
<url>http://www.greatschools.org/city/Mounds/OK</url>
<lat>35.8731</lat>
<lon>-96.0579</lon>
<active>1</active>
</city>
<city>
<id>417470</id>
<name>Mountain View</name>
<state>OK</state>
<rating/>
<url>http://www.greatschools.org/city/Mountain_View/OK</url>
<lat>35.0987</lat>
<lon>-98.7499</lon>
<active>1</active>
</city>
<city>
<id>446506</id>
<name>Mountian View</name>
<state>OK</state>
<rating/>
<url>http://www.greatschools.org/city/Mountian_View/OK</url>
<lat>35.0952</lat>
<lon>-98.7443</lon>
<active>1</active>
</city>
<city>
<id>417556</id>
<name>Moyers</name>
<state>OK</state>
<rating/>
<url>http://www.greatschools.org/city/Moyers/OK</url>
<lat>34.3398</lat>
<lon>-95.6423</lon>
<active>1</active>
</city>
<city>
<id>446302</id>
<name>Mt. Park</name>
<state>OK</state>
<rating/>
<url>http://www.greatschools.org/city/Mt._Park/OK</url>
<lat>34.7004</lat>
<lon>-98.9492</lon>
<active>1</active>
</city>
<city>
<id>417555</id>
<name>Muldrow</name>
<state>OK</state>
<rating/>
<url>http://www.greatschools.org/city/Muldrow/OK</url>
<lat>35.4037</lat>
<lon>-94.6012</lon>
<active>1</active>
</city>
<city>
<id>443038</id>
<name>Mulhall</name>
<state>OK</state>
<rating/>
<url>http://www.greatschools.org/city/Mulhall/OK</url>
<lat>36.0639</lat>
<lon>-97.4048</lon>
<active>1</active>
</city>
<city>
<id>443037</id>
<name>Muse</name>
<state>OK</state>
<rating/>
<url>http://www.greatschools.org/city/Muse/OK</url>
<lat>34.6609</lat>
<lon>-94.7074</lon>
<active>1</active>
</city>
<city>
<id>417351</id>
<name>Muskogee</name>
<state>OK</state>
<rating/>
<url>http://www.greatschools.org/city/Muskogee/OK</url>
<lat>35.7463</lat>
<lon>-95.3627</lon>
<active>1</active>
</city>
<city>
<id>417376</id>
<name>Mustang</name>
<state>OK</state>
<rating/>
<url>http://www.greatschools.org/city/Mustang/OK</url>
<lat>35.3921</lat>
<lon>-97.7283</lon>
<active>1</active>
</city>
<city>
<id>417552</id>
<name>Mutual</name>
<state>OK</state>
<rating/>
<url>http://www.greatschools.org/city/Mutual/OK</url>
<lat>36.2301</lat>
<lon>-99.1674</lon>
<active>1</active>
</city>
<city>
<id>417551</id>
<name>Nashoba</name>
<state>OK</state>
<rating/>
<url>http://www.greatschools.org/city/Nashoba/OK</url>
<lat>34.5015</lat>
<lon>-95.2133</lon>
<active>1</active>
</city>
<city>
<id>445514</id>
<name>New Cordell</name>
<state>OK</state>
<rating/>
<url>http://www.greatschools.org/city/New_Cordell/OK</url>
<lat>35.2862</lat>
<lon>-98.9838</lon>
<active>1</active>
</city>
<city>
<id>443036</id>
<name>Newalla</name>
<state>OK</state>
<rating/>
<url>http://www.greatschools.org/city/Newalla/OK</url>
<lat>35.349</lat>
<lon>-97.1895</lon>
<active>1</active>
</city>
<city>
<id>417550</id>
<name>Newcastle</name>
<state>OK</state>
<rating/>
<url>http://www.greatschools.org/city/Newcastle/OK</url>
<lat>35.2445</lat>
<lon>-97.6098</lon>
<active>1</active>
</city>
<city>
<id>417529</id>
<name>Newkirk</name>
<state>OK</state>
<rating/>
<url>http://www.greatschools.org/city/Newkirk/OK</url>
<lat>36.882</lat>
<lon>-97.0561</lon>
<active>1</active>
</city>
<city>
<id>446504</id>
<name>Nichols Hills</name>
<state>OK</state>
<rating/>
<url>http://www.greatschools.org/city/Nichols_Hills/OK</url>
<lat>35.5511</lat>
<lon>-97.5366</lon>
<active>1</active>
</city>
<city>
<id>417689</id>
<name>Nicoma Park</name>
<state>OK</state>
<rating/>
<url>http://www.greatschools.org/city/Nicoma_Park/OK</url>
<lat>35.4904</lat>
<lon>-97.3288</lon>
<active>1</active>
</city>
<city>
<id>417549</id>
<name>Ninnekah</name>
<state>OK</state>
<rating/>
<url>http://www.greatschools.org/city/Ninnekah/OK</url>
<lat>34.9597</lat>
<lon>-97.9389</lon>
<active>1</active>
</city>
<city>
<id>417342</id>
<name>Noble</name>
<state>OK</state>
<rating/>
<url>http://www.greatschools.org/city/Noble/OK</url>
<lat>35.143</lat>
<lon>-97.3841</lon>
<active>1</active>
</city>
<city>
<id>417348</id>
<name>Norman</name>
<state>OK</state>
<rating/>
<url>http://www.greatschools.org/city/Norman/OK</url>
<lat>35.2183</lat>
<lon>-97.4366</lon>
<active>1</active>
</city>
<city>
<id>417548</id>
<name>Nowata</name>
<state>OK</state>
<rating/>
<url>http://www.greatschools.org/city/Nowata/OK</url>
<lat>36.6981</lat>
<lon>-95.6398</lon>
<active>1</active>
</city>
<city>
<id>417546</id>
<name>Oaks</name>
<state>OK</state>
<rating/>
<url>http://www.greatschools.org/city/Oaks/OK</url>
<lat>36.1684</lat>
<lon>-94.8524</lon>
<active>1</active>
</city>
<city>
<id>417513</id>
<name>Ochelata</name>
<state>OK</state>
<rating/>
<url>http://www.greatschools.org/city/Ochelata/OK</url>
<lat>36.6016</lat>
<lon>-95.9817</lon>
<active>1</active>
</city>
<city>
<id>417353</id>
<name>Oilton</name>
<state>OK</state>
<rating/>
<url>http://www.greatschools.org/city/Oilton/OK</url>
<lat>36.0848</lat>
<lon>-96.587</lon>
<active>1</active>
</city>
<city>
<id>417407</id>
<name>Okarche</name>
<state>OK</state>
<rating/>
<url>http://www.greatschools.org/city/Okarche/OK</url>
<lat>35.7283</lat>
<lon>-97.9772</lon>
<active>1</active>
</city>
<city>
<id>417544</id>
<name>Okeene</name>
<state>OK</state>
<rating/>
<url>http://www.greatschools.org/city/Okeene/OK</url>
<lat>36.1192</lat>
<lon>-98.3195</lon>
<active>1</active>
</city>
<city>
<id>417696</id>
<name>Okemah</name>
<state>OK</state>
<rating/>
<url>http://www.greatschools.org/city/Okemah/OK</url>
<lat>35.4324</lat>
<lon>-96.3062</lon>
<active>1</active>
</city>
<city>
<id>417319</id>
<name>Oklahoma City</name>
<state>OK</state>
<rating/>
<url>http://www.greatschools.org/city/Oklahoma_City/OK</url>
<lat>35.4828</lat>
<lon>-97.5508</lon>
<active>1</active>
</city>
<city>
<id>417457</id>
<name>Okmulgee</name>
<state>OK</state>
<rating/>
<url>http://www.greatschools.org/city/Okmulgee/OK</url>
<lat>35.6229</lat>
<lon>-95.9629</lon>
<active>1</active>
</city>
<city>
<id>417542</id>
<name>Oktaha</name>
<state>OK</state>
<rating/>
<url>http://www.greatschools.org/city/Oktaha/OK</url>
<lat>35.5774</lat>
<lon>-95.4769</lon>
<active>1</active>
</city>
<city>
<id>417539</id>
<name>Olustee</name>
<state>OK</state>
<rating/>
<url>http://www.greatschools.org/city/Olustee/OK</url>
<lat>34.5466</lat>
<lon>-99.4215</lon>
<active>1</active>
</city>
<city>
<id>417537</id>
<name>Omega</name>
<state>OK</state>
<rating/>
<url>http://www.greatschools.org/city/Omega/OK</url>
<lat>35.848</lat>
<lon>-98.1887</lon>
<active>1</active>
</city>
<city>
<id>417361</id>
<name>Oologah</name>
<state>OK</state>
<rating/>
<url>http://www.greatschools.org/city/Oologah/OK</url>
<lat>36.4448</lat>
<lon>-95.7102</lon>
<active>1</active>
</city>
<city>
<id>417536</id>
<name>Optima</name>
<state>OK</state>
<rating/>
<url>http://www.greatschools.org/city/Optima/OK</url>
<lat>36.758</lat>
<lon>-101.355</lon>
<active>1</active>
</city>
<city>
<id>417554</id>
<name>Orlando</name>
<state>OK</state>
<rating/>
<url>http://www.greatschools.org/city/Orlando/OK</url>
<lat>36.1484</lat>
<lon>-97.3777</lon>
<active>1</active>
</city>
<city>
<id>417368</id>
<name>Owasso</name>
<state>OK</state>
<rating/>
<url>http://www.greatschools.org/city/Owasso/OK</url>
<lat>36.2826</lat>
<lon>-95.8437</lon>
<active>1</active>
</city>
<city>
<id>417535</id>
<name>Paden</name>
<state>OK</state>
<rating/>
<url>http://www.greatschools.org/city/Paden/OK</url>
<lat>35.5087</lat>
<lon>-96.5685</lon>
<active>1</active>
</city>
<city>
<id>417534</id>
<name>Panama</name>
<state>OK</state>
<rating/>
<url>http://www.greatschools.org/city/Panama/OK</url>
<lat>35.1695</lat>
<lon>-94.6723</lon>
<active>1</active>
</city>
<city>
<id>417533</id>
<name>Panola</name>
<state>OK</state>
<rating/>
<url>http://www.greatschools.org/city/Panola/OK</url>
<lat>34.9105</lat>
<lon>-95.3439</lon>
<active>1</active>
</city>
<city>
<id>417532</id>
<name>Paoli</name>
<state>OK</state>
<rating/>
<url>http://www.greatschools.org/city/Paoli/OK</url>
<lat>34.8271</lat>
<lon>-97.2621</lon>
<active>1</active>
</city>
<city>
<id>417380</id>
<name>Park Hill</name>
<state>OK</state>
<rating/>
<url>http://www.greatschools.org/city/Park_Hill/OK</url>
<lat>35.8601</lat>
<lon>-94.9729</lon>
<active>1</active>
</city>
<city>
<id>417341</id>
<name>Pauls Valley</name>
<state>OK</state>
<rating/>
<url>http://www.greatschools.org/city/Pauls_Valley/OK</url>
<lat>34.7334</lat>
<lon>-97.2215</lon>
<active>1</active>
</city>
<city>
<id>417531</id>
<name>Pawhuska</name>
<state>OK</state>
<rating/>
<url>http://www.greatschools.org/city/Pawhuska/OK</url>
<lat>36.6695</lat>
<lon>-96.3326</lon>
<active>1</active>
</city>
<city>
<id>417530</id>
<name>Pawnee</name>
<state>OK</state>
<rating/>
<url>http://www.greatschools.org/city/Pawnee/OK</url>
<lat>36.3344</lat>
<lon>-96.8025</lon>
<active>1</active>
</city>
<city>
<id>417528</id>
<name>Peggs</name>
<state>OK</state>
<rating/>
<url>http://www.greatschools.org/city/Peggs/OK</url>
<lat>36.1254</lat>
<lon>-95.0146</lon>
<active>1</active>
</city>
<city>
<id>417340</id>
<name>Perkins</name>
<state>OK</state>
<rating/>
<url>http://www.greatschools.org/city/Perkins/OK</url>
<lat>35.9763</lat>
<lon>-97.0287</lon>
<active>1</active>
</city>
<city>
<id>417527</id>
<name>Perry</name>
<state>OK</state>
<rating/>
<url>http://www.greatschools.org/city/Perry/OK</url>
<lat>36.2934</lat>
<lon>-97.2904</lon>
<active>1</active>
</city>
<city>
<id>417526</id>
<name>Picher</name>
<state>OK</state>
<rating/>
<url>http://www.greatschools.org/city/Picher/OK</url>
<lat>36.9839</lat>
<lon>-94.8315</lon>
<active>1</active>
</city>
<city>
<id>417525</id>
<name>Piedmont</name>
<state>OK</state>
<rating/>
<url>http://www.greatschools.org/city/Piedmont/OK</url>
<lat>35.6635</lat>
<lon>-97.7421</lon>
<active>1</active>
</city>
<city>
<id>417524</id>
<name>Pittsburg</name>
<state>OK</state>
<rating/>
<url>http://www.greatschools.org/city/Pittsburg/OK</url>
<lat>34.7129</lat>
<lon>-95.8508</lon>
<active>1</active>
</city>
<city>
<id>443035</id>
<name>Platter</name>
<state>OK</state>
<rating/>
<url>http://www.greatschools.org/city/Platter/OK</url>
<lat>33.8802</lat>
<lon>-96.5617</lon>
<active>1</active>
</city>
<city>
<id>443610</id>
<name>Pocasset</name>
<state>OK</state>
<rating/>
<url>http://www.greatschools.org/city/Pocasset/OK</url>
<lat>35.1944</lat>
<lon>-97.9542</lon>
<active>1</active>
</city>
<city>
<id>417523</id>
<name>Pocola</name>
<state>OK</state>
<rating/>
<url>http://www.greatschools.org/city/Pocola/OK</url>
<lat>35.2536</lat>
<lon>-94.4714</lon>
<active>1</active>
</city>
<city>
<id>417359</id>
<name>Ponca City</name>
<state>OK</state>
<rating/>
<url>http://www.greatschools.org/city/Ponca_City/OK</url>
<lat>36.7177</lat>
<lon>-97.0743</lon>
<active>1</active>
</city>
<city>
<id>417522</id>
<name>Pond Creek</name>
<state>OK</state>
<rating/>
<url>http://www.greatschools.org/city/Pond_Creek/OK</url>
<lat>36.6681</lat>
<lon>-97.7986</lon>
<active>1</active>
</city>
<city>
<id>417463</id>
<name>Porter</name>
<state>OK</state>
<rating/>
<url>http://www.greatschools.org/city/Porter/OK</url>
<lat>35.8693</lat>
<lon>-95.5232</lon>
<active>1</active>
</city>
<city>
<id>417521</id>
<name>Porum</name>
<state>OK</state>
<rating/>
<url>http://www.greatschools.org/city/Porum/OK</url>
<lat>35.3579</lat>
<lon>-95.2651</lon>
<active>1</active>
</city>
<city>
<id>417358</id>
<name>Poteau</name>
<state>OK</state>
<rating/>
<url>http://www.greatschools.org/city/Poteau/OK</url>
<lat>35.0608</lat>
<lon>-94.6255</lon>
<active>1</active>
</city>
<city>
<id>417520</id>
<name>Prague</name>
<state>OK</state>
<rating/>
<url>http://www.greatschools.org/city/Prague/OK</url>
<lat>35.4877</lat>
<lon>-96.6887</lon>
<active>1</active>
</city>
<city>
<id>417519</id>
<name>Preston</name>
<state>OK</state>
<rating/>
<url>http://www.greatschools.org/city/Preston/OK</url>
<lat>35.7697</lat>
<lon>-96.0436</lon>
<active>1</active>
</city>
<city>
<id>417518</id>
<name>Prue</name>
<state>OK</state>
<rating/>
<url>http://www.greatschools.org/city/Prue/OK</url>
<lat>36.2498</lat>
<lon>-96.2663</lon>
<active>1</active>
</city>
<city>
<id>417332</id>
<name>Pryor</name>
<state>OK</state>
<rating/>
<url>http://www.greatschools.org/city/Pryor/OK</url>
<lat>36.2925</lat>
<lon>-95.3103</lon>
<active>1</active>
</city>
<city>
<id>445517</id>
<name>Pryor Creek</name>
<state>OK</state>
<rating/>
<url>http://www.greatschools.org/city/Pryor_Creek/OK</url>
<lat>36.3043</lat>
<lon>-95.3112</lon>
<active>1</active>
</city>
<city>
<id>417334</id>
<name>Purcell</name>
<state>OK</state>
<rating/>
<url>http://www.greatschools.org/city/Purcell/OK</url>
<lat>35.0166</lat>
<lon>-97.3682</lon>
<active>1</active>
</city>
<city>
<id>417516</id>
<name>Quapaw</name>
<state>OK</state>
<rating/>
<url>http://www.greatschools.org/city/Quapaw/OK</url>
<lat>36.9531</lat>
<lon>-94.7891</lon>
<active>1</active>
</city>
<city>
<id>417515</id>
<name>Quinton</name>
<state>OK</state>
<rating/>
<url>http://www.greatschools.org/city/Quinton/OK</url>
<lat>35.1268</lat>
<lon>-95.3673</lon>
<active>1</active>
</city>
<city>
<id>443608</id>
<name>Ralston</name>
<state>OK</state>
<rating/>
<url>http://www.greatschools.org/city/Ralston/OK</url>
<lat>36.5038</lat>
<lon>-96.7348</lon>
<active>1</active>
</city>
<city>
<id>417514</id>
<name>Ramona</name>
<state>OK</state>
<rating/>
<url>http://www.greatschools.org/city/Ramona/OK</url>
<lat>36.5302</lat>
<lon>-95.9229</lon>
<active>1</active>
</city>
<city>
<id>417726</id>
<name>Randlett</name>
<state>OK</state>
<rating/>
<url>http://www.greatschools.org/city/Randlett/OK</url>
<lat>34.1772</lat>
<lon>-98.465</lon>
<active>1</active>
</city>
<city>
<id>417512</id>
<name>Rattan</name>
<state>OK</state>
<rating/>
<url>http://www.greatschools.org/city/Rattan/OK</url>
<lat>34.1963</lat>
<lon>-95.4098</lon>
<active>1</active>
</city>
<city>
<id>417511</id>
<name>Ravia</name>
<state>OK</state>
<rating/>
<url>http://www.greatschools.org/city/Ravia/OK</url>
<lat>34.2405</lat>
<lon>-96.7549</lon>
<active>1</active>
</city>
<city>
<id>417510</id>
<name>Red Oak</name>
<state>OK</state>
<rating/>
<url>http://www.greatschools.org/city/Red_Oak/OK</url>
<lat>34.9523</lat>
<lon>-95.081</lon>
<active>1</active>
</city>
<city>
<id>417749</id>
<name>Red Rock</name>
<state>OK</state>
<rating/>
<url>http://www.greatschools.org/city/Red_Rock/OK</url>
<lat>36.4597</lat>
<lon>-97.1789</lon>
<active>1</active>
</city>
<city>
<id>417509</id>
<name>Reydon</name>
<state>OK</state>
<rating/>
<url>http://www.greatschools.org/city/Reydon/OK</url>
<lat>35.6538</lat>
<lon>-99.9205</lon>
<active>1</active>
</city>
<city>
<id>417508</id>
<name>Ringling</name>
<state>OK</state>
<rating/>
<url>http://www.greatschools.org/city/Ringling/OK</url>
<lat>34.1786</lat>
<lon>-97.5934</lon>
<active>1</active>
</city>
<city>
<id>417507</id>
<name>Ringwood</name>
<state>OK</state>
<rating/>
<url>http://www.greatschools.org/city/Ringwood/OK</url>
<lat>36.3799</lat>
<lon>-98.2422</lon>
<active>1</active>
</city>
<city>
<id>417506</id>
<name>Ripley</name>
<state>OK</state>
<rating/>
<url>http://www.greatschools.org/city/Ripley/OK</url>
<lat>36.0178</lat>
<lon>-96.9036</lon>
<active>1</active>
</city>
<city>
<id>417505</id>
<name>Roff</name>
<state>OK</state>
<rating/>
<url>http://www.greatschools.org/city/Roff/OK</url>
<lat>34.6266</lat>
<lon>-96.8414</lon>
<active>1</active>
</city>
<city>
<id>417504</id>
<name>Roland</name>
<state>OK</state>
<rating/>
<url>http://www.greatschools.org/city/Roland/OK</url>
<lat>35.4135</lat>
<lon>-94.5103</lon>
<active>1</active>
</city>
<city>
<id>444154</id>
<name>Rose</name>
<state>OK</state>
<rating/>
<url>http://www.greatschools.org/city/Rose/OK</url>
<lat>36.2049</lat>
<lon>-94.9942</lon>
<active>1</active>
</city>
<city>
<id>417503</id>
<name>Rush Springs</name>
<state>OK</state>
<rating/>
<url>http://www.greatschools.org/city/Rush_Springs/OK</url>
<lat>34.7806</lat>
<lon>-97.9577</lon>
<active>1</active>
</city>
<city>
<id>417502</id>
<name>Ryan</name>
<state>OK</state>
<rating/>
<url>http://www.greatschools.org/city/Ryan/OK</url>
<lat>34.0216</lat>
<lon>-97.9538</lon>
<active>1</active>
</city>
<city>
<id>417422</id>
<name>Salina</name>
<state>OK</state>
<rating/>
<url>http://www.greatschools.org/city/Salina/OK</url>
<lat>36.2939</lat>
<lon>-95.1513</lon>
<active>1</active>
</city>
<city>
<id>417501</id>
<name>Sallisaw</name>
<state>OK</state>
<rating/>
<url>http://www.greatschools.org/city/Sallisaw/OK</url>
<lat>35.4599</lat>
<lon>-94.7921</lon>
<active>1</active>
</city>
<city>
<id>417339</id>
<name>Sand Springs</name>
<state>OK</state>
<rating/>
<url>http://www.greatschools.org/city/Sand_Springs/OK</url>
<lat>36.1235</lat>
<lon>-96.1156</lon>
<active>1</active>
</city>
<city>
<id>417360</id>
<name>Sapulpa</name>
<state>OK</state>
<rating/>
<url>http://www.greatschools.org/city/Sapulpa/OK</url>
<lat>35.9982</lat>
<lon>-96.0985</lon>
<active>1</active>
</city>
<city>
<id>417500</id>
<name>Sasakwa</name>
<state>OK</state>
<rating/>
<url>http://www.greatschools.org/city/Sasakwa/OK</url>
<lat>34.9464</lat>
<lon>-96.5263</lon>
<active>1</active>
</city>
<city>
<id>417499</id>
<name>Savanna</name>
<state>OK</state>
<rating/>
<url>http://www.greatschools.org/city/Savanna/OK</url>
<lat>34.8322</lat>
<lon>-95.84</lon>
<active>1</active>
</city>
<city>
<id>417498</id>
<name>Sayre</name>
<state>OK</state>
<rating/>
<url>http://www.greatschools.org/city/Sayre/OK</url>
<lat>35.2976</lat>
<lon>-99.6299</lon>
<active>1</active>
</city>
<city>
<id>417497</id>
<name>Schulter</name>
<state>OK</state>
<rating/>
<url>http://www.greatschools.org/city/Schulter/OK</url>
<lat>35.5116</lat>
<lon>-95.9565</lon>
<active>1</active>
</city>
<city>
<id>417496</id>
<name>Seiling</name>
<state>OK</state>
<rating/>
<url>http://www.greatschools.org/city/Seiling/OK</url>
<lat>36.1493</lat>
<lon>-98.9251</lon>
<active>1</active>
</city>
<city>
<id>417452</id>
<name>Seminole</name>
<state>OK</state>
<rating/>
<url>http://www.greatschools.org/city/Seminole/OK</url>
<lat>35.2359</lat>
<lon>-96.6762</lon>
<active>1</active>
</city>
<city>
<id>417495</id>
<name>Sentinel</name>
<state>OK</state>
<rating/>
<url>http://www.greatschools.org/city/Sentinel/OK</url>
<lat>35.1568</lat>
<lon>-99.1721</lon>
<active>1</active>
</city>
<city>
<id>417493</id>
<name>Shady Point</name>
<state>OK</state>
<rating/>
<url>http://www.greatschools.org/city/Shady_Point/OK</url>
<lat>35.1295</lat>
<lon>-94.6649</lon>
<active>1</active>
</city>
<city>
<id>417553</id>
<name>Sharon</name>
<state>OK</state>
<rating/>
<url>http://www.greatschools.org/city/Sharon/OK</url>
<lat>36.2758</lat>
<lon>-99.3384</lon>
<active>1</active>
</city>
<city>
<id>417492</id>
<name>Shattuck</name>
<state>OK</state>
<rating/>
<url>http://www.greatschools.org/city/Shattuck/OK</url>
<lat>36.2728</lat>
<lon>-99.8763</lon>
<active>1</active>
</city>
<city>
<id>417399</id>
<name>Shawnee</name>
<state>OK</state>
<rating/>
<url>http://www.greatschools.org/city/Shawnee/OK</url>
<lat>35.3459</lat>
<lon>-96.9245</lon>
<active>1</active>
</city>
<city>
<id>417318</id>
<name>Shidler</name>
<state>OK</state>
<rating/>
<url>http://www.greatschools.org/city/Shidler/OK</url>
<lat>36.7817</lat>
<lon>-96.6612</lon>
<active>1</active>
</city>
<city>
<id>417381</id>
<name>Skiatook</name>
<state>OK</state>
<rating/>
<url>http://www.greatschools.org/city/Skiatook/OK</url>
<lat>36.3657</lat>
<lon>-96.0128</lon>
<active>1</active>
</city>
<city>
<id>417491</id>
<name>Smithville</name>
<state>OK</state>
<rating/>
<url>http://www.greatschools.org/city/Smithville/OK</url>
<lat>34.4698</lat>
<lon>-94.647</lon>
<active>1</active>
</city>
<city>
<id>417490</id>
<name>Snyder</name>
<state>OK</state>
<rating/>
<url>http://www.greatschools.org/city/Snyder/OK</url>
<lat>34.656</lat>
<lon>-98.9525</lon>
<active>1</active>
</city>
<city>
<id>417489</id>
<name>Soper</name>
<state>OK</state>
<rating/>
<url>http://www.greatschools.org/city/Soper/OK</url>
<lat>34.0328</lat>
<lon>-95.6963</lon>
<active>1</active>
</city>
<city>
<id>417386</id>
<name>South Coffeyville</name>
<state>OK</state>
<rating/>
<url>http://www.greatschools.org/city/South_Coffeyville/OK</url>
<lat>36.9932</lat>
<lon>-95.6202</lon>
<active>1</active>
</city>
<city>
<id>417488</id>
<name>Spavinaw</name>
<state>OK</state>
<rating/>
<url>http://www.greatschools.org/city/Spavinaw/OK</url>
<lat>36.392</lat>
<lon>-95.0502</lon>
<active>1</active>
</city>
<city>
<id>417394</id>
<name>Spencer</name>
<state>OK</state>
<rating/>
<url>http://www.greatschools.org/city/Spencer/OK</url>
<lat>35.5091</lat>
<lon>-97.3704</lon>
<active>1</active>
</city>
<city>
<id>417375</id>
<name>Sperry</name>
<state>OK</state>
<rating/>
<url>http://www.greatschools.org/city/Sperry/OK</url>
<lat>36.2973</lat>
<lon>-95.9914</lon>
<active>1</active>
</city>
<city>
<id>417403</id>
<name>Spiro</name>
<state>OK</state>
<rating/>
<url>http://www.greatschools.org/city/Spiro/OK</url>
<lat>35.2419</lat>
<lon>-94.6219</lon>
<active>1</active>
</city>
<city>
<id>417487</id>
<name>Springer</name>
<state>OK</state>
<rating/>
<url>http://www.greatschools.org/city/Springer/OK</url>
<lat>34.2984</lat>
<lon>-97.1342</lon>
<active>1</active>
</city>
<city>
<id>417486</id>
<name>Sterling</name>
<state>OK</state>
<rating/>
<url>http://www.greatschools.org/city/Sterling/OK</url>
<lat>34.7501</lat>
<lon>-98.1704</lon>
<active>1</active>
</city>
<city>
<id>446507</id>
<name>Stidham</name>
<state>OK</state>
<rating/>
<url>http://www.greatschools.org/city/Stidham/OK</url>
<lat>35.3681</lat>
<lon>-95.6999</lon>
<active>1</active>
</city>
<city>
<id>417485</id>
<name>Stigler</name>
<state>OK</state>
<rating/>
<url>http://www.greatschools.org/city/Stigler/OK</url>
<lat>35.2582</lat>
<lon>-95.1257</lon>
<active>1</active>
</city>
<city>
<id>417357</id>
<name>Stillwater</name>
<state>OK</state>
<rating/>
<url>http://www.greatschools.org/city/Stillwater/OK</url>
<lat>36.1244</lat>
<lon>-97.0694</lon>
<active>1</active>
</city>
<city>
<id>446508</id>
<name>Stillwell</name>
<state>OK</state>
<rating/>
<url>http://www.greatschools.org/city/Stillwell/OK</url>
<lat>35.8367</lat>
<lon>-94.6307</lon>
<active>1</active>
</city>
<city>
<id>417412</id>
<name>Stilwell</name>
<state>OK</state>
<rating/>
<url>http://www.greatschools.org/city/Stilwell/OK</url>
<lat>35.8157</lat>
<lon>-94.6331</lon>
<active>1</active>
</city>
<city>
<id>417317</id>
<name>Stonewall</name>
<state>OK</state>
<rating/>
<url>http://www.greatschools.org/city/Stonewall/OK</url>
<lat>34.651</lat>
<lon>-96.5257</lon>
<active>1</active>
</city>
<city>
<id>417484</id>
<name>Stratford</name>
<state>OK</state>
<rating/>
<url>http://www.greatschools.org/city/Stratford/OK</url>
<lat>34.7979</lat>
<lon>-96.9591</lon>
<active>1</active>
</city>
<city>
<id>417483</id>
<name>Stringtown</name>
<state>OK</state>
<rating/>
<url>http://www.greatschools.org/city/Stringtown/OK</url>
<lat>34.4691</lat>
<lon>-96.0545</lon>
<active>1</active>
</city>
<city>
<id>417482</id>
<name>Stroud</name>
<state>OK</state>
<rating/>
<url>http://www.greatschools.org/city/Stroud/OK</url>
<lat>35.7509</lat>
<lon>-96.6585</lon>
<active>1</active>
</city>
<city>
<id>417481</id>
<name>Stuart</name>
<state>OK</state>
<rating/>
<url>http://www.greatschools.org/city/Stuart/OK</url>
<lat>34.9008</lat>
<lon>-96.1001</lon>
<active>1</active>
</city>
<city>
<id>417366</id>
<name>Sulphur</name>
<state>OK</state>
<rating/>
<url>http://www.greatschools.org/city/Sulphur/OK</url>
<lat>34.5088</lat>
<lon>-96.9765</lon>
<active>1</active>
</city>
<city>
<id>445518</id>
<name>Summit</name>
<state>OK</state>
<rating/>
<url>http://www.greatschools.org/city/Summit/OK</url>
<lat>35.6679</lat>
<lon>-95.4216</lon>
<active>1</active>
</city>
<city>
<id>417480</id>
<name>Sweetwater</name>
<state>OK</state>
<rating/>
<url>http://www.greatschools.org/city/Sweetwater/OK</url>
<lat>35.4422</lat>
<lon>-99.8956</lon>
<active>1</active>
</city>
<city>
<id>417479</id>
<name>Swink</name>
<state>OK</state>
<rating/>
<url>http://www.greatschools.org/city/Swink/OK</url>
<lat>34.0179</lat>
<lon>-95.2022</lon>
<active>1</active>
</city>
<city>
<id>443034</id>
<name>Taft</name>
<state>OK</state>
<rating/>
<url>http://www.greatschools.org/city/Taft/OK</url>
<lat>35.7631</lat>
<lon>-95.5445</lon>
<active>1</active>
</city>
<city>
<id>417390</id>
<name>Tahlequah</name>
<state>OK</state>
<rating/>
<url>http://www.greatschools.org/city/Tahlequah/OK</url>
<lat>35.9144</lat>
<lon>-94.9708</lon>
<active>1</active>
</city>
<city>
<id>417388</id>
<name>Talala</name>
<state>OK</state>
<rating/>
<url>http://www.greatschools.org/city/Talala/OK</url>
<lat>36.5299</lat>
<lon>-95.6997</lon>
<active>1</active>
</city>
<city>
<id>417478</id>
<name>Talihina</name>
<state>OK</state>
<rating/>
<url>http://www.greatschools.org/city/Talihina/OK</url>
<lat>34.7522</lat>
<lon>-95.0391</lon>
<active>1</active>
</city>
<city>
<id>417477</id>
<name>Taloga</name>
<state>OK</state>
<rating/>
<url>http://www.greatschools.org/city/Taloga/OK</url>
<lat>36.04</lat>
<lon>-98.9626</lon>
<active>1</active>
</city>
<city>
<id>417476</id>
<name>Tecumseh</name>
<state>OK</state>
<rating/>
<url>http://www.greatschools.org/city/Tecumseh/OK</url>
<lat>35.2619</lat>
<lon>-96.9331</lon>
<active>1</active>
</city>
<city>
<id>417475</id>
<name>Temple</name>
<state>OK</state>
<rating/>
<url>http://www.greatschools.org/city/Temple/OK</url>
<lat>34.2709</lat>
<lon>-98.2356</lon>
<active>1</active>
</city>
<city>
<id>417473</id>
<name>Terral</name>
<state>OK</state>
<rating/>
<url>http://www.greatschools.org/city/Terral/OK</url>
<lat>33.8968</lat>
<lon>-97.9376</lon>
<active>1</active>
</city>
<city>
<id>417472</id>
<name>Texhoma</name>
<state>OK</state>
<rating/>
<url>http://www.greatschools.org/city/Texhoma/OK</url>
<lat>36.506</lat>
<lon>-101.787</lon>
<active>1</active>
</city>
<city>
<id>417471</id>
<name>Thackerville</name>
<state>OK</state>
<rating/>
<url>http://www.greatschools.org/city/Thackerville/OK</url>
<lat>33.7941</lat>
<lon>-97.1385</lon>
<active>1</active>
</city>
<city>
<id>417750</id>
<name>Thomas</name>
<state>OK</state>
<rating/>
<url>http://www.greatschools.org/city/Thomas/OK</url>
<lat>35.7465</lat>
<lon>-98.7468</lon>
<active>1</active>
</city>
<city>
<id>417468</id>
<name>Tipton</name>
<state>OK</state>
<rating/>
<url>http://www.greatschools.org/city/Tipton/OK</url>
<lat>34.5031</lat>
<lon>-99.1389</lon>
<active>1</active>
</city>
<city>
<id>417466</id>
<name>Tishomingo</name>
<state>OK</state>
<rating/>
<url>http://www.greatschools.org/city/Tishomingo/OK</url>
<lat>34.2342</lat>
<lon>-96.6762</lon>
<active>1</active>
</city>
<city>
<id>417464</id>
<name>Tonkawa</name>
<state>OK</state>
<rating/>
<url>http://www.greatschools.org/city/Tonkawa/OK</url>
<lat>36.6817</lat>
<lon>-97.3057</lon>
<active>1</active>
</city>
<city>
<id>417329</id>
<name>Tulsa</name>
<state>OK</state>
<rating/>
<url>http://www.greatschools.org/city/Tulsa/OK</url>
<lat>36.1155</lat>
<lon>-95.9263</lon>
<active>1</active>
</city>
<city>
<id>417462</id>
<name>Tupelo</name>
<state>OK</state>
<rating/>
<url>http://www.greatschools.org/city/Tupelo/OK</url>
<lat>34.6024</lat>
<lon>-96.4206</lon>
<active>1</active>
</city>
<city>
<id>417460</id>
<name>Turpin</name>
<state>OK</state>
<rating/>
<url>http://www.greatschools.org/city/Turpin/OK</url>
<lat>36.9071</lat>
<lon>-100.871</lon>
<active>1</active>
</city>
<city>
<id>417459</id>
<name>Tuskahoma</name>
<state>OK</state>
<rating/>
<url>http://www.greatschools.org/city/Tuskahoma/OK</url>
<lat>34.7322</lat>
<lon>-95.2228</lon>
<active>1</active>
</city>
<city>
<id>417458</id>
<name>Tuttle</name>
<state>OK</state>
<rating/>
<url>http://www.greatschools.org/city/Tuttle/OK</url>
<lat>35.294</lat>
<lon>-97.7632</lon>
<active>1</active>
</city>
<city>
<id>446509</id>
<name>Twin Oaks</name>
<state>OK</state>
<rating/>
<url>http://www.greatschools.org/city/Twin_Oaks/OK</url>
<lat>36.2119</lat>
<lon>-94.8763</lon>
<active>1</active>
</city>
<city>
<id>417456</id>
<name>Tyrone</name>
<state>OK</state>
<rating/>
<url>http://www.greatschools.org/city/Tyrone/OK</url>
<lat>36.9556</lat>
<lon>-101.069</lon>
<active>1</active>
</city>
<city>
<id>417455</id>
<name>Union City</name>
<state>OK</state>
<rating/>
<url>http://www.greatschools.org/city/Union_City/OK</url>
<lat>35.4032</lat>
<lon>-97.9028</lon>
<active>1</active>
</city>
<city>
<id>417454</id>
<name>Valliant</name>
<state>OK</state>
<rating/>
<url>http://www.greatschools.org/city/Valliant/OK</url>
<lat>34.0043</lat>
<lon>-95.0901</lon>
<active>1</active>
</city>
<city>
<id>417451</id>
<name>Velma</name>
<state>OK</state>
<rating/>
<url>http://www.greatschools.org/city/Velma/OK</url>
<lat>34.4565</lat>
<lon>-97.666</lon>
<active>1</active>
</city>
<city>
<id>417450</id>
<name>Verden</name>
<state>OK</state>
<rating/>
<url>http://www.greatschools.org/city/Verden/OK</url>
<lat>35.0827</lat>
<lon>-98.0889</lon>
<active>1</active>
</city>
<city>
<id>417449</id>
<name>Vian</name>
<state>OK</state>
<rating/>
<url>http://www.greatschools.org/city/Vian/OK</url>
<lat>35.4971</lat>
<lon>-94.9689</lon>
<active>1</active>
</city>
<city>
<id>417448</id>
<name>Vici</name>
<state>OK</state>
<rating/>
<url>http://www.greatschools.org/city/Vici/OK</url>
<lat>36.1488</lat>
<lon>-99.3</lon>
<active>1</active>
</city>
<city>
<id>417405</id>
<name>Vinita</name>
<state>OK</state>
<rating/>
<url>http://www.greatschools.org/city/Vinita/OK</url>
<lat>36.6439</lat>
<lon>-95.1588</lon>
<active>1</active>
</city>
<city>
<id>417447</id>
<name>Wagoner</name>
<state>OK</state>
<rating/>
<url>http://www.greatschools.org/city/Wagoner/OK</url>
<lat>35.9586</lat>
<lon>-95.3797</lon>
<active>1</active>
</city>
<city>
<id>417446</id>
<name>Wainwright</name>
<state>OK</state>
<rating/>
<url>http://www.greatschools.org/city/Wainwright/OK</url>
<lat>35.614</lat>
<lon>-95.5667</lon>
<active>1</active>
</city>
<city>
<id>417444</id>
<name>Walters</name>
<state>OK</state>
<rating/>
<url>http://www.greatschools.org/city/Walters/OK</url>
<lat>34.354</lat>
<lon>-98.309</lon>
<active>1</active>
</city>
<city>
<id>417443</id>
<name>Wanette</name>
<state>OK</state>
<rating/>
<url>http://www.greatschools.org/city/Wanette/OK</url>
<lat>34.9623</lat>
<lon>-97.0316</lon>
<active>1</active>
</city>
<city>
<id>417442</id>
<name>Wapanucka</name>
<state>OK</state>
<rating/>
<url>http://www.greatschools.org/city/Wapanucka/OK</url>
<lat>34.3743</lat>
<lon>-96.424</lon>
<active>1</active>
</city>
<city>
<id>417441</id>
<name>Warner</name>
<state>OK</state>
<rating/>
<url>http://www.greatschools.org/city/Warner/OK</url>
<lat>35.4937</lat>
<lon>-95.3101</lon>
<active>1</active>
</city>
<city>
<id>417517</id>
<name>Warr Acres</name>
<state>OK</state>
<rating/>
<url>http://www.greatschools.org/city/Warr_Acres/OK</url>
<lat>35.5274</lat>
<lon>-97.6189</lon>
<active>1</active>
</city>
<city>
<id>417440</id>
<name>Washington</name>
<state>OK</state>
<rating/>
<url>http://www.greatschools.org/city/Washington/OK</url>
<lat>35.0569</lat>
<lon>-97.4852</lon>
<active>1</active>
</city>
<city>
<id>417439</id>
<name>Watonga</name>
<state>OK</state>
<rating/>
<url>http://www.greatschools.org/city/Watonga/OK</url>
<lat>35.8587</lat>
<lon>-98.4097</lon>
<active>1</active>
</city>
<city>
<id>417437</id>
<name>Watts</name>
<state>OK</state>
<rating/>
<url>http://www.greatschools.org/city/Watts/OK</url>
<lat>36.108</lat>
<lon>-94.573</lon>
<active>1</active>
</city>
<city>
<id>417436</id>
<name>Waukomis</name>
<state>OK</state>
<rating/>
<url>http://www.greatschools.org/city/Waukomis/OK</url>
<lat>36.2808</lat>
<lon>-97.9042</lon>
<active>1</active>
</city>
<city>
<id>417316</id>
<name>Waurika</name>
<state>OK</state>
<rating/>
<url>http://www.greatschools.org/city/Waurika/OK</url>
<lat>34.1695</lat>
<lon>-98.0</lon>
<active>1</active>
</city>
<city>
<id>417435</id>
<name>Wayne</name>
<state>OK</state>
<rating/>
<url>http://www.greatschools.org/city/Wayne/OK</url>
<lat>34.9171</lat>
<lon>-97.3175</lon>
<active>1</active>
</city>
<city>
<id>417434</id>
<name>Waynoka</name>
<state>OK</state>
<rating/>
<url>http://www.greatschools.org/city/Waynoka/OK</url>
<lat>36.5831</lat>
<lon>-98.8769</lon>
<active>1</active>
</city>
<city>
<id>417433</id>
<name>Weatherford</name>
<state>OK</state>
<rating/>
<url>http://www.greatschools.org/city/Weatherford/OK</url>
<lat>35.5355</lat>
<lon>-98.6992</lon>
<active>1</active>
</city>
<city>
<id>417432</id>
<name>Webbers Falls</name>
<state>OK</state>
<rating/>
<url>http://www.greatschools.org/city/Webbers_Falls/OK</url>
<lat>35.5125</lat>
<lon>-95.1385</lon>
<active>1</active>
</city>
<city>
<id>417431</id>
<name>Welch</name>
<state>OK</state>
<rating/>
<url>http://www.greatschools.org/city/Welch/OK</url>
<lat>36.8746</lat>
<lon>-95.0949</lon>
<active>1</active>
</city>
<city>
<id>417430</id>
<name>Weleetka</name>
<state>OK</state>
<rating/>
<url>http://www.greatschools.org/city/Weleetka/OK</url>
<lat>35.3388</lat>
<lon>-96.1367</lon>
<active>1</active>
</city>
<city>
<id>417474</id>
<name>Welling</name>
<state>OK</state>
<rating/>
<url>http://www.greatschools.org/city/Welling/OK</url>
<lat>35.8543</lat>
<lon>-94.8509</lon>
<active>1</active>
</city>
<city>
<id>417429</id>
<name>Wellston</name>
<state>OK</state>
<rating/>
<url>http://www.greatschools.org/city/Wellston/OK</url>
<lat>35.6898</lat>
<lon>-97.0637</lon>
<active>1</active>
</city>
<city>
<id>417428</id>
<name>Westville</name>
<state>OK</state>
<rating/>
<url>http://www.greatschools.org/city/Westville/OK</url>
<lat>35.9909</lat>
<lon>-94.5712</lon>
<active>1</active>
</city>
<city>
<id>417427</id>
<name>Wetumka</name>
<state>OK</state>
<rating/>
<url>http://www.greatschools.org/city/Wetumka/OK</url>
<lat>35.2377</lat>
<lon>-96.2402</lon>
<active>1</active>
</city>
<city>
<id>417426</id>
<name>Wewoka</name>
<state>OK</state>
<rating/>
<url>http://www.greatschools.org/city/Wewoka/OK</url>
<lat>35.1484</lat>
<lon>-96.4946</lon>
<active>1</active>
</city>
<city>
<id>445520</id>
<name>Wheatland</name>
<state>OK</state>
<rating/>
<url>http://www.greatschools.org/city/Wheatland/OK</url>
<lat>35.3971</lat>
<lon>-97.6519</lon>
<active>1</active>
</city>
<city>
<id>417424</id>
<name>Whitefield</name>
<state>OK</state>
<rating/>
<url>http://www.greatschools.org/city/Whitefield/OK</url>
<lat>35.2515</lat>
<lon>-95.2382</lon>
<active>1</active>
</city>
<city>
<id>417423</id>
<name>Whitesboro</name>
<state>OK</state>
<rating/>
<url>http://www.greatschools.org/city/Whitesboro/OK</url>
<lat>34.6839</lat>
<lon>-94.8707</lon>
<active>1</active>
</city>
<city>
<id>417421</id>
<name>Wilburton</name>
<state>OK</state>
<rating/>
<url>http://www.greatschools.org/city/Wilburton/OK</url>
<lat>34.9186</lat>
<lon>-95.3102</lon>
<active>1</active>
</city>
<city>
<id>417413</id>
<name>Wilson</name>
<state>OK</state>
<rating/>
<url>http://www.greatschools.org/city/Wilson/OK</url>
<lat>34.1626</lat>
<lon>-97.4259</lon>
<active>1</active>
</city>
<city>
<id>417419</id>
<name>Wister</name>
<state>OK</state>
<rating/>
<url>http://www.greatschools.org/city/Wister/OK</url>
<lat>34.9688</lat>
<lon>-94.7225</lon>
<active>1</active>
</city>
<city>
<id>417356</id>
<name>Woodward</name>
<state>OK</state>
<rating/>
<url>http://www.greatschools.org/city/Woodward/OK</url>
<lat>36.4291</lat>
<lon>-99.4029</lon>
<active>1</active>
</city>
<city>
<id>417418</id>
<name>Wright City</name>
<state>OK</state>
<rating/>
<url>http://www.greatschools.org/city/Wright_City/OK</url>
<lat>34.064</lat>
<lon>-95.0028</lon>
<active>1</active>
</city>
<city>
<id>417325</id>
<name>Wyandotte</name>
<state>OK</state>
<rating/>
<url>http://www.greatschools.org/city/Wyandotte/OK</url>
<lat>36.7922</lat>
<lon>-94.7226</lon>
<active>1</active>
</city>
<city>
<id>417417</id>
<name>Wynnewood</name>
<state>OK</state>
<rating/>
<url>http://www.greatschools.org/city/Wynnewood/OK</url>
<lat>34.6443</lat>
<lon>-97.162</lon>
<active>1</active>
</city>
<city>
<id>417416</id>
<name>Wynona</name>
<state>OK</state>
<rating/>
<url>http://www.greatschools.org/city/Wynona/OK</url>
<lat>36.5459</lat>
<lon>-96.3269</lon>
<active>1</active>
</city>
<city>
<id>417415</id>
<name>Yale</name>
<state>OK</state>
<rating/>
<url>http://www.greatschools.org/city/Yale/OK</url>
<lat>36.1155</lat>
<lon>-96.7003</lon>
<active>1</active>
</city>
<city>
<id>417387</id>
<name>Yukon</name>
<state>OK</state>
<rating/>
<url>http://www.greatschools.org/city/Yukon/OK</url>
<lat>35.4999</lat>
<lon>-97.7393</lon>
<active>1</active>
</city>
</greatschools-city-feed>
