<?xml version="1.0" encoding="utf-8"?><greatschools-city-feed xmlns:xsi="http://www.w3.org/2001/XMLSchema-instance" xsi:noNamespaceSchemaLocation="http://www.greatschools.org/feeds/greatschools-city2.xsd">
<city>
<id>442864</id>
<name>Abiquiu</name>
<state>NM</state>
<rating>5</rating>
<url>http://www.greatschools.org/city/Abiquiu/NM</url>
<lat>36.1775</lat>
<lon>-106.219</lon>
<active>1</active>
</city>
<city>
<id>444142</id>
<name>Acoma</name>
<state>NM</state>
<rating/>
<url>http://www.greatschools.org/city/Acoma/NM</url>
<lat>34.8964</lat>
<lon>-107.582</lon>
<active>1</active>
</city>
<city>
<id>445370</id>
<name>Alamo</name>
<state>NM</state>
<rating/>
<url>http://www.greatschools.org/city/Alamo/NM</url>
<lat>34.0218</lat>
<lon>-107.574</lon>
<active>1</active>
</city>
<city>
<id>429253</id>
<name>Alamogordo</name>
<state>NM</state>
<rating>7</rating>
<url>http://www.greatschools.org/city/Alamogordo/NM</url>
<lat>32.8956</lat>
<lon>-105.949</lon>
<active>1</active>
</city>
<city>
<id>429217</id>
<name>Albuquerque</name>
<state>NM</state>
<rating>6</rating>
<url>http://www.greatschools.org/city/Albuquerque/NM</url>
<lat>35.1114</lat>
<lon>-106.601</lon>
<active>1</active>
</city>
<city>
<id>444315</id>
<name>Alcalde</name>
<state>NM</state>
<rating>6</rating>
<url>http://www.greatschools.org/city/Alcalde/NM</url>
<lat>36.0862</lat>
<lon>-106.058</lon>
<active>1</active>
</city>
<city>
<id>429374</id>
<name>Algodones</name>
<state>NM</state>
<rating>3</rating>
<url>http://www.greatschools.org/city/Algodones/NM</url>
<lat>35.3776</lat>
<lon>-106.48</lon>
<active>1</active>
</city>
<city>
<id>429360</id>
<name>Amistad</name>
<state>NM</state>
<rating/>
<url>http://www.greatschools.org/city/Amistad/NM</url>
<lat>35.9017</lat>
<lon>-103.187</lon>
<active>1</active>
</city>
<city>
<id>429260</id>
<name>Angel Fire</name>
<state>NM</state>
<rating>9</rating>
<url>http://www.greatschools.org/city/Angel_Fire/NM</url>
<lat>36.3794</lat>
<lon>-105.291</lon>
<active>1</active>
</city>
<city>
<id>429377</id>
<name>Animas</name>
<state>NM</state>
<rating>8</rating>
<url>http://www.greatschools.org/city/Animas/NM</url>
<lat>31.8417</lat>
<lon>-108.773</lon>
<active>1</active>
</city>
<city>
<id>429218</id>
<name>Anthony</name>
<state>NM</state>
<rating>6</rating>
<url>http://www.greatschools.org/city/Anthony/NM</url>
<lat>32.0078</lat>
<lon>-106.597</lon>
<active>1</active>
</city>
<city>
<id>429303</id>
<name>Anton Chico</name>
<state>NM</state>
<rating>3</rating>
<url>http://www.greatschools.org/city/Anton_Chico/NM</url>
<lat>35.1846</lat>
<lon>-105.15</lon>
<active>1</active>
</city>
<city>
<id>429295</id>
<name>Arrey</name>
<state>NM</state>
<rating>3</rating>
<url>http://www.greatschools.org/city/Arrey/NM</url>
<lat>32.8368</lat>
<lon>-107.333</lon>
<active>1</active>
</city>
<city>
<id>429298</id>
<name>Arroyo Seco</name>
<state>NM</state>
<rating>6</rating>
<url>http://www.greatschools.org/city/Arroyo_Seco/NM</url>
<lat>36.5007</lat>
<lon>-105.598</lon>
<active>1</active>
</city>
<city>
<id>429375</id>
<name>Artesia</name>
<state>NM</state>
<rating>7</rating>
<url>http://www.greatschools.org/city/Artesia/NM</url>
<lat>32.8391</lat>
<lon>-104.413</lon>
<active>1</active>
</city>
<city>
<id>429271</id>
<name>Aztec</name>
<state>NM</state>
<rating>6</rating>
<url>http://www.greatschools.org/city/Aztec/NM</url>
<lat>36.8257</lat>
<lon>-108.002</lon>
<active>1</active>
</city>
<city>
<id>429354</id>
<name>Bayard</name>
<state>NM</state>
<rating>6</rating>
<url>http://www.greatschools.org/city/Bayard/NM</url>
<lat>32.7601</lat>
<lon>-108.134</lon>
<active>1</active>
</city>
<city>
<id>429261</id>
<name>Belen</name>
<state>NM</state>
<rating>5</rating>
<url>http://www.greatschools.org/city/Belen/NM</url>
<lat>34.66</lat>
<lon>-106.778</lon>
<active>1</active>
</city>
<city>
<id>442863</id>
<name>Berino</name>
<state>NM</state>
<rating/>
<url>http://www.greatschools.org/city/Berino/NM</url>
<lat>32.0323</lat>
<lon>-106.393</lon>
<active>1</active>
</city>
<city>
<id>429251</id>
<name>Bernalillo</name>
<state>NM</state>
<rating>4</rating>
<url>http://www.greatschools.org/city/Bernalillo/NM</url>
<lat>35.3061</lat>
<lon>-106.551</lon>
<active>1</active>
</city>
<city>
<id>429371</id>
<name>Blanco</name>
<state>NM</state>
<rating>4</rating>
<url>http://www.greatschools.org/city/Blanco/NM</url>
<lat>36.7471</lat>
<lon>-107.755</lon>
<active>1</active>
</city>
<city>
<id>429370</id>
<name>Bloomfield</name>
<state>NM</state>
<rating>5</rating>
<url>http://www.greatschools.org/city/Bloomfield/NM</url>
<lat>36.7144</lat>
<lon>-107.979</lon>
<active>1</active>
</city>
<city>
<id>429334</id>
<name>Bluewater</name>
<state>NM</state>
<rating>10</rating>
<url>http://www.greatschools.org/city/Bluewater/NM</url>
<lat>35.1652</lat>
<lon>-108.189</lon>
<active>1</active>
</city>
<city>
<id>429226</id>
<name>Bosque Farms</name>
<state>NM</state>
<rating>9</rating>
<url>http://www.greatschools.org/city/Bosque_Farms/NM</url>
<lat>34.8539</lat>
<lon>-106.701</lon>
<active>1</active>
</city>
<city>
<id>446268</id>
<name>Brimhall Nizhoni</name>
<state>NM</state>
<rating/>
<url>http://www.greatschools.org/city/Brimhall_Nizhoni/NM</url>
<lat>35.7697</lat>
<lon>-108.631</lon>
<active>1</active>
</city>
<city>
<id>442862</id>
<name>Cannon AFB</name>
<state>NM</state>
<rating/>
<url>http://www.greatschools.org/city/Cannon_AFB/NM</url>
<lat>34.396</lat>
<lon>-103.327</lon>
<active>1</active>
</city>
<city>
<id>444146</id>
<name>Canoncito</name>
<state>NM</state>
<rating/>
<url>http://www.greatschools.org/city/Canoncito/NM</url>
<lat>35.0583</lat>
<lon>-107.243</lon>
<active>1</active>
</city>
<city>
<id>429369</id>
<name>Capitan</name>
<state>NM</state>
<rating>8</rating>
<url>http://www.greatschools.org/city/Capitan/NM</url>
<lat>33.5396</lat>
<lon>-105.594</lon>
<active>1</active>
</city>
<city>
<id>429237</id>
<name>Carlsbad</name>
<state>NM</state>
<rating>6</rating>
<url>http://www.greatschools.org/city/Carlsbad/NM</url>
<lat>32.4176</lat>
<lon>-104.24</lon>
<active>1</active>
</city>
<city>
<id>429250</id>
<name>Carrizozo</name>
<state>NM</state>
<rating>7</rating>
<url>http://www.greatschools.org/city/Carrizozo/NM</url>
<lat>33.643</lat>
<lon>-105.877</lon>
<active>1</active>
</city>
<city>
<id>446269</id>
<name>Casa Blanca</name>
<state>NM</state>
<rating/>
<url>http://www.greatschools.org/city/Casa_Blanca/NM</url>
<lat>35.0172</lat>
<lon>-107.481</lon>
<active>1</active>
</city>
<city>
<id>429273</id>
<name>Cedar Crest</name>
<state>NM</state>
<rating/>
<url>http://www.greatschools.org/city/Cedar_Crest/NM</url>
<lat>35.1094</lat>
<lon>-106.379</lon>
<active>1</active>
</city>
<city>
<id>429364</id>
<name>Chama</name>
<state>NM</state>
<rating>6</rating>
<url>http://www.greatschools.org/city/Chama/NM</url>
<lat>36.8988</lat>
<lon>-106.584</lon>
<active>1</active>
</city>
<city>
<id>429341</id>
<name>Chaparral</name>
<state>NM</state>
<rating>6</rating>
<url>http://www.greatschools.org/city/Chaparral/NM</url>
<lat>32.0332</lat>
<lon>-106.411</lon>
<active>1</active>
</city>
<city>
<id>446270</id>
<name>Chiayo</name>
<state>NM</state>
<rating/>
<url>http://www.greatschools.org/city/Chiayo/NM</url>
<lat>36.0062</lat>
<lon>-105.949</lon>
<active>1</active>
</city>
<city>
<id>429287</id>
<name>Chimayo</name>
<state>NM</state>
<rating>4</rating>
<url>http://www.greatschools.org/city/Chimayo/NM</url>
<lat>36.0054</lat>
<lon>-105.95</lon>
<active>1</active>
</city>
<city>
<id>429339</id>
<name>Church Rock</name>
<state>NM</state>
<rating>2</rating>
<url>http://www.greatschools.org/city/Church_Rock/NM</url>
<lat>35.5334</lat>
<lon>-108.609</lon>
<active>1</active>
</city>
<city>
<id>429361</id>
<name>Cimarron</name>
<state>NM</state>
<rating>8</rating>
<url>http://www.greatschools.org/city/Cimarron/NM</url>
<lat>36.5105</lat>
<lon>-104.915</lon>
<active>1</active>
</city>
<city>
<id>429359</id>
<name>Clayton</name>
<state>NM</state>
<rating>8</rating>
<url>http://www.greatschools.org/city/Clayton/NM</url>
<lat>36.4501</lat>
<lon>-103.18</lon>
<active>1</active>
</city>
<city>
<id>429301</id>
<name>Cliff</name>
<state>NM</state>
<rating>9</rating>
<url>http://www.greatschools.org/city/Cliff/NM</url>
<lat>32.9563</lat>
<lon>-108.672</lon>
<active>1</active>
</city>
<city>
<id>429358</id>
<name>Cloudcroft</name>
<state>NM</state>
<rating>9</rating>
<url>http://www.greatschools.org/city/Cloudcroft/NM</url>
<lat>32.9549</lat>
<lon>-105.74</lon>
<active>1</active>
</city>
<city>
<id>429249</id>
<name>Clovis</name>
<state>NM</state>
<rating>6</rating>
<url>http://www.greatschools.org/city/Clovis/NM</url>
<lat>34.4168</lat>
<lon>-103.203</lon>
<active>1</active>
</city>
<city>
<id>429352</id>
<name>Columbus</name>
<state>NM</state>
<rating>3</rating>
<url>http://www.greatschools.org/city/Columbus/NM</url>
<lat>31.8316</lat>
<lon>-107.642</lon>
<active>1</active>
</city>
<city>
<id>444313</id>
<name>Cordova</name>
<state>NM</state>
<rating>6</rating>
<url>http://www.greatschools.org/city/Cordova/NM</url>
<lat>36.009</lat>
<lon>-105.92</lon>
<active>1</active>
</city>
<city>
<id>429353</id>
<name>Corona</name>
<state>NM</state>
<rating>6</rating>
<url>http://www.greatschools.org/city/Corona/NM</url>
<lat>34.2496</lat>
<lon>-105.597</lon>
<active>1</active>
</city>
<city>
<id>429238</id>
<name>Corrales</name>
<state>NM</state>
<rating>9</rating>
<url>http://www.greatschools.org/city/Corrales/NM</url>
<lat>35.235</lat>
<lon>-106.622</lon>
<active>1</active>
</city>
<city>
<id>429309</id>
<name>Costilla</name>
<state>NM</state>
<rating/>
<url>http://www.greatschools.org/city/Costilla/NM</url>
<lat>36.9458</lat>
<lon>-105.504</lon>
<active>1</active>
</city>
<city>
<id>429243</id>
<name>Counselor</name>
<state>NM</state>
<rating/>
<url>http://www.greatschools.org/city/Counselor/NM</url>
<lat>36.1086</lat>
<lon>-106.946</lon>
<active>1</active>
</city>
<city>
<id>429324</id>
<name>Coyote</name>
<state>NM</state>
<rating/>
<url>http://www.greatschools.org/city/Coyote/NM</url>
<lat>36.1685</lat>
<lon>-106.643</lon>
<active>1</active>
</city>
<city>
<id>429285</id>
<name>Crownpoint</name>
<state>NM</state>
<rating/>
<url>http://www.greatschools.org/city/Crownpoint/NM</url>
<lat>35.6873</lat>
<lon>-108.151</lon>
<active>1</active>
</city>
<city>
<id>429242</id>
<name>Cuba</name>
<state>NM</state>
<rating>3</rating>
<url>http://www.greatschools.org/city/Cuba/NM</url>
<lat>36.0197</lat>
<lon>-106.954</lon>
<active>1</active>
</city>
<city>
<id>429333</id>
<name>Cubero</name>
<state>NM</state>
<rating>5</rating>
<url>http://www.greatschools.org/city/Cubero/NM</url>
<lat>35.0764</lat>
<lon>-107.824</lon>
<active>1</active>
</city>
<city>
<id>429311</id>
<name>Datil</name>
<state>NM</state>
<rating/>
<url>http://www.greatschools.org/city/Datil/NM</url>
<lat>34.0119</lat>
<lon>-108.052</lon>
<active>1</active>
</city>
<city>
<id>429224</id>
<name>Deming</name>
<state>NM</state>
<rating>3</rating>
<url>http://www.greatschools.org/city/Deming/NM</url>
<lat>32.2585</lat>
<lon>-107.755</lon>
<active>1</active>
</city>
<city>
<id>429351</id>
<name>Des Moines</name>
<state>NM</state>
<rating/>
<url>http://www.greatschools.org/city/Des_Moines/NM</url>
<lat>36.7604</lat>
<lon>-103.836</lon>
<active>1</active>
</city>
<city>
<id>429350</id>
<name>Dexter</name>
<state>NM</state>
<rating>6</rating>
<url>http://www.greatschools.org/city/Dexter/NM</url>
<lat>33.1959</lat>
<lon>-104.371</lon>
<active>1</active>
</city>
<city>
<id>429256</id>
<name>Dixon</name>
<state>NM</state>
<rating>9</rating>
<url>http://www.greatschools.org/city/Dixon/NM</url>
<lat>36.1804</lat>
<lon>-105.859</lon>
<active>1</active>
</city>
<city>
<id>429349</id>
<name>Dora</name>
<state>NM</state>
<rating>9</rating>
<url>http://www.greatschools.org/city/Dora/NM</url>
<lat>33.9367</lat>
<lon>-103.337</lon>
<active>1</active>
</city>
<city>
<id>429348</id>
<name>Dulce</name>
<state>NM</state>
<rating>2</rating>
<url>http://www.greatschools.org/city/Dulce/NM</url>
<lat>36.9387</lat>
<lon>-106.993</lon>
<active>1</active>
</city>
<city>
<id>429362</id>
<name>Eagle Nest</name>
<state>NM</state>
<rating>9</rating>
<url>http://www.greatschools.org/city/Eagle_Nest/NM</url>
<lat>36.5499</lat>
<lon>-105.264</lon>
<active>1</active>
</city>
<city>
<id>429281</id>
<name>Edgewood</name>
<state>NM</state>
<rating>8</rating>
<url>http://www.greatschools.org/city/Edgewood/NM</url>
<lat>35.0581</lat>
<lon>-106.183</lon>
<active>1</active>
</city>
<city>
<id>429262</id>
<name>El Prado</name>
<state>NM</state>
<rating>10</rating>
<url>http://www.greatschools.org/city/El_Prado/NM</url>
<lat>36.4043</lat>
<lon>-105.585</lon>
<active>1</active>
</city>
<city>
<id>429315</id>
<name>El Rito</name>
<state>NM</state>
<rating>5</rating>
<url>http://www.greatschools.org/city/El_Rito/NM</url>
<lat>36.3384</lat>
<lon>-106.21</lon>
<active>1</active>
</city>
<city>
<id>429347</id>
<name>Elida</name>
<state>NM</state>
<rating>8</rating>
<url>http://www.greatschools.org/city/Elida/NM</url>
<lat>33.9447</lat>
<lon>-103.654</lon>
<active>1</active>
</city>
<city>
<id>444311</id>
<name>Escabosa</name>
<state>NM</state>
<rating>9</rating>
<url>http://www.greatschools.org/city/Escabosa/NM</url>
<lat>34.9576</lat>
<lon>-106.142</lon>
<active>1</active>
</city>
<city>
<id>445940</id>
<name>EspaÃ±ola</name>
<state>NM</state>
<rating/>
<url>http://www.greatschools.org/city/EspaÃ±ola/NM</url>
<lat>35.9668</lat>
<lon>-106.033</lon>
<active>1</active>
</city>
<city>
<id>429236</id>
<name>Espanola</name>
<state>NM</state>
<rating>4</rating>
<url>http://www.greatschools.org/city/Espanola/NM</url>
<lat>36.0028</lat>
<lon>-106.064</lon>
<active>1</active>
</city>
<city>
<id>429346</id>
<name>Estancia</name>
<state>NM</state>
<rating>5</rating>
<url>http://www.greatschools.org/city/Estancia/NM</url>
<lat>34.7654</lat>
<lon>-106.048</lon>
<active>1</active>
</city>
<city>
<id>429280</id>
<name>Eunice</name>
<state>NM</state>
<rating>3</rating>
<url>http://www.greatschools.org/city/Eunice/NM</url>
<lat>32.4393</lat>
<lon>-103.159</lon>
<active>1</active>
</city>
<city>
<id>444314</id>
<name>Fairview</name>
<state>NM</state>
<rating>3</rating>
<url>http://www.greatschools.org/city/Fairview/NM</url>
<lat>36.6245</lat>
<lon>-106.744</lon>
<active>1</active>
</city>
<city>
<id>429240</id>
<name>Farmington</name>
<state>NM</state>
<rating>6</rating>
<url>http://www.greatschools.org/city/Farmington/NM</url>
<lat>36.7492</lat>
<lon>-108.191</lon>
<active>1</active>
</city>
<city>
<id>442861</id>
<name>Flora Vista</name>
<state>NM</state>
<rating/>
<url>http://www.greatschools.org/city/Flora_Vista/NM</url>
<lat>36.8005</lat>
<lon>-108.08</lon>
<active>1</active>
</city>
<city>
<id>429345</id>
<name>Floyd</name>
<state>NM</state>
<rating>6</rating>
<url>http://www.greatschools.org/city/Floyd/NM</url>
<lat>34.2301</lat>
<lon>-103.579</lon>
<active>1</active>
</city>
<city>
<id>429344</id>
<name>Fort Sumner</name>
<state>NM</state>
<rating>8</rating>
<url>http://www.greatschools.org/city/Fort_Sumner/NM</url>
<lat>34.4716</lat>
<lon>-104.241</lon>
<active>1</active>
</city>
<city>
<id>444145</id>
<name>Fort Wingate</name>
<state>NM</state>
<rating/>
<url>http://www.greatschools.org/city/Fort_Wingate/NM</url>
<lat>35.5083</lat>
<lon>-108.739</lon>
<active>1</active>
</city>
<city>
<id>429367</id>
<name>Fruitland</name>
<state>NM</state>
<rating/>
<url>http://www.greatschools.org/city/Fruitland/NM</url>
<lat>36.7522</lat>
<lon>-108.439</lon>
<active>1</active>
</city>
<city>
<id>429323</id>
<name>Gallina</name>
<state>NM</state>
<rating>5</rating>
<url>http://www.greatschools.org/city/Gallina/NM</url>
<lat>36.1322</lat>
<lon>-106.62</lon>
<active>1</active>
</city>
<city>
<id>429247</id>
<name>Gallup</name>
<state>NM</state>
<rating>4</rating>
<url>http://www.greatschools.org/city/Gallup/NM</url>
<lat>35.5209</lat>
<lon>-108.732</lon>
<active>1</active>
</city>
<city>
<id>429327</id>
<name>Garfield</name>
<state>NM</state>
<rating>5</rating>
<url>http://www.greatschools.org/city/Garfield/NM</url>
<lat>32.7513</lat>
<lon>-107.264</lon>
<active>1</active>
</city>
<city>
<id>429308</id>
<name>Glenwood</name>
<state>NM</state>
<rating/>
<url>http://www.greatschools.org/city/Glenwood/NM</url>
<lat>33.3197</lat>
<lon>-108.798</lon>
<active>1</active>
</city>
<city>
<id>429233</id>
<name>Grady</name>
<state>NM</state>
<rating/>
<url>http://www.greatschools.org/city/Grady/NM</url>
<lat>34.8204</lat>
<lon>-103.317</lon>
<active>1</active>
</city>
<city>
<id>429275</id>
<name>Grants</name>
<state>NM</state>
<rating>6</rating>
<url>http://www.greatschools.org/city/Grants/NM</url>
<lat>35.1573</lat>
<lon>-107.834</lon>
<active>1</active>
</city>
<city>
<id>429328</id>
<name>Hagerman</name>
<state>NM</state>
<rating>5</rating>
<url>http://www.greatschools.org/city/Hagerman/NM</url>
<lat>33.1128</lat>
<lon>-104.329</lon>
<active>1</active>
</city>
<city>
<id>429258</id>
<name>Hatch</name>
<state>NM</state>
<rating>4</rating>
<url>http://www.greatschools.org/city/Hatch/NM</url>
<lat>32.6668</lat>
<lon>-107.155</lon>
<active>1</active>
</city>
<city>
<id>444488</id>
<name>Hernandez</name>
<state>NM</state>
<rating>1</rating>
<url>http://www.greatschools.org/city/Hernandez/NM</url>
<lat>36.0569</lat>
<lon>-106.118</lon>
<active>1</active>
</city>
<city>
<id>429239</id>
<name>Hobbs</name>
<state>NM</state>
<rating>5</rating>
<url>http://www.greatschools.org/city/Hobbs/NM</url>
<lat>32.7163</lat>
<lon>-103.138</lon>
<active>1</active>
</city>
<city>
<id>442860</id>
<name>Holloman AFB</name>
<state>NM</state>
<rating>9</rating>
<url>http://www.greatschools.org/city/Holloman_AFB/NM</url>
<lat>32.8381</lat>
<lon>-106.078</lon>
<active>1</active>
</city>
<city>
<id>429326</id>
<name>Hondo</name>
<state>NM</state>
<rating>4</rating>
<url>http://www.greatschools.org/city/Hondo/NM</url>
<lat>33.4256</lat>
<lon>-105.343</lon>
<active>1</active>
</city>
<city>
<id>429376</id>
<name>Hope</name>
<state>NM</state>
<rating/>
<url>http://www.greatschools.org/city/Hope/NM</url>
<lat>32.8118</lat>
<lon>-104.734</lon>
<active>1</active>
</city>
<city>
<id>429232</id>
<name>House</name>
<state>NM</state>
<rating/>
<url>http://www.greatschools.org/city/House/NM</url>
<lat>34.6466</lat>
<lon>-103.904</lon>
<active>1</active>
</city>
<city>
<id>429356</id>
<name>Hurley</name>
<state>NM</state>
<rating>5</rating>
<url>http://www.greatschools.org/city/Hurley/NM</url>
<lat>32.6993</lat>
<lon>-108.128</lon>
<active>1</active>
</city>
<city>
<id>444141</id>
<name>Isleta</name>
<state>NM</state>
<rating/>
<url>http://www.greatschools.org/city/Isleta/NM</url>
<lat>34.8652</lat>
<lon>-106.698</lon>
<active>1</active>
</city>
<city>
<id>429325</id>
<name>Jal</name>
<state>NM</state>
<rating>3</rating>
<url>http://www.greatschools.org/city/Jal/NM</url>
<lat>32.1105</lat>
<lon>-103.194</lon>
<active>1</active>
</city>
<city>
<id>444489</id>
<name>Jarales</name>
<state>NM</state>
<rating>6</rating>
<url>http://www.greatschools.org/city/Jarales/NM</url>
<lat>34.6155</lat>
<lon>-106.761</lon>
<active>1</active>
</city>
<city>
<id>429246</id>
<name>Jemez Pueblo</name>
<state>NM</state>
<rating>2</rating>
<url>http://www.greatschools.org/city/Jemez_Pueblo/NM</url>
<lat>35.6104</lat>
<lon>-106.729</lon>
<active>1</active>
</city>
<city>
<id>429365</id>
<name>Kirtland</name>
<state>NM</state>
<rating>6</rating>
<url>http://www.greatschools.org/city/Kirtland/NM</url>
<lat>36.7428</lat>
<lon>-108.35</lon>
<active>1</active>
</city>
<city>
<id>442859</id>
<name>Kirtland AFB</name>
<state>NM</state>
<rating/>
<url>http://www.greatschools.org/city/Kirtland_AFB/NM</url>
<lat>35.0025</lat>
<lon>-106.533</lon>
<active>1</active>
</city>
<city>
<id>429248</id>
<name>La Luz</name>
<state>NM</state>
<rating>6</rating>
<url>http://www.greatschools.org/city/La_Luz/NM</url>
<lat>32.9742</lat>
<lon>-105.952</lon>
<active>1</active>
</city>
<city>
<id>429252</id>
<name>La Union</name>
<state>NM</state>
<rating/>
<url>http://www.greatschools.org/city/La_Union/NM</url>
<lat>31.9627</lat>
<lon>-106.652</lon>
<active>1</active>
</city>
<city>
<id>444140</id>
<name>Laguna</name>
<state>NM</state>
<rating/>
<url>http://www.greatschools.org/city/Laguna/NM</url>
<lat>35.042</lat>
<lon>-107.427</lon>
<active>1</active>
</city>
<city>
<id>429322</id>
<name>Lake Arthur</name>
<state>NM</state>
<rating>7</rating>
<url>http://www.greatschools.org/city/Lake_Arthur/NM</url>
<lat>32.9998</lat>
<lon>-104.365</lon>
<active>1</active>
</city>
<city>
<id>443601</id>
<name>Lamy</name>
<state>NM</state>
<rating>2</rating>
<url>http://www.greatschools.org/city/Lamy/NM</url>
<lat>35.4811</lat>
<lon>-105.886</lon>
<active>1</active>
</city>
<city>
<id>429221</id>
<name>Las Cruces</name>
<state>NM</state>
<rating>6</rating>
<url>http://www.greatschools.org/city/Las_Cruces/NM</url>
<lat>32.3182</lat>
<lon>-106.762</lon>
<active>1</active>
</city>
<city>
<id>429228</id>
<name>Las Vegas</name>
<state>NM</state>
<rating>5</rating>
<url>http://www.greatschools.org/city/Las_Vegas/NM</url>
<lat>35.6007</lat>
<lon>-105.224</lon>
<active>1</active>
</city>
<city>
<id>443602</id>
<name>Lindrith</name>
<state>NM</state>
<rating/>
<url>http://www.greatschools.org/city/Lindrith/NM</url>
<lat>36.3217</lat>
<lon>-107.005</lon>
<active>1</active>
</city>
<city>
<id>429245</id>
<name>Logan</name>
<state>NM</state>
<rating>9</rating>
<url>http://www.greatschools.org/city/Logan/NM</url>
<lat>35.3639</lat>
<lon>-103.448</lon>
<active>1</active>
</city>
<city>
<id>429254</id>
<name>Lordsburg</name>
<state>NM</state>
<rating>5</rating>
<url>http://www.greatschools.org/city/Lordsburg/NM</url>
<lat>32.3458</lat>
<lon>-108.709</lon>
<active>1</active>
</city>
<city>
<id>429274</id>
<name>Los Alamos</name>
<state>NM</state>
<rating>10</rating>
<url>http://www.greatschools.org/city/Los_Alamos/NM</url>
<lat>35.892</lat>
<lon>-106.3</lon>
<active>1</active>
</city>
<city>
<id>429223</id>
<name>Los Lunas</name>
<state>NM</state>
<rating>5</rating>
<url>http://www.greatschools.org/city/Los_Lunas/NM</url>
<lat>34.8062</lat>
<lon>-106.74</lon>
<active>1</active>
</city>
<city>
<id>445372</id>
<name>Los Ranchos de Albuquerque</name>
<state>NM</state>
<rating/>
<url>http://www.greatschools.org/city/Los_Ranchos_de_Albuquerque/NM</url>
<lat>35.179</lat>
<lon>-106.638</lon>
<active>1</active>
</city>
<city>
<id>429320</id>
<name>Loving</name>
<state>NM</state>
<rating>3</rating>
<url>http://www.greatschools.org/city/Loving/NM</url>
<lat>32.2851</lat>
<lon>-104.097</lon>
<active>1</active>
</city>
<city>
<id>429270</id>
<name>Lovington</name>
<state>NM</state>
<rating>5</rating>
<url>http://www.greatschools.org/city/Lovington/NM</url>
<lat>32.9475</lat>
<lon>-103.357</lon>
<active>1</active>
</city>
<city>
<id>429319</id>
<name>Magdalena</name>
<state>NM</state>
<rating>3</rating>
<url>http://www.greatschools.org/city/Magdalena/NM</url>
<lat>34.1131</lat>
<lon>-107.239</lon>
<active>1</active>
</city>
<city>
<id>429318</id>
<name>Maxwell</name>
<state>NM</state>
<rating>6</rating>
<url>http://www.greatschools.org/city/Maxwell/NM</url>
<lat>36.5405</lat>
<lon>-104.546</lon>
<active>1</active>
</city>
<city>
<id>429231</id>
<name>Melrose</name>
<state>NM</state>
<rating>8</rating>
<url>http://www.greatschools.org/city/Melrose/NM</url>
<lat>34.4294</lat>
<lon>-103.629</lon>
<active>1</active>
</city>
<city>
<id>445373</id>
<name>Mentmore</name>
<state>NM</state>
<rating/>
<url>http://www.greatschools.org/city/Mentmore/NM</url>
<lat>35.4846</lat>
<lon>-109.022</lon>
<active>1</active>
</city>
<city>
<id>444139</id>
<name>Mescalero</name>
<state>NM</state>
<rating/>
<url>http://www.greatschools.org/city/Mescalero/NM</url>
<lat>33.1556</lat>
<lon>-105.79</lon>
<active>1</active>
</city>
<city>
<id>443604</id>
<name>Mesilla</name>
<state>NM</state>
<rating>4</rating>
<url>http://www.greatschools.org/city/Mesilla/NM</url>
<lat>32.269</lat>
<lon>-106.814</lon>
<active>1</active>
</city>
<city>
<id>442858</id>
<name>Mesilla Park</name>
<state>NM</state>
<rating>5</rating>
<url>http://www.greatschools.org/city/Mesilla_Park/NM</url>
<lat>32.2129</lat>
<lon>-106.717</lon>
<active>1</active>
</city>
<city>
<id>429342</id>
<name>Mesquite</name>
<state>NM</state>
<rating>3</rating>
<url>http://www.greatschools.org/city/Mesquite/NM</url>
<lat>32.1663</lat>
<lon>-106.692</lon>
<active>1</active>
</city>
<city>
<id>429332</id>
<name>Milan</name>
<state>NM</state>
<rating>5</rating>
<url>http://www.greatschools.org/city/Milan/NM</url>
<lat>35.1765</lat>
<lon>-107.895</lon>
<active>1</active>
</city>
<city>
<id>429278</id>
<name>Montezuma</name>
<state>NM</state>
<rating/>
<url>http://www.greatschools.org/city/Montezuma/NM</url>
<lat>35.6942</lat>
<lon>-105.397</lon>
<active>1</active>
</city>
<city>
<id>429317</id>
<name>Mora</name>
<state>NM</state>
<rating>6</rating>
<url>http://www.greatschools.org/city/Mora/NM</url>
<lat>36.0</lat>
<lon>-105.321</lon>
<active>1</active>
</city>
<city>
<id>429267</id>
<name>Moriarty</name>
<state>NM</state>
<rating>7</rating>
<url>http://www.greatschools.org/city/Moriarty/NM</url>
<lat>34.9979</lat>
<lon>-106.05</lon>
<active>1</active>
</city>
<city>
<id>429316</id>
<name>Mosquero</name>
<state>NM</state>
<rating/>
<url>http://www.greatschools.org/city/Mosquero/NM</url>
<lat>35.7762</lat>
<lon>-103.956</lon>
<active>1</active>
</city>
<city>
<id>429230</id>
<name>Mountainair</name>
<state>NM</state>
<rating>4</rating>
<url>http://www.greatschools.org/city/Mountainair/NM</url>
<lat>34.5205</lat>
<lon>-106.244</lon>
<active>1</active>
</city>
<city>
<id>429259</id>
<name>Navajo</name>
<state>NM</state>
<rating>3</rating>
<url>http://www.greatschools.org/city/Navajo/NM</url>
<lat>35.9038</lat>
<lon>-109.031</lon>
<active>1</active>
</city>
<city>
<id>429366</id>
<name>Newcomb</name>
<state>NM</state>
<rating>5</rating>
<url>http://www.greatschools.org/city/Newcomb/NM</url>
<lat>36.2842</lat>
<lon>-108.71</lon>
<active>1</active>
</city>
<city>
<id>444490</id>
<name>Ohkay Owingeh Pueblo</name>
<state>NM</state>
<rating/>
<url>http://www.greatschools.org/city/Ohkay_Owingeh_Pueblo/NM</url>
<lat>36.056</lat>
<lon>-106.073</lon>
<active>1</active>
</city>
<city>
<id>429314</id>
<name>Ojo Caliente</name>
<state>NM</state>
<rating>4</rating>
<url>http://www.greatschools.org/city/Ojo_Caliente/NM</url>
<lat>36.4438</lat>
<lon>-105.855</lon>
<active>1</active>
</city>
<city>
<id>429313</id>
<name>Pecos</name>
<state>NM</state>
<rating>5</rating>
<url>http://www.greatschools.org/city/Pecos/NM</url>
<lat>35.5725</lat>
<lon>-105.68</lon>
<active>1</active>
</city>
<city>
<id>442857</id>
<name>Pena Blanca</name>
<state>NM</state>
<rating>1</rating>
<url>http://www.greatschools.org/city/Pena_Blanca/NM</url>
<lat>35.5744</lat>
<lon>-106.338</lon>
<active>1</active>
</city>
<city>
<id>429312</id>
<name>Penasco</name>
<state>NM</state>
<rating>5</rating>
<url>http://www.greatschools.org/city/Penasco/NM</url>
<lat>36.1724</lat>
<lon>-105.691</lon>
<active>1</active>
</city>
<city>
<id>442856</id>
<name>Peralta</name>
<state>NM</state>
<rating>8</rating>
<url>http://www.greatschools.org/city/Peralta/NM</url>
<lat>34.8267</lat>
<lon>-106.69</lon>
<active>1</active>
</city>
<city>
<id>444138</id>
<name>Pine Hill</name>
<state>NM</state>
<rating/>
<url>http://www.greatschools.org/city/Pine_Hill/NM</url>
<lat>36.1279</lat>
<lon>-81.6762</lon>
<active>1</active>
</city>
<city>
<id>429373</id>
<name>Placitas</name>
<state>NM</state>
<rating>10</rating>
<url>http://www.greatschools.org/city/Placitas/NM</url>
<lat>35.3185</lat>
<lon>-106.46</lon>
<active>1</active>
</city>
<city>
<id>444491</id>
<name>Pojoaque</name>
<state>NM</state>
<rating>7</rating>
<url>http://www.greatschools.org/city/Pojoaque/NM</url>
<lat>35.8962</lat>
<lon>-106.01</lon>
<active>1</active>
</city>
<city>
<id>429300</id>
<name>Polvadera</name>
<state>NM</state>
<rating>2</rating>
<url>http://www.greatschools.org/city/Polvadera/NM</url>
<lat>34.0712</lat>
<lon>-106.868</lon>
<active>1</active>
</city>
<city>
<id>429276</id>
<name>Portales</name>
<state>NM</state>
<rating>7</rating>
<url>http://www.greatschools.org/city/Portales/NM</url>
<lat>34.1806</lat>
<lon>-103.34</lon>
<active>1</active>
</city>
<city>
<id>444147</id>
<name>Prewitt</name>
<state>NM</state>
<rating/>
<url>http://www.greatschools.org/city/Prewitt/NM</url>
<lat>35.3547</lat>
<lon>-108.1</lon>
<active>1</active>
</city>
<city>
<id>444149</id>
<name>Pueblo of Acoma</name>
<state>NM</state>
<rating/>
<url>http://www.greatschools.org/city/Pueblo_of_Acoma/NM</url>
<lat>35.0764</lat>
<lon>-107.824</lon>
<active>1</active>
</city>
<city>
<id>429310</id>
<name>Quemado</name>
<state>NM</state>
<rating>6</rating>
<url>http://www.greatschools.org/city/Quemado/NM</url>
<lat>34.2279</lat>
<lon>-108.814</lon>
<active>1</active>
</city>
<city>
<id>429269</id>
<name>Questa</name>
<state>NM</state>
<rating>5</rating>
<url>http://www.greatschools.org/city/Questa/NM</url>
<lat>36.7121</lat>
<lon>-105.593</lon>
<active>1</active>
</city>
<city>
<id>429338</id>
<name>Ramah</name>
<state>NM</state>
<rating>3</rating>
<url>http://www.greatschools.org/city/Ramah/NM</url>
<lat>35.1359</lat>
<lon>-108.491</lon>
<active>1</active>
</city>
<city>
<id>429266</id>
<name>Ranchos de Taos</name>
<state>NM</state>
<rating>5</rating>
<url>http://www.greatschools.org/city/Ranchos_de_Taos/NM</url>
<lat>36.3626</lat>
<lon>-105.601</lon>
<active>1</active>
</city>
<city>
<id>429290</id>
<name>Raton</name>
<state>NM</state>
<rating>6</rating>
<url>http://www.greatschools.org/city/Raton/NM</url>
<lat>36.8964</lat>
<lon>-104.439</lon>
<active>1</active>
</city>
<city>
<id>429284</id>
<name>Rehoboth</name>
<state>NM</state>
<rating/>
<url>http://www.greatschools.org/city/Rehoboth/NM</url>
<lat>35.5083</lat>
<lon>-108.739</lon>
<active>1</active>
</city>
<city>
<id>429307</id>
<name>Reserve</name>
<state>NM</state>
<rating>7</rating>
<url>http://www.greatschools.org/city/Reserve/NM</url>
<lat>33.7086</lat>
<lon>-108.762</lon>
<active>1</active>
</city>
<city>
<id>429220</id>
<name>Rio Rancho</name>
<state>NM</state>
<rating>9</rating>
<url>http://www.greatschools.org/city/Rio_Rancho/NM</url>
<lat>35.2633</lat>
<lon>-106.67</lon>
<active>1</active>
</city>
<city>
<id>429241</id>
<name>Roswell</name>
<state>NM</state>
<rating>6</rating>
<url>http://www.greatschools.org/city/Roswell/NM</url>
<lat>33.3906</lat>
<lon>-104.528</lon>
<active>1</active>
</city>
<city>
<id>429277</id>
<name>Rowe</name>
<state>NM</state>
<rating/>
<url>http://www.greatschools.org/city/Rowe/NM</url>
<lat>35.5699</lat>
<lon>-105.659</lon>
<active>1</active>
</city>
<city>
<id>429306</id>
<name>Roy</name>
<state>NM</state>
<rating/>
<url>http://www.greatschools.org/city/Roy/NM</url>
<lat>35.9445</lat>
<lon>-104.194</lon>
<active>1</active>
</city>
<city>
<id>429305</id>
<name>Ruidoso</name>
<state>NM</state>
<rating>5</rating>
<url>http://www.greatschools.org/city/Ruidoso/NM</url>
<lat>33.3431</lat>
<lon>-105.665</lon>
<active>1</active>
</city>
<city>
<id>429286</id>
<name>Ruidoso Downs</name>
<state>NM</state>
<rating/>
<url>http://www.greatschools.org/city/Ruidoso_Downs/NM</url>
<lat>33.3305</lat>
<lon>-105.596</lon>
<active>1</active>
</city>
<city>
<id>442854</id>
<name>Salem</name>
<state>NM</state>
<rating/>
<url>http://www.greatschools.org/city/Salem/NM</url>
<lat>32.7107</lat>
<lon>-107.209</lon>
<active>1</active>
</city>
<city>
<id>429299</id>
<name>San Antonio</name>
<state>NM</state>
<rating>9</rating>
<url>http://www.greatschools.org/city/San_Antonio/NM</url>
<lat>34.0511</lat>
<lon>-106.887</lon>
<active>1</active>
</city>
<city>
<id>442853</id>
<name>San Cristobal</name>
<state>NM</state>
<rating/>
<url>http://www.greatschools.org/city/San_Cristobal/NM</url>
<lat>36.6166</lat>
<lon>-105.635</lon>
<active>1</active>
</city>
<city>
<id>444137</id>
<name>San Felipe Pueblo</name>
<state>NM</state>
<rating/>
<url>http://www.greatschools.org/city/San_Felipe_Pueblo/NM</url>
<lat>35.4312</lat>
<lon>-106.435</lon>
<active>1</active>
</city>
<city>
<id>429279</id>
<name>San Fidel</name>
<state>NM</state>
<rating/>
<url>http://www.greatschools.org/city/San_Fidel/NM</url>
<lat>35.0764</lat>
<lon>-107.824</lon>
<active>1</active>
</city>
<city>
<id>429264</id>
<name>San Jon</name>
<state>NM</state>
<rating>6</rating>
<url>http://www.greatschools.org/city/San_Jon/NM</url>
<lat>35.109</lat>
<lon>-103.329</lon>
<active>1</active>
</city>
<city>
<id>443603</id>
<name>San Juan</name>
<state>NM</state>
<rating>8</rating>
<url>http://www.greatschools.org/city/San_Juan/NM</url>
<lat>36.0513</lat>
<lon>-106.067</lon>
<active>1</active>
</city>
<city>
<id>429355</id>
<name>San Lorenzo</name>
<state>NM</state>
<rating/>
<url>http://www.greatschools.org/city/San_Lorenzo/NM</url>
<lat>32.8427</lat>
<lon>-108.05</lon>
<active>1</active>
</city>
<city>
<id>429343</id>
<name>San Miguel</name>
<state>NM</state>
<rating>7</rating>
<url>http://www.greatschools.org/city/San_Miguel/NM</url>
<lat>32.1189</lat>
<lon>-106.65</lon>
<active>1</active>
</city>
<city>
<id>429331</id>
<name>San Rafael</name>
<state>NM</state>
<rating>1</rating>
<url>http://www.greatschools.org/city/San_Rafael/NM</url>
<lat>35.1652</lat>
<lon>-108.189</lon>
<active>1</active>
</city>
<city>
<id>429378</id>
<name>Sandia Base</name>
<state>NM</state>
<rating>2</rating>
<url>http://www.greatschools.org/city/Sandia_Base/NM</url>
<lat>35.0582</lat>
<lon>-106.562</lon>
<active>1</active>
</city>
<city>
<id>429268</id>
<name>Sandia Park</name>
<state>NM</state>
<rating>10</rating>
<url>http://www.greatschools.org/city/Sandia_Park/NM</url>
<lat>35.1805</lat>
<lon>-106.315</lon>
<active>1</active>
</city>
<city>
<id>444144</id>
<name>Sanostee</name>
<state>NM</state>
<rating/>
<url>http://www.greatschools.org/city/Sanostee/NM</url>
<lat>36.429</lat>
<lon>-108.874</lon>
<active>1</active>
</city>
<city>
<id>429357</id>
<name>Santa Clara</name>
<state>NM</state>
<rating>5</rating>
<url>http://www.greatschools.org/city/Santa_Clara/NM</url>
<lat>32.7762</lat>
<lon>-108.154</lon>
<active>1</active>
</city>
<city>
<id>429289</id>
<name>Santa Cruz</name>
<state>NM</state>
<rating/>
<url>http://www.greatschools.org/city/Santa_Cruz/NM</url>
<lat>35.9937</lat>
<lon>-106.041</lon>
<active>1</active>
</city>
<city>
<id>429229</id>
<name>Santa Fe</name>
<state>NM</state>
<rating>5</rating>
<url>http://www.greatschools.org/city/Santa_Fe/NM</url>
<lat>35.6629</lat>
<lon>-105.969</lon>
<active>1</active>
</city>
<city>
<id>429302</id>
<name>Santa Rosa</name>
<state>NM</state>
<rating>7</rating>
<url>http://www.greatschools.org/city/Santa_Rosa/NM</url>
<lat>34.9356</lat>
<lon>-104.685</lon>
<active>1</active>
</city>
<city>
<id>429235</id>
<name>Santa Teresa</name>
<state>NM</state>
<rating>7</rating>
<url>http://www.greatschools.org/city/Santa_Teresa/NM</url>
<lat>31.8584</lat>
<lon>-106.649</lon>
<active>1</active>
</city>
<city>
<id>444309</id>
<name>Sante Fe</name>
<state>NM</state>
<rating>6</rating>
<url>http://www.greatschools.org/city/Sante_Fe/NM</url>
<lat>35.6822</lat>
<lon>-105.964</lon>
<active>1</active>
</city>
<city>
<id>446271</id>
<name>Santo Domingo</name>
<state>NM</state>
<rating/>
<url>http://www.greatschools.org/city/Santo_Domingo/NM</url>
<lat>35.4814</lat>
<lon>-106.318</lon>
<active>1</active>
</city>
<city>
<id>429330</id>
<name>Seboyeta</name>
<state>NM</state>
<rating>5</rating>
<url>http://www.greatschools.org/city/Seboyeta/NM</url>
<lat>35.219</lat>
<lon>-107.456</lon>
<active>1</active>
</city>
<city>
<id>429368</id>
<name>Sheep Springs</name>
<state>NM</state>
<rating>3</rating>
<url>http://www.greatschools.org/city/Sheep_Springs/NM</url>
<lat>36.1553</lat>
<lon>-108.695</lon>
<active>1</active>
</city>
<city>
<id>429222</id>
<name>Shiprock</name>
<state>NM</state>
<rating>3</rating>
<url>http://www.greatschools.org/city/Shiprock/NM</url>
<lat>36.7904</lat>
<lon>-108.693</lon>
<active>1</active>
</city>
<city>
<id>429225</id>
<name>Silver City</name>
<state>NM</state>
<rating>7</rating>
<url>http://www.greatschools.org/city/Silver_City/NM</url>
<lat>32.7831</lat>
<lon>-108.273</lon>
<active>1</active>
</city>
<city>
<id>429263</id>
<name>Socorro</name>
<state>NM</state>
<rating>4</rating>
<url>http://www.greatschools.org/city/Socorro/NM</url>
<lat>34.0635</lat>
<lon>-106.898</lon>
<active>1</active>
</city>
<city>
<id>429244</id>
<name>Springer</name>
<state>NM</state>
<rating>7</rating>
<url>http://www.greatschools.org/city/Springer/NM</url>
<lat>36.3642</lat>
<lon>-104.592</lon>
<active>1</active>
</city>
<city>
<id>445376</id>
<name>Stanley</name>
<state>NM</state>
<rating/>
<url>http://www.greatschools.org/city/Stanley/NM</url>
<lat>35.1576</lat>
<lon>-105.923</lon>
<active>1</active>
</city>
<city>
<id>429340</id>
<name>Sunland Park</name>
<state>NM</state>
<rating>5</rating>
<url>http://www.greatschools.org/city/Sunland_Park/NM</url>
<lat>31.8043</lat>
<lon>-106.584</lon>
<active>1</active>
</city>
<city>
<id>446272</id>
<name>T Or C</name>
<state>NM</state>
<rating/>
<url>http://www.greatschools.org/city/T_Or_C/NM</url>
<lat>33.1462</lat>
<lon>-107.239</lon>
<active>1</active>
</city>
<city>
<id>445377</id>
<name>Talpa</name>
<state>NM</state>
<rating/>
<url>http://www.greatschools.org/city/Talpa/NM</url>
<lat>36.3414</lat>
<lon>-105.597</lon>
<active>1</active>
</city>
<city>
<id>429219</id>
<name>Taos</name>
<state>NM</state>
<rating>5</rating>
<url>http://www.greatschools.org/city/Taos/NM</url>
<lat>36.3953</lat>
<lon>-105.578</lon>
<active>1</active>
</city>
<city>
<id>445374</id>
<name>Taos County</name>
<state>NM</state>
<rating/>
<url>http://www.greatschools.org/city/Taos_County/NM</url>
<lat>36.3103</lat>
<lon>-106.047</lon>
<active>1</active>
</city>
<city>
<id>429297</id>
<name>Tatum</name>
<state>NM</state>
<rating>7</rating>
<url>http://www.greatschools.org/city/Tatum/NM</url>
<lat>33.2545</lat>
<lon>-103.317</lon>
<active>1</active>
</city>
<city>
<id>429282</id>
<name>Tererro</name>
<state>NM</state>
<rating/>
<url>http://www.greatschools.org/city/Tererro/NM</url>
<lat>35.7406</lat>
<lon>-105.656</lon>
<active>1</active>
</city>
<city>
<id>429304</id>
<name>Tesuque</name>
<state>NM</state>
<rating>5</rating>
<url>http://www.greatschools.org/city/Tesuque/NM</url>
<lat>35.7512</lat>
<lon>-105.92</lon>
<active>1</active>
</city>
<city>
<id>429296</id>
<name>Texico</name>
<state>NM</state>
<rating>8</rating>
<url>http://www.greatschools.org/city/Texico/NM</url>
<lat>34.3912</lat>
<lon>-103.047</lon>
<active>1</active>
</city>
<city>
<id>429283</id>
<name>Thoreau</name>
<state>NM</state>
<rating>5</rating>
<url>http://www.greatschools.org/city/Thoreau/NM</url>
<lat>35.4109</lat>
<lon>-108.22</lon>
<active>1</active>
</city>
<city>
<id>429363</id>
<name>Tierra Amarilla</name>
<state>NM</state>
<rating>8</rating>
<url>http://www.greatschools.org/city/Tierra_Amarilla/NM</url>
<lat>36.6621</lat>
<lon>-106.537</lon>
<active>1</active>
</city>
<city>
<id>429227</id>
<name>Tijeras</name>
<state>NM</state>
<rating>8</rating>
<url>http://www.greatschools.org/city/Tijeras/NM</url>
<lat>35.0872</lat>
<lon>-106.375</lon>
<active>1</active>
</city>
<city>
<id>429337</id>
<name>Tohatchi</name>
<state>NM</state>
<rating>2</rating>
<url>http://www.greatschools.org/city/Tohatchi/NM</url>
<lat>35.8524</lat>
<lon>-108.757</lon>
<active>1</active>
</city>
<city>
<id>442851</id>
<name>Tome</name>
<state>NM</state>
<rating>6</rating>
<url>http://www.greatschools.org/city/Tome/NM</url>
<lat>34.7409</lat>
<lon>-106.732</lon>
<active>1</active>
</city>
<city>
<id>442850</id>
<name>Truchas</name>
<state>NM</state>
<rating/>
<url>http://www.greatschools.org/city/Truchas/NM</url>
<lat>36.009</lat>
<lon>-105.92</lon>
<active>1</active>
</city>
<city>
<id>429255</id>
<name>Truth Or Consequences</name>
<state>NM</state>
<rating>6</rating>
<url>http://www.greatschools.org/city/Truth_Or_Consequences/NM</url>
<lat>33.132</lat>
<lon>-107.253</lon>
<active>1</active>
</city>
<city>
<id>429294</id>
<name>Tucumcari</name>
<state>NM</state>
<rating>7</rating>
<url>http://www.greatschools.org/city/Tucumcari/NM</url>
<lat>35.1698</lat>
<lon>-103.725</lon>
<active>1</active>
</city>
<city>
<id>429293</id>
<name>Tularosa</name>
<state>NM</state>
<rating>5</rating>
<url>http://www.greatschools.org/city/Tularosa/NM</url>
<lat>33.0763</lat>
<lon>-106.017</lon>
<active>1</active>
</city>
<city>
<id>442849</id>
<name>Vadito</name>
<state>NM</state>
<rating/>
<url>http://www.greatschools.org/city/Vadito/NM</url>
<lat>36.192</lat>
<lon>-105.675</lon>
<active>1</active>
</city>
<city>
<id>442848</id>
<name>Vado</name>
<state>NM</state>
<rating>4</rating>
<url>http://www.greatschools.org/city/Vado/NM</url>
<lat>32.1297</lat>
<lon>-106.657</lon>
<active>1</active>
</city>
<city>
<id>429335</id>
<name>Vanderwagen</name>
<state>NM</state>
<rating/>
<url>http://www.greatschools.org/city/Vanderwagen/NM</url>
<lat>35.5083</lat>
<lon>-108.739</lon>
<active>1</active>
</city>
<city>
<id>429381</id>
<name>Vaughn</name>
<state>NM</state>
<rating>3</rating>
<url>http://www.greatschools.org/city/Vaughn/NM</url>
<lat>34.6002</lat>
<lon>-105.205</lon>
<active>1</active>
</city>
<city>
<id>444492</id>
<name>Veguita</name>
<state>NM</state>
<rating>5</rating>
<url>http://www.greatschools.org/city/Veguita/NM</url>
<lat>34.5147</lat>
<lon>-106.768</lon>
<active>1</active>
</city>
<city>
<id>442847</id>
<name>Velarde</name>
<state>NM</state>
<rating/>
<url>http://www.greatschools.org/city/Velarde/NM</url>
<lat>36.1362</lat>
<lon>-106.029</lon>
<active>1</active>
</city>
<city>
<id>429291</id>
<name>Wagon Mound</name>
<state>NM</state>
<rating/>
<url>http://www.greatschools.org/city/Wagon_Mound/NM</url>
<lat>36.0069</lat>
<lon>-104.706</lon>
<active>1</active>
</city>
<city>
<id>443975</id>
<name>Waterflow</name>
<state>NM</state>
<rating/>
<url>http://www.greatschools.org/city/Waterflow/NM</url>
<lat>36.7621</lat>
<lon>-108.486</lon>
<active>1</active>
</city>
<city>
<id>429321</id>
<name>White Rock</name>
<state>NM</state>
<rating>10</rating>
<url>http://www.greatschools.org/city/White_Rock/NM</url>
<lat>35.8192</lat>
<lon>-106.203</lon>
<active>1</active>
</city>
<city>
<id>442846</id>
<name>White Sands</name>
<state>NM</state>
<rating>7</rating>
<url>http://www.greatschools.org/city/White_Sands/NM</url>
<lat>32.3849</lat>
<lon>-106.492</lon>
<active>1</active>
</city>
<city>
<id>444136</id>
<name>Zia Pueblo</name>
<state>NM</state>
<rating/>
<url>http://www.greatschools.org/city/Zia_Pueblo/NM</url>
<lat>35.519</lat>
<lon>-106.71</lon>
<active>1</active>
</city>
<city>
<id>429257</id>
<name>Zuni</name>
<state>NM</state>
<rating>2</rating>
<url>http://www.greatschools.org/city/Zuni/NM</url>
<lat>35.0708</lat>
<lon>-108.837</lon>
<active>1</active>
</city>
</greatschools-city-feed>
